episode,phase,total_reward,steps,success,collision,timeout,epsilon,avg_loss,avg_q,global_train_steps
0,0,-1.2,400,0,0,1,0.997,0.0,0.0,0
1,0,-1.2,400,0,0,1,0.994009,0.0,0.0,0
2,0,-1.2,400,0,0,1,0.991027,0.20183,2.42395,201
3,0,-1.2,400,0,0,1,0.988054,0.015609,2.7529,601
4,0,-1.2,400,0,0,1,0.98509,0.004619,2.88943,1001
5,0,-1.2,400,0,0,1,0.982134,0.004411,2.96488,1401
6,0,-1.2,400,0,0,1,0.979188,0.004705,3.0122,1801
7,0,-1.2,400,0,0,1,0.97625,0.004424,3.07001,2201
8,0,-1.2,400,0,0,1,0.973322,0.005275,3.10055,2601
9,0,-1.2,400,0,0,1,0.970402,0.006048,3.0917,3001
10,0,-1.2,400,0,0,1,0.967491,0.00625,3.06455,3401
11,0,-1.2,400,0,0,1,0.964588,0.006101,3.04981,3801
12,0,-1.2,400,0,0,1,0.961694,0.005659,3.03221,4201
13,0,-1.2,400,0,0,1,0.958809,0.00619,3.00235,4601
14,0,-1.2,400,0,0,1,0.955933,0.005297,2.97342,5001
15,0,-1.2,400,0,0,1,0.953065,0.00481,2.93878,5401
16,0,-1.2,400,0,0,1,0.950206,0.005706,2.90217,5801
17,0,-1.2,400,0,0,1,0.947355,0.005386,2.86244,6201
18,0,-1.2,400,0,0,1,0.944513,0.006078,2.82297,6601
19,0,-1.2,400,0,0,1,0.94168,0.004802,2.78544,7001
20,0,-1.2,400,0,0,1,0.938855,0.005363,2.7447,7401
21,0,-1.2,400,0,0,1,0.936038,0.005113,2.70419,7801
22,0,-1.2,400,0,0,1,0.93323,0.00537,2.66531,8201
23,0,-1.2,400,0,0,1,0.93043,0.006354,2.62768,8601
24,0,-1.2,400,0,0,1,0.927639,0.004616,2.59283,9001
25,0,-1.2,400,0,0,1,0.924856,0.005292,2.56017,9401
26,0,-1.2,400,0,0,1,0.922081,0.004284,2.53225,9801
27,0,-1.2,400,0,0,1,0.919315,0.004851,2.50757,10201
28,0,-1.2,400,0,0,1,0.916557,0.004972,2.48572,10601
29,0,-1.2,400,0,0,1,0.913808,0.004811,2.46568,11001
30,0,-1.2,400,0,0,1,0.911066,0.005242,2.44319,11401
31,0,-1.2,400,0,0,1,0.908333,0.005231,2.43064,11801
32,0,-1.2,400,0,0,1,0.905608,0.005956,2.40839,12201
33,0,-1.2,400,0,0,1,0.902891,0.005931,2.40372,12601
34,0,-1.2,400,0,0,1,0.900182,0.005113,2.4031,13001
35,0,-1.2,400,0,0,1,0.897482,0.005661,2.42545,13401
36,0,-1.2,400,0,0,1,0.894789,0.006169,2.45168,13801
37,0,-1.2,400,0,0,1,0.892105,0.005672,2.49098,14201
38,0,-1.2,400,0,0,1,0.889429,0.006792,2.5207,14601
39,0,-1.2,400,0,0,1,0.88676,0.006095,2.55213,15001
40,0,-1.2,400,0,0,1,0.8841,0.006513,2.58958,15401
41,0,-1.2,400,0,0,1,0.881448,0.006324,2.63115,15801
42,0,-1.2,400,0,0,1,0.878804,0.005689,2.68857,16201
43,0,-1.2,400,0,0,1,0.876167,0.006749,2.74055,16601
44,0,-1.2,400,0,0,1,0.873539,0.006686,2.79951,17001
45,0,-1.2,400,0,0,1,0.870918,0.007303,2.86462,17401
46,0,-1.2,400,0,0,1,0.868305,0.007555,2.91895,17801
47,0,-1.2,400,0,0,1,0.8657,0.006045,2.96519,18201
48,0,-1.2,400,0,0,1,0.863103,0.00705,2.98597,18601
49,0,-1.2,400,0,0,1,0.860514,0.006798,3.00064,19001
50,0,-1.2,400,0,0,1,0.857932,0.006513,2.99941,19401
51,0,-1.2,400,0,0,1,0.855359,0.006518,2.9978,19801
52,0,-1.2,400,0,0,1,0.852793,0.006768,2.99124,20201
53,0,-1.2,400,0,0,1,0.850234,0.006046,2.99329,20601
54,0,-1.2,400,0,0,1,0.847683,0.00689,2.99289,21001
55,0,-1.2,400,0,0,1,0.84514,0.006062,2.99491,21401
56,0,-1.2,400,0,0,1,0.842605,0.007237,3.00329,21801
57,0,-1.2,400,0,0,1,0.840077,0.008451,3.01827,22201
58,0,-1.2,400,0,0,1,0.837557,0.008202,3.03925,22601
59,0,-1.2,400,0,0,1,0.835044,0.00749,3.06656,23001
60,0,-1.2,400,0,0,1,0.832539,0.007988,3.09914,23401
61,0,-1.2,400,0,0,1,0.830042,0.007947,3.15044,23801
62,0,-1.2,400,0,0,1,0.827551,0.008955,3.19013,24201
63,0,-1.2,400,0,0,1,0.825069,0.008266,3.23952,24601
64,0,-1.2,400,0,0,1,0.822594,0.009075,3.28146,25001
65,0,-1.2,400,0,0,1,0.820126,0.00845,3.33265,25401
66,0,-1.2,400,0,0,1,0.817665,0.008213,3.38731,25801
67,0,-1.2,400,0,0,1,0.815212,0.007884,3.4344,26201
68,0,-1.2,400,0,0,1,0.812767,0.008914,3.47775,26601
69,0,-1.2,400,0,0,1,0.810328,0.007997,3.51827,27001
70,0,-1.2,400,0,0,1,0.807897,0.007603,3.54707,27401
71,0,-1.2,400,0,0,1,0.805474,0.008041,3.56618,27801
72,0,-1.2,400,0,0,1,0.803057,0.008079,3.57904,28201
73,0,-1.2,400,0,0,1,0.800648,0.00805,3.58309,28601
74,0,-1.2,400,0,0,1,0.798246,0.007678,3.57401,29001
75,0,-1.2,400,0,0,1,0.795851,0.010163,3.55747,29401
76,0,-1.2,400,0,0,1,0.793464,0.00747,3.53837,29801
77,0,-1.2,400,0,0,1,0.791084,0.00695,3.51783,30201
78,0,-1.2,400,0,0,1,0.78871,0.007904,3.48955,30601
79,0,-1.2,400,0,0,1,0.786344,0.007142,3.48274,31001
80,0,-1.2,400,0,0,1,0.783985,0.007679,3.49269,31401
81,0,-1.2,400,0,0,1,0.781633,0.008296,3.51376,31801
82,0,-1.2,400,0,0,1,0.779288,0.007833,3.53584,32201
83,0,-1.2,400,0,0,1,0.77695,0.007357,3.56992,32601
84,0,-1.2,400,0,0,1,0.77462,0.008135,3.58863,33001
85,0,-1.2,400,0,0,1,0.772296,0.00829,3.61129,33401
86,0,-1.2,400,0,0,1,0.769979,0.008142,3.64697,33801
87,0,-1.2,400,0,0,1,0.767669,0.008249,3.68862,34201
88,0,-1.2,400,0,0,1,0.765366,0.008229,3.72946,34601
89,0,-1.2,400,0,0,1,0.76307,0.007663,3.78642,35001
90,0,-1.2,400,0,0,1,0.760781,0.008486,3.83738,35401
91,0,-1.2,400,0,0,1,0.758498,0.009653,3.88921,35801
92,0,-1.2,400,0,0,1,0.756223,0.008977,3.94371,36201
93,0,-1.2,400,0,0,1,0.753954,0.010369,3.99674,36601
94,0,-1.2,400,0,0,1,0.751692,0.009562,4.05211,37001
95,0,-1.2,400,0,0,1,0.749437,0.009273,4.10399,37401
96,0,-1.2,400,0,0,1,0.747189,0.008651,4.1617,37801
97,0,-1.2,400,0,0,1,0.744947,0.009941,4.21797,38201
98,0,-1.2,400,0,0,1,0.742712,0.01135,4.26332,38601
99,0,-1.2,400,0,0,1,0.740484,0.009938,4.30717,39001
100,0,-1.2,400,0,0,1,0.738263,0.009609,4.35957,39401
101,0,-1.2,400,0,0,1,0.736048,0.009292,4.39408,39801
102,0,-1.2,400,0,0,1,0.73384,0.009801,4.4259,40201
103,0,-1.2,400,0,0,1,0.731638,0.009889,4.45187,40601
104,0,-1.2,400,0,0,1,0.729443,0.00875,4.47304,41001
105,0,-1.2,400,0,0,1,0.727255,0.009307,4.48653,41401
106,0,-1.2,400,0,0,1,0.725073,0.01034,4.49308,41801
107,0,-1.2,400,0,0,1,0.722898,0.00976,4.49751,42201
108,0,-1.2,400,0,0,1,0.720729,0.010484,4.49567,42601
109,0,-1.2,400,0,0,1,0.718567,0.008642,4.48503,43001
110,0,-1.2,400,0,0,1,0.716412,0.011214,4.47103,43401
111,0,-1.2,400,0,0,1,0.714262,0.007975,4.44875,43801
112,0,-1.2,400,0,0,1,0.71212,0.009729,4.42517,44201
113,0,-1.2,400,0,0,1,0.709983,0.008849,4.40118,44601
114,0,-1.2,400,0,0,1,0.707853,0.010459,4.3726,45001
115,0,-1.2,400,0,0,1,0.70573,0.010596,4.34072,45401
116,0,-1.2,400,0,0,1,0.703612,0.009612,4.31556,45801
117,0,-1.2,400,0,0,1,0.701502,0.00834,4.28689,46201
118,0,-1.2,400,0,0,1,0.699397,0.008862,4.25869,46601
119,0,-1.2,400,0,0,1,0.697299,0.008974,4.2299,47001
120,0,-1.2,400,0,0,1,0.695207,0.011307,4.19806,47401
121,0,-1.2,400,0,0,1,0.693121,0.010343,4.16867,47801
122,0,-1.2,400,0,0,1,0.691042,0.009821,4.14605,48201
123,0,-1.2,400,0,0,1,0.688969,0.009986,4.11899,48601
124,0,-1.2,400,0,0,1,0.686902,0.008324,4.09564,49001
125,0,-1.2,400,0,0,1,0.684841,0.009491,4.08007,49401
126,0,-1.2,400,0,0,1,0.682787,0.010429,4.06755,49801
127,0,-1.2,400,0,0,1,0.680738,0.008701,4.05059,50201
128,0,-1.2,400,0,0,1,0.678696,0.010297,4.04013,50601
129,0,-1.2,400,0,0,1,0.67666,0.01002,4.02899,51001
130,0,-1.2,400,0,0,1,0.67463,0.009064,4.01945,51401
131,0,-1.2,400,0,0,1,0.672606,0.011131,4.01689,51801
132,0,-1.2,400,0,0,1,0.670588,0.009436,4.01213,52201
133,0,-1.2,400,0,0,1,0.668577,0.010243,4.00899,52601
134,0,-1.2,400,0,0,1,0.666571,0.009113,3.99916,53001
135,0,-1.2,400,0,0,1,0.664571,0.01006,4.0211,53401
136,0,-1.2,400,0,0,1,0.662578,0.010831,4.06517,53801
137,0,-1.2,400,0,0,1,0.66059,0.009294,4.11523,54201
138,0,-1.2,400,0,0,1,0.658608,0.011821,4.17194,54601
139,0,-1.2,400,0,0,1,0.656632,0.011506,4.22156,55001
140,0,-1.2,400,0,0,1,0.654662,0.010789,4.27166,55401
141,0,-1.2,400,0,0,1,0.652698,0.010053,4.32896,55801
142,0,-1.2,400,0,0,1,0.65074,0.009479,4.40595,56201
143,0,-1.2,400,0,0,1,0.648788,0.011062,4.47685,56601
144,0,-1.2,400,0,0,1,0.646842,0.010071,4.53141,57001
145,0,-1.2,400,0,0,1,0.644901,0.012037,4.58047,57401
146,0,-1.2,400,0,0,1,0.642966,0.012056,4.63868,57801
147,0,-1.2,400,0,0,1,0.641037,0.009638,4.68033,58201
148,0,-1.2,400,0,0,1,0.639114,0.009895,4.73079,58601
149,0,-1.2,400,0,0,1,0.637197,0.01248,4.77502,59001
150,0,-1.2,400,0,0,1,0.635285,0.010481,4.82628,59401
151,0,-1.2,400,0,0,1,0.63338,0.009213,4.86678,59801
152,0,-1.2,400,0,0,1,0.631479,0.011455,4.92371,60201
153,0,-1.2,400,0,0,1,0.629585,0.011012,4.97064,60601
154,0,-1.2,400,0,0,1,0.627696,0.011142,4.99561,61001
155,0,-1.2,400,0,0,1,0.625813,0.009793,5.04906,61401
156,0,-1.2,400,0,0,1,0.623936,0.010539,5.08542,61801
157,0,-1.2,400,0,0,1,0.622064,0.012006,5.09824,62201
158,0,-1.2,400,0,0,1,0.620198,0.013135,5.13141,62601
159,0,-1.2,400,0,0,1,0.618337,0.012227,5.15394,63001
160,0,-1.2,400,0,0,1,0.616482,0.012349,5.17579,63401
161,0,-1.2,400,0,0,1,0.614633,0.013503,5.19179,63801
162,0,-1.2,400,0,0,1,0.612789,0.011959,5.21666,64201
163,0,-1.2,400,0,0,1,0.61095,0.012563,5.2306,64601
164,0,-1.2,400,0,0,1,0.609118,0.012577,5.24024,65001
165,0,-1.2,400,0,0,1,0.60729,0.013304,5.23428,65401
166,0,-1.2,400,0,0,1,0.605468,0.01237,5.21869,65801
167,0,-1.2,400,0,0,1,0.603652,0.012206,5.20159,66201
168,0,-1.2,400,0,0,1,0.601841,0.011723,5.18638,66601
169,0,-1.2,400,0,0,1,0.600035,0.011933,5.15159,67001
170,0,-1.2,400,0,0,1,0.598235,0.012435,5.10775,67401
171,0,-1.2,400,0,0,1,0.596441,0.011657,5.067,67801
172,0,-1.19217,400,0,0,1,0.594651,0.010928,5.01974,68201
173,0,-1.19865,400,0,0,1,0.592867,0.011461,4.97496,68601
174,0,-1.19938,400,0,0,1,0.591089,0.012048,4.94047,69001
175,0,-1.19352,400,0,0,1,0.589315,0.012032,4.9047,69401
176,0,-1.19894,400,0,0,1,0.587548,0.010306,4.87307,69801
177,0,-1.2,400,0,0,1,0.585785,0.010264,4.85317,70201
178,0,-1.2,400,0,0,1,0.584028,0.01141,4.83398,70601
179,0,9.64906,119,1,0,0,0.582275,0.010496,4.81805,70721
180,0,-1.2,400,0,0,1,0.580529,0.011606,4.80546,71121
181,0,-1.2,400,0,0,1,0.578787,0.01369,4.79685,71521
182,0,-1.2,400,0,0,1,0.577051,0.012009,4.78926,71921
183,0,-1.2,400,0,0,1,0.57532,0.011439,4.78513,72321
184,0,-1.2,400,0,0,1,0.573594,0.010915,4.7893,72721
185,0,-1.2,400,0,0,1,0.571873,0.010713,4.80513,73121
186,0,-1.2,400,0,0,1,0.570157,0.012096,4.81783,73521
187,0,-1.2,400,0,0,1,0.568447,0.014029,4.84101,73921
188,0,-1.2,400,0,0,1,0.566741,0.014076,4.84688,74321
189,0,-1.2,400,0,0,1,0.565041,0.014431,4.88393,74721
190,0,-1.2,400,0,0,1,0.563346,0.013465,4.91646,75121
191,0,-1.2,400,0,0,1,0.561656,0.013688,4.95331,75521
192,0,-1.2,400,0,0,1,0.559971,0.012692,4.97988,75921
193,0,-1.2,400,0,0,1,0.558291,0.013445,4.99814,76321
194,0,-1.2,400,0,0,1,0.556616,0.013873,5.03233,76721
195,0,-1.2,400,0,0,1,0.554946,0.013042,5.06456,77121
196,0,-1.2,400,0,0,1,0.553282,0.013215,5.06798,77521
197,0,-1.2,400,0,0,1,0.551622,0.012574,5.10534,77921
198,0,-1.2,400,0,0,1,0.549967,0.012775,5.09974,78321
199,0,-1.2,400,0,0,1,0.548317,0.011851,5.10164,78721
200,0,-1.2,400,0,0,1,0.546672,0.011749,5.08613,79121
201,0,-1.2,400,0,0,1,0.545032,0.011287,5.06722,79521
202,0,-1.2,400,0,0,1,0.543397,0.012094,5.0707,79921
203,0,-1.2,400,0,0,1,0.541767,0.012227,5.04102,80321
204,0,-1.2,400,0,0,1,0.540141,0.012645,5.01419,80721
205,0,-1.2,400,0,0,1,0.538521,0.012341,5.01626,81121
206,0,-1.2,400,0,0,1,0.536905,0.011193,5.01529,81521
207,0,9.26757,246,1,0,0,0.535295,0.013023,5.01337,81768
208,0,9.4395,189,1,0,0,0.533689,0.010309,5.01828,81958
209,0,9.54398,154,1,0,0,0.532088,0.007337,5.01048,82113
210,0,9.27664,243,1,0,0,0.530491,0.014011,5.00712,82357
211,0,9.20212,268,1,0,0,0.5289,0.011773,5.0181,82626
212,0,-1.2,400,0,0,1,0.527313,0.012183,5.01044,83026
213,0,9.43574,190,1,0,0,0.525731,0.014226,4.99703,83217
214,0,-1.2,400,0,0,1,0.524154,0.010941,5.01931,83617
215,0,-1.2,400,0,0,1,0.522582,0.011035,4.99364,84017
216,0,-1.2,400,0,0,1,0.521014,0.011192,5.00764,84417
217,0,-1.2,400,0,0,1,0.519451,0.012178,5.00398,84817
218,0,-1.2,400,0,0,1,0.517893,0.013671,5.02226,85217
219,0,-1.2,400,0,0,1,0.516339,0.011208,5.01896,85617
220,0,-1.2,400,0,0,1,0.51479,0.013776,5.04087,86017
221,0,-1.2,400,0,0,1,0.513245,0.013106,5.04802,86417
222,0,-1.2,400,0,0,1,0.511706,0.012144,5.03659,86817
223,0,-1.2,400,0,0,1,0.510171,0.010393,5.02851,87217
224,0,-1.2,400,0,0,1,0.50864,0.013537,5.03606,87617
225,0,-1.2,400,0,0,1,0.507114,0.0134,5.03116,88017
226,0,-1.2,400,0,0,1,0.505593,0.012828,5.0228,88417
227,0,9.40065,202,1,0,0,0.504076,0.015716,5.0067,88620
228,0,-1.2,400,0,0,1,0.502564,0.012676,5.00381,89020
229,0,9.43306,191,1,0,0,0.501056,0.011803,4.98828,89212
230,0,9.39373,204,1,0,0,0.499553,0.013009,4.9817,89417
231,0,-1.2,400,0,0,1,0.498054,0.012074,4.98441,89817
232,0,-1.2,400,0,0,1,0.49656,0.011383,4.95723,90217
233,0,-1.2,400,0,0,1,0.49507,0.012157,4.92033,90617
234,0,-1.2,400,0,0,1,0.493585,0.014546,4.88929,91017
235,0,-1.2,400,0,0,1,0.492105,0.01195,4.86352,91417
236,0,-1.2,400,0,0,1,0.490628,0.011208,4.83947,91817
237,0,-1.2,400,0,0,1,0.489156,0.013402,4.8158,92217
238,0,9.6605,115,1,0,0,0.487689,0.00906,4.81089,92333
239,0,9.40686,200,1,0,0,0.486226,0.009251,4.78181,92534
240,0,9.66107,115,1,0,0,0.484767,0.012694,4.76784,92650
241,0,9.45497,184,1,0,0,0.483313,0.013465,4.77885,92835
242,0,9.68524,107,1,0,0,0.481863,0.011505,4.77289,92943
243,0,9.68164,108,1,0,0,0.480417,0.014558,4.77398,93052
244,0,9.64766,120,1,0,0,0.478976,0.012077,4.76724,93173
245,0,9.57957,143,1,0,0,0.477539,0.011559,4.77089,93317
246,0,9.68778,106,1,0,0,0.476106,0.011757,4.76358,93424
247,0,9.6698,112,1,0,0,0.474678,0.009625,4.7503,93537
248,0,9.65778,116,1,0,0,0.473254,0.012167,4.77193,93654
249,0,9.55938,149,1,0,0,0.471834,0.010868,4.74436,93804
250,0,9.70292,101,1,0,0,0.470419,0.014439,4.76273,93906
251,0,9.58049,142,1,0,0,0.469008,0.011659,4.76317,94049
252,0,9.63045,125,1,0,0,0.467601,0.014235,4.76522,94175
253,0,9.70843,99,1,0,0,0.466198,0.016914,4.74217,94275
254,0,9.66138,115,1,0,0,0.464799,0.008356,4.75703,94391
255,0,9.73346,91,1,0,0,0.463405,0.011731,4.75444,94483
256,0,9.76235,81,1,0,0,0.462015,0.0142,4.77004,94565
257,0,9.66396,114,1,0,0,0.460629,0.007054,4.78021,94680
258,0,9.67908,109,1,0,0,0.459247,0.011309,4.74072,94790
259,0,9.66051,115,1,0,0,0.457869,0.009667,4.78799,94906
260,0,9.67537,110,1,0,0,0.456495,0.009863,4.80656,95017
261,0,9.69737,103,1,0,0,0.455126,0.009519,4.81855,95121
262,0,9.65447,117,1,0,0,0.45376,0.008899,4.7977,95239
263,0,9.69199,105,1,0,0,0.452399,0.009791,4.83836,95345
264,0,9.67559,110,1,0,0,0.451042,0.011709,4.84416,95456
265,0,9.74162,88,1,0,0,0.449689,0.011174,4.83741,95545
266,0,9.72713,93,1,0,0,0.44834,0.012193,4.85985,95639
267,0,9.68798,106,1,0,0,0.446995,0.010587,4.85742,95746
268,0,9.60175,135,1,0,0,0.445654,0.010499,4.8383,95882
269,0,9.75388,84,1,0,0,0.444317,0.007919,4.88512,95967
270,0,9.66373,114,1,0,0,0.442984,0.009357,4.86464,96082
271,0,9.66402,114,1,0,0,0.441655,0.013121,4.88758,96197
272,0,9.66987,112,1,0,0,0.44033,0.013082,4.90189,96310
273,0,9.62802,126,1,0,0,0.439009,0.008731,4.92599,96437
274,0,9.66961,112,1,0,0,0.437692,0.008416,4.93677,96550
275,0,9.67859,109,1,0,0,0.436379,0.009458,4.96001,96660
276,0,9.63643,123,1,0,0,0.43507,0.010013,4.94059,96784
277,0,9.69132,105,1,0,0,0.433765,0.010881,4.95767,96890
278,0,9.76914,79,1,0,0,0.432463,0.010629,5.00234,96970
279,0,9.70277,101,1,0,0,0.431166,0.00701,5.00349,97072
280,0,9.73333,91,1,0,0,0.429872,0.011352,5.00888,97164
281,0,9.65759,116,1,0,0,0.428583,0.009549,4.99944,97281
282,0,9.61042,132,1,0,0,0.427297,0.011456,5.04044,97414
283,0,9.67903,109,1,0,0,0.426015,0.011062,5.01732,97524
284,0,9.64605,120,1,0,0,0.424737,0.008493,5.07253,97645
285,0,9.7236,94,1,0,0,0.423463,0.013589,5.07724,97740
286,0,9.69064,105,1,0,0,0.422192,0.009295,5.1062,97846
287,0,9.69094,105,1,0,0,0.420926,0.009212,5.08969,97952
288,0,9.68513,107,1,0,0,0.419663,0.010709,5.12184,98060
289,0,9.71735,96,1,0,0,0.418404,0.008836,5.12609,98157
290,0,9.73569,90,1,0,0,0.417149,0.010633,5.15751,98248
291,0,9.7183,96,1,0,0,0.415897,0.011305,5.15785,98345
292,0,9.70574,100,1,0,0,0.41465,0.00796,5.16987,98446
293,0,9.62766,126,1,0,0,0.413406,0.009751,5.19126,98573
294,0,9.69388,104,1,0,0,0.412166,0.010233,5.20024,98678
295,0,9.59933,136,1,0,0,0.410929,0.012653,5.22587,98815
296,0,9.71495,97,1,0,0,0.409696,0.01125,5.23893,98913
297,0,9.65552,117,1,0,0,0.408467,0.011909,5.27177,99031
298,0,9.66165,115,1,0,0,0.407242,0.008745,5.28475,99147
299,0,9.65199,118,1,0,0,0.40602,0.008768,5.31622,99266
300,0,9.75067,85,1,0,0,0.404802,0.007571,5.31282,99352
301,0,9.72486,94,1,0,0,0.403588,0.009531,5.35987,99447
302,0,9.6667,113,1,0,0,0.402377,0.009618,5.35296,99561
303,0,9.69986,102,1,0,0,0.40117,0.009927,5.39268,99664
304,0,9.58778,140,1,0,0,0.399966,0.00688,5.36698,99805
305,0,9.70611,100,1,0,0,0.398766,0.011909,5.41078,99906
306,0,9.6941,104,1,0,0,0.39757,0.010422,5.45506,100011
307,0,9.67932,109,1,0,0,0.396377,0.010432,5.4399,100121
308,0,9.72384,94,1,0,0,0.395188,0.008956,5.46492,100216
309,0,9.64312,121,1,0,0,0.394003,0.009868,5.49147,100338
310,0,9.6735,111,1,0,0,0.392821,0.010406,5.50842,100450
311,0,9.7355,90,1,0,0,0.391642,0.007966,5.53568,100541
312,0,9.667,113,1,0,0,0.390467,0.008862,5.54197,100655
313,0,9.7214,95,1,0,0,0.389296,0.010545,5.55878,100751
314,0,9.72071,95,1,0,0,0.388128,0.013091,5.55795,100847
315,0,9.68805,106,1,0,0,0.386964,0.013823,5.58199,100954
316,0,9.7007,102,1,0,0,0.385803,0.006136,5.60445,101057
317,0,9.72432,94,1,0,0,0.384645,0.007729,5.59739,101152
318,0,9.7353,90,1,0,0,0.383491,0.007292,5.63517,101243
319,0,9.69033,105,1,0,0,0.382341,0.008665,5.62267,101349
320,0,9.76328,81,1,0,0,0.381194,0.011064,5.68243,101431
321,0,9.69083,105,1,0,0,0.38005,0.008553,5.66619,101537
322,0,9.71734,96,1,0,0,0.37891,0.007666,5.70774,101634
323,0,9.71781,96,1,0,0,0.377773,0.009839,5.71527,101731
324,0,9.71499,97,1,0,0,0.37664,0.009475,5.72896,101829
325,0,9.74514,87,1,0,0,0.37551,0.013427,5.74606,101917
326,0,9.76285,81,1,0,0,0.374384,0.00959,5.76092,101999
327,0,9.72672,93,1,0,0,0.37326,0.008904,5.77206,102093
328,0,9.71144,98,1,0,0,0.372141,0.012429,5.802,102192
329,0,9.77469,77,1,0,0,0.371024,0.007367,5.80658,102270
330,0,9.76901,79,1,0,0,0.369911,0.014464,5.8465,102350
331,0,9.77248,78,1,0,0,0.368801,0.009667,5.82778,102429
332,0,9.75086,85,1,0,0,0.367695,0.011964,5.86011,102515
333,0,9.76923,79,1,0,0,0.366592,0.011187,5.886,102595
334,0,9.75035,85,1,0,0,0.365492,0.006784,5.88368,102681
335,0,9.75733,83,1,0,0,0.364396,0.009399,5.8971,102765
336,0,9.73596,90,1,0,0,0.363302,0.013025,5.91458,102856
337,0,9.67948,109,1,0,0,0.362213,0.011234,5.94632,102966
338,0,9.72399,94,1,0,0,0.361126,0.013109,5.98161,103061
339,0,9.77569,77,1,0,0,0.360043,0.008778,5.98077,103139
340,0,9.75389,84,1,0,0,0.358962,0.009154,5.99639,103224
341,0,9.75952,82,1,0,0,0.357886,0.010573,6.00123,103307
342,0,9.7338,91,1,0,0,0.356812,0.010566,6.00536,103399
343,0,9.68763,106,1,0,0,0.355741,0.010795,6.00226,103506
344,0,9.78392,74,1,0,0,0.354674,0.009307,6.01275,103581
345,0,9.73567,90,1,0,0,0.35361,0.01058,6.01434,103672
346,0,9.7263,93,1,0,0,0.352549,0.013125,6.02081,103766
347,0,9.77822,76,1,0,0,0.351492,0.010781,6.03456,103843
348,0,9.70274,101,1,0,0,0.350437,0.009063,6.0583,103945
349,0,9.77468,77,1,0,0,0.349386,0.013312,6.0968,104023
350,0,9.77762,76,1,0,0,0.348338,0.012681,6.09269,104100
351,0,9.75963,82,1,0,0,0.347293,0.010076,6.10418,104183
352,0,9.79028,72,1,0,0,0.346251,0.004765,6.12421,104256
353,0,9.77463,77,1,0,0,0.345212,0.012329,6.1207,104334
354,0,9.75048,85,1,0,0,0.344176,0.016273,6.12922,104420
355,0,9.67294,111,1,0,0,0.343144,0.014382,6.14001,104532
356,0,9.76009,82,1,0,0,0.342115,0.011882,6.1718,104615
357,0,9.73895,89,1,0,0,0.341088,0.012366,6.17084,104705
358,0,9.72394,94,1,0,0,0.340065,0.010742,6.17276,104800
359,0,9.75683,83,1,0,0,0.339045,0.011975,6.14594,104884
360,0,9.71799,96,1,0,0,0.338028,0.012524,6.2087,104981
361,0,9.76321,81,1,0,0,0.337014,0.009672,6.21052,105063
362,0,9.75197,85,1,0,0,0.336002,0.010657,6.20366,105149
363,0,9.72708,93,1,0,0,0.334994,0.007305,6.22075,105243
364,0,9.72686,93,1,0,0,0.333989,0.020501,6.26109,105337
365,0,9.78379,74,1,0,0,0.332988,0.01402,6.23298,105412
366,0,9.77815,76,1,0,0,0.331989,0.016651,6.24842,105489
367,0,9.79893,69,1,0,0,0.330993,0.01427,6.24431,105559
368,0,9.75424,84,1,0,0,0.33,0.011505,6.25592,105644
369,0,9.77538,77,1,0,0,0.32901,0.012385,6.26455,105722
370,0,9.75374,84,1,0,0,0.328023,0.009085,6.28603,105807
371,0,9.75426,84,1,0,0,0.327039,0.011031,6.27148,105892
372,0,9.78082,75,1,0,0,0.326057,0.009042,6.31402,105968
373,0,9.78666,73,1,0,0,0.325079,0.00833,6.32888,106042
374,0,9.79853,69,1,0,0,0.324104,0.007011,6.36419,106112
375,0,9.79299,71,1,0,0,0.323132,0.009851,6.34059,106184
376,0,9.757,83,1,0,0,0.322162,0.010107,6.32903,106268
377,0,9.78057,75,1,0,0,0.321196,0.010134,6.3227,106344
378,0,9.72687,93,1,0,0,0.320232,0.009823,6.35471,106438
379,0,9.74249,88,1,0,0,0.319272,0.006848,6.34841,106527
380,0,9.77485,77,1,0,0,0.318314,0.009393,6.35825,106605
381,0,9.79317,71,1,0,0,0.317359,0.007976,6.36878,106677
382,0,9.7543,84,1,0,0,0.316407,0.013344,6.39584,106762
383,0,9.82027,62,1,0,0,0.315457,0.012044,6.39059,106825
384,0,9.78121,75,1,0,0,0.314511,0.012682,6.44159,106901
385,0,9.7536,84,1,0,0,0.313568,0.009707,6.41922,106986
386,0,9.76035,82,1,0,0,0.312627,0.00909,6.41201,107069
387,0,9.77833,76,1,0,0,0.311689,0.009626,6.44478,107146
388,0,9.79527,70,1,0,0,0.310754,0.009745,6.46866,107217
389,0,9.79547,70,1,0,0,0.309822,0.014252,6.4406,107288
390,0,9.76032,82,1,0,0,0.308892,0.011249,6.45969,107371
391,0,9.79252,71,1,0,0,0.307965,0.0099,6.47023,107443
392,0,9.80188,68,1,0,0,0.307042,0.00932,6.44277,107512
393,0,9.75686,83,1,0,0,0.30612,0.006605,6.47075,107596
394,0,9.7686,79,1,0,0,0.305202,0.009101,6.51633,107676
395,0,9.81057,65,1,0,0,0.304287,0.011421,6.51236,107742
396,0,9.76533,80,1,0,0,0.303374,0.006153,6.48967,107823
397,0,9.7872,73,1,0,0,0.302464,0.012489,6.51846,107897
398,0,9.77418,77,1,0,0,0.301556,0.012393,6.51538,107975
399,0,9.77775,76,1,0,0,0.300651,0.010064,6.54304,108052
400,0,9.78369,74,1,0,0,0.29975,0.011195,6.54175,108127
401,0,9.80507,67,1,0,0,0.29885,0.009372,6.5558,108195
402,0,9.80169,68,1,0,0,0.297954,0.010024,6.52665,108264
403,0,9.74795,86,1,0,0,0.29706,0.006615,6.53901,108351
404,0,9.73632,90,1,0,0,0.296169,0.01102,6.56022,108442
405,0,9.80782,66,1,0,0,0.29528,0.008282,6.56479,108509
406,0,9.79316,71,1,0,0,0.294394,0.008623,6.55072,108581
407,0,9.76649,80,1,0,0,0.293511,0.010024,6.57795,108662
408,0,9.75094,85,1,0,0,0.292631,0.007347,6.5787,108748
409,0,9.78077,75,1,0,0,0.291753,0.015475,6.58774,108824
410,0,9.75711,83,1,0,0,0.290877,0.005779,6.60243,108908
411,0,9.7926,71,1,0,0,0.290005,0.009352,6.56734,108980
412,0,9.78963,72,1,0,0,0.289135,0.005183,6.58373,109053
413,0,9.78684,73,1,0,0,0.288267,0.007576,6.62929,109127
414,0,9.79065,72,1,0,0,0.287403,0.011722,6.60009,109200
415,0,9.8046,67,1,0,0,0.28654,0.009669,6.59968,109268
416,0,9.78385,74,1,0,0,0.285681,0.007602,6.59197,109343
417,0,9.8164,63,1,0,0,0.284824,0.006786,6.60795,109407
418,0,9.81995,62,1,0,0,0.283969,0.011361,6.62323,109470
419,0,9.79275,71,1,0,0,0.283117,0.013126,6.62872,109542
420,0,9.79287,71,1,0,0,0.282268,0.013224,6.60342,109614
421,0,9.79581,70,1,0,0,0.281421,0.00345,6.62076,109685
422,0,9.81146,65,1,0,0,0.280577,0.010869,6.6414,109751
423,0,9.7515,85,1,0,0,0.279735,0.010744,6.6411,109837
424,0,9.78694,73,1,0,0,0.278896,0.007233,6.67018,109911
425,0,9.79899,69,1,0,0,0.278059,0.013575,6.63091,109981
426,0,9.81385,64,1,0,0,0.277225,0.01028,6.64561,110046
427,0,9.74813,86,1,0,0,0.276393,0.007938,6.64629,110133
428,0,9.77203,78,1,0,0,0.275564,0.009715,6.66637,110212
429,0,9.78075,75,1,0,0,0.274738,0.011436,6.64681,110288
430,0,9.76552,80,1,0,0,0.273913,0.011504,6.6467,110369
431,0,9.75638,83,1,0,0,0.273092,0.01097,6.64804,110453
432,0,9.7871,73,1,0,0,0.272272,0.011214,6.65626,110527
433,0,9.82039,62,1,0,0,0.271456,0.008069,6.65214,110590
434,0,9.7486,86,1,0,0,0.270641,0.007088,6.65238,110677
435,0,9.79053,72,1,0,0,0.269829,0.006122,6.66541,110750
436,0,9.79301,71,1,0,0,0.26902,0.008902,6.68027,110822
437,0,9.82288,61,1,0,0,0.268213,0.011015,6.66039,110884
438,0,9.81336,64,1,0,0,0.267408,0.007076,6.62442,110949
439,0,9.79931,69,1,0,0,0.266606,0.006186,6.64843,111019
440,0,9.78138,75,1,0,0,0.265806,0.005966,6.65562,111095
441,0,9.79002,72,1,0,0,0.265009,0.008083,6.67764,111168
442,0,9.77224,78,1,0,0,0.264214,0.007431,6.6665,111247
443,0,9.80279,68,1,0,0,0.263421,0.008002,6.67469,111316
444,0,9.80555,67,1,0,0,0.262631,0.010883,6.66586,111384
445,0,9.79563,70,1,0,0,0.261843,0.007073,6.67293,111455
446,0,9.79626,70,1,0,0,0.261057,0.012025,6.67205,111526
447,0,9.77202,78,1,0,0,0.260274,0.009326,6.68245,111605
448,0,9.75643,83,1,0,0,0.259493,0.007421,6.66076,111689
449,0,9.74722,86,1,0,0,0.258715,0.006809,6.67224,111776
450,0,9.82267,61,1,0,0,0.257939,0.005778,6.67048,111838
451,0,9.79613,70,1,0,0,0.257165,0.010752,6.67574,111909
452,0,9.78394,74,1,0,0,0.256393,0.008991,6.69532,111984
453,0,9.78632,73,1,0,0,0.255624,0.006372,6.69713,112058
454,0,9.80458,67,1,0,0,0.254857,0.00784,6.6964,112126
455,0,9.80794,66,1,0,0,0.254093,0.006786,6.67575,112193
456,0,9.72358,94,1,0,0,0.25333,0.010314,6.6569,112288
457,0,9.80227,68,1,0,0,0.25257,0.007178,6.67688,112357
458,0,9.79898,69,1,0,0,0.251813,0.009628,6.65582,112427
459,0,9.78223,75,1,0,0,0.251057,0.006176,6.64948,112503
460,0,9.78412,74,1,0,0,0.250304,0.012567,6.68862,112578
461,0,9.80153,68,1,0,0,0.249553,0.007731,6.69526,112647
462,0,9.80223,68,1,0,0,0.248805,0.006638,6.65341,112716
463,0,9.76558,80,1,0,0,0.248058,0.01363,6.67488,112797
464,0,9.79876,69,1,0,0,0.247314,0.008328,6.6888,112867
465,0,9.81958,62,1,0,0,0.246572,0.005931,6.67138,112930
466,0,9.78696,73,1,0,0,0.245832,0.010096,6.66819,113004
467,0,9.77575,77,1,0,0,0.245095,0.006883,6.67588,113082
468,0,9.79863,69,1,0,0,0.24436,0.008569,6.65864,113152
469,0,9.81106,65,1,0,0,0.243626,0.010566,6.68312,113218
470,0,9.811,65,1,0,0,0.242896,0.007365,6.67754,113284
471,0,9.82602,60,1,0,0,0.242167,0.009189,6.66313,113345
472,0,9.80791,66,1,0,0,0.24144,0.007762,6.66767,113412
473,0,9.7931,71,1,0,0,0.240716,0.010943,6.64939,113484
474,0,9.82009,62,1,0,0,0.239994,0.009513,6.67731,113547
475,0,9.81359,64,1,0,0,0.239274,0.006645,6.65874,113612
476,0,9.80797,66,1,0,0,0.238556,0.009212,6.66506,113679
477,0,9.78122,75,1,0,0,0.23784,0.008007,6.64447,113755
478,0,9.81988,62,1,0,0,0.237127,0.003182,6.67162,113818
479,0,9.80174,68,1,0,0,0.236416,0.009145,6.66057,113887
480,0,9.82336,61,1,0,0,0.235706,0.01303,6.63204,113949
481,0,9.81328,64,1,0,0,0.234999,0.009331,6.66272,114014
482,0,9.81684,63,1,0,0,0.234294,0.004155,6.67066,114078
483,0,9.77758,76,1,0,0,0.233591,0.006157,6.66337,114155
484,0,9.80758,66,1,0,0,0.232891,0.009526,6.66063,114222
485,0,9.76096,82,1,0,0,0.232192,0.005765,6.66563,114305
486,0,9.7685,79,1,0,0,0.231495,0.008812,6.66691,114385
487,0,9.78712,73,1,0,0,0.230801,0.008722,6.67056,114459
488,0,9.82029,62,1,0,0,0.230108,0.004609,6.66373,114522
489,0,9.8052,67,1,0,0,0.229418,0.007571,6.6384,114590
490,0,9.81392,64,1,0,0,0.22873,0.007616,6.66653,114655
491,0,9.81952,62,1,0,0,0.228044,0.007584,6.64942,114718
492,0,9.79951,69,1,0,0,0.227359,0.006789,6.68151,114788
493,0,9.83731,56,1,0,0,0.226677,0.009477,6.6666,114845
494,0,9.79254,71,1,0,0,0.225997,0.008571,6.66302,114917
495,0,9.80771,66,1,0,0,0.225319,0.010571,6.65685,114984
496,0,9.82314,61,1,0,0,0.224643,0.004078,6.68119,115046
497,0,9.78654,73,1,0,0,0.223969,0.006504,6.67287,115120
498,0,9.82284,61,1,0,0,0.223298,0.006394,6.68572,115182
499,0,9.80132,68,1,0,0,0.222628,0.008386,6.65073,115251
500,1,9.72971,92,1,0,0,0.3988,0.004587,6.70123,115344
501,1,9.71854,96,1,0,0,0.397604,0.009916,6.6832,115441
502,1,9.76003,82,1,0,0,0.396411,0.007067,6.65246,115524
503,1,9.73278,91,1,0,0,0.395222,0.009963,6.66839,115616
504,1,9.79315,71,1,0,0,0.394036,0.005972,6.70568,115688
505,1,9.75694,83,1,0,0,0.392854,0.0058,6.69114,115772
506,1,9.71448,97,1,0,0,0.391675,0.007912,6.66215,115870
507,1,9.80796,66,1,0,0,0.3905,0.007968,6.65284,115937
508,1,9.77203,78,1,0,0,0.389329,0.007193,6.6897,116016
509,1,9.71776,96,1,0,0,0.388161,0.006219,6.6751,116113
510,1,9.77754,76,1,0,0,0.386996,0.00821,6.68852,116190
511,1,9.72728,93,1,0,0,0.385835,0.005908,6.69782,116284
512,1,9.81963,62,1,0,0,0.384678,0.005944,6.71731,116347
513,1,9.69377,104,1,0,0,0.383524,0.006371,6.71332,116452
514,1,9.73905,89,1,0,0,0.382373,0.006113,6.72013,116542
515,1,9.80435,67,1,0,0,0.381226,0.00585,6.71997,116610
516,1,9.74209,88,1,0,0,0.380082,0.009101,6.71883,116699
517,1,9.79265,71,1,0,0,0.378942,0.006799,6.7153,116771
518,1,9.72361,94,1,0,0,0.377805,0.006982,6.71602,116866
519,1,9.76251,81,1,0,0,0.376672,0.009081,6.7238,116948
520,1,9.80789,66,1,0,0,0.375542,0.007693,6.71828,117015
521,1,9.77523,77,1,0,0,0.374415,0.006785,6.75392,117093
522,1,9.79076,72,1,0,0,0.373292,0.007975,6.72976,117166
523,1,9.72421,94,1,0,0,0.372172,0.006126,6.74297,117261
524,1,9.68818,106,1,0,0,0.371056,0.004129,6.7478,117368
525,1,9.74813,86,1,0,0,0.369942,0.007767,6.75523,117455
526,1,9.68871,106,1,0,0,0.368833,0.007731,6.75387,117562
527,1,9.72082,95,1,0,0,0.367726,0.006945,6.75973,117658
528,1,9.76308,81,1,0,0,0.366623,0.005118,6.77592,117740
529,1,9.76281,81,1,0,0,0.365523,0.004797,6.8075,117822
530,1,9.71445,97,1,0,0,0.364426,0.00472,6.79196,117920
531,1,9.76942,79,1,0,0,0.363333,0.006957,6.78898,118000
532,1,9.73833,89,1,0,0,0.362243,0.003726,6.777,118090
533,1,9.80169,68,1,0,0,0.361156,0.005477,6.77469,118159
534,1,9.73535,90,1,0,0,0.360073,0.007014,6.76642,118250
535,1,9.76636,80,1,0,0,0.358993,0.008438,6.78636,118331
536,1,9.81028,65,1,0,0,0.357916,0.006922,6.79154,118397
537,1,9.81402,64,1,0,0,0.356842,0.004284,6.78671,118462
538,1,9.70657,100,1,0,0,0.355772,0.005511,6.78141,118563
539,1,9.72055,95,1,0,0,0.354704,0.00188,6.79986,118659
540,1,9.78196,75,1,0,0,0.35364,0.004978,6.76975,118735
541,1,9.80756,66,1,0,0,0.352579,0.006651,6.80493,118802
542,1,9.71315,98,1,0,0,0.351521,0.004178,6.77734,118901
543,1,9.71883,96,1,0,0,0.350467,0.007681,6.76918,118998
544,1,9.78689,73,1,0,0,0.349415,0.009171,6.77524,119072
545,1,9.7949,71,1,0,0,0.348367,0.005407,6.81127,119144
546,1,9.81123,65,1,0,0,0.347322,0.004862,6.8029,119210
547,1,9.78661,73,1,0,0,0.34628,0.005641,6.80144,119284
548,1,9.71786,96,1,0,0,0.345241,0.006897,6.78517,119381
549,1,9.72735,93,1,0,0,0.344206,0.006582,6.78942,119475
550,1,9.7602,82,1,0,0,0.343173,0.006099,6.79408,119558
551,1,9.79848,69,1,0,0,0.342143,0.005055,6.74504,119628
552,1,9.79258,71,1,0,0,0.341117,0.005356,6.80586,119700
553,1,9.77813,76,1,0,0,0.340094,0.008677,6.79037,119777
554,1,9.79598,70,1,0,0,0.339073,0.005659,6.79636,119848
555,1,9.79228,71,1,0,0,0.338056,0.00611,6.77522,119920
556,1,9.74151,88,1,0,0,0.337042,0.003902,6.81416,120009
557,1,9.79856,69,1,0,0,0.336031,0.003995,6.81636,120079
558,1,9.793,71,1,0,0,0.335023,0.00693,6.80084,120151
559,1,9.77243,78,1,0,0,0.334018,0.004616,6.80325,120230
560,1,9.7903,72,1,0,0,0.333016,0.005793,6.80803,120303
561,1,9.7598,82,1,0,0,0.332017,0.002433,6.80828,120386
562,1,9.82055,62,1,0,0,0.331021,0.004614,6.80945,120449
563,1,9.71792,96,1,0,0,0.330027,0.003731,6.83141,120546
564,1,9.81404,64,1,0,0,0.329037,0.005419,6.83072,120611
565,1,9.76651,80,1,0,0,0.32805,0.003985,6.80642,120692
566,1,9.79345,71,1,0,0,0.327066,0.00654,6.85774,120764
567,1,9.80194,68,1,0,0,0.326085,0.004667,6.82369,120833
568,1,9.78455,74,1,0,0,0.325107,0.007335,6.82718,120908
569,1,9.81933,62,1,0,0,0.324131,0.005647,6.82781,120971
570,1,9.81984,62,1,0,0,0.323159,0.005395,6.8329,121034
571,1,9.706,100,1,0,0,0.32219,0.005399,6.82152,121135
572,1,9.76041,82,1,0,0,0.321223,0.004155,6.85749,121218
573,1,9.79528,70,1,0,0,0.320259,0.004731,6.83085,121289
574,1,9.79638,70,1,0,0,0.319298,0.007155,6.87057,121360
575,1,9.78403,74,1,0,0,0.318341,0.006144,6.8494,121435
576,1,9.82595,60,1,0,0,0.317386,0.00406,6.8497,121496
577,1,9.7755,77,1,0,0,0.316433,0.006196,6.8639,121574
578,1,9.79631,70,1,0,0,0.315484,0.005141,6.84025,121645
579,1,9.77767,76,1,0,0,0.314538,0.007946,6.87687,121722
580,1,9.79889,69,1,0,0,0.313594,0.004799,6.87398,121792
581,1,9.73899,89,1,0,0,0.312653,0.003851,6.8821,121882
582,1,9.81366,64,1,0,0,0.311715,0.005444,6.90439,121947
583,1,9.78991,72,1,0,0,0.31078,0.003965,6.89644,122020
584,1,9.77181,78,1,0,0,0.309848,0.004922,6.85503,122099
585,1,9.74786,86,1,0,0,0.308918,0.005756,6.89559,122186
586,1,9.78988,72,1,0,0,0.307992,0.001354,6.86802,122259
587,1,9.76272,81,1,0,0,0.307068,0.00808,6.89637,122341
588,1,9.75157,85,1,0,0,0.306146,0.005782,6.90702,122427
589,1,9.77844,76,1,0,0,0.305228,0.004992,6.91253,122504
590,1,9.77927,76,1,0,0,0.304312,0.006146,6.92741,122581
591,1,9.7955,70,1,0,0,0.303399,0.005005,6.92066,122652
592,1,9.78426,74,1,0,0,0.302489,0.005847,6.90204,122727
593,1,9.8108,65,1,0,0,0.301582,0.004932,6.93943,122793
594,1,9.82277,61,1,0,0,0.300677,0.004898,6.93702,122855
595,1,9.80958,66,1,0,0,0.299775,0.005506,6.94379,122922
596,1,9.76914,79,1,0,0,0.298876,0.005563,6.92392,123002
597,1,9.79288,71,1,0,0,0.297979,0.004615,6.95859,123074
598,1,9.74919,86,1,0,0,0.297085,0.00589,6.92538,123161
599,1,9.74822,86,1,0,0,0.296194,0.006623,6.92189,123248
600,1,9.80789,66,1,0,0,0.295305,0.005172,6.94101,123315
601,1,9.75723,83,1,0,0,0.294419,0.002898,6.95497,123399
602,1,9.74531,87,1,0,0,0.293536,0.004429,6.95623,123487
603,1,9.81095,65,1,0,0,0.292655,0.002379,6.96813,123553
604,1,9.79049,72,1,0,0,0.291777,0.004938,6.99172,123626
605,1,9.78975,72,1,0,0,0.290902,0.003414,6.98068,123699
606,1,9.79291,71,1,0,0,0.290029,0.005636,6.98422,123771
607,1,9.80802,66,1,0,0,0.289159,0.003651,6.99758,123838
608,1,9.80242,68,1,0,0,0.288292,0.00708,7.01118,123907
609,1,9.81384,64,1,0,0,0.287427,0.006778,7.00378,123972
610,1,9.76386,81,1,0,0,0.286565,0.005612,7.00023,124054
611,1,9.78941,72,1,0,0,0.285705,0.007388,7.01048,124127
612,1,9.80503,67,1,0,0,0.284848,0.000878,7.0025,124195
613,1,9.76612,80,1,0,0,0.283993,0.006451,7.00915,124276
614,1,9.79256,71,1,0,0,0.283141,0.005637,7.00502,124348
615,1,9.80745,66,1,0,0,0.282292,0.005618,7.04748,124415
616,1,9.778,76,1,0,0,0.281445,0.004514,7.05022,124492
617,1,9.77774,76,1,0,0,0.280601,0.004284,7.03174,124569
618,1,9.80784,66,1,0,0,0.279759,0.006493,7.03534,124636
619,1,9.82932,59,1,0,0,0.27892,0.004606,7.03777,124696
620,1,9.83225,58,1,0,0,0.278083,0.005124,7.03913,124755
621,1,9.8019,68,1,0,0,0.277249,0.005351,7.06908,124824
622,1,9.79325,71,1,0,0,0.276417,0.003819,7.08293,124896
623,1,9.78725,73,1,0,0,0.275588,0.003696,7.08665,124970
624,1,9.7746,77,1,0,0,0.274761,0.007699,7.0974,125048
625,1,9.80158,68,1,0,0,0.273937,0.005896,7.08116,125117
626,1,9.78326,74,1,0,0,0.273115,0.004827,7.05392,125192
627,1,9.77823,76,1,0,0,0.272295,0.002508,7.09792,125269
628,1,9.80228,68,1,0,0,0.271478,0.003964,7.12885,125338
629,1,9.80197,68,1,0,0,0.270664,0.005581,7.07723,125407
630,1,9.80514,67,1,0,0,0.269852,0.005033,7.09301,125475
631,1,9.80515,67,1,0,0,0.269042,0.005398,7.12803,125543
632,1,9.7842,74,1,0,0,0.268235,0.003243,7.12881,125618
633,1,9.80827,66,1,0,0,0.267431,0.004831,7.10694,125685
634,1,9.78968,72,1,0,0,0.266628,0.001871,7.10441,125758
635,1,9.78429,74,1,0,0,0.265828,0.006645,7.13364,125833
636,1,9.82286,61,1,0,0,0.265031,0.004385,7.13658,125895
637,1,9.73906,89,1,0,0,0.264236,0.006492,7.16369,125985
638,1,9.78108,75,1,0,0,0.263443,0.004987,7.15585,126061
639,1,9.78793,73,1,0,0,0.262653,0.004085,7.16768,126135
640,1,9.80243,68,1,0,0,0.261865,0.002447,7.14893,126204
641,1,9.8198,62,1,0,0,0.261079,0.007653,7.15484,126267
642,1,9.79926,69,1,0,0,0.260296,0.004574,7.1412,126337
643,1,9.81111,65,1,0,0,0.259515,0.006597,7.16911,126403
644,1,9.76626,80,1,0,0,0.258737,0.005153,7.16911,126484
645,1,9.7808,75,1,0,0,0.25796,0.002235,7.17752,126560
646,1,9.81323,64,1,0,0,0.257187,0.004305,7.2013,126625
647,1,9.78975,72,1,0,0,0.256415,0.004343,7.20737,126698
648,1,9.79057,72,1,0,0,0.255646,0.006087,7.19817,126771
649,1,9.83144,58,1,0,0,0.254879,0.004905,7.19909,126830
650,1,9.81983,62,1,0,0,0.254114,0.003402,7.17502,126893
651,1,9.78339,74,1,0,0,0.253352,0.006134,7.18974,126968
652,1,9.79004,72,1,0,0,0.252592,0.004239,7.18907,127041
653,1,9.7691,79,1,0,0,0.251834,0.006807,7.23209,127121
654,1,9.78809,73,1,0,0,0.251079,0.004173,7.21881,127195
655,1,9.78437,74,1,0,0,0.250325,0.005201,7.21045,127270
656,1,9.77446,77,1,0,0,0.249574,0.003801,7.23368,127348
657,1,9.81088,65,1,0,0,0.248826,0.004884,7.25931,127414
658,1,9.78987,72,1,0,0,0.248079,0.002418,7.24706,127487
659,1,9.79903,69,1,0,0,0.247335,0.002584,7.24984,127557
660,1,9.79867,69,1,0,0,0.246593,0.006169,7.25866,127627
661,1,9.79281,71,1,0,0,0.245853,0.003114,7.23886,127699
662,1,9.79933,69,1,0,0,0.245116,0.003573,7.27959,127769
663,1,9.7924,71,1,0,0,0.24438,0.005775,7.28054,127841
664,1,9.83505,57,1,0,0,0.243647,0.003036,7.2666,127899
665,1,9.75715,83,1,0,0,0.242916,0.002007,7.28377,127983
666,1,9.79847,69,1,0,0,0.242187,0.002719,7.26939,128053
667,1,9.81408,64,1,0,0,0.241461,0.004775,7.27378,128118
668,1,9.7953,70,1,0,0,0.240736,0.005313,7.25869,128189
669,1,9.78755,73,1,0,0,0.240014,0.001216,7.2904,128263
670,1,9.79285,71,1,0,0,0.239294,0.003497,7.27859,128335
671,1,-1.06,20,0,1,0,0.238576,0.005747,7.28522,128356
672,1,9.81382,64,1,0,0,0.237861,0.004157,7.2927,128421
673,1,9.78053,75,1,0,0,0.237147,0.004057,7.30135,128497
674,1,9.81325,64,1,0,0,0.236436,0.005291,7.29852,128562
675,1,9.835,57,1,0,0,0.235726,0.004463,7.31262,128620
676,1,9.80525,67,1,0,0,0.235019,0.00415,7.29621,128688
677,1,9.81135,65,1,0,0,0.234314,0.006863,7.30928,128754
678,1,9.77184,78,1,0,0,0.233611,0.007161,7.31312,128833
679,1,9.75068,85,1,0,0,0.23291,0.007175,7.29128,128919
680,1,9.82268,61,1,0,0,0.232211,0.001863,7.32759,128981
681,1,9.81373,64,1,0,0,0.231515,0.003772,7.35,129046
682,1,9.79336,71,1,0,0,0.23082,0.006511,7.35415,129118
683,1,9.79658,70,1,0,0,0.230128,0.001896,7.32081,129189
684,1,9.81101,65,1,0,0,0.229437,0.005661,7.35941,129255
685,1,9.83187,58,1,0,0,0.228749,0.006782,7.31724,129314
686,1,9.80182,68,1,0,0,0.228063,0.006858,7.34178,129383
687,1,9.80464,67,1,0,0,0.227379,0.003519,7.32937,129451
688,1,9.73013,92,1,0,0,0.226697,0.001064,7.33684,129544
689,1,9.80719,66,1,0,0,0.226016,0.001079,7.37508,129611
690,1,9.79568,70,1,0,0,0.225338,0.004268,7.3644,129682
691,1,9.79904,69,1,0,0,0.224662,0.001858,7.35182,129752
692,1,9.82287,61,1,0,0,0.223988,0.004576,7.37017,129814
693,1,9.81084,65,1,0,0,0.223316,0.007183,7.33535,129880
694,1,9.81669,63,1,0,0,0.222646,0.00588,7.36356,129944
695,1,9.82242,61,1,0,0,0.221979,0.003004,7.39012,130006
696,1,9.80464,67,1,0,0,0.221313,0.001957,7.35755,130074
697,1,9.77247,78,1,0,0,0.220649,0.001917,7.36213,130153
698,1,9.81657,63,1,0,0,0.219987,0.005724,7.36806,130217
699,1,9.80795,66,1,0,0,0.219327,0.004866,7.36168,130284
700,1,9.79571,70,1,0,0,0.218669,0.001853,7.3903,130355
701,1,9.81403,64,1,0,0,0.218013,0.004655,7.3501,130420
702,1,9.81655,63,1,0,0,0.217359,0.004043,7.38776,130484
703,1,9.82281,61,1,0,0,0.216707,0.003249,7.37752,130546
704,1,9.81392,64,1,0,0,0.216057,0.002943,7.38276,130611
705,1,9.8045,67,1,0,0,0.215408,0.00756,7.38464,130679
706,1,9.81133,65,1,0,0,0.214762,0.000306,7.39023,130745
707,1,9.79903,69,1,0,0,0.214118,0.001208,7.39562,130815
708,1,9.81186,65,1,0,0,0.213476,0.002839,7.38501,130881
709,1,9.80198,68,1,0,0,0.212835,0.00586,7.41552,130950
710,1,9.83513,57,1,0,0,0.212197,0.003177,7.40857,131008
711,1,9.79884,69,1,0,0,0.21156,0.004116,7.41409,131078
712,1,9.81321,64,1,0,0,0.210925,0.003033,7.423,131143
713,1,9.8049,67,1,0,0,0.210293,0.00227,7.42304,131211
714,1,9.81056,65,1,0,0,0.209662,0.004233,7.40481,131277
715,1,9.79278,71,1,0,0,0.209033,0.002911,7.4021,131349
716,1,9.82587,60,1,0,0,0.208406,0.001311,7.42788,131410
717,1,9.81053,65,1,0,0,0.20778,0.003196,7.41141,131476
718,1,9.79871,69,1,0,0,0.207157,0.002929,7.41318,131546
719,1,9.80478,67,1,0,0,0.206536,0.001887,7.42828,131614
720,1,9.8049,67,1,0,0,0.205916,0.002349,7.42303,131682
721,1,9.79366,71,1,0,0,0.205298,0.002702,7.42273,131754
722,1,9.83162,58,1,0,0,0.204682,0.005803,7.43608,131813
723,1,9.82919,59,1,0,0,0.204068,0.002935,7.43188,131873
724,1,9.7898,72,1,0,0,0.203456,0.003267,7.44009,131946
725,1,9.8113,65,1,0,0,0.202846,0.002537,7.42418,132012
726,1,9.79925,69,1,0,0,0.202237,0.004199,7.45403,132082
727,1,9.81981,62,1,0,0,0.20163,0.003506,7.41045,132145
728,1,9.83472,57,1,0,0,0.201026,0.001467,7.45239,132203
729,1,9.81381,64,1,0,0,0.200422,0.003871,7.41653,132268
730,1,9.84677,53,1,0,0,0.199821,0.00523,7.40175,132322
731,1,9.8166,63,1,0,0,0.199222,0.001897,7.41988,132386
732,1,9.82886,59,1,0,0,0.198624,0.004142,7.44114,132446
733,1,9.82013,62,1,0,0,0.198028,0.002386,7.41329,132509
734,1,9.75675,83,1,0,0,0.197434,0.005032,7.44994,132593
735,1,9.82608,60,1,0,0,0.196842,0.00506,7.43244,132654
736,1,9.83155,58,1,0,0,0.196251,0.003618,7.46806,132713
737,1,9.79275,71,1,0,0,0.195663,0.003911,7.45374,132785
738,1,9.80483,67,1,0,0,0.195076,0.006486,7.44503,132853
739,1,9.83196,58,1,0,0,0.19449,0.003815,7.43123,132912
740,1,9.81427,64,1,0,0,0.193907,0.002544,7.4691,132977
741,1,9.80242,68,1,0,0,0.193325,0.00255,7.45261,133046
742,1,9.81414,64,1,0,0,0.192745,0.005327,7.42708,133111
743,1,9.81689,63,1,0,0,0.192167,0.001865,7.46966,133175
744,1,9.81351,64,1,0,0,0.19159,0.000743,7.43195,133240
745,1,9.79878,69,1,0,0,0.191016,0.005692,7.47776,133310
746,1,9.83801,56,1,0,0,0.190443,0.002877,7.4379,133367
747,1,9.81683,63,1,0,0,0.189871,0.001664,7.45768,133431
748,1,9.82291,61,1,0,0,0.189302,0.005007,7.45798,133493
749,1,9.81969,62,1,0,0,0.188734,0.001865,7.45889,133556
750,1,9.82885,59,1,0,0,0.188168,0.000788,7.46713,133616
751,1,9.81081,65,1,0,0,0.187603,0.003079,7.44913,133682
752,1,9.81671,63,1,0,0,0.18704,0.002397,7.41781,133746
753,1,9.81701,63,1,0,0,0.186479,0.002638,7.47198,133810
754,1,9.81993,62,1,0,0,0.18592,0.00496,7.43056,133873
755,1,9.80137,68,1,0,0,0.185362,0.000353,7.45936,133942
756,1,9.80169,68,1,0,0,0.184806,0.002684,7.44437,134011
757,1,9.796,70,1,0,0,0.184251,0.001754,7.48188,134082
758,1,9.83788,56,1,0,0,0.183699,0.006359,7.4741,134139
759,1,9.82034,62,1,0,0,0.183148,0.001877,7.46339,134202
760,1,9.82847,59,1,0,0,0.182598,0.001968,7.47158,134262
761,1,9.77521,77,1,0,0,0.18205,0.002524,7.47955,134340
762,1,9.81414,64,1,0,0,0.181504,0.003223,7.46796,134405
763,1,9.82326,61,1,0,0,0.18096,0.001908,7.49537,134467
764,1,9.82006,62,1,0,0,0.180417,0.001293,7.48066,134530
765,1,9.81367,64,1,0,0,0.179876,0.004272,7.47672,134595
766,1,9.8259,60,1,0,0,0.179336,0.003037,7.4734,134656
767,1,9.83183,58,1,0,0,0.178798,0.001484,7.46373,134715
768,1,9.82058,62,1,0,0,0.178262,0.000268,7.46547,134778
769,1,9.83465,57,1,0,0,0.177727,0.001003,7.4911,134836
770,1,9.83472,57,1,0,0,0.177194,0.002251,7.48459,134894
771,1,9.83206,58,1,0,0,0.176662,0.002514,7.48784,134953
772,1,9.81999,62,1,0,0,0.176132,0.000752,7.51377,135016
773,1,9.78131,75,1,0,0,0.175604,0.004172,7.47863,135092
774,1,9.83525,57,1,0,0,0.175077,0.000813,7.51199,135150
775,1,9.81393,64,1,0,0,0.174552,0.001929,7.48683,135215
776,1,9.79893,69,1,0,0,0.174028,0.002879,7.47074,135285
777,1,9.8229,61,1,0,0,0.173506,0.003863,7.49261,135347
778,1,9.83452,57,1,0,0,0.172985,0.00195,7.4788,135405
779,1,9.82042,62,1,0,0,0.172466,0.000972,7.50344,135468
780,1,9.83495,57,1,0,0,0.171949,0.001157,7.51551,135526
781,1,9.79019,72,1,0,0,0.171433,0.002141,7.48892,135599
782,1,9.82005,62,1,0,0,0.170919,0.00249,7.49179,135662
783,1,9.80821,66,1,0,0,0.170406,0.004346,7.48255,135729
784,1,9.83167,58,1,0,0,0.169895,0.002241,7.49105,135788
785,1,9.81144,65,1,0,0,0.169385,0.001404,7.4912,135854
786,1,9.8259,60,1,0,0,0.168877,0.002628,7.47489,135915
787,1,9.81368,64,1,0,0,0.16837,0.001819,7.4929,135980
788,1,9.82601,60,1,0,0,0.167865,0.001509,7.4801,136041
789,1,9.81381,64,1,0,0,0.167362,0.00134,7.48131,136106
790,1,9.81069,65,1,0,0,0.16686,0.001806,7.50803,136172
791,1,9.81069,65,1,0,0,0.166359,0.000362,7.49856,136238
792,1,9.81984,62,1,0,0,0.16586,0.000815,7.47197,136301
793,1,9.82869,59,1,0,0,0.165362,0.001446,7.50772,136361
794,1,9.80787,66,1,0,0,0.164866,0.002075,7.50177,136428
795,1,9.79269,71,1,0,0,0.164372,0.002987,7.51491,136500
796,1,9.80203,68,1,0,0,0.163879,0.001104,7.48968,136569
797,1,9.84687,53,1,0,0,0.163387,0.000314,7.49044,136623
798,1,9.83194,58,1,0,0,0.162897,0.00272,7.55103,136682
799,1,9.83501,57,1,0,0,0.162408,0.00153,7.51262,136740
800,1,9.82919,59,1,0,0,0.161921,0.00188,7.51997,136800
801,1,9.80168,68,1,0,0,0.161435,0.000842,7.49698,136869
802,1,9.81478,64,1,0,0,0.160951,0.002766,7.52547,136934
803,1,9.83846,56,1,0,0,0.160468,0.002499,7.54577,136991
804,1,9.83803,56,1,0,0,0.159986,0.001981,7.52927,137048
805,1,9.80811,66,1,0,0,0.159507,0.002041,7.53221,137115
806,1,9.81995,62,1,0,0,0.159028,0.003369,7.53502,137178
807,1,9.79913,69,1,0,0,0.158551,0.0036,7.54285,137248
808,1,9.83201,58,1,0,0,0.158075,0.000261,7.50303,137307
809,1,9.81656,63,1,0,0,0.157601,0.002695,7.52571,137371
810,1,9.82332,61,1,0,0,0.157128,0.001266,7.53093,137433
811,1,9.826,60,1,0,0,0.156657,0.001871,7.52426,137494
812,1,9.81974,62,1,0,0,0.156187,0.002284,7.54085,137557
813,1,9.84695,53,1,0,0,0.155718,0.001629,7.52311,137611
814,1,9.81133,65,1,0,0,0.155251,0.000963,7.51964,137677
815,1,9.81785,63,1,0,0,0.154785,0.000351,7.52913,137741
816,1,9.81099,65,1,0,0,0.154321,0.000807,7.51172,137807
817,1,9.82859,59,1,0,0,0.153858,0.000935,7.5285,137867
818,1,9.82028,62,1,0,0,0.153397,0.000863,7.55424,137930
819,1,9.84621,53,1,0,0,0.152936,0.000385,7.53767,137984
820,1,9.81363,64,1,0,0,0.152478,0.001498,7.51744,138049
821,1,9.81157,65,1,0,0,0.15202,0.000845,7.53308,138115
822,1,9.83481,57,1,0,0,0.151564,0.000797,7.54915,138173
823,1,9.84033,55,1,0,0,0.151109,0.000283,7.56525,138229
824,1,9.79394,71,1,0,0,0.150656,0.000282,7.54002,138301
825,1,9.83133,58,1,0,0,0.150204,0.000955,7.54096,138360
826,1,9.83542,57,1,0,0,0.149753,0.000287,7.56963,138418
827,1,9.8113,65,1,0,0,0.149304,0.001256,7.56295,138484
828,1,9.8049,67,1,0,0,0.148856,0.000567,7.58803,138552
829,1,9.81389,64,1,0,0,0.14841,0.000243,7.54144,138617
830,1,9.8259,60,1,0,0,0.147964,0.001641,7.57934,138678
831,1,9.83834,56,1,0,0,0.147521,0.001246,7.55833,138735
832,1,9.84385,54,1,0,0,0.147078,0.000258,7.57753,138790
833,1,9.81989,62,1,0,0,0.146637,0.001899,7.57578,138853
834,1,9.83455,57,1,0,0,0.146197,0.000712,7.56144,138911
835,1,9.81367,64,1,0,0,0.145758,0.00022,7.57459,138976
836,1,9.82877,59,1,0,0,0.145321,0.001099,7.55028,139036
837,1,9.8294,59,1,0,0,0.144885,0.000309,7.5894,139096
838,1,9.79953,69,1,0,0,0.14445,0.000217,7.57123,139166
839,1,9.8408,55,1,0,0,0.144017,0.000933,7.55353,139222
840,1,9.8469,53,1,0,0,0.143585,0.002105,7.60393,139276
841,1,9.82891,59,1,0,0,0.143154,0.000273,7.5627,139336
842,1,9.81984,62,1,0,0,0.142725,0.001297,7.58247,139399
843,1,9.84153,55,1,0,0,0.142297,0.000377,7.56648,139455
844,1,9.83827,56,1,0,0,0.14187,0.001644,7.58964,139512
845,1,9.82575,60,1,0,0,0.141444,0.000281,7.59075,139573
846,1,9.83547,57,1,0,0,0.14102,0.000765,7.60815,139631
847,1,9.83174,58,1,0,0,0.140597,0.002642,7.58445,139690
848,1,9.82601,60,1,0,0,0.140175,0.000253,7.61719,139751
849,1,9.81663,63,1,0,0,0.139754,0.000294,7.62124,139815
850,1,9.83499,57,1,0,0,0.139335,0.000788,7.61387,139873
851,1,9.83206,58,1,0,0,0.138917,0.000356,7.57911,139932
852,1,9.80759,66,1,0,0,0.1385,0.000257,7.62259,139999
853,1,9.83181,58,1,0,0,0.138085,0.000746,7.6313,140058
854,1,9.80877,66,1,0,0,0.137671,0.000734,7.6102,140125
855,1,9.80236,68,1,0,0,0.137258,0.000726,7.64152,140194
856,1,9.82021,62,1,0,0,0.136846,0.000212,7.62488,140257
857,1,9.84096,55,1,0,0,0.136435,0.000853,7.61223,140313
858,1,9.84668,53,1,0,0,0.136026,0.00082,7.63823,140367
859,1,9.82224,61,1,0,0,0.135618,0.001457,7.61066,140429
860,1,9.83194,58,1,0,0,0.135211,0.00031,7.64026,140488
861,1,9.82622,60,1,0,0,0.134805,0.000264,7.64768,140549
862,1,9.83774,56,1,0,0,0.134401,0.000705,7.65023,140606
863,1,9.83537,57,1,0,0,0.133998,0.000202,7.65854,140664
864,1,9.82608,60,1,0,0,0.133596,0.000251,7.65109,140725
865,1,9.83224,58,1,0,0,0.133195,0.000273,7.65667,140784
866,1,9.84983,52,1,0,0,0.132795,0.000874,7.62801,140837
867,1,9.82583,60,1,0,0,0.132397,0.00101,7.65272,140898
868,1,9.82243,61,1,0,0,0.132,0.00025,7.66415,140960
869,1,9.84685,53,1,0,0,0.131604,0.000861,7.67811,141014
870,1,9.83503,57,1,0,0,0.131209,0.000891,7.64253,141072
871,1,9.83202,58,1,0,0,0.130815,0.000234,7.68375,141131
872,1,9.82327,61,1,0,0,0.130423,0.001019,7.68335,141193
873,1,9.81055,65,1,0,0,0.130032,0.000192,7.6986,141259
874,1,9.84639,53,1,0,0,0.129642,0.000715,7.67785,141313
875,1,9.83175,58,1,0,0,0.129253,0.000256,7.71677,141372
876,1,9.85003,52,1,0,0,0.128865,0.000762,7.69667,141425
877,1,9.83784,56,1,0,0,0.128478,0.000231,7.71065,141482
878,1,9.8291,59,1,0,0,0.128093,0.000231,7.70324,141542
879,1,9.83162,58,1,0,0,0.127709,0.001126,7.71245,141601
880,1,9.83204,58,1,0,0,0.127325,0.000262,7.70974,141660
881,1,9.83177,58,1,0,0,0.126943,0.000333,7.70326,141719
882,1,9.84103,55,1,0,0,0.126563,0.000274,7.72319,141775
883,1,9.83499,57,1,0,0,0.126183,0.001063,7.70959,141833
884,1,9.84394,54,1,0,0,0.125804,0.000193,7.71041,141888
885,1,9.81322,64,1,0,0,0.125427,0.000247,7.70869,141953
886,1,9.82022,62,1,0,0,0.125051,0.000257,7.73083,142016
887,1,9.82883,59,1,0,0,0.124676,0.000185,7.72749,142076
888,1,9.82942,59,1,0,0,0.124302,0.000228,7.73521,142136
889,1,9.83505,57,1,0,0,0.123929,0.000221,7.72432,142194
890,1,9.81989,62,1,0,0,0.123557,0.000193,7.73727,142257
891,1,9.80729,66,1,0,0,0.123186,0.000257,7.72092,142324
892,1,9.82614,60,1,0,0,0.122817,0.000186,7.74057,142385
893,1,9.81078,65,1,0,0,0.122448,0.000273,7.73353,142451
894,1,9.85528,50,1,0,0,0.122081,0.001177,7.7526,142502
895,1,9.84027,55,1,0,0,0.121715,0.000202,7.71761,142558
896,1,9.83469,57,1,0,0,0.121349,0.000229,7.72384,142616
897,1,9.823,61,1,0,0,0.120985,0.000189,7.74369,142678
898,1,9.83795,56,1,0,0,0.120622,0.000187,7.75099,142735
899,1,9.83547,57,1,0,0,0.120261,0.00019,7.71358,142793
900,1,9.82972,59,1,0,0,0.1199,0.000233,7.72583,142853
901,1,9.84106,55,1,0,0,0.11954,0.000268,7.71541,142909
902,1,9.82284,61,1,0,0,0.119181,0.000256,7.7348,142971
903,1,9.80777,66,1,0,0,0.118824,0.00019,7.71958,143038
904,1,9.83454,57,1,0,0,0.118467,0.000259,7.7455,143096
905,1,9.84928,52,1,0,0,0.118112,0.001053,7.75606,143149
906,1,9.84401,54,1,0,0,0.117758,0.000215,7.72606,143204
907,1,9.83768,56,1,0,0,0.117404,0.000686,7.74446,143261
908,1,9.82899,59,1,0,0,0.117052,0.000191,7.73996,143321
909,1,9.82912,59,1,0,0,0.116701,0.000201,7.77264,143381
910,1,9.83752,56,1,0,0,0.116351,0.000239,7.7329,143438
911,1,9.84701,53,1,0,0,0.116002,0.001087,7.72675,143492
912,1,9.83534,57,1,0,0,0.115654,0.000147,7.73312,143550
913,1,9.84683,53,1,0,0,0.115307,0.000168,7.73046,143604
914,1,9.83168,58,1,0,0,0.114961,0.000173,7.7433,143663
915,1,9.84378,54,1,0,0,0.114616,0.000237,7.75832,143718
916,1,9.85299,51,1,0,0,0.114272,0.00018,7.75268,143770
917,1,9.83799,56,1,0,0,0.113929,0.000162,7.70704,143827
918,1,9.8403,55,1,0,0,0.113588,0.000158,7.73438,143883
919,1,9.83424,57,1,0,0,0.113247,0.000186,7.72729,143941
920,1,9.84978,52,1,0,0,0.112907,0.000176,7.75664,143994
921,1,9.82292,61,1,0,0,0.112568,0.000234,7.76913,144056
922,1,9.82253,61,1,0,0,0.112231,0.000197,7.7574,144118
923,1,9.84352,54,1,0,0,0.111894,0.000265,7.77208,144173
924,1,9.82568,60,1,0,0,0.111558,0.002277,7.76432,144234
925,1,9.82937,59,1,0,0,0.111224,0.000948,7.73549,144294
926,1,9.83799,56,1,0,0,0.11089,0.000237,7.74682,144351
927,1,9.8414,55,1,0,0,0.110557,0.000215,7.74125,144407
928,1,9.8317,58,1,0,0,0.110226,0.000281,7.73564,144466
929,1,9.81725,63,1,0,0,0.109895,0.000151,7.7572,144530
930,1,9.83827,56,1,0,0,0.109565,0.000981,7.73307,144587
931,1,9.82601,60,1,0,0,0.109237,0.000183,7.74897,144648
932,1,9.82884,59,1,0,0,0.108909,0.000149,7.76095,144708
933,1,9.84081,55,1,0,0,0.108582,0.000219,7.72168,144764
934,1,9.84693,53,1,0,0,0.108256,0.000183,7.75315,144818
935,1,9.83728,56,1,0,0,0.107932,0.000147,7.74665,144875
936,1,9.84703,53,1,0,0,0.107608,0.000202,7.74415,144929
937,1,9.82276,61,1,0,0,0.107285,0.000261,7.76098,144991
938,1,9.84718,53,1,0,0,0.106963,0.000256,7.72791,145045
939,1,9.83803,56,1,0,0,0.106642,0.000163,7.77606,145102
940,1,9.8316,58,1,0,0,0.106322,0.000158,7.77926,145161
941,1,9.83186,58,1,0,0,0.106003,0.000226,7.73521,145220
942,1,9.82881,59,1,0,0,0.105685,0.000182,7.73796,145280
943,1,9.8408,55,1,0,0,0.105368,0.001131,7.78811,145336
944,1,9.84405,54,1,0,0,0.105052,0.000248,7.73761,145391
945,1,9.84422,54,1,0,0,0.104737,0.001063,7.77931,145446
946,1,9.84099,55,1,0,0,0.104423,0.000297,7.74759,145502
947,1,9.844,54,1,0,0,0.10411,0.000355,7.75698,145557
948,1,9.81696,63,1,0,0,0.103797,0.000862,7.76013,145621
949,1,9.82339,61,1,0,0,0.103486,0.000163,7.75502,145683
950,1,9.8289,59,1,0,0,0.103175,0.001607,7.75278,145743
951,1,9.83195,58,1,0,0,0.102866,0.000216,7.73655,145802
952,1,9.83489,57,1,0,0,0.102557,0.000253,7.75222,145860
953,1,9.84701,53,1,0,0,0.10225,0.000171,7.77166,145914
954,1,9.82933,59,1,0,0,0.101943,0.000234,7.73084,145974
955,1,9.84089,55,1,0,0,0.101637,0.000274,7.74463,146030
956,1,9.83831,56,1,0,0,0.101332,0.000198,7.75133,146087
957,1,9.84099,55,1,0,0,0.101028,0.000257,7.74035,146143
958,1,9.84403,54,1,0,0,0.100725,0.000164,7.76368,146198
959,1,9.83786,56,1,0,0,0.100423,0.000186,7.73321,146255
960,1,9.85001,52,1,0,0,0.100122,0.001009,7.78492,146308
961,1,9.84327,54,1,0,0,0.1,0.00019,7.75721,146363
962,1,9.82602,60,1,0,0,0.1,0.000233,7.729,146424
963,1,9.83525,57,1,0,0,0.1,0.000173,7.74331,146482
964,1,9.8408,55,1,0,0,0.1,0.000178,7.77248,146538
965,1,9.84689,53,1,0,0,0.1,0.000184,7.74064,146592
966,1,9.82895,59,1,0,0,0.1,0.000152,7.75598,146652
967,1,9.85277,51,1,0,0,0.1,0.000197,7.75015,146704
968,1,9.83801,56,1,0,0,0.1,0.000169,7.75072,146761
969,1,9.83553,57,1,0,0,0.1,0.000248,7.73832,146819
970,1,9.84099,55,1,0,0,0.1,0.00017,7.75395,146875
971,1,9.83143,58,1,0,0,0.1,0.000905,7.75966,146934
972,1,9.84386,54,1,0,0,0.1,0.000185,7.75753,146989
973,1,9.84328,54,1,0,0,0.1,0.000143,7.7774,147044
974,1,9.84393,54,1,0,0,0.1,0.000272,7.76525,147099
975,1,9.84134,55,1,0,0,0.1,0.000158,7.77343,147155
976,1,9.84703,53,1,0,0,0.1,0.000192,7.77068,147209
977,1,9.80478,67,1,0,0,0.1,0.00081,7.76474,147277
978,1,9.82003,62,1,0,0,0.1,0.000241,7.72695,147340
979,1,9.83801,56,1,0,0,0.1,0.000201,7.7296,147397
980,1,9.83786,56,1,0,0,0.1,0.00088,7.75332,147454
981,1,9.84691,53,1,0,0,0.1,0.000279,7.78176,147508
982,1,9.85583,50,1,0,0,0.1,0.000156,7.73392,147559
983,1,9.83482,57,1,0,0,0.1,0.000142,7.75585,147617
984,1,9.83794,56,1,0,0,0.1,0.000875,7.74696,147674
985,1,9.84423,54,1,0,0,0.1,0.00088,7.79469,147729
986,1,9.83199,58,1,0,0,0.1,0.000165,7.76133,147788
987,1,9.85603,50,1,0,0,0.1,0.000149,7.74436,147839
988,1,9.84328,54,1,0,0,0.1,0.000182,7.76194,147894
989,1,9.83484,57,1,0,0,0.1,0.000205,7.76496,147952
990,1,9.84683,53,1,0,0,0.1,0.000914,7.74688,148006
991,1,9.83799,56,1,0,0,0.1,0.00019,7.7507,148063
992,1,9.85603,50,1,0,0,0.1,0.000867,7.75455,148114
993,1,9.83786,56,1,0,0,0.1,0.000205,7.73489,148171
994,1,9.83467,57,1,0,0,0.1,0.000826,7.72783,148229
995,1,9.84695,53,1,0,0,0.1,0.000149,7.76301,148283
996,1,9.83801,56,1,0,0,0.1,0.000209,7.76053,148340
997,1,9.82893,59,1,0,0,0.1,0.000197,7.76432,148400
998,1,9.84726,53,1,0,0,0.1,0.000186,7.76521,148454
999,1,9.82891,59,1,0,0,0.1,0.000148,7.77348,148514
1000,1,9.83203,58,1,0,0,0.1,0.000185,7.75171,148573
1001,1,9.84621,53,1,0,0,0.1,0.000252,7.76854,148627
1002,1,9.83201,58,1,0,0,0.1,0.000846,7.76965,148686
1003,1,9.83782,56,1,0,0,0.1,0.000337,7.76959,148743
1004,1,9.84357,54,1,0,0,0.1,0.000209,7.76571,148798
1005,1,9.84106,55,1,0,0,0.1,0.000148,7.75671,148854
1006,1,9.82903,59,1,0,0,0.1,0.000175,7.75436,148914
1007,1,9.84328,54,1,0,0,0.1,0.000201,7.77811,148969
1008,1,9.83499,57,1,0,0,0.1,0.000232,7.77306,149027
1009,1,9.83491,57,1,0,0,0.1,0.000329,7.75418,149085
1010,1,9.85003,52,1,0,0,0.1,0.000241,7.76953,149138
1011,1,9.83478,57,1,0,0,0.1,0.000246,7.76434,149196
1012,1,9.83784,56,1,0,0,0.1,0.00024,7.75429,149253
1013,1,9.85301,51,1,0,0,0.1,0.000216,7.75704,149305
1014,1,9.84994,52,1,0,0,0.1,0.0002,7.76741,149358
1015,1,9.8499,52,1,0,0,0.1,0.000275,7.7476,149411
1016,1,9.84978,52,1,0,0,0.1,0.000253,7.763,149464
1017,1,9.85001,52,1,0,0,0.1,0.000193,7.74285,149517
1018,1,9.82903,59,1,0,0,0.1,0.000233,7.75414,149577
1019,1,9.83482,57,1,0,0,0.1,0.000289,7.74789,149635
1020,1,9.8315,58,1,0,0,0.1,0.000231,7.73767,149694
1021,1,9.84381,54,1,0,0,0.1,0.000249,7.73275,149749
1022,1,9.83728,56,1,0,0,0.1,0.000274,7.76214,149806
1023,1,9.83747,56,1,0,0,0.1,0.000281,7.75932,149863
1024,1,9.84383,54,1,0,0,0.1,0.000898,7.75048,149918
1025,1,9.85601,50,1,0,0,0.1,0.000334,7.76326,149969
1026,1,9.85301,51,1,0,0,0.1,0.000204,7.76722,150021
1027,1,9.81703,63,1,0,0,0.1,0.000257,7.76517,150085
1028,1,9.82883,59,1,0,0,0.1,0.000885,7.76393,150145
1029,1,9.85601,50,1,0,0,0.1,0.000283,7.76617,150196
1030,1,9.84699,53,1,0,0,0.1,0.000278,7.74638,150250
1031,1,9.8496,52,1,0,0,0.1,0.000971,7.77414,150303
1032,1,9.84024,55,1,0,0,0.1,0.00024,7.77006,150359
1033,1,9.84093,55,1,0,0,0.1,0.000229,7.77089,150415
1034,1,9.82327,61,1,0,0,0.1,0.000184,7.75675,150477
1035,1,9.83488,57,1,0,0,0.1,0.00025,7.73236,150535
1036,1,9.83489,57,1,0,0,0.1,0.000347,7.77752,150593
1037,1,9.83227,58,1,0,0,0.1,0.000258,7.74656,150652
1038,1,9.84774,53,1,0,0,0.1,0.000235,7.73471,150706
1039,1,9.83499,57,1,0,0,0.1,0.00082,7.75713,150764
1040,1,9.84101,55,1,0,0,0.1,0.000245,7.73378,150820
1041,1,9.83787,56,1,0,0,0.1,0.000245,7.73113,150877
1042,1,9.85001,52,1,0,0,0.1,0.000329,7.76501,150930
1043,1,9.84395,54,1,0,0,0.1,0.000869,7.7763,150985
1044,1,9.8353,57,1,0,0,0.1,0.000384,7.74265,151043
1045,1,9.84328,54,1,0,0,0.1,0.000804,7.77511,151098
1046,1,9.84083,55,1,0,0,0.1,0.000293,7.73065,151154
1047,1,9.84099,55,1,0,0,0.1,0.000237,7.76845,151210
1048,1,9.83226,58,1,0,0,0.1,0.000288,7.76437,151269
1049,1,9.82601,60,1,0,0,0.1,0.000251,7.7258,151330
1050,1,9.84099,55,1,0,0,0.1,0.000197,7.73668,151386
1051,1,9.84091,55,1,0,0,0.1,0.00031,7.74181,151442
1052,1,9.85003,52,1,0,0,0.1,0.000841,7.74708,151495
1053,1,9.83842,56,1,0,0,0.1,0.00075,7.77009,151552
1054,1,9.82264,61,1,0,0,0.1,0.001106,7.75654,151614
1055,1,9.8195,62,1,0,0,0.1,0.000254,7.75284,151677
1056,1,9.84703,53,1,0,0,0.1,0.00021,7.76087,151731
1057,1,9.82597,60,1,0,0,0.1,0.000276,7.7856,151792
1058,1,9.84701,53,1,0,0,0.1,0.000233,7.73845,151846
1059,1,9.84059,55,1,0,0,0.1,0.000258,7.75801,151902
1060,1,9.85603,50,1,0,0,0.1,0.000184,7.80785,151953
1061,1,9.84328,54,1,0,0,0.1,0.000265,7.74012,152008
1062,1,9.83767,56,1,0,0,0.1,0.000641,7.75691,152065
1063,1,9.83435,57,1,0,0,0.1,0.000295,7.77242,152123
1064,1,9.84699,53,1,0,0,0.1,0.000266,7.76096,152177
1065,1,9.84726,53,1,0,0,0.1,0.00063,7.78176,152231
1066,1,9.82601,60,1,0,0,0.1,0.000222,7.7681,152292
1067,1,9.82878,59,1,0,0,0.1,0.00061,7.75478,152352
1068,1,9.8163,63,1,0,0,0.1,0.000223,7.72934,152416
1069,1,9.81383,64,1,0,0,0.1,0.000254,7.7821,152481
1070,1,9.84405,54,1,0,0,0.1,0.000246,7.76222,152536
1071,1,9.81957,62,1,0,0,0.1,0.000258,7.79139,152599
1072,1,9.84377,54,1,0,0,0.1,0.000273,7.73595,152654
1073,1,9.84328,54,1,0,0,0.1,0.00022,7.74374,152709
1074,1,9.84329,54,1,0,0,0.1,0.000243,7.74959,152764
1075,1,9.8264,60,1,0,0,0.1,0.000535,7.74059,152825
1076,1,9.82627,60,1,0,0,0.1,0.00025,7.76877,152886
1077,1,9.84681,53,1,0,0,0.1,0.000249,7.74918,152940
1078,1,9.82601,60,1,0,0,0.1,0.000247,7.77165,153001
1079,1,9.82901,59,1,0,0,0.1,0.000233,7.7676,153061
1080,1,9.83128,58,1,0,0,0.1,0.000217,7.76727,153120
1081,1,9.84699,53,1,0,0,0.1,0.000188,7.77189,153174
1082,1,9.83176,58,1,0,0,0.1,0.000229,7.76722,153233
1083,1,9.83201,58,1,0,0,0.1,0.000204,7.75646,153292
1084,1,9.84401,54,1,0,0,0.1,0.000167,7.74196,153347
1085,1,9.84703,53,1,0,0,0.1,0.000241,7.73685,153401
1086,1,9.84352,54,1,0,0,0.1,0.000262,7.77251,153456
1087,1,9.83448,57,1,0,0,0.1,0.000228,7.77204,153514
1088,1,9.84406,54,1,0,0,0.1,0.000195,7.76704,153569
1089,1,9.84401,54,1,0,0,0.1,0.00022,7.76119,153624
1090,1,9.84345,54,1,0,0,0.1,0.000195,7.73193,153679
1091,1,9.82676,60,1,0,0,0.1,0.000208,7.75679,153740
1092,1,9.82605,60,1,0,0,0.1,0.000227,7.72888,153801
1093,1,9.84024,55,1,0,0,0.1,0.000217,7.75322,153857
1094,1,9.83774,56,1,0,0,0.1,0.000204,7.77788,153914
1095,1,9.83786,56,1,0,0,0.1,0.000188,7.75588,153971
1096,1,9.85001,52,1,0,0,0.1,0.000163,7.75469,154024
1097,1,9.84133,55,1,0,0,0.1,0.000171,7.79129,154080
1098,1,9.838,56,1,0,0,0.1,0.000189,7.75682,154137
1099,1,9.85001,52,1,0,0,0.1,0.000182,7.76357,154190
1100,1,9.85603,50,1,0,0,0.1,0.000205,7.74368,154241
1101,1,9.84103,55,1,0,0,0.1,0.000274,7.74664,154297
1102,1,9.82872,59,1,0,0,0.1,0.000215,7.77634,154357
1103,1,9.83227,58,1,0,0,0.1,0.000216,7.75406,154416
1104,1,9.83438,57,1,0,0,0.1,0.000311,7.757,154474
1105,1,9.84098,55,1,0,0,0.1,0.000291,7.76522,154530
1106,1,9.81621,63,1,0,0,0.1,0.000204,7.79238,154594
1107,1,9.84067,55,1,0,0,0.1,0.000176,7.7767,154650
1108,1,9.84403,54,1,0,0,0.1,0.000686,7.75355,154705
1109,1,9.81384,64,1,0,0,0.1,0.00022,7.7402,154770
1110,1,9.84428,54,1,0,0,0.1,0.000175,7.76992,154825
1111,1,9.84401,54,1,0,0,0.1,0.000195,7.76102,154880
1112,1,9.81999,62,1,0,0,0.1,0.000212,7.77445,154943
1113,1,9.83194,58,1,0,0,0.1,0.000182,7.74439,155002
1114,1,9.80801,66,1,0,0,0.1,0.000187,7.78223,155069
1115,1,9.84981,52,1,0,0,0.1,0.000221,7.75758,155122
1116,1,9.82552,60,1,0,0,0.1,0.000208,7.77758,155183
1117,1,9.83474,57,1,0,0,0.1,0.000209,7.79151,155241
1118,1,9.82908,59,1,0,0,0.1,0.000519,7.77914,155301
1119,1,9.83174,58,1,0,0,0.1,0.000166,7.76541,155360
1120,1,9.83227,58,1,0,0,0.1,0.000211,7.77901,155419
1121,1,9.83481,57,1,0,0,0.1,0.000221,7.77364,155477
1122,1,9.84675,53,1,0,0,0.1,0.000182,7.76792,155531
1123,1,9.83226,58,1,0,0,0.1,0.000381,7.76184,155590
1124,1,9.84024,55,1,0,0,0.1,0.000169,7.76337,155646
1125,1,9.82599,60,1,0,0,0.1,0.000167,7.75957,155707
1126,1,9.84076,55,1,0,0,0.1,0.000244,7.77473,155763
1127,1,9.8289,59,1,0,0,0.1,0.000193,7.76844,155823
1128,1,9.83484,57,1,0,0,0.1,0.000159,7.78052,155881
1129,1,9.84399,54,1,0,0,0.1,0.000168,7.79859,155936
1130,1,9.82283,61,1,0,0,0.1,0.00019,7.76989,155998
1131,1,9.84664,53,1,0,0,0.1,0.000186,7.7944,156052
1132,1,9.83728,56,1,0,0,0.1,0.000162,7.7831,156109
1133,1,9.82582,60,1,0,0,0.1,0.000157,7.76475,156170
1134,1,9.82249,61,1,0,0,0.1,0.000159,7.76305,156232
1135,1,9.84695,53,1,0,0,0.1,0.000193,7.75016,156286
1136,1,9.83452,57,1,0,0,0.1,0.000152,7.77424,156344
1137,1,9.82623,60,1,0,0,0.1,0.000216,7.77255,156405
1138,1,9.84078,55,1,0,0,0.1,0.000191,7.77547,156461
1139,1,9.85003,52,1,0,0,0.1,0.000165,7.77801,156514
1140,1,9.82858,59,1,0,0,0.1,0.000239,7.7728,156574
1141,1,9.83201,58,1,0,0,0.1,0.000208,7.7873,156633
1142,1,9.84124,55,1,0,0,0.1,0.000189,7.77125,156689
1143,1,9.83201,58,1,0,0,0.1,0.000308,7.76821,156748
1144,1,9.83848,56,1,0,0,0.1,0.00015,7.78378,156805
1145,1,9.83803,56,1,0,0,0.1,0.000155,7.76429,156862
1146,1,9.84024,55,1,0,0,0.1,0.000143,7.78988,156918
1147,1,9.83205,58,1,0,0,0.1,0.000156,7.76157,156977
1148,1,9.84368,54,1,0,0,0.1,0.000141,7.76237,157032
1149,1,9.84683,53,1,0,0,0.1,0.000144,7.78867,157086
1150,1,9.83186,58,1,0,0,0.1,0.000193,7.78506,157145
1151,1,9.84357,54,1,0,0,0.1,0.000138,7.79094,157200
1152,1,9.83844,56,1,0,0,0.1,0.000354,7.78004,157257
1153,1,9.84403,54,1,0,0,0.1,0.000212,7.75785,157312
1154,1,9.84072,55,1,0,0,0.1,0.000181,7.77575,157368
1155,1,9.84685,53,1,0,0,0.1,0.000217,7.79823,157422
1156,1,9.82882,59,1,0,0,0.1,0.000187,7.76161,157482
1157,1,9.83778,56,1,0,0,0.1,0.000182,7.79411,157539
1158,1,9.83784,56,1,0,0,0.1,0.000148,7.76342,157596
1159,1,9.84362,54,1,0,0,0.1,0.000195,7.78985,157651
1160,1,9.85303,51,1,0,0,0.1,0.000199,7.77141,157703
1161,1,9.84042,55,1,0,0,0.1,0.000199,7.80792,157759
1162,1,9.84719,53,1,0,0,0.1,0.000223,7.78497,157813
1163,1,9.84401,54,1,0,0,0.1,0.00017,7.7783,157868
1164,1,9.84699,53,1,0,0,0.1,0.000156,7.76578,157922
1165,1,9.84081,55,1,0,0,0.1,0.000184,7.79625,157978
1166,1,9.85291,51,1,0,0,0.1,0.000152,7.79374,158030
1167,1,9.83784,56,1,0,0,0.1,0.000137,7.77147,158087
1168,1,9.81701,63,1,0,0,0.1,0.000136,7.80928,158151
1169,1,9.83505,57,1,0,0,0.1,0.000135,7.76407,158209
1170,1,9.84624,53,1,0,0,0.1,0.00015,7.77308,158263
1171,1,9.84658,53,1,0,0,0.1,0.000168,7.77662,158317
1172,1,9.85224,51,1,0,0,0.1,0.000175,7.78033,158369
1173,1,9.83475,57,1,0,0,0.1,0.000197,7.73493,158427
1174,1,9.82579,60,1,0,0,0.1,0.000135,7.78696,158488
1175,1,9.85001,52,1,0,0,0.1,0.000135,7.78477,158541
1176,1,9.83493,57,1,0,0,0.1,0.00016,7.77103,158599
1177,1,9.83794,56,1,0,0,0.1,0.000163,7.77975,158656
1178,1,9.81445,64,1,0,0,0.1,0.000148,7.77832,158721
1179,1,9.84328,54,1,0,0,0.1,0.000172,7.79775,158776
1180,1,9.84103,55,1,0,0,0.1,0.000133,7.77144,158832
1181,1,9.84103,55,1,0,0,0.1,0.000171,7.78303,158888
1182,1,9.84401,54,1,0,0,0.1,0.000131,7.77048,158943
1183,1,9.85528,50,1,0,0,0.1,0.000142,7.80433,158994
1184,1,9.84106,55,1,0,0,0.1,0.000149,7.78317,159050
1185,1,9.85224,51,1,0,0,0.1,0.000113,7.79385,159102
1186,1,9.84734,53,1,0,0,0.1,0.000121,7.79351,159156
1187,1,9.8528,51,1,0,0,0.1,0.000147,7.78874,159208
1188,1,9.83801,56,1,0,0,0.1,0.000135,7.79253,159265
1189,1,9.83497,57,1,0,0,0.1,0.000127,7.78652,159323
1190,1,9.84031,55,1,0,0,0.1,0.000117,7.78476,159379
1191,1,9.83258,58,1,0,0,0.1,0.000189,7.78928,159438
1192,1,9.84443,54,1,0,0,0.1,0.000166,7.80239,159493
1193,1,9.85001,52,1,0,0,0.1,0.000119,7.77251,159546
1194,1,9.83749,56,1,0,0,0.1,0.000145,7.77621,159603
1195,1,9.82641,60,1,0,0,0.1,0.000151,7.79634,159664
1196,1,9.85285,51,1,0,0,0.1,0.000115,7.77393,159716
1197,1,9.84328,54,1,0,0,0.1,0.000129,7.74986,159771
1198,1,9.82296,61,1,0,0,0.1,0.00013,7.79176,159833
1199,1,9.81694,63,1,0,0,0.1,0.000117,7.77484,159897
1200,1,9.83732,56,1,0,0,0.1,0.000162,7.74605,159954
1201,1,9.83484,57,1,0,0,0.1,0.000143,7.78073,160012
1202,1,9.85003,52,1,0,0,0.1,0.000115,7.79003,160065
1203,1,9.84724,53,1,0,0,0.1,0.000154,7.78235,160119
1204,1,9.84376,54,1,0,0,0.1,0.00013,7.75759,160174
1205,1,9.84978,52,1,0,0,0.1,0.000112,7.79443,160227
1206,1,9.83477,57,1,0,0,0.1,0.000163,7.7834,160285
1207,1,9.84989,52,1,0,0,0.1,0.000309,7.7805,160338
1208,1,9.83774,56,1,0,0,0.1,0.000156,7.77526,160395
1209,1,9.83767,56,1,0,0,0.1,0.000105,7.78642,160452
1210,1,9.84408,54,1,0,0,0.1,0.000123,7.76773,160507
1211,1,9.83801,56,1,0,0,0.1,0.000129,7.79303,160564
1212,1,9.83728,56,1,0,0,0.1,0.000191,7.80216,160621
1213,1,9.83202,58,1,0,0,0.1,0.000114,7.81128,160680
1214,1,9.83752,56,1,0,0,0.1,0.000113,7.76439,160737
1215,1,9.85578,50,1,0,0,0.1,0.000117,7.79953,160788
1216,1,9.82267,61,1,0,0,0.1,0.000142,7.75966,160850
1217,1,9.8384,56,1,0,0,0.1,0.00011,7.75632,160907
1218,1,9.85299,51,1,0,0,0.1,0.000119,7.78233,160959
1219,1,9.84695,53,1,0,0,0.1,0.000117,7.78395,161013
1220,1,9.82927,59,1,0,0,0.1,0.000113,7.79778,161073
1221,1,9.85293,51,1,0,0,0.1,0.00015,7.77903,161125
1222,1,9.83804,56,1,0,0,0.1,0.000113,7.78643,161182
1223,1,9.83465,57,1,0,0,0.1,0.000188,7.76728,161240
1224,1,9.83496,57,1,0,0,0.1,0.000117,7.78782,161298
1225,1,9.84695,53,1,0,0,0.1,0.000117,7.80924,161352
1226,1,9.844,54,1,0,0,0.1,0.000231,7.77466,161407
1227,1,9.84381,54,1,0,0,0.1,0.000169,7.79466,161462
1228,1,9.83777,56,1,0,0,0.1,0.000108,7.78012,161519
1229,1,9.80799,66,1,0,0,0.1,0.00011,7.78026,161586
1230,1,9.83479,57,1,0,0,0.1,0.000114,7.78481,161644
1231,1,9.85001,52,1,0,0,0.1,0.000124,7.77696,161697
1232,1,9.83242,58,1,0,0,0.1,0.000103,7.77861,161756
1233,1,9.84328,54,1,0,0,0.1,0.000108,7.78338,161811
1234,1,9.84089,55,1,0,0,0.1,0.000102,7.80165,161867
1235,1,9.84099,55,1,0,0,0.1,0.000195,7.77365,161923
1236,1,9.82602,60,1,0,0,0.1,0.000107,7.7651,161984
1237,1,9.84394,54,1,0,0,0.1,0.000102,7.76525,162039
1238,1,9.83186,58,1,0,0,0.1,0.000107,7.78483,162098
1239,1,9.84401,54,1,0,0,0.1,0.000141,7.78468,162153
1240,1,9.83176,58,1,0,0,0.1,0.000112,7.79504,162212
1241,1,9.83545,57,1,0,0,0.1,0.000134,7.79802,162270
1242,1,9.84624,53,1,0,0,0.1,0.000122,7.76175,162324
1243,1,9.83778,56,1,0,0,0.1,0.00011,7.78712,162381
1244,1,9.83447,57,1,0,0,0.1,0.000136,7.78092,162439
1245,1,9.82592,60,1,0,0,0.1,0.000113,7.77883,162500
1246,1,9.85003,52,1,0,0,0.1,0.000211,7.77356,162553
1247,1,9.82927,59,1,0,0,0.1,0.000171,7.76537,162613
1248,1,9.85003,52,1,0,0,0.1,0.000124,7.7826,162666
1249,1,9.83202,58,1,0,0,0.1,0.000106,7.77643,162725
1250,1,9.84403,54,1,0,0,0.1,0.000185,7.7984,162780
1251,1,9.85003,52,1,0,0,0.1,0.000174,7.75336,162833
1252,1,9.82284,61,1,0,0,0.1,0.000134,7.7736,162895
1253,1,9.81325,64,1,0,0,0.1,0.000131,7.77479,162960
1254,1,9.83483,57,1,0,0,0.1,0.000164,7.78594,163018
1255,1,9.84052,55,1,0,0,0.1,0.000143,7.7644,163074
1256,1,9.84978,52,1,0,0,0.1,0.000206,7.7681,163127
1257,1,9.84703,53,1,0,0,0.1,0.000182,7.80724,163181
1258,1,9.82279,61,1,0,0,0.1,0.000208,7.79182,163243
1259,1,9.84367,54,1,0,0,0.1,0.000137,7.8004,163298
1260,1,9.8378,56,1,0,0,0.1,0.000154,7.795,163355
1261,1,9.85603,50,1,0,0,0.1,0.000137,7.75872,163406
1262,1,9.84096,55,1,0,0,0.1,0.000113,7.78176,163462
1263,1,9.83824,56,1,0,0,0.1,0.000236,7.78762,163519
1264,1,9.84403,54,1,0,0,0.1,0.00016,7.79598,163574
1265,1,9.85528,50,1,0,0,0.1,0.000109,7.77702,163625
1266,1,9.82334,61,1,0,0,0.1,0.000212,7.78565,163687
1267,1,9.83803,56,1,0,0,0.1,0.000181,7.78208,163744
1268,1,9.83784,56,1,0,0,0.1,0.000157,7.77793,163801
1269,1,9.84931,52,1,0,0,0.1,0.000262,7.79415,163854
1270,1,9.85299,51,1,0,0,0.1,0.000201,7.77837,163906
1271,1,9.82899,59,1,0,0,0.1,0.000233,7.80135,163966
1272,1,9.83483,57,1,0,0,0.1,0.000176,7.79092,164024
1273,1,9.82878,59,1,0,0,0.1,0.000279,7.78044,164084
1274,1,9.84401,54,1,0,0,0.1,0.000342,7.77224,164139
1275,1,9.83152,58,1,0,0,0.1,0.00016,7.78783,164198
1276,1,9.80184,68,1,0,0,0.1,0.000171,7.78129,164267
1277,1,9.841,55,1,0,0,0.1,0.000164,7.80461,164323
1278,1,9.84981,52,1,0,0,0.1,0.000257,7.77107,164376
1279,1,9.83179,58,1,0,0,0.1,0.000155,7.76473,164435
1280,1,9.84394,54,1,0,0,0.1,0.00019,7.78244,164490
1281,1,9.83169,58,1,0,0,0.1,0.000268,7.7528,164549
1282,1,9.83858,56,1,0,0,0.1,0.000271,7.7997,164606
1283,1,9.83745,56,1,0,0,0.1,0.000429,7.76721,164663
1284,1,9.85042,52,1,0,0,0.1,0.000253,7.75075,164716
1285,1,9.83513,57,1,0,0,0.1,0.000173,7.80475,164774
1286,1,9.85224,51,1,0,0,0.1,0.000235,7.77767,164826
1287,1,9.82269,61,1,0,0,0.1,0.000272,7.7824,164888
1288,1,9.84383,54,1,0,0,0.1,0.000247,7.80701,164943
1289,1,9.84703,53,1,0,0,0.1,0.000176,7.79192,164997
1290,1,9.84928,52,1,0,0,0.1,0.000287,7.78153,165050
1291,1,9.83837,56,1,0,0,0.1,0.000196,7.77766,165107
1292,1,9.84931,52,1,0,0,0.1,0.000344,7.78624,165160
1293,1,9.8349,57,1,0,0,0.1,0.000239,7.79073,165218
1294,1,9.85008,52,1,0,0,0.1,0.000225,7.77941,165271
1295,1,9.84682,53,1,0,0,0.1,0.000226,7.78252,165325
1296,1,9.85001,52,1,0,0,0.1,0.000282,7.79835,165378
1297,1,9.83858,56,1,0,0,0.1,0.000188,7.79123,165435
1298,1,9.83799,56,1,0,0,0.1,0.000233,7.79696,165492
1299,1,9.84704,53,1,0,0,0.1,0.000205,7.78441,165546
1300,1,9.84069,55,1,0,0,0.1,0.000235,7.78178,165602
1301,1,9.84027,55,1,0,0,0.1,0.000208,7.75545,165658
1302,1,9.84952,52,1,0,0,0.1,0.000289,7.78029,165711
1303,1,9.82838,59,1,0,0,0.1,0.000234,7.7904,165771
1304,1,9.82891,59,1,0,0,0.1,0.000204,7.76685,165831
1305,1,9.83475,57,1,0,0,0.1,0.000259,7.76696,165889
1306,1,9.83491,57,1,0,0,0.1,0.000225,7.75614,165947
1307,1,9.84627,53,1,0,0,0.1,0.000211,7.76046,166001
1308,1,9.82528,60,1,0,0,0.1,0.000294,7.79931,166062
1309,1,9.82252,61,1,0,0,0.1,0.000202,7.78244,166124
1310,1,9.8404,55,1,0,0,0.1,0.000217,7.7732,166180
1311,1,9.85603,50,1,0,0,0.1,0.000273,7.78031,166231
1312,1,9.84655,53,1,0,0,0.1,0.000228,7.79867,166285
1313,1,9.84081,55,1,0,0,0.1,0.000283,7.78236,166341
1314,1,9.83784,56,1,0,0,0.1,0.000254,7.75015,166398
1315,1,9.83455,57,1,0,0,0.1,0.000163,7.77673,166456
1316,1,9.84699,53,1,0,0,0.1,0.000201,7.77758,166510
1317,1,9.84401,54,1,0,0,0.1,0.000186,7.76362,166565
1318,1,9.85603,50,1,0,0,0.1,0.000259,7.7477,166616
1319,1,9.85299,51,1,0,0,0.1,0.000177,7.80338,166668
1320,1,9.84978,52,1,0,0,0.1,0.000224,7.79617,166721
1321,1,9.85299,51,1,0,0,0.1,0.000176,7.77254,166773
1322,1,9.82249,61,1,0,0,0.1,0.000232,7.78622,166835
1323,1,9.85227,51,1,0,0,0.1,0.000206,7.77166,166887
1324,1,9.83777,56,1,0,0,0.1,0.000183,7.76564,166944
1325,1,9.84112,55,1,0,0,0.1,0.000186,7.79713,167000
1326,1,9.84624,53,1,0,0,0.1,0.000189,7.78375,167054
1327,1,9.83427,57,1,0,0,0.1,0.000258,7.77642,167112
1328,1,9.84401,54,1,0,0,0.1,0.000314,7.77402,167167
1329,1,9.83801,56,1,0,0,0.1,0.000204,7.78394,167224
1330,1,9.82883,59,1,0,0,0.1,0.000324,7.79056,167284
1331,1,9.84707,53,1,0,0,0.1,0.000239,7.76662,167338
1332,1,9.84983,52,1,0,0,0.1,0.000172,7.76823,167391
1333,1,9.82837,59,1,0,0,0.1,0.000187,7.77251,167451
1334,1,9.82584,60,1,0,0,0.1,0.000219,7.78669,167512
1335,1,9.84984,52,1,0,0,0.1,0.000191,7.76456,167565
1336,1,9.82327,61,1,0,0,0.1,0.000189,7.77656,167627
1337,1,9.85003,52,1,0,0,0.1,0.000182,7.76485,167680
1338,1,9.84392,54,1,0,0,0.1,0.000178,7.78303,167735
1339,1,9.84977,52,1,0,0,0.1,0.000175,7.79053,167788
1340,1,9.83201,58,1,0,0,0.1,0.000157,7.78667,167847
1341,1,9.8415,55,1,0,0,0.1,0.000206,7.79126,167903
1342,1,9.81703,63,1,0,0,0.1,0.000155,7.75825,167967
1343,1,9.83749,56,1,0,0,0.1,0.000155,7.78085,168024
1344,1,9.85001,52,1,0,0,0.1,0.000163,7.78445,168077
1345,1,9.84103,55,1,0,0,0.1,0.000167,7.75516,168133
1346,1,9.82911,59,1,0,0,0.1,0.00017,7.79361,168193
1347,1,9.84983,52,1,0,0,0.1,0.000144,7.78166,168246
1348,1,9.83184,58,1,0,0,0.1,0.000167,7.77217,168305
1349,1,9.82851,59,1,0,0,0.1,0.000208,7.77958,168365
1350,1,9.85299,51,1,0,0,0.1,0.000899,7.78529,168417
1351,1,9.84703,53,1,0,0,0.1,0.000264,7.78715,168471
1352,1,9.85578,50,1,0,0,0.1,0.000148,7.80915,168522
1353,1,9.8438,54,1,0,0,0.1,0.000194,7.77198,168577
1354,1,9.83853,56,1,0,0,0.1,0.000198,7.75996,168634
1355,1,9.83276,58,1,0,0,0.1,0.000186,7.76079,168693
1356,1,9.83801,56,1,0,0,0.1,0.000176,7.77595,168750
1357,1,9.84699,53,1,0,0,0.1,0.000123,7.7903,168804
1358,1,9.84655,53,1,0,0,0.1,0.000165,7.77075,168858
1359,1,9.83497,57,1,0,0,0.1,0.000164,7.79493,168916
1360,1,9.84715,53,1,0,0,0.1,0.000169,7.76016,168970
1361,1,9.82589,60,1,0,0,0.1,0.000236,7.77369,169031
1362,1,9.85001,52,1,0,0,0.1,0.000152,7.80295,169084
1363,1,9.85601,50,1,0,0,0.1,0.000153,7.78775,169135
1364,1,9.84929,52,1,0,0,0.1,0.000144,7.77738,169188
1365,1,9.85001,52,1,0,0,0.1,0.000165,7.79145,169241
1366,1,9.84627,53,1,0,0,0.1,0.000118,7.76261,169295
1367,1,9.83835,56,1,0,0,0.1,0.00013,7.75534,169352
1368,1,9.83803,56,1,0,0,0.1,0.000123,7.76662,169409
1369,1,9.83736,56,1,0,0,0.1,0.000144,7.77987,169466
1370,1,9.85299,51,1,0,0,0.1,0.000191,7.76576,169518
1371,1,9.85001,52,1,0,0,0.1,0.000149,7.78189,169571
1372,1,9.82322,61,1,0,0,0.1,0.000132,7.78431,169633
1373,1,9.85003,52,1,0,0,0.1,0.000181,7.79122,169686
1374,1,9.84328,54,1,0,0,0.1,0.000143,7.7719,169741
1375,1,9.80809,66,1,0,0,0.1,0.000133,7.79559,169808
1376,1,9.84089,55,1,0,0,0.1,0.00013,7.79249,169864
1377,1,9.81153,65,1,0,0,0.1,0.000159,7.78011,169930
1378,1,9.83795,56,1,0,0,0.1,0.000129,7.7762,169987
1379,1,9.82906,59,1,0,0,0.1,0.000164,7.7924,170047
1380,1,9.82933,59,1,0,0,0.1,0.000169,7.76669,170107
1381,1,9.84082,55,1,0,0,0.1,0.000118,7.7994,170163
1382,1,9.83502,57,1,0,0,0.1,0.000126,7.78613,170221
1383,1,9.81757,63,1,0,0,0.1,0.000187,7.78769,170285
1384,1,9.82899,59,1,0,0,0.1,0.000136,7.77595,170345
1385,1,9.84703,53,1,0,0,0.1,0.000112,7.78064,170399
1386,1,9.8348,57,1,0,0,0.1,0.000127,7.79204,170457
1387,1,9.84352,54,1,0,0,0.1,0.000144,7.77169,170512
1388,1,9.83162,58,1,0,0,0.1,0.000163,7.76692,170571
1389,1,9.85022,52,1,0,0,0.1,0.000156,7.7974,170624
1390,1,9.83128,58,1,0,0,0.1,0.000198,7.77386,170683
1391,1,9.82532,60,1,0,0,0.1,0.000141,7.80495,170744
1392,1,9.82295,61,1,0,0,0.1,0.000241,7.77853,170806
1393,1,9.84368,54,1,0,0,0.1,0.000147,7.77852,170861
1394,1,9.84928,52,1,0,0,0.1,0.000126,7.77203,170914
1395,1,9.84405,54,1,0,0,0.1,0.000102,7.77344,170969
1396,1,9.83803,56,1,0,0,0.1,0.000147,7.77185,171026
1397,1,9.85003,52,1,0,0,0.1,0.000123,7.77234,171079
1398,1,9.82292,61,1,0,0,0.1,0.000154,7.78299,171141
1399,1,9.8408,55,1,0,0,0.1,0.000135,7.76567,171197
1400,1,9.83156,58,1,0,0,0.1,0.000112,7.79678,171256
1401,1,9.85001,52,1,0,0,0.1,0.000115,7.7513,171309
1402,1,9.84624,53,1,0,0,0.1,0.000116,7.77774,171363
1403,1,9.82879,59,1,0,0,0.1,0.000176,7.77533,171423
1404,1,9.82869,59,1,0,0,0.1,0.000114,7.79271,171483
1405,1,9.82282,61,1,0,0,0.1,0.000152,7.78618,171545
1406,1,9.84074,55,1,0,0,0.1,0.000171,7.78996,171601
1407,1,9.85601,50,1,0,0,0.1,0.000201,7.76456,171652
1408,1,9.84089,55,1,0,0,0.1,0.000134,7.80559,171708
1409,1,9.84401,54,1,0,0,0.1,0.00011,7.75868,171763
1410,1,9.84349,54,1,0,0,0.1,0.000143,7.75158,171818
1411,1,9.83728,56,1,0,0,0.1,0.000198,7.78595,171875
1412,1,9.84401,54,1,0,0,0.1,0.000116,7.79424,171930
1413,1,9.82561,60,1,0,0,0.1,0.000102,7.79614,171991
1414,1,9.84384,54,1,0,0,0.1,0.000141,7.80708,172046
1415,1,9.84403,54,1,0,0,0.1,0.000101,7.79778,172101
1416,1,9.85224,51,1,0,0,0.1,9.1e-05,7.77737,172153
1417,1,9.82626,60,1,0,0,0.1,0.000101,7.7819,172214
1418,1,9.83794,56,1,0,0,0.1,0.000102,7.78938,172271
1419,1,9.83553,57,1,0,0,0.1,0.00012,7.81108,172329
1420,1,9.85583,50,1,0,0,0.1,0.000113,7.77625,172380
1421,1,9.84969,52,1,0,0,0.1,0.00012,7.78468,172433
1422,1,9.85601,50,1,0,0,0.1,9.5e-05,7.80879,172484
1423,1,9.81648,63,1,0,0,0.1,0.000122,7.80164,172548
1424,1,9.81458,64,1,0,0,0.1,0.000132,7.80525,172613
1425,1,9.83481,57,1,0,0,0.1,0.000134,7.8091,172671
1426,1,9.83128,58,1,0,0,0.1,0.000108,7.77538,172730
1427,1,9.85001,52,1,0,0,0.1,0.000143,7.78821,172783
1428,1,9.84091,55,1,0,0,0.1,0.000135,7.76884,172839
1429,1,9.83203,58,1,0,0,0.1,0.000155,7.8218,172898
1430,1,9.83499,57,1,0,0,0.1,0.000126,7.78659,172956
1431,1,9.83499,57,1,0,0,0.1,0.000102,7.76956,173014
1432,1,9.83489,57,1,0,0,0.1,0.000108,7.78378,173072
1433,1,9.83152,58,1,0,0,0.1,8.9e-05,7.77944,173131
1434,1,9.85603,50,1,0,0,0.1,9.4e-05,7.79413,173182
1435,1,9.8499,52,1,0,0,0.1,0.00012,7.81577,173235
1436,1,9.85003,52,1,0,0,0.1,0.00011,7.79008,173288
1437,1,9.83801,56,1,0,0,0.1,0.000107,7.75439,173345
1438,1,9.83728,56,1,0,0,0.1,0.000115,7.78554,173402
1439,1,9.83128,58,1,0,0,0.1,0.000109,7.7955,173461
1440,1,9.84356,54,1,0,0,0.1,0.000237,7.81455,173516
1441,1,9.84099,55,1,0,0,0.1,0.000123,7.81659,173572
1442,1,9.83801,56,1,0,0,0.1,0.000163,7.80585,173629
1443,1,9.84401,54,1,0,0,0.1,0.000122,7.78504,173684
1444,1,9.84384,54,1,0,0,0.1,9.7e-05,7.78189,173739
1445,1,9.83202,58,1,0,0,0.1,9.3e-05,7.77911,173798
1446,1,9.83497,57,1,0,0,0.1,0.000142,7.7771,173856
1447,1,9.84703,53,1,0,0,0.1,0.000159,7.77906,173910
1448,1,9.84689,53,1,0,0,0.1,0.0001,7.77646,173964
1449,1,9.83858,56,1,0,0,0.1,8.4e-05,7.80124,174021
1450,1,9.84683,53,1,0,0,0.1,0.000114,7.76059,174075
1451,1,9.83203,58,1,0,0,0.1,9.8e-05,7.76885,174134
1452,1,9.83824,56,1,0,0,0.1,0.000102,7.77639,174191
1453,1,9.83778,56,1,0,0,0.1,0.000109,7.79315,174248
1454,1,9.84328,54,1,0,0,0.1,0.000111,7.78536,174303
1455,1,9.84703,53,1,0,0,0.1,0.0001,7.80629,174357
1456,1,9.84084,55,1,0,0,0.1,0.000113,7.78848,174413
1457,1,9.85003,52,1,0,0,0.1,0.000167,7.76325,174466
1458,1,9.84983,52,1,0,0,0.1,0.000171,7.80263,174519
1459,1,9.84034,55,1,0,0,0.1,9.7e-05,7.79295,174575
1460,1,9.817,63,1,0,0,0.1,9.5e-05,7.80319,174639
1461,1,9.82604,60,1,0,0,0.1,8.2e-05,7.79446,174700
1462,1,9.85001,52,1,0,0,0.1,0.00012,7.80828,174753
1463,1,9.82883,59,1,0,0,0.1,9.1e-05,7.78057,174813
1464,1,9.82917,59,1,0,0,0.1,0.000156,7.79477,174873
1465,1,9.83179,58,1,0,0,0.1,0.000126,7.78888,174932
1466,1,9.84124,55,1,0,0,0.1,0.000106,7.76132,174988
1467,1,9.82943,59,1,0,0,0.1,0.000107,7.79773,175048
1468,1,9.84052,55,1,0,0,0.1,0.00012,7.77628,175104
1469,1,9.83839,56,1,0,0,0.1,0.000183,7.77832,175161
1470,1,9.82273,61,1,0,0,0.1,0.000106,7.7966,175223
1471,1,9.84401,54,1,0,0,0.1,0.000121,7.79098,175278
1472,1,9.84401,54,1,0,0,0.1,0.000105,7.82067,175333
1473,1,9.85001,52,1,0,0,0.1,7.8e-05,7.76528,175386
1474,1,9.85027,52,1,0,0,0.1,0.000115,7.80678,175439
1475,1,9.84331,54,1,0,0,0.1,9.3e-05,7.79607,175494
1476,1,9.83799,56,1,0,0,0.1,0.000115,7.79331,175551
1477,1,9.83728,56,1,0,0,0.1,0.000106,7.78967,175608
1478,1,9.84396,54,1,0,0,0.1,0.000117,7.79275,175663
1479,1,9.8349,57,1,0,0,0.1,8.1e-05,7.79441,175721
1480,1,9.84103,55,1,0,0,0.1,0.000101,7.776,175777
1481,1,9.85291,51,1,0,0,0.1,0.000127,7.7689,175829
1482,1,9.83448,57,1,0,0,0.1,9.6e-05,7.76718,175887
1483,1,9.83472,57,1,0,0,0.1,0.00012,7.78773,175945
1484,1,9.82342,61,1,0,0,0.1,0.000126,7.77961,176007
1485,1,9.84408,54,1,0,0,0.1,9e-05,7.77366,176062
1486,1,9.84977,52,1,0,0,0.1,9.7e-05,7.79262,176115
1487,1,9.83801,56,1,0,0,0.1,0.000138,7.76822,176172
1488,1,9.82621,60,1,0,0,0.1,0.000177,7.76511,176233
1489,1,9.83497,57,1,0,0,0.1,9.7e-05,7.7921,176291
1490,1,9.83496,57,1,0,0,0.1,0.000112,7.79501,176349
1491,1,9.81082,65,1,0,0,0.1,8.8e-05,7.77773,176415
1492,1,9.84389,54,1,0,0,0.1,0.000105,7.79087,176470
1493,1,9.84119,55,1,0,0,0.1,0.000113,7.777,176526
1494,1,9.82569,60,1,0,0,0.1,0.000119,7.79259,176587
1495,1,9.84401,54,1,0,0,0.1,0.000111,7.77073,176642
1496,1,9.81713,63,1,0,0,0.1,8.5e-05,7.77626,176706
1497,1,9.83203,58,1,0,0,0.1,0.000117,7.79976,176765
1498,1,9.83723,56,1,0,0,0.1,0.000127,7.81788,176822
1499,1,9.84652,53,1,0,0,0.1,8.4e-05,7.78687,176876
1500,1,9.83223,58,1,0,0,0.1,9.3e-05,7.75878,176935
1501,1,9.84124,55,1,0,0,0.1,0.00023,7.79547,176991
1502,1,9.84069,55,1,0,0,0.1,0.000151,7.78175,177047
1503,1,9.83792,56,1,0,0,0.1,0.000114,7.79633,177104
1504,1,9.83187,58,1,0,0,0.1,0.000102,7.79325,177163
1505,1,9.85001,52,1,0,0,0.1,0.000201,7.789,177216
1506,1,9.85001,52,1,0,0,0.1,0.000154,7.80487,177269
1507,1,9.84403,54,1,0,0,0.1,0.000302,7.78785,177324
1508,1,9.84681,53,1,0,0,0.1,0.000212,7.78905,177378
1509,1,9.84406,54,1,0,0,0.1,0.000169,7.78737,177433
1510,1,9.83422,57,1,0,0,0.1,0.000174,7.78879,177491
1511,1,9.85283,51,1,0,0,0.1,0.000243,7.77616,177543
1512,1,9.85601,50,1,0,0,0.1,0.000397,7.77605,177594
1513,1,9.82238,61,1,0,0,0.1,0.000212,7.79538,177656
1514,1,9.84098,55,1,0,0,0.1,0.000214,7.80659,177712
1515,1,9.83503,57,1,0,0,0.1,0.00019,7.81695,177770
1516,1,9.83796,56,1,0,0,0.1,0.00023,7.77788,177827
1517,1,9.84698,53,1,0,0,0.1,0.000307,7.78857,177881
1518,1,9.83131,58,1,0,0,0.1,0.000211,7.80704,177940
1519,1,9.83493,57,1,0,0,0.1,0.0002,7.77498,177998
1520,1,9.84718,53,1,0,0,0.1,0.000269,7.80925,178052
1521,1,9.83208,58,1,0,0,0.1,0.000231,7.80179,178111
1522,1,9.8283,59,1,0,0,0.1,0.000288,7.78499,178171
1523,1,9.84972,52,1,0,0,0.1,0.000354,7.79103,178224
1524,1,9.82032,62,1,0,0,0.1,0.000243,7.78701,178287
1525,1,9.85003,52,1,0,0,0.1,0.000218,7.79554,178340
1526,1,9.81669,63,1,0,0,0.1,0.000214,7.78497,178404
1527,1,9.83539,57,1,0,0,0.1,0.000228,7.80503,178462
1528,1,9.8136,64,1,0,0,0.1,0.000231,7.7858,178527
1529,1,9.83498,57,1,0,0,0.1,0.000202,7.75896,178585
1530,1,9.84329,54,1,0,0,0.1,0.000294,7.80279,178640
1531,1,9.84401,54,1,0,0,0.1,0.000245,7.80547,178695
1532,1,9.84077,55,1,0,0,0.1,0.000264,7.79258,178751
1533,1,9.85303,51,1,0,0,0.1,0.000231,7.7923,178803
1534,1,9.84667,53,1,0,0,0.1,0.000312,7.77972,178857
1535,1,9.84085,55,1,0,0,0.1,0.000191,7.75135,178913
1536,1,9.82632,60,1,0,0,0.1,0.000229,7.79717,178974
1537,1,9.81666,63,1,0,0,0.1,0.000258,7.77595,179038
1538,1,9.82628,60,1,0,0,0.1,0.000209,7.79051,179099
1539,1,9.84098,55,1,0,0,0.1,0.00027,7.79699,179155
1540,1,9.82595,60,1,0,0,0.1,0.000231,7.77497,179216
1541,1,9.82886,59,1,0,0,0.1,0.00023,7.76213,179276
1542,1,9.82584,60,1,0,0,0.1,0.000304,7.77499,179337
1543,1,9.83796,56,1,0,0,0.1,0.000392,7.78759,179394
1544,1,9.84649,53,1,0,0,0.1,0.000211,7.79018,179448
1545,1,9.85001,52,1,0,0,0.1,0.000232,7.78471,179501
1546,1,9.84403,54,1,0,0,0.1,0.000303,7.78342,179556
1547,1,9.84403,54,1,0,0,0.1,0.000257,7.76137,179611
1548,1,9.82899,59,1,0,0,0.1,0.000233,7.78262,179671
1549,1,9.84089,55,1,0,0,0.1,0.000301,7.78451,179727
1550,1,9.84383,54,1,0,0,0.1,0.000254,7.78512,179782
1551,1,9.84429,54,1,0,0,0.1,0.000229,7.77753,179837
1552,1,9.8316,58,1,0,0,0.1,0.000206,7.75284,179896
1553,1,9.84379,54,1,0,0,0.1,0.000205,7.77813,179951
1554,1,9.85001,52,1,0,0,0.1,0.000217,7.79081,180004
1555,1,9.84696,53,1,0,0,0.1,0.000277,7.7742,180058
1556,1,9.84994,52,1,0,0,0.1,0.000408,7.78042,180111
1557,1,9.84081,55,1,0,0,0.1,0.00033,7.78349,180167
1558,1,9.82282,61,1,0,0,0.1,0.000297,7.77468,180229
1559,1,9.82584,60,1,0,0,0.1,0.000219,7.76917,180290
1560,1,9.84724,53,1,0,0,0.1,0.000301,7.77503,180344
1561,1,9.84069,55,1,0,0,0.1,0.000244,7.76678,180400
1562,1,9.84703,53,1,0,0,0.1,0.000226,7.79261,180454
1563,1,9.84383,54,1,0,0,0.1,0.000224,7.77558,180509
1564,1,9.84343,54,1,0,0,0.1,0.000286,7.77332,180564
1565,1,9.84077,55,1,0,0,0.1,0.000262,7.77815,180620
1566,1,9.81982,62,1,0,0,0.1,0.000284,7.76143,180683
1567,1,9.82301,61,1,0,0,0.1,0.000293,7.77997,180745
1568,1,9.81685,63,1,0,0,0.1,0.000228,7.78773,180809
1569,1,9.8439,54,1,0,0,0.1,0.000224,7.77849,180864
1570,1,9.85003,52,1,0,0,0.1,0.000191,7.77492,180917
1571,1,9.83529,57,1,0,0,0.1,0.000268,7.78317,180975
1572,1,9.84978,52,1,0,0,0.1,0.000217,7.78966,181028
1573,1,9.82863,59,1,0,0,0.1,0.000193,7.78282,181088
1574,1,9.84403,54,1,0,0,0.1,0.000255,7.77327,181143
1575,1,9.85283,51,1,0,0,0.1,0.000217,7.77426,181195
1576,1,9.83157,58,1,0,0,0.1,0.000317,7.78781,181254
1577,1,9.83727,56,1,0,0,0.1,0.000302,7.80075,181311
1578,1,9.84655,53,1,0,0,0.1,0.000173,7.76587,181365
1579,1,9.8438,54,1,0,0,0.1,0.000254,7.77274,181420
1580,1,9.85001,52,1,0,0,0.1,0.000234,7.75662,181473
1581,1,9.82028,62,1,0,0,0.1,0.000218,7.75324,181536
1582,1,9.84695,53,1,0,0,0.1,0.000285,7.75618,181590
1583,1,9.84681,53,1,0,0,0.1,0.000253,7.78622,181644
1584,1,9.84683,53,1,0,0,0.1,0.000192,7.76946,181698
1585,1,9.82251,61,1,0,0,0.1,0.000253,7.76904,181760
1586,1,9.84103,55,1,0,0,0.1,0.000212,7.76436,181816
1587,1,9.84984,52,1,0,0,0.1,0.000193,7.79157,181869
1588,1,9.83503,57,1,0,0,0.1,0.00022,7.78044,181927
1589,1,9.83543,57,1,0,0,0.1,0.00023,7.7832,181985
1590,1,9.84627,53,1,0,0,0.1,0.0002,7.75206,182039
1591,1,9.84099,55,1,0,0,0.1,0.000196,7.77871,182095
1592,1,9.84444,54,1,0,0,0.1,0.000203,7.77564,182150
1593,1,9.8348,57,1,0,0,0.1,0.000201,7.77033,182208
1594,1,9.82927,59,1,0,0,0.1,0.000256,7.76706,182268
1595,1,9.83208,58,1,0,0,0.1,0.000191,7.77486,182327
1596,1,9.83141,58,1,0,0,0.1,0.000225,7.77081,182386
1597,1,9.84401,54,1,0,0,0.1,0.000176,7.78799,182441
1598,1,9.82373,61,1,0,0,0.1,0.000197,7.79164,182503
1599,1,9.82552,60,1,0,0,0.1,0.000224,7.74695,182564
1600,1,9.84067,55,1,0,0,0.1,0.000166,7.76907,182620
1601,1,9.84328,54,1,0,0,0.1,0.000225,7.78595,182675
1602,1,9.84378,54,1,0,0,0.1,0.00022,7.76764,182730
1603,1,9.83503,57,1,0,0,0.1,0.000181,7.8024,182788
1604,1,9.84682,53,1,0,0,0.1,0.000197,7.76534,182842
1605,1,9.84326,54,1,0,0,0.1,0.000225,7.76699,182897
1606,1,9.84103,55,1,0,0,0.1,0.000189,7.79472,182953
1607,1,9.814,64,1,0,0,0.1,0.000178,7.78528,183018
1608,1,9.84683,53,1,0,0,0.1,0.000244,7.7641,183072
1609,1,9.84972,52,1,0,0,0.1,0.000299,7.78634,183125
1610,1,9.84347,54,1,0,0,0.1,0.000199,7.75247,183180
1611,1,9.83769,56,1,0,0,0.1,0.000196,7.74412,183237
1612,1,9.84701,53,1,0,0,0.1,0.00023,7.78049,183291
1613,1,9.84083,55,1,0,0,0.1,0.00026,7.78716,183347
1614,1,9.82883,59,1,0,0,0.1,0.000202,7.79195,183407
1615,1,9.83154,58,1,0,0,0.1,0.000182,7.78189,183466
1616,1,9.83483,57,1,0,0,0.1,0.000176,7.8008,183524
1617,1,9.84369,54,1,0,0,0.1,0.000192,7.78015,183579
1618,1,9.83799,56,1,0,0,0.1,0.000174,7.78621,183636
1619,1,9.81384,64,1,0,0,0.1,0.000178,7.78692,183701
1620,1,9.83803,56,1,0,0,0.1,0.000171,7.75967,183758
1621,1,9.83183,58,1,0,0,0.1,0.000201,7.78888,183817
1622,1,9.83524,57,1,0,0,0.1,0.000207,7.78733,183875
1623,1,9.83801,56,1,0,0,0.1,0.000174,7.78157,183932
1624,1,9.8384,56,1,0,0,0.1,0.000211,7.77804,183989
1625,1,9.82888,59,1,0,0,0.1,0.000198,7.76604,184049
1626,1,9.82901,59,1,0,0,0.1,0.00019,7.76632,184109
1627,1,9.83757,56,1,0,0,0.1,0.000207,7.80205,184166
1628,1,9.84928,52,1,0,0,0.1,0.000178,7.77951,184219
1629,1,9.84703,53,1,0,0,0.1,0.000197,7.77604,184273
1630,1,9.82017,62,1,0,0,0.1,0.000156,7.74761,184336
1631,1,9.83477,57,1,0,0,0.1,0.000183,7.79083,184394
1632,1,9.808,66,1,0,0,0.1,0.000181,7.77832,184461
1633,1,9.84677,53,1,0,0,0.1,0.000165,7.8026,184515
1634,1,9.83784,56,1,0,0,0.1,0.000159,7.79396,184572
1635,1,9.83501,57,1,0,0,0.1,0.000179,7.79222,184630
1636,1,9.83503,57,1,0,0,0.1,0.000248,7.77671,184688
1637,1,9.82584,60,1,0,0,0.1,0.000161,7.79869,184749
1638,1,9.81105,65,1,0,0,0.1,0.000162,7.79236,184815
1639,1,9.84327,54,1,0,0,0.1,0.000172,7.78087,184870
1640,1,9.85035,52,1,0,0,0.1,0.000158,7.77313,184923
1641,1,9.84069,55,1,0,0,0.1,0.000133,7.79827,184979
1642,1,-1.138,46,0,1,0,0.1,0.000179,7.76525,185026
1643,1,9.83152,58,1,0,0,0.1,0.000163,7.76341,185085
1644,1,9.84354,54,1,0,0,0.1,0.000149,7.78348,185140
1645,1,9.82547,60,1,0,0,0.1,0.000182,7.75751,185201
1646,1,9.83858,56,1,0,0,0.1,0.000167,7.77347,185258
1647,1,9.84684,53,1,0,0,0.1,0.000179,7.77037,185312
1648,1,9.85283,51,1,0,0,0.1,0.000146,7.80249,185364
1649,1,9.82869,59,1,0,0,0.1,0.000144,7.7949,185424
1650,1,9.83778,56,1,0,0,0.1,0.001447,7.77894,185481
1651,1,9.84384,54,1,0,0,0.1,0.000185,7.76795,185536
1652,1,9.83459,57,1,0,0,0.1,0.000127,7.77983,185594
1653,1,9.82903,59,1,0,0,0.1,0.000164,7.83352,185654
1654,1,9.83858,56,1,0,0,0.1,0.000159,7.77866,185711
1655,1,9.83799,56,1,0,0,0.1,0.000166,7.78948,185768
1656,1,9.83858,56,1,0,0,0.1,0.000131,7.78834,185825
1657,1,9.85001,52,1,0,0,0.1,0.000141,7.77549,185878
1658,1,9.85014,52,1,0,0,0.1,0.000202,7.7865,185931
1659,1,9.83803,56,1,0,0,0.1,0.000165,7.78244,185988
1660,1,9.81707,63,1,0,0,0.1,0.000122,7.78944,186052
1661,1,9.84123,55,1,0,0,0.1,0.000156,7.78766,186108
1662,1,9.84627,53,1,0,0,0.1,0.000168,7.7843,186162
1663,1,9.84328,54,1,0,0,0.1,0.000185,7.78267,186217
1664,1,9.84103,55,1,0,0,0.1,0.001475,7.78375,186273
1665,1,9.84174,55,1,0,0,0.1,0.000185,7.81759,186329
1666,1,9.83181,58,1,0,0,0.1,0.000143,7.81795,186388
1667,1,9.83801,56,1,0,0,0.1,0.00012,7.74794,186445
1668,1,9.83835,56,1,0,0,0.1,0.000142,7.7812,186502
1669,1,9.84103,55,1,0,0,0.1,0.000164,7.78305,186558
1670,1,9.85601,50,1,0,0,0.1,0.000159,7.7808,186609
1671,1,9.8408,55,1,0,0,0.1,0.001418,7.78536,186665
1672,1,9.84403,54,1,0,0,0.1,0.000197,7.78968,186720
1673,1,9.83784,56,1,0,0,0.1,0.000221,7.81667,186777
1674,1,9.84081,55,1,0,0,0.1,0.001417,7.79397,186833
1675,1,9.83801,56,1,0,0,0.1,0.000184,7.79864,186890
1676,1,9.82308,61,1,0,0,0.1,0.000133,7.79396,186952
1677,1,9.83185,58,1,0,0,0.1,0.00015,7.79155,187011
1678,1,9.84652,53,1,0,0,0.1,0.000139,7.80335,187065
1679,1,9.84403,54,1,0,0,0.1,0.000123,7.79678,187120
1680,1,9.81456,64,1,0,0,0.1,0.000164,7.78853,187185
1681,1,9.83801,56,1,0,0,0.1,0.000131,7.80752,187242
1682,1,9.84703,53,1,0,0,0.1,0.000147,7.81741,187296
1683,1,9.82583,60,1,0,0,0.1,0.001301,7.80397,187357
1684,1,9.84057,55,1,0,0,0.1,0.000123,7.80634,187413
1685,1,9.84709,53,1,0,0,0.1,0.000137,7.77843,187467
1686,1,9.83484,57,1,0,0,0.1,0.000122,7.78697,187525
1687,1,9.83828,56,1,0,0,0.1,0.001408,7.78127,187582
1688,1,9.84083,55,1,0,0,0.1,0.000134,7.79766,187638
1689,1,9.84401,54,1,0,0,0.1,0.000133,7.78468,187693
1690,1,9.83728,56,1,0,0,0.1,0.000165,7.80025,187750
1691,1,9.84381,54,1,0,0,0.1,0.000148,7.80055,187805
1692,1,9.83198,58,1,0,0,0.1,0.000139,7.79488,187864
1693,1,9.83198,58,1,0,0,0.1,0.000157,7.78238,187923
1694,1,9.82884,59,1,0,0,0.1,0.00014,7.79476,187983
1695,1,9.84088,55,1,0,0,0.1,0.00017,7.80094,188039
1696,1,9.83818,56,1,0,0,0.1,0.00014,7.79114,188096
1697,1,9.85304,51,1,0,0,0.1,0.000126,7.78902,188148
1698,1,9.82003,62,1,0,0,0.1,0.000119,7.79239,188211
1699,1,9.85001,52,1,0,0,0.1,0.00012,7.78682,188264
1700,1,9.84103,55,1,0,0,0.1,0.00011,7.79039,188320
1701,1,9.83784,56,1,0,0,0.1,0.000175,7.78738,188377
1702,1,9.83427,57,1,0,0,0.1,0.000135,7.79465,188435
1703,1,9.85301,51,1,0,0,0.1,9.1e-05,7.79747,188487
1704,1,9.83455,57,1,0,0,0.1,0.001351,7.77804,188545
1705,1,9.85001,52,1,0,0,0.1,0.001418,7.77849,188598
1706,1,9.83784,56,1,0,0,0.1,0.000175,7.79054,188655
1707,1,9.84083,55,1,0,0,0.1,0.000139,7.79406,188711
1708,1,9.84067,55,1,0,0,0.1,0.000144,7.82039,188767
1709,1,9.84103,55,1,0,0,0.1,0.00014,7.81638,188823
1710,1,9.85528,50,1,0,0,0.1,0.000126,7.80525,188874
1711,1,9.84703,53,1,0,0,0.1,0.001407,7.80151,188928
1712,1,9.83501,57,1,0,0,0.1,0.000131,7.82125,188986
1713,1,9.84103,55,1,0,0,0.1,0.000144,7.81235,189042
1714,1,9.81702,63,1,0,0,0.1,0.000114,7.7953,189106
1715,1,9.83829,56,1,0,0,0.1,0.000108,7.80664,189163
1716,1,9.84403,54,1,0,0,0.1,0.00016,7.80188,189218
1717,1,9.83801,56,1,0,0,0.1,0.00012,7.78648,189275
1718,1,9.83204,58,1,0,0,0.1,0.000112,7.77959,189334
1719,1,9.82852,59,1,0,0,0.1,0.001264,7.81897,189394
1720,1,9.84401,54,1,0,0,0.1,0.000126,7.78639,189449
1721,1,9.84701,53,1,0,0,0.1,0.001416,7.8174,189503
1722,1,9.83769,56,1,0,0,0.1,0.000145,7.80629,189560
1723,1,9.84693,53,1,0,0,0.1,0.00139,7.77728,189614
1724,1,9.83475,57,1,0,0,0.1,0.001303,7.79732,189672
1725,1,9.84383,54,1,0,0,0.1,0.000162,7.80227,189727
1726,1,9.85003,52,1,0,0,0.1,0.000112,7.79985,189780
1727,1,9.83783,56,1,0,0,0.1,0.000125,7.78854,189837
1728,1,9.84103,55,1,0,0,0.1,0.000116,7.81335,189893
1729,1,9.84928,52,1,0,0,0.1,0.000118,7.81682,189946
1730,1,9.84984,52,1,0,0,0.1,0.000113,7.78572,189999
1731,1,9.82599,60,1,0,0,0.1,0.001312,7.78978,190060
1732,1,9.83199,58,1,0,0,0.1,0.000145,7.80174,190119
1733,1,9.83772,56,1,0,0,0.1,0.00013,7.78257,190176
1734,1,9.83543,57,1,0,0,0.1,0.000167,7.79687,190234
1735,1,9.80782,66,1,0,0,0.1,0.00011,7.79296,190301
1736,1,9.85603,50,1,0,0,0.1,0.000121,7.80724,190352
1737,1,9.85003,52,1,0,0,0.1,0.000132,7.76716,190405
1738,1,9.84698,53,1,0,0,0.1,0.000106,7.81462,190459
1739,1,9.83784,56,1,0,0,0.1,0.000169,7.80143,190516
1740,1,9.83469,57,1,0,0,0.1,0.000113,7.8209,190574
1741,1,9.82875,59,1,0,0,0.1,0.000149,7.78685,190634
1742,1,9.83772,56,1,0,0,0.1,0.001275,7.80031,190691
1743,1,9.83518,57,1,0,0,0.1,0.000102,7.81418,190749
1744,1,9.8199,62,1,0,0,0.1,0.000147,7.78014,190812
1745,1,9.85528,50,1,0,0,0.1,0.000146,7.79198,190863
1746,1,9.83482,57,1,0,0,0.1,0.000122,7.7787,190921
1747,1,9.83804,56,1,0,0,0.1,0.000131,7.77831,190978
1748,1,9.85227,51,1,0,0,0.1,0.00011,7.78826,191030
1749,1,9.83503,57,1,0,0,0.1,0.000125,7.79707,191088
1750,1,9.8318,58,1,0,0,0.1,0.000133,7.79287,191147
1751,1,9.85003,52,1,0,0,0.1,0.000142,7.7863,191200
1752,1,9.83516,57,1,0,0,0.1,0.000108,7.79795,191258
1753,1,9.83803,56,1,0,0,0.1,0.000172,7.7825,191315
1754,1,9.83803,56,1,0,0,0.1,0.000117,7.77199,191372
1755,1,9.84083,55,1,0,0,0.1,0.000114,7.80419,191428
1756,1,9.82302,61,1,0,0,0.1,0.000101,7.78518,191490
1757,1,9.81673,63,1,0,0,0.1,0.000107,7.80413,191554
1758,1,9.83156,58,1,0,0,0.1,0.000114,7.79382,191613
1759,1,9.82311,61,1,0,0,0.1,0.002395,7.7988,191675
1760,1,9.83168,58,1,0,0,0.1,0.000191,7.81752,191734
1761,1,9.82903,59,1,0,0,0.1,0.000122,7.81251,191794
1762,1,9.83201,58,1,0,0,0.1,0.000105,7.7915,191853
1763,1,9.81634,63,1,0,0,0.1,0.001207,7.79411,191917
1764,1,9.84384,54,1,0,0,0.1,0.000112,7.82213,191972
1765,1,9.83796,56,1,0,0,0.1,0.000105,7.78409,192029
1766,1,9.84328,54,1,0,0,0.1,9.4e-05,7.78029,192084
1767,1,9.82903,59,1,0,0,0.1,0.000117,7.82119,192144
1768,1,9.84683,53,1,0,0,0.1,0.000137,7.80776,192198
1769,1,9.83801,56,1,0,0,0.1,0.000155,7.80874,192255
1770,1,9.83814,56,1,0,0,0.1,0.00132,7.79597,192312
1771,1,9.84103,55,1,0,0,0.1,0.000142,7.80807,192368
1772,1,9.85001,52,1,0,0,0.1,0.000125,7.75994,192421
1773,1,9.84384,54,1,0,0,0.1,8.7e-05,7.79471,192476
1774,1,9.829,59,1,0,0,0.1,0.000114,7.78914,192536
1775,1,9.83752,56,1,0,0,0.1,0.00017,7.80756,192593
1776,1,9.83533,57,1,0,0,0.1,0.000285,7.78973,192651
1777,1,9.84691,53,1,0,0,0.1,0.000149,7.81101,192705
1778,1,9.83853,56,1,0,0,0.1,9.8e-05,7.80546,192762
1779,1,9.84624,53,1,0,0,0.1,0.00136,7.78697,192816
1780,1,9.84359,54,1,0,0,0.1,0.000129,7.80744,192871
1781,1,9.84986,52,1,0,0,0.1,0.000113,7.81378,192924
1782,1,9.8468,53,1,0,0,0.1,0.000113,7.78674,192978
1783,1,9.85006,52,1,0,0,0.1,0.000127,7.79623,193031
1784,1,9.84082,55,1,0,0,0.1,0.002457,7.82294,193087
1785,1,9.82912,59,1,0,0,0.1,0.000164,7.79871,193147
1786,1,9.83483,57,1,0,0,0.1,0.00013,7.79647,193205
1787,1,9.84732,53,1,0,0,0.1,0.000154,7.78884,193259
1788,1,9.84382,54,1,0,0,0.1,0.00013,7.79952,193314
1789,1,9.84401,54,1,0,0,0.1,0.000119,7.76729,193369
1790,1,9.85001,52,1,0,0,0.1,8.9e-05,7.76818,193422
1791,1,9.85001,52,1,0,0,0.1,0.000129,7.80299,193475
1792,1,9.8349,57,1,0,0,0.1,0.000129,7.78381,193533
1793,1,9.85003,52,1,0,0,0.1,0.000147,7.78871,193586
1794,1,9.85003,52,1,0,0,0.1,0.001346,7.78235,193639
1795,1,9.82826,59,1,0,0,0.1,0.000121,7.79791,193699
1796,1,9.83128,58,1,0,0,0.1,0.000121,7.78982,193758
1797,1,9.83467,57,1,0,0,0.1,0.001266,7.78315,193816
1798,1,9.83728,56,1,0,0,0.1,0.00119,7.81959,193873
1799,1,9.82264,61,1,0,0,0.1,0.000141,7.80932,193935
1800,1,9.84081,55,1,0,0,0.1,0.000134,7.80499,193991
1801,1,9.84394,54,1,0,0,0.1,0.000114,7.8131,194046
1802,1,9.84698,53,1,0,0,0.1,0.000135,7.80034,194100
1803,1,9.82308,61,1,0,0,0.1,0.000148,7.79467,194162
1804,1,9.83769,56,1,0,0,0.1,0.001224,7.78509,194219
1805,1,9.84401,54,1,0,0,0.1,0.000158,7.78719,194274
1806,1,9.84357,54,1,0,0,0.1,0.000126,7.78332,194329
1807,1,9.83784,56,1,0,0,0.1,0.001241,7.80674,194386
1808,1,9.84703,53,1,0,0,0.1,0.000115,7.81789,194440
1809,1,9.84026,55,1,0,0,0.1,0.00014,7.795,194496
1810,1,9.83806,56,1,0,0,0.1,0.000151,7.79582,194553
1811,1,9.85303,51,1,0,0,0.1,0.000124,7.78933,194605
1812,1,9.84082,55,1,0,0,0.1,0.000104,7.78589,194661
1813,1,9.84401,54,1,0,0,0.1,0.001361,7.80291,194716
1814,1,9.84928,52,1,0,0,0.1,0.000116,7.80074,194769
1815,1,9.83183,58,1,0,0,0.1,0.001106,7.77491,194828
1816,1,9.83783,56,1,0,0,0.1,0.000154,7.80491,194885
1817,1,9.83801,56,1,0,0,0.1,0.000136,7.81102,194942
1818,1,9.84703,53,1,0,0,0.1,0.000112,7.81419,194996
1819,1,9.85001,52,1,0,0,0.1,0.000134,7.78967,195049
1820,1,9.84403,54,1,0,0,0.1,0.000124,7.81272,195104
1821,1,9.83137,58,1,0,0,0.1,0.000148,7.78455,195163
1822,1,9.84108,55,1,0,0,0.1,0.000227,7.81098,195219
1823,1,9.83859,56,1,0,0,0.1,0.000108,7.78444,195276
1824,1,9.83478,57,1,0,0,0.1,0.000106,7.78352,195334
1825,1,9.84124,55,1,0,0,0.1,0.000119,7.81262,195390
1826,1,9.83473,57,1,0,0,0.1,0.000157,7.79864,195448
1827,1,9.82876,59,1,0,0,0.1,0.000147,7.79571,195508
1828,1,9.83277,58,1,0,0,0.1,0.00014,7.75968,195567
1829,1,9.85603,50,1,0,0,0.1,0.000107,7.79104,195618
1830,1,9.84983,52,1,0,0,0.1,0.000137,7.81836,195671
1831,1,9.83183,58,1,0,0,0.1,0.001158,7.81002,195730
1832,1,9.83794,56,1,0,0,0.1,0.000135,7.76829,195787
1833,1,9.82844,59,1,0,0,0.1,0.000115,7.77455,195847
1834,1,9.84984,52,1,0,0,0.1,0.000116,7.79201,195900
1835,1,9.8384,56,1,0,0,0.1,0.000136,7.78923,195957
1836,1,9.82621,60,1,0,0,0.1,0.000118,7.80382,196018
1837,1,9.8435,54,1,0,0,0.1,0.000118,7.827,196073
1838,1,9.82903,59,1,0,0,0.1,0.00118,7.80746,196133
1839,1,9.84381,54,1,0,0,0.1,9.6e-05,7.78322,196188
1840,1,9.85001,52,1,0,0,0.1,0.000129,7.76474,196241
1841,1,9.8078,66,1,0,0,0.1,0.000142,7.81416,196308
1842,1,9.85001,52,1,0,0,0.1,0.000131,7.80025,196361
1843,1,9.83483,57,1,0,0,0.1,0.001144,7.80291,196419
1844,1,9.84682,53,1,0,0,0.1,0.00121,7.79996,196473
1845,1,9.85304,51,1,0,0,0.1,0.001156,7.77865,196525
1846,1,9.84103,55,1,0,0,0.1,0.000154,7.79657,196581
1847,1,9.82601,60,1,0,0,0.1,0.000153,7.82363,196642
1848,1,9.84328,54,1,0,0,0.1,0.000156,7.80572,196697
1849,1,9.84328,54,1,0,0,0.1,0.000139,7.79963,196752
1850,1,9.83784,56,1,0,0,0.1,0.000159,7.7972,196809
1851,1,9.85601,50,1,0,0,0.1,0.000184,7.79778,196860
1852,1,9.84328,54,1,0,0,0.1,0.000148,7.79461,196915
1853,1,9.8468,53,1,0,0,0.1,0.000135,7.79493,196969
1854,1,9.84983,52,1,0,0,0.1,0.000102,7.79109,197022
1855,1,9.82951,59,1,0,0,0.1,0.001035,7.77142,197082
1856,1,9.84703,53,1,0,0,0.1,0.001197,7.76335,197136
1857,1,9.8466,53,1,0,0,0.1,0.000176,7.77969,197190
1858,1,9.83508,57,1,0,0,0.1,0.000133,7.785,197248
1859,1,9.82827,59,1,0,0,0.1,0.000158,7.80013,197308
1860,1,9.8261,60,1,0,0,0.1,0.001051,7.80146,197369
1861,1,9.83483,57,1,0,0,0.1,0.00013,7.79064,197427
1862,1,9.83835,56,1,0,0,0.1,0.00011,7.80286,197484
1863,1,9.82875,59,1,0,0,0.1,0.000147,7.79555,197544
1864,1,9.83183,58,1,0,0,0.1,0.000107,7.79484,197603
1865,1,9.83484,57,1,0,0,0.1,0.000971,7.80336,197661
1866,1,9.84384,54,1,0,0,0.1,0.000214,7.78723,197716
1867,1,9.83475,57,1,0,0,0.1,0.000127,7.7782,197774
1868,1,9.83768,56,1,0,0,0.1,0.000117,7.80077,197831
1869,1,9.82549,60,1,0,0,0.1,0.000938,7.81497,197892
1870,1,9.80498,67,1,0,0,0.1,0.000487,7.78394,197960
1871,1,9.82567,60,1,0,0,0.1,0.000984,7.77997,198021
1872,1,9.85003,52,1,0,0,0.1,0.000152,7.79686,198074
1873,1,9.82887,59,1,0,0,0.1,0.000935,7.78242,198134
1874,1,9.83795,56,1,0,0,0.1,0.000886,7.80536,198191
1875,1,9.84928,52,1,0,0,0.1,0.001919,7.77915,198244
1876,1,9.81949,62,1,0,0,0.1,0.000203,7.79761,198307
1877,1,9.85283,51,1,0,0,0.1,0.000134,7.78053,198359
1878,1,9.83803,56,1,0,0,0.1,0.000137,7.82463,198416
1879,1,9.83481,57,1,0,0,0.1,0.000145,7.80438,198474
1880,1,9.84408,54,1,0,0,0.1,0.000151,7.79735,198529
1881,1,9.84099,55,1,0,0,0.1,0.000192,7.8152,198585
1882,1,9.84624,53,1,0,0,0.1,0.000135,7.78742,198639
1883,1,9.85296,51,1,0,0,0.1,0.000202,7.78271,198691
1884,1,9.84377,54,1,0,0,0.1,0.000123,7.79267,198746
1885,1,9.84703,53,1,0,0,0.1,0.000133,7.80547,198800
1886,1,9.84084,55,1,0,0,0.1,0.000102,7.79968,198856
1887,1,9.83514,57,1,0,0,0.1,0.000102,7.797,198914
1888,1,9.84104,55,1,0,0,0.1,0.000106,7.77755,198970
1889,1,9.83736,56,1,0,0,0.1,0.000157,7.80023,199027
1890,1,9.81996,62,1,0,0,0.1,0.000907,7.78316,199090
1891,1,9.84328,54,1,0,0,0.1,0.000121,7.78254,199145
1892,1,9.85035,52,1,0,0,0.1,0.000126,7.79392,199198
1893,1,9.83803,56,1,0,0,0.1,0.000114,7.82009,199255
1894,1,9.8437,54,1,0,0,0.1,0.000959,7.80638,199310
1895,1,9.83484,57,1,0,0,0.1,0.000769,7.76995,199368
1896,1,9.84328,54,1,0,0,0.1,0.000113,7.77165,199423
1897,1,9.83731,56,1,0,0,0.1,0.000118,7.78762,199480
1898,1,9.83203,58,1,0,0,0.1,0.000112,7.79827,199539
1899,1,9.84703,53,1,0,0,0.1,0.000111,7.77619,199593
1900,1,9.84682,53,1,0,0,0.1,0.000726,7.80811,199647
1901,1,9.82333,61,1,0,0,0.1,0.000123,7.82252,199709
1902,1,9.84328,54,1,0,0,0.1,0.000238,7.78555,199764
1903,1,9.83195,58,1,0,0,0.1,0.000127,7.76258,199823
1904,1,9.84136,55,1,0,0,0.1,0.000764,7.79777,199879
1905,1,9.83501,57,1,0,0,0.1,0.000167,7.82399,199937
1906,1,9.82974,59,1,0,0,0.1,0.00025,7.81666,199997
1907,1,9.83201,58,1,0,0,0.1,0.000233,7.76748,200056
1908,1,9.84678,53,1,0,0,0.1,0.000144,7.79135,200110
1909,1,9.83424,57,1,0,0,0.1,0.000117,7.78227,200168
1910,1,9.81703,63,1,0,0,0.1,0.00065,7.77681,200232
1911,1,9.79328,71,1,0,0,0.1,0.000506,7.77055,200304
1912,1,9.8284,59,1,0,0,0.1,0.000186,7.79745,200364
1913,1,9.8473,53,1,0,0,0.1,0.000157,7.80455,200418
1914,1,9.81981,62,1,0,0,0.1,0.00013,7.75787,200481
1915,1,9.84069,55,1,0,0,0.1,0.000194,7.79329,200537
1916,1,9.82603,60,1,0,0,0.1,0.000142,7.78046,200598
1917,1,9.84678,53,1,0,0,0.1,0.000107,7.81419,200652
1918,1,9.83737,56,1,0,0,0.1,0.000116,7.80487,200709
1919,1,9.81984,62,1,0,0,0.1,0.000204,7.79021,200772
1920,1,9.84103,55,1,0,0,0.1,0.000102,7.77332,200828
1921,1,9.82948,59,1,0,0,0.1,0.000128,7.78212,200888
1922,1,9.83803,56,1,0,0,0.1,0.000111,7.79407,200945
1923,1,9.8317,58,1,0,0,0.1,0.000102,7.7626,201004
1924,1,9.85303,51,1,0,0,0.1,0.000109,7.77382,201056
1925,1,9.83467,57,1,0,0,0.1,0.00011,7.78122,201114
1926,1,9.82273,61,1,0,0,0.1,0.000114,7.77821,201176
1927,1,9.84328,54,1,0,0,0.1,0.00016,7.79271,201231
1928,1,9.83853,56,1,0,0,0.1,0.000105,7.78122,201288
1929,1,9.84034,55,1,0,0,0.1,0.000801,7.76241,201344
1930,1,9.82603,60,1,0,0,0.1,9.8e-05,7.7708,201405
1931,1,9.84703,53,1,0,0,0.1,0.000108,7.79648,201459
1932,1,9.82253,61,1,0,0,0.1,0.000563,7.77379,201521
1933,1,9.85255,51,1,0,0,0.1,0.000205,7.79245,201573
1934,1,9.83201,58,1,0,0,0.1,0.000188,7.80216,201632
1935,1,9.84669,53,1,0,0,0.1,0.000187,7.81289,201686
1936,1,9.82904,59,1,0,0,0.1,0.000121,7.81197,201746
1937,1,9.84399,54,1,0,0,0.1,0.000106,7.78499,201801
1938,1,9.84352,54,1,0,0,0.1,0.000104,7.78161,201856
1939,1,9.84328,54,1,0,0,0.1,0.000148,7.79897,201911
1940,1,9.84383,54,1,0,0,0.1,0.000124,7.77429,201966
1941,1,9.83212,58,1,0,0,0.1,0.000123,7.78105,202025
1942,1,9.82577,60,1,0,0,0.1,8.6e-05,7.78298,202086
1943,1,9.83803,56,1,0,0,0.1,0.0001,7.76903,202143
1944,1,9.82584,60,1,0,0,0.1,0.000141,7.79135,202204
1945,1,9.84352,54,1,0,0,0.1,8.9e-05,7.79679,202259
1946,1,9.83184,58,1,0,0,0.1,0.000163,7.79594,202318
1947,1,9.85603,50,1,0,0,0.1,8.5e-05,7.76684,202369
1948,1,9.84096,55,1,0,0,0.1,0.000125,7.80275,202425
1949,1,9.83803,56,1,0,0,0.1,0.000121,7.81122,202482
1950,1,9.85342,51,1,0,0,0.1,0.000137,7.79427,202534
1951,1,9.83214,58,1,0,0,0.1,0.000657,7.79891,202593
1952,1,9.84928,52,1,0,0,0.1,0.000522,7.7725,202646
1953,1,9.82883,59,1,0,0,0.1,0.000114,7.77856,202706
1954,1,9.83839,56,1,0,0,0.1,0.000107,7.78322,202763
1955,1,9.84699,53,1,0,0,0.1,0.000628,7.79536,202817
1956,1,9.8375,56,1,0,0,0.1,0.000149,7.79377,202874
1957,1,9.82895,59,1,0,0,0.1,0.000119,7.80116,202934
1958,1,9.85603,50,1,0,0,0.1,0.000135,7.7827,202985
1959,1,9.83194,58,1,0,0,0.1,9.7e-05,7.7985,203044
1960,1,9.83203,58,1,0,0,0.1,0.000158,7.7827,203103
1961,1,9.82903,59,1,0,0,0.1,0.000108,7.78259,203163
1962,1,9.83838,56,1,0,0,0.1,0.000114,7.82099,203220
1963,1,9.84652,53,1,0,0,0.1,0.0001,7.79128,203274
1964,1,9.84994,52,1,0,0,0.1,0.00011,7.78438,203327
1965,1,9.82889,59,1,0,0,0.1,0.000129,7.79383,203387
1966,1,9.8227,61,1,0,0,0.1,8.9e-05,7.79222,203449
1967,1,9.83453,57,1,0,0,0.1,8.6e-05,7.78736,203507
1968,1,9.85578,50,1,0,0,0.1,0.000134,7.81389,203558
1969,1,9.84403,54,1,0,0,0.1,0.000118,7.77448,203613
1970,1,9.85303,51,1,0,0,0.1,9e-05,7.78729,203665
1971,1,9.85003,52,1,0,0,0.1,0.000107,7.77808,203718
1972,1,9.84049,55,1,0,0,0.1,0.000133,7.80928,203774
1973,1,9.85264,51,1,0,0,0.1,9.6e-05,7.79399,203826
1974,1,9.81748,63,1,0,0,0.1,0.000152,7.78672,203890
1975,1,9.85001,52,1,0,0,0.1,0.000133,7.7786,203943
1976,1,9.83784,56,1,0,0,0.1,9e-05,7.77746,204000
1977,1,9.84955,52,1,0,0,0.1,0.000119,7.77408,204053
1978,1,9.82612,60,1,0,0,0.1,8.9e-05,7.79929,204114
1979,1,9.85293,51,1,0,0,0.1,0.000145,7.78977,204166
1980,1,-1.141,47,0,1,0,0.1,0.001145,7.78289,204214
1981,1,9.83255,58,1,0,0,0.1,0.00074,7.7828,204273
1982,1,9.84082,55,1,0,0,0.1,9.9e-05,7.7999,204329
1983,1,9.82596,60,1,0,0,0.1,0.001279,7.7998,204390
1984,1,9.8165,63,1,0,0,0.1,0.000101,7.77955,204454
1985,1,9.85578,50,1,0,0,0.1,8.4e-05,7.77883,204505
1986,1,9.84103,55,1,0,0,0.1,0.000111,7.80035,204561
1987,1,9.82911,59,1,0,0,0.1,7.9e-05,7.81952,204621
1988,1,9.82658,60,1,0,0,0.1,0.000517,7.78063,204682
1989,1,9.83801,56,1,0,0,0.1,0.000308,7.78328,204739
1990,1,9.84099,55,1,0,0,0.1,0.000198,7.79115,204795
1991,1,9.83258,58,1,0,0,0.1,0.00135,7.78436,204854
1992,1,9.835,57,1,0,0,0.1,0.000322,7.78342,204912
1993,1,9.83482,57,1,0,0,0.1,0.000231,7.78457,204970
1994,1,9.82583,60,1,0,0,0.1,0.001243,7.78268,205031
1995,1,9.83508,57,1,0,0,0.1,0.000109,7.78467,205089
1996,1,9.85003,52,1,0,0,0.1,0.000367,7.78791,205142
1997,1,9.84996,52,1,0,0,0.1,0.000175,7.77336,205195
1998,1,9.84425,54,1,0,0,0.1,0.000126,7.79715,205250
1999,1,9.82877,59,1,0,0,0.1,8.8e-05,7.7867,205310
2000,15,9.85579,50,1,0,0,0.3988,0.000214,7.78932,205361
2001,15,-1.024,8,0,1,0,0.397604,0.000118,7.77139,205370
2002,15,-1.003,1,0,1,0,0.396411,0.00011,7.8327,205372
2003,15,-1.183,61,0,1,0,0.395222,0.001198,7.78633,205434
2004,15,9.87193,45,1,0,0,0.394036,0.001807,7.79459,205480
2005,15,-1.093,31,0,1,0,0.392854,0.000823,7.76684,205512
2006,15,-1.054,18,0,1,0,0.391675,0.000404,7.77703,205531
2007,15,-1.189,63,0,1,0,0.3905,0.001826,7.7859,205595
2008,15,-1.051,17,0,1,0,0.389329,0.001119,7.77059,205613
2009,15,-1.03,10,0,1,0,0.388161,0.000898,7.814,205624
2010,15,9.84985,52,1,0,0,0.386996,0.002659,7.78899,205677
2011,15,-1.114,38,0,1,0,0.385835,0.003529,7.78518,205716
2012,15,-1.087,29,0,1,0,0.384678,0.000739,7.78831,205746
2013,15,-1.075,25,0,1,0,0.383524,0.00852,7.75929,205772
2014,15,-1.138,46,0,1,0,0.382373,0.003098,7.7495,205819
2015,15,-1.072,24,0,1,0,0.381226,0.003365,7.76306,205844
2016,15,9.89157,38,1,0,0,0.380082,0.000451,7.77125,205883
2017,15,-1.141,47,0,1,0,0.378942,0.003058,7.76101,205931
2018,15,9.45444,184,1,0,0,0.377805,0.002948,7.78843,206116
2019,15,-1.2,400,0,0,1,0.376672,0.002746,7.76261,206516
2020,15,-1.126,42,0,1,0,0.375542,0.002243,7.76813,206559
2021,15,-1.063,21,0,1,0,0.374415,0.001981,7.77379,206581
2022,15,-1.006,2,0,1,0,0.373292,0.000604,7.69206,206584
2023,15,-1.177,59,0,1,0,0.372172,0.002039,7.73475,206644
2024,15,-1.087,29,0,1,0,0.371056,0.001109,7.74921,206674
2025,15,-1.2,400,0,0,1,0.369942,0.00309,7.73623,207074
2026,15,-1.051,17,0,1,0,0.368833,0.001071,7.75107,207092
2027,15,-1.09,30,0,1,0,0.367726,0.004429,7.72653,207123
2028,15,-1.114,38,0,1,0,0.366623,0.00231,7.74498,207162
2029,15,8.96483,347,1,0,0,0.365523,0.003897,7.72534,207510
2030,15,-1.2,400,0,0,1,0.364426,0.003272,7.71516,207910
2031,15,9.80768,66,1,0,0,0.363333,0.003408,7.68123,207977
2032,15,-1.171,57,0,1,0,0.362243,0.004753,7.71113,208035
2033,15,-1.054,18,0,1,0,0.361156,0.005185,7.71128,208054
2034,15,-1.024,8,0,1,0,0.360073,0.011313,7.70433,208063
2035,15,-1.168,56,0,1,0,0.358993,0.006775,7.70279,208120
2036,15,-1.039,13,0,1,0,0.357916,0.001,7.74965,208134
2037,15,-1.192,64,0,1,0,0.356842,0.006751,7.65418,208199
2038,15,-1.2,400,0,0,1,0.355772,0.004201,7.68598,208599
2039,15,9.80177,68,1,0,0,0.354704,0.006621,7.67487,208668
2040,15,-1.024,8,0,1,0,0.35364,0.011296,7.65916,208677
2041,15,-1.2,400,0,0,1,0.352579,0.005279,7.66578,209077
2042,15,-1.2,400,0,0,1,0.351521,0.005046,7.66142,209477
2043,15,-1.2,400,0,0,1,0.350467,0.00575,7.643,209877
2044,15,-1.063,21,0,1,0,0.349415,0.001195,7.67053,209899
2045,15,-1.2,400,0,0,1,0.348367,0.006715,7.63961,210299
2046,15,9.84695,53,1,0,0,0.347322,0.005808,7.65889,210353
2047,15,9.80184,68,1,0,0,0.34628,0.005934,7.62656,210422
2048,15,-1.2,400,0,0,1,0.345241,0.00606,7.61661,210822
2049,15,-1.2,400,0,0,1,0.344206,0.005157,7.6042,211222
2050,15,-1.2,400,0,0,1,0.343173,0.005214,7.58847,211622
2051,15,-1.2,400,0,0,1,0.342143,0.005693,7.58335,212022
2052,15,-1.039,13,0,1,0,0.341117,0.011931,7.55232,212036
2053,15,-1.2,400,0,0,1,0.340094,0.006278,7.56993,212436
2054,15,-1.2,400,0,0,1,0.339073,0.004517,7.54914,212836
2055,15,-1.2,400,0,0,1,0.338056,0.005523,7.53362,213236
2056,15,-1.2,400,0,0,1,0.337042,0.005636,7.53574,213636
2057,15,-1.2,400,0,0,1,0.336031,0.004744,7.49855,214036
2058,15,-1.2,400,0,0,1,0.335023,0.006804,7.47306,214436
2059,15,9.72927,92,1,0,0,0.334018,0.004772,7.46873,214529
2060,15,-1.2,400,0,0,1,0.333016,0.005215,7.46053,214929
2061,15,9.75434,84,1,0,0,0.332017,0.004931,7.44991,215014
2062,15,-1.2,400,0,0,1,0.331021,0.00586,7.43539,215414
2063,15,-1.2,400,0,0,1,0.330027,0.005673,7.42665,215814
2064,15,-1.2,400,0,0,1,0.329037,0.004514,7.40765,216214
2065,15,9.87665,43,1,0,0,0.32805,0.005404,7.39618,216258
2066,15,9.89176,38,1,0,0,0.327066,0.006355,7.39761,216297
2067,15,-1.675,225,0,1,0,0.326085,0.005221,7.37848,216523
2068,15,-1.444,148,0,1,0,0.325107,0.006236,7.37902,216672
2069,15,-1.585,195,0,1,0,0.324131,0.008905,7.38895,216868
2070,15,-1.252,84,0,1,0,0.323159,0.007247,7.34391,216953
2071,15,9.13629,290,1,0,0,0.32219,0.006806,7.33299,217244
2072,15,9.72135,95,1,0,0,0.321223,0.006852,7.36011,217340
2073,15,9.76002,82,1,0,0,0.320259,0.00703,7.36116,217423
2074,15,-1.453,151,0,1,0,0.319298,0.00647,7.33812,217575
2075,15,9.55924,149,1,0,0,0.318341,0.007301,7.32826,217725
2076,15,8.83046,392,1,0,0,0.317386,0.006993,7.34159,218118
2077,15,9.79934,69,1,0,0,0.316433,0.006307,7.3254,218188
2078,15,9.88269,41,1,0,0,0.315484,0.007371,7.33621,218230
2079,15,9.61934,129,1,0,0,0.314538,0.006784,7.35746,218360
2080,15,9.85097,52,1,0,0,0.313594,0.004932,7.34517,218413
2081,15,9.73261,91,1,0,0,0.312653,0.005296,7.32452,218505
2082,15,-2.14,380,0,1,0,0.311715,0.007112,7.34536,218886
2083,15,9.52592,160,1,0,0,0.31078,0.00632,7.31495,219047
2084,15,-1.078,26,0,1,0,0.309848,0.008706,7.32711,219074
2085,15,-1.678,226,0,1,0,0.308918,0.006255,7.32361,219301
2086,15,9.69038,105,1,0,0,0.307992,0.004449,7.30871,219407
2087,15,-1.279,93,0,1,0,0.307068,0.00599,7.29374,219501
2088,15,9.03072,325,1,0,0,0.306146,0.007254,7.30648,219827
2089,15,9.89204,38,1,0,0,0.305228,0.003181,7.30305,219866
2090,15,9.56148,148,1,0,0,0.304312,0.007775,7.30723,220015
2091,15,9.82867,59,1,0,0,0.303399,0.006482,7.3058,220075
2092,15,9.91273,31,1,0,0,0.302489,0.003653,7.30233,220107
2093,15,9.45625,183,1,0,0,0.301582,0.004719,7.32007,220291
2094,15,9.6158,130,1,0,0,0.300677,0.00789,7.31055,220422
2095,15,-1.102,34,0,1,0,0.299775,0.006886,7.36523,220457
2096,15,-1.0,0,0,1,0,0.298876,0.006252,7.36145,220458
2097,15,9.70857,99,1,0,0,0.297979,0.005764,7.31455,220558
2098,15,9.69999,102,1,0,0,0.297085,0.010281,7.30608,220661
2099,15,9.85906,49,1,0,0,0.296194,0.00833,7.3068,220711
2100,15,9.79571,70,1,0,0,0.295305,0.005163,7.31247,220782
2101,15,9.78097,75,1,0,0,0.294419,0.006809,7.29554,220858
2102,15,9.61359,131,1,0,0,0.293536,0.006899,7.30079,220990
2103,15,9.86824,46,1,0,0,0.292655,0.006002,7.31152,221037
2104,15,-1.159,53,0,1,0,0.291777,0.005084,7.33766,221091
2105,15,-1.129,43,0,1,0,0.290902,0.007251,7.32654,221135
2106,15,9.79859,69,1,0,0,0.290029,0.006906,7.30054,221205
2107,15,9.68832,106,1,0,0,0.289159,0.009493,7.32491,221312
2108,15,-1.15,50,0,1,0,0.288292,0.005841,7.31276,221363
2109,15,9.87059,45,1,0,0,0.287427,0.005418,7.31706,221409
2110,15,-1.2,400,0,0,1,0.286565,0.006595,7.32711,221809
2111,15,-1.072,24,0,1,0,0.285705,0.00776,7.30525,221834
2112,15,9.79613,70,1,0,0,0.284848,0.005989,7.31604,221905
2113,15,9.85553,50,1,0,0,0.283993,0.009791,7.3203,221956
2114,15,9.80801,66,1,0,0,0.283141,0.008347,7.32143,222023
2115,15,9.86531,47,1,0,0,0.282292,0.010836,7.32836,222071
2116,15,9.78639,73,1,0,0,0.281445,0.010521,7.29883,222145
2117,15,9.5919,138,1,0,0,0.280601,0.006241,7.32977,222284
2118,15,9.77492,77,1,0,0,0.279759,0.005638,7.31734,222362
2119,15,9.82056,62,1,0,0,0.27892,0.009656,7.27218,222425
2120,15,9.55043,152,1,0,0,0.278083,0.006793,7.32883,222578
2121,15,-1.2,400,0,0,1,0.277249,0.008593,7.31446,222978
2122,15,-1.024,8,0,1,0,0.276417,0.009181,7.37881,222987
2123,15,9.69964,102,1,0,0,0.275588,0.008358,7.31271,223090
2124,15,9.73958,89,1,0,0,0.274761,0.007838,7.32835,223180
2125,15,-1.2,400,0,0,1,0.273937,0.00738,7.32466,223580
2126,15,9.88302,41,1,0,0,0.273115,0.007898,7.3596,223622
2127,15,9.90683,33,1,0,0,0.272295,0.010045,7.33445,223656
2128,15,9.77233,78,1,0,0,0.271478,0.006992,7.34547,223735
2129,15,-1.309,103,0,1,0,0.270664,0.007137,7.33964,223839
2130,15,-1.2,400,0,0,1,0.269852,0.007061,7.34775,224239
2131,15,9.85633,50,1,0,0,0.269042,0.008072,7.3253,224290
2132,15,9.8466,53,1,0,0,0.268235,0.004441,7.34379,224344
2133,15,-1.2,400,0,0,1,0.267431,0.007515,7.35319,224744
2134,15,9.30956,232,1,0,0,0.266628,0.008875,7.34388,224977
2135,15,9.82022,62,1,0,0,0.265828,0.008032,7.36429,225040
2136,15,-1.309,103,0,1,0,0.265031,0.008133,7.34813,225144
2137,15,-1.2,400,0,0,1,0.264236,0.008127,7.33096,225544
2138,15,9.75955,82,1,0,0,0.263443,0.009156,7.3434,225627
2139,15,-1.489,163,0,1,0,0.262653,0.007211,7.34937,225791
2140,15,-1.255,85,0,1,0,0.261865,0.007887,7.32359,225877
2141,15,-1.063,21,0,1,0,0.261079,0.002991,7.31218,225899
2142,15,9.81348,64,1,0,0,0.260296,0.005675,7.33808,225964
2143,15,-1.465,155,0,1,0,0.259515,0.010146,7.32021,226120
2144,15,-1.054,18,0,1,0,0.258737,0.008873,7.33112,226139
2145,15,9.88641,40,1,0,0,0.25796,0.009106,7.3454,226180
2146,15,9.82547,60,1,0,0,0.257187,0.007102,7.33113,226241
2147,15,-1.282,94,0,1,0,0.256415,0.013249,7.34759,226336
2148,15,-1.051,17,0,1,0,0.255646,0.012973,7.30908,226354
2149,15,9.72999,92,1,0,0,0.254879,0.010449,7.316,226447
2150,15,9.89778,36,1,0,0,0.254114,0.005945,7.32546,226484
2151,15,-1.069,23,0,1,0,0.253352,0.005947,7.33637,226508
2152,15,9.91908,29,1,0,0,0.252592,0.010976,7.33418,226538
2153,15,-1.051,17,0,1,0,0.251834,0.007865,7.362,226556
2154,15,-1.2,400,0,0,1,0.251079,0.008374,7.33457,226956
2155,15,-1.564,188,0,1,0,0.250325,0.01052,7.33961,227145
2156,15,-1.288,96,0,1,0,0.249574,0.008021,7.31668,227242
2157,15,-1.213,71,0,1,0,0.248826,0.01105,7.31265,227314
2158,15,9.71486,97,1,0,0,0.248079,0.009843,7.3211,227412
2159,15,9.88118,42,1,0,0,0.247335,0.003387,7.31064,227455
2160,15,9.91264,31,1,0,0,0.246593,0.010607,7.31396,227487
2161,15,-1.063,21,0,1,0,0.245853,0.004956,7.26088,227509
2162,15,9.72382,94,1,0,0,0.245116,0.008599,7.32241,227604
2163,15,9.85101,52,1,0,0,0.24438,0.012136,7.35759,227657
2164,15,9.86858,46,1,0,0,0.243647,0.003963,7.3325,227704
2165,15,9.46238,181,1,0,0,0.242916,0.009417,7.34425,227886
2166,15,-1.237,79,0,1,0,0.242187,0.007337,7.31245,227966
2167,15,9.87961,42,1,0,0,0.241461,0.008808,7.31276,228009
2168,15,-1.204,68,0,1,0,0.240736,0.009895,7.33868,228078
2169,15,9.74787,86,1,0,0,0.240014,0.00772,7.32642,228165
2170,15,-1.252,84,0,1,0,0.239294,0.00688,7.31823,228250
2171,15,-1.2,400,0,0,1,0.238576,0.008962,7.31006,228650
2172,15,-1.054,18,0,1,0,0.237861,0.006525,7.32127,228669
2173,15,-1.2,400,0,0,1,0.237147,0.011455,7.29679,229069
2174,15,-1.033,11,0,1,0,0.236436,0.007382,7.31703,229081
2175,15,-1.2,400,0,0,1,0.235726,0.009769,7.29025,229481
2176,15,-1.318,106,0,1,0,0.235019,0.007573,7.27744,229588
2177,15,-1.003,1,0,1,0,0.234314,0.004091,7.21483,229590
2178,15,9.7533,84,1,0,0,0.233611,0.013286,7.2717,229675
2179,15,-1.168,56,0,1,0,0.23291,0.013548,7.27074,229732
2180,15,9.81104,65,1,0,0,0.232211,0.009256,7.26591,229798
2181,15,9.68769,106,1,0,0,0.231515,0.011202,7.27444,229905
2182,15,-1.336,112,0,1,0,0.23082,0.007669,7.29315,230018
2183,15,9.90028,35,1,0,0,0.230128,0.012448,7.25199,230054
2184,15,-1.075,25,0,1,0,0.229437,0.004551,7.26181,230080
2185,15,9.78647,73,1,0,0,0.228749,0.010111,7.28901,230154
2186,15,-1.132,44,0,1,0,0.228063,0.011613,7.26622,230199
2187,15,-1.279,93,0,1,0,0.227379,0.010467,7.28187,230293
2188,15,-1.189,63,0,1,0,0.226697,0.005797,7.26502,230357
2189,15,9.86458,47,1,0,0,0.226016,0.0097,7.28809,230405
2190,15,-1.243,81,0,1,0,0.225338,0.013697,7.23335,230487
2191,15,9.68468,107,1,0,0,0.224662,0.010772,7.2819,230595
2192,15,9.91276,31,1,0,0,0.223988,0.01242,7.27452,230627
2193,15,9.79664,70,1,0,0,0.223316,0.010912,7.27508,230698
2194,15,9.78036,75,1,0,0,0.222646,0.006332,7.25453,230774
2195,15,9.91597,30,1,0,0,0.221979,0.017465,7.27817,230805
2196,15,9.83168,58,1,0,0,0.221313,0.009195,7.27225,230864
2197,15,9.87401,44,1,0,0,0.220649,0.008907,7.32506,230909
2198,15,-1.2,400,0,0,1,0.219987,0.009594,7.26349,231309
2199,15,-1.156,52,0,1,0,0.219327,0.008801,7.22645,231362
2200,15,9.75119,85,1,0,0,0.218669,0.008556,7.2617,231448
2201,15,-1.2,400,0,0,1,0.218013,0.010562,7.25014,231848
2202,15,9.7277,93,1,0,0,0.217359,0.010846,7.23641,231942
2203,15,-1.078,26,0,1,0,0.216707,0.011556,7.26691,231969
2204,15,9.89451,37,1,0,0,0.216057,0.008138,7.27424,232007
2205,15,-1.036,12,0,1,0,0.215408,0.008289,7.19293,232020
2206,15,-1.279,93,0,1,0,0.214762,0.007537,7.20825,232114
2207,15,9.94227,21,1,0,0,0.214118,0.01639,7.18033,232136
2208,15,-1.096,32,0,1,0,0.213476,0.013862,7.214,232169
2209,15,-1.291,97,0,1,0,0.212835,0.009144,7.22274,232267
2210,15,9.77599,77,1,0,0,0.212197,0.010147,7.24057,232345
2211,15,9.92806,26,1,0,0,0.21156,0.005234,7.23769,232372
2212,15,-1.054,18,0,1,0,0.210925,0.010874,7.20688,232391
2213,15,9.78403,74,1,0,0,0.210293,0.011339,7.22847,232466
2214,15,-1.243,81,0,1,0,0.209662,0.009979,7.21921,232548
2215,15,9.86174,48,1,0,0,0.209033,0.014509,7.1988,232597
2216,15,9.90051,35,1,0,0,0.208406,0.01353,7.25864,232633
2217,15,-1.0,0,0,1,0,0.20778,0.002889,7.22115,232634
2218,15,9.898,36,1,0,0,0.207157,0.009943,7.2175,232671
2219,15,9.83203,58,1,0,0,0.206536,0.00801,7.21498,232730
2220,15,-1.033,11,0,1,0,0.205916,0.01213,7.19988,232742
2221,15,9.95203,18,1,0,0,0.205298,0.008141,7.19668,232761
2222,15,9.8255,60,1,0,0,0.204682,0.011903,7.21777,232822
2223,15,-1.156,52,0,1,0,0.204068,0.012421,7.24361,232875
2224,15,9.92136,28,1,0,0,0.203456,0.015176,7.18968,232904
2225,15,-1.489,163,0,1,0,0.202846,0.013956,7.21898,233068
2226,15,-1.09,30,0,1,0,0.202237,0.014442,7.23258,233099
2227,15,-1.132,44,0,1,0,0.20163,0.014071,7.22885,233144
2228,15,9.87382,44,1,0,0,0.201026,0.011836,7.19478,233189
2229,15,9.82008,62,1,0,0,0.200422,0.012689,7.18998,233252
2230,15,-1.111,37,0,1,0,0.199821,0.010822,7.22776,233290
2231,15,9.85006,52,1,0,0,0.199222,0.018886,7.20303,233343
2232,15,9.86503,47,1,0,0,0.198624,0.016471,7.20317,233391
2233,15,9.7838,74,1,0,0,0.198028,0.008352,7.21016,233466
2234,15,9.68202,108,1,0,0,0.197434,0.01195,7.20597,233575
2235,15,-1.273,91,0,1,0,0.196842,0.014988,7.21085,233667
2236,15,9.88578,40,1,0,0,0.196251,0.013856,7.20488,233708
2237,15,9.84731,53,1,0,0,0.195663,0.012904,7.15707,233762
2238,15,-1.255,85,0,1,0,0.195076,0.012417,7.21598,233848
2239,15,-1.156,52,0,1,0,0.19449,0.010418,7.13695,233901
2240,15,-1.2,400,0,0,1,0.193907,0.012054,7.1766,234301
2241,15,9.88219,41,1,0,0,0.193325,0.013192,7.15307,234343
2242,15,-1.132,44,0,1,0,0.192745,0.011027,7.17825,234388
2243,15,-1.096,32,0,1,0,0.192167,0.009939,7.1577,234421
2244,15,-1.057,19,0,1,0,0.19159,0.004997,7.1387,234441
2245,15,9.73875,89,1,0,0,0.191016,0.009727,7.16933,234531
2246,15,9.26215,248,1,0,0,0.190443,0.015178,7.1561,234780
2247,15,9.56502,147,1,0,0,0.189871,0.014185,7.14373,234928
2248,15,9.87372,44,1,0,0,0.189302,0.016851,7.1482,234973
2249,15,-1.072,24,0,1,0,0.188734,0.008751,7.13499,234998
2250,15,9.86591,47,1,0,0,0.188168,0.012095,7.17262,235046
2251,15,-1.228,76,0,1,0,0.187603,0.013125,7.15529,235123
2252,15,-1.057,19,0,1,0,0.18704,0.011884,7.11307,235143
2253,15,-1.174,58,0,1,0,0.186479,0.011019,7.11949,235202
2254,15,9.89744,36,1,0,0,0.18592,0.008562,7.13442,235239
2255,15,9.73043,92,1,0,0,0.185362,0.01322,7.15836,235332
2256,15,9.76582,80,1,0,0,0.184806,0.01397,7.13765,235413
2257,15,-1.051,17,0,1,0,0.184251,0.025811,7.14413,235431
2258,15,9.94284,21,1,0,0,0.183699,0.014008,7.15854,235453
2259,15,9.90409,34,1,0,0,0.183148,0.009337,7.15121,235488
2260,15,9.82289,61,1,0,0,0.182598,0.01963,7.12112,235550
2261,15,9.93755,23,1,0,0,0.18205,0.015413,7.13721,235574
2262,15,-1.132,44,0,1,0,0.181504,0.011534,7.14682,235619
2263,15,9.92482,27,1,0,0,0.18096,0.017895,7.13643,235647
2264,15,-1.432,144,0,1,0,0.180417,0.013557,7.14272,235792
2265,15,9.76283,81,1,0,0,0.179876,0.016193,7.14396,235874
2266,15,-1.207,69,0,1,0,0.179336,0.012695,7.09215,235944
2267,15,9.90747,33,1,0,0,0.178798,0.016856,7.15107,235978
2268,15,-1.081,27,0,1,0,0.178262,0.022633,7.15047,236006
2269,15,9.81999,62,1,0,0,0.177727,0.013018,7.12365,236069
2270,15,-1.294,98,0,1,0,0.177194,0.012559,7.11266,236168
2271,15,9.86177,48,1,0,0,0.176662,0.009275,7.14853,236217
2272,15,9.88603,40,1,0,0,0.176132,0.012529,7.10779,236258
2273,15,-1.519,173,0,1,0,0.175604,0.015062,7.10758,236432
2274,15,9.90384,34,1,0,0,0.175077,0.025171,7.11026,236467
2275,15,9.72969,92,1,0,0,0.174552,0.013691,7.10968,236560
2276,15,-1.096,32,0,1,0,0.174028,0.016416,7.10414,236593
2277,15,9.85878,49,1,0,0,0.173506,0.017781,7.13796,236643
2278,15,-1.069,23,0,1,0,0.172985,0.008256,7.1434,236667
2279,15,-1.0,0,0,1,0,0.172466,0.002366,7.13221,236668
2280,15,9.79702,70,1,0,0,0.171949,0.013286,7.11744,236739
2281,15,9.87724,43,1,0,0,0.171433,0.019001,7.09068,236783
2282,15,-1.306,102,0,1,0,0.170919,0.015625,7.1314,236886
2283,15,9.8709,45,1,0,0,0.170406,0.014139,7.08727,236932
2284,15,9.81404,64,1,0,0,0.169895,0.015383,7.1125,236997
2285,15,9.87677,43,1,0,0,0.169385,0.012085,7.13029,237041
2286,15,9.89803,36,1,0,0,0.168877,0.013761,7.10364,237078
2287,15,9.65528,117,1,0,0,0.16837,0.014624,7.10282,237196
2288,15,9.90992,32,1,0,0,0.167865,0.012316,7.11452,237229
2289,15,9.82002,62,1,0,0,0.167362,0.022058,7.07631,237292
2290,15,9.77486,77,1,0,0,0.16686,0.014762,7.07318,237370
2291,15,9.79896,69,1,0,0,0.166359,0.013031,7.08226,237440
2292,15,-1.264,88,0,1,0,0.16586,0.015088,7.0837,237529
2293,15,-1.129,43,0,1,0,0.165362,0.007334,7.11279,237573
2294,15,9.87965,42,1,0,0,0.164866,0.011573,7.10457,237616
2295,15,9.88293,41,1,0,0,0.164372,0.013835,7.1145,237658
2296,15,9.88555,40,1,0,0,0.163879,0.01719,7.09737,237699
2297,15,9.87718,43,1,0,0,0.163387,0.007421,7.07431,237743
2298,15,9.68485,107,1,0,0,0.162897,0.017942,7.09687,237851
2299,15,9.79862,69,1,0,0,0.162408,0.013714,7.0963,237921
2300,15,9.90099,35,1,0,0,0.161921,0.009097,7.08207,237957
2301,15,9.83197,58,1,0,0,0.161435,0.016165,7.09149,238016
2302,15,9.93702,23,1,0,0,0.160951,0.010769,7.10381,238040
2303,15,9.81129,65,1,0,0,0.160468,0.017276,7.10141,238106
2304,15,-1.099,33,0,1,0,0.159986,0.01334,7.03885,238140
2305,15,-1.039,13,0,1,0,0.159507,0.0206,7.07375,238154
2306,15,9.78084,75,1,0,0,0.159028,0.019763,7.09323,238230
2307,15,9.88627,40,1,0,0,0.158551,0.012773,7.10826,238271
2308,15,-1.06,20,0,1,0,0.158075,0.014316,7.06012,238292
2309,15,9.88029,42,1,0,0,0.157601,0.014237,7.05041,238335
2310,15,9.67629,110,1,0,0,0.157128,0.016776,7.08425,238446
2311,15,-1.09,30,0,1,0,0.156657,0.01863,7.08933,238477
2312,15,-1.252,84,0,1,0,0.156187,0.012519,7.06559,238562
2313,15,-1.06,20,0,1,0,0.155718,0.009801,7.06486,238583
2314,15,9.93716,23,1,0,0,0.155251,0.012232,7.08094,238607
2315,15,9.70662,100,1,0,0,0.154785,0.009379,7.07445,238708
2316,15,9.814,64,1,0,0,0.154321,0.013813,7.08845,238773
2317,15,-1.114,38,0,1,0,0.153858,0.014274,7.06406,238812
2318,15,-1.36,120,0,1,0,0.153397,0.020788,7.05202,238933
2319,15,9.91002,32,1,0,0,0.152936,0.024596,7.05125,238966
2320,15,9.79945,69,1,0,0,0.152478,0.017772,7.05905,239036
2321,15,9.86188,48,1,0,0,0.15202,0.022529,7.04849,239085
2322,15,9.77179,78,1,0,0,0.151564,0.014931,7.09991,239164
2323,15,9.93728,23,1,0,0,0.151109,0.012396,7.13538,239188
2324,15,9.89212,38,1,0,0,0.150656,0.014623,7.07147,239227
2325,15,9.80828,66,1,0,0,0.150204,0.011185,7.05131,239294
2326,15,9.90738,33,1,0,0,0.149753,0.016499,7.06942,239328
2327,15,9.7781,76,1,0,0,0.149304,0.016572,7.03764,239405
2328,15,9.84414,54,1,0,0,0.148856,0.013334,7.06572,239460
2329,15,9.91296,31,1,0,0,0.14841,0.012827,7.10878,239492
2330,15,-1.012,4,0,1,0,0.147964,0.029488,7.07798,239497
2331,15,9.86803,46,1,0,0,0.147521,0.015564,7.07936,239544
2332,15,9.77182,78,1,0,0,0.147078,0.016395,7.08284,239623
2333,15,9.91022,32,1,0,0,0.146637,0.013827,7.08743,239656
2334,15,9.71491,97,1,0,0,0.146197,0.017214,7.05954,239754
2335,15,9.89818,36,1,0,0,0.145758,0.009813,7.07553,239791
2336,15,9.90083,35,1,0,0,0.145321,0.009742,7.08901,239827
2337,15,9.87048,45,1,0,0,0.144885,0.015745,7.09426,239873
2338,15,9.9214,28,1,0,0,0.14445,0.009129,7.07235,239902
2339,15,9.84968,52,1,0,0,0.144017,0.015483,7.09182,239955
2340,15,9.94303,21,1,0,0,0.143585,0.01565,7.12866,239977
2341,15,9.84671,53,1,0,0,0.143154,0.015316,7.08667,240031
2342,15,-1.039,13,0,1,0,0.142725,0.016432,7.05097,240045
2343,15,-1.072,24,0,1,0,0.142297,0.024725,7.03765,240070
2344,15,-1.033,11,0,1,0,0.14187,0.012363,7.09903,240082
2345,15,9.86484,47,1,0,0,0.141444,0.012858,7.08154,240130
2346,15,9.92182,28,1,0,0,0.14102,0.015198,7.07946,240159
2347,15,9.82309,61,1,0,0,0.140597,0.012846,7.0848,240221
2348,15,9.8197,62,1,0,0,0.140175,0.014711,7.09893,240284
2349,15,9.89192,38,1,0,0,0.139754,0.023471,7.10142,240323
2350,15,9.79891,69,1,0,0,0.139335,0.017769,7.12089,240393
2351,15,9.80795,66,1,0,0,0.138917,0.015716,7.11785,240460
2352,15,9.85583,50,1,0,0,0.1385,0.017738,7.10785,240511
2353,15,9.87989,42,1,0,0,0.138085,0.02017,7.11828,240554
2354,15,9.87689,43,1,0,0,0.137671,0.022317,7.06968,240598
2355,15,-1.117,39,0,1,0,0.137258,0.017167,7.08308,240638
2356,15,9.75043,85,1,0,0,0.136846,0.014441,7.12794,240724
2357,15,9.78947,72,1,0,0,0.136435,0.015712,7.11787,240797
2358,15,9.86738,46,1,0,0,0.136026,0.017472,7.09001,240844
2359,15,-1.447,149,0,1,0,0.135618,0.019572,7.11087,240994
2360,15,9.8984,36,1,0,0,0.135211,0.014252,7.08249,241031
2361,15,9.9188,29,1,0,0,0.134805,0.019468,7.09767,241061
2362,15,9.93072,25,1,0,0,0.134401,0.020917,7.14312,241087
2363,15,9.78955,72,1,0,0,0.133998,0.01431,7.13382,241160
2364,15,9.86799,46,1,0,0,0.133596,0.014936,7.09875,241207
2365,15,9.83144,58,1,0,0,0.133195,0.020144,7.1125,241266
2366,15,-1.303,101,0,1,0,0.132795,0.019029,7.14612,241368
2367,15,9.89748,36,1,0,0,0.132397,0.02213,7.10193,241405
2368,15,9.78769,73,1,0,0,0.132,0.014982,7.13118,241479
2369,15,9.79906,69,1,0,0,0.131604,0.019765,7.08496,241549
2370,15,9.84733,53,1,0,0,0.131209,0.013704,7.11579,241603
2371,15,9.92221,28,1,0,0,0.130815,0.014554,7.15405,241632
2372,15,-1.201,67,0,1,0,0.130423,0.015267,7.13045,241700
2373,15,9.88895,39,1,0,0,0.130032,0.014898,7.12954,241740
2374,15,9.7791,76,1,0,0,0.129642,0.017177,7.14639,241817
2375,15,9.79893,69,1,0,0,0.129253,0.01744,7.14529,241887
2376,15,-1.159,53,0,1,0,0.128865,0.020583,7.13883,241941
2377,15,-1.15,50,0,1,0,0.128478,0.021867,7.14005,241992
2378,15,-1.309,103,0,1,0,0.128093,0.021346,7.14525,242096
2379,15,9.83519,57,1,0,0,0.127709,0.015073,7.16845,242154
2380,15,9.76641,80,1,0,0,0.127325,0.018875,7.14641,242235
2381,15,-1.009,3,0,1,0,0.126943,0.017501,7.15602,242239
2382,15,-1.069,23,0,1,0,0.126563,0.007384,7.14466,242263
2383,15,-1.2,400,0,0,1,0.126183,0.020258,7.1601,242663
2384,15,-1.12,40,0,1,0,0.125804,0.018176,7.16304,242704
2385,15,9.90959,32,1,0,0,0.125427,0.026319,7.15542,242737
2386,15,-1.147,49,0,1,0,0.125051,0.022608,7.15928,242787
2387,15,-1.339,113,0,1,0,0.124676,0.026547,7.18562,242901
2388,15,-1.135,45,0,1,0,0.124302,0.025422,7.18425,242947
2389,15,9.89489,37,1,0,0,0.123929,0.019603,7.15669,242985
2390,15,-1.048,16,0,1,0,0.123557,0.00598,7.16429,243002
2391,15,-1.123,41,0,1,0,0.123186,0.018461,7.19578,243044
2392,15,9.78725,73,1,0,0,0.122817,0.015295,7.18541,243118
2393,15,9.86815,46,1,0,0,0.122448,0.015268,7.19098,243165
2394,15,-1.072,24,0,1,0,0.122081,0.018898,7.19897,243190
2395,15,-1.123,41,0,1,0,0.121715,0.02441,7.16721,243232
2396,15,9.8108,65,1,0,0,0.121349,0.021735,7.20646,243298
2397,15,9.91851,29,1,0,0,0.120985,0.013763,7.16337,243328
2398,15,-1.009,3,0,1,0,0.120622,0.00544,7.27784,243332
2399,15,-1.018,6,0,1,0,0.120261,0.028697,7.23282,243339
2400,15,9.89512,37,1,0,0,0.1199,0.018294,7.19785,243377
2401,15,9.67908,109,1,0,0,0.11954,0.021802,7.21719,243487
2402,15,9.90054,35,1,0,0,0.119181,0.019266,7.17822,243523
2403,15,9.94283,21,1,0,0,0.118824,0.014713,7.20332,243545
2404,15,9.83807,56,1,0,0,0.118467,0.020998,7.21121,243602
2405,15,9.77504,77,1,0,0,0.118112,0.020388,7.21704,243680
2406,15,9.89194,38,1,0,0,0.117758,0.011187,7.19844,243719
2407,15,-1.15,50,0,1,0,0.117404,0.016515,7.20654,243770
2408,15,-1.156,52,0,1,0,0.117052,0.027069,7.2075,243823
2409,15,9.87083,45,1,0,0,0.116701,0.023749,7.20614,243869
2410,15,-1.009,3,0,1,0,0.116351,0.029591,7.30981,243873
2411,15,9.87998,42,1,0,0,0.116002,0.016693,7.21516,243916
2412,15,9.77163,78,1,0,0,0.115654,0.021855,7.20803,243995
2413,15,-1.075,25,0,1,0,0.115307,0.030603,7.17253,244021
2414,15,-1.123,41,0,1,0,0.114961,0.015675,7.22199,244063
2415,15,9.92817,26,1,0,0,0.114616,0.015826,7.18698,244090
2416,15,9.8078,66,1,0,0,0.114272,0.020019,7.21929,244157
2417,15,9.85882,49,1,0,0,0.113929,0.023895,7.23326,244207
2418,15,9.82578,60,1,0,0,0.113588,0.015447,7.23202,244268
2419,15,9.66397,114,1,0,0,0.113247,0.022156,7.21422,244383
2420,15,9.88561,40,1,0,0,0.112907,0.028374,7.21583,244424
2421,15,9.745,87,1,0,0,0.112568,0.027189,7.23017,244512
2422,15,-1.048,16,0,1,0,0.112231,0.018583,7.20605,244529
2423,15,9.91869,29,1,0,0,0.111894,0.024865,7.21258,244559
2424,15,9.76,82,1,0,0,0.111558,0.020744,7.26036,244642
2425,15,9.79643,70,1,0,0,0.111224,0.02738,7.23218,244713
2426,15,-1.168,56,0,1,0,0.11089,0.020808,7.23404,244770
2427,15,-1.219,73,0,1,0,0.110557,0.023836,7.26548,244844
2428,15,-1.039,13,0,1,0,0.110226,0.005634,7.22877,244858
2429,15,-1.09,30,0,1,0,0.109895,0.019885,7.22884,244889
2430,15,9.87982,42,1,0,0,0.109565,0.027473,7.23281,244932
2431,15,-1.312,104,0,1,0,0.109237,0.020286,7.2561,245037
2432,15,-1.048,16,0,1,0,0.108909,0.029391,7.22152,245054
2433,15,9.90741,33,1,0,0,0.108582,0.023712,7.25686,245088
2434,15,9.72627,93,1,0,0,0.108256,0.018604,7.26715,245182
2435,15,9.7628,81,1,0,0,0.107932,0.018313,7.22279,245264
2436,15,9.89469,37,1,0,0,0.107608,0.020178,7.23184,245302
2437,15,9.95824,16,1,0,0,0.107285,0.019923,7.26802,245319
2438,15,-1.039,13,0,1,0,0.106963,0.031517,7.26955,245333
2439,15,9.859,49,1,0,0,0.106642,0.017896,7.228,245383
2440,15,-1.141,47,0,1,0,0.106322,0.017487,7.23197,245431
2441,15,9.73899,89,1,0,0,0.106003,0.017641,7.28852,245521
2442,15,9.8016,68,1,0,0,0.105685,0.020764,7.24413,245590
2443,15,9.81969,62,1,0,0,0.105368,0.024682,7.24972,245653
2444,15,9.87059,45,1,0,0,0.105052,0.027496,7.25705,245699
2445,15,9.85253,51,1,0,0,0.104737,0.022239,7.26614,245751
2446,15,9.89499,37,1,0,0,0.104423,0.020169,7.25219,245789
2447,15,9.9516,18,1,0,0,0.10411,0.028656,7.23577,245808
2448,15,9.84957,52,1,0,0,0.103797,0.025134,7.22848,245861
2449,15,9.86778,46,1,0,0,0.103486,0.026338,7.2931,245908
2450,15,9.8076,66,1,0,0,0.103175,0.025478,7.27026,245975
2451,15,9.67242,111,1,0,0,0.102866,0.024645,7.29218,246087
2452,15,9.81676,63,1,0,0,0.102557,0.024015,7.25292,246151
2453,15,-1.051,17,0,1,0,0.10225,0.024304,7.27914,246169
2454,15,9.8015,68,1,0,0,0.101943,0.020026,7.28565,246238
2455,15,9.88901,39,1,0,0,0.101637,0.022755,7.26602,246278
2456,15,-1.039,13,0,1,0,0.101332,0.028743,7.2806,246292
2457,15,9.8798,42,1,0,0,0.101028,0.022286,7.24998,246335
2458,15,9.82903,59,1,0,0,0.100725,0.018555,7.28114,246395
2459,15,-1.045,15,0,1,0,0.100423,0.010843,7.31816,246411
2460,15,9.92228,28,1,0,0,0.100122,0.027647,7.26346,246440
2461,15,-1.0,0,0,1,0,0.1,0.004014,7.30687,246441
2462,15,9.87989,42,1,0,0,0.1,0.021293,7.28296,246484
2463,15,9.72061,95,1,0,0,0.1,0.017204,7.29467,246580
2464,15,9.60952,132,1,0,0,0.1,0.022185,7.29407,246713
2465,15,-1.039,13,0,1,0,0.1,0.034501,7.29032,246727
2466,15,-1.138,46,0,1,0,0.1,0.024551,7.33554,246774
2467,15,9.81375,64,1,0,0,0.1,0.020384,7.32573,246839
2468,15,9.94932,19,1,0,0,0.1,0.016887,7.28662,246859
2469,15,9.90097,35,1,0,0,0.1,0.027355,7.33563,246895
2470,15,-1.162,54,0,1,0,0.1,0.014519,7.32148,246950
2471,15,9.9097,32,1,0,0,0.1,0.018601,7.35059,246983
2472,15,9.85649,50,1,0,0,0.1,0.027706,7.2996,247034
2473,15,9.87403,44,1,0,0,0.1,0.017738,7.31225,247079
2474,15,-1.033,11,0,1,0,0.1,0.030375,7.31772,247091
2475,15,9.69697,103,1,0,0,0.1,0.017523,7.31605,247195
2476,15,9.88004,42,1,0,0,0.1,0.012358,7.2852,247238
2477,15,9.8263,60,1,0,0,0.1,0.022689,7.33367,247299
2478,15,9.86443,47,1,0,0,0.1,0.017203,7.30469,247347
2479,15,9.79581,70,1,0,0,0.1,0.020664,7.32012,247418
2480,15,9.76865,79,1,0,0,0.1,0.018314,7.3043,247498
2481,15,-1.09,30,0,1,0,0.1,0.02902,7.31443,247529
2482,15,9.61561,130,1,0,0,0.1,0.022859,7.33373,247660
2483,15,9.76583,80,1,0,0,0.1,0.019612,7.33309,247741
2484,15,9.9158,30,1,0,0,0.1,0.028518,7.32556,247772
2485,15,9.93082,25,1,0,0,0.1,0.013431,7.33808,247798
2486,15,9.83483,57,1,0,0,0.1,0.027237,7.33086,247856
2487,15,9.95859,16,1,0,0,0.1,0.027754,7.31071,247873
2488,15,9.63686,123,1,0,0,0.1,0.021564,7.33662,247997
2489,15,9.9403,22,1,0,0,0.1,0.023275,7.29994,248020
2490,15,9.92793,26,1,0,0,0.1,0.033248,7.3015,248047
2491,15,9.91533,30,1,0,0,0.1,0.020734,7.32464,248078
2492,15,9.80798,66,1,0,0,0.1,0.02631,7.36,248145
2493,15,9.67603,110,1,0,0,0.1,0.022815,7.33094,248256
2494,15,9.77471,77,1,0,0,0.1,0.023657,7.31992,248334
2495,15,-1.03,10,0,1,0,0.1,0.02184,7.36334,248345
2496,15,9.84383,54,1,0,0,0.1,0.024237,7.3252,248400
2497,15,9.91599,30,1,0,0,0.1,0.023073,7.29919,248431
2498,15,9.88003,42,1,0,0,0.1,0.030688,7.33806,248474
2499,15,9.80479,67,1,0,0,0.1,0.024469,7.32972,248542
2500,15,9.87703,43,1,0,0,0.1,0.025024,7.36062,248586
2501,15,9.84956,52,1,0,0,0.1,0.021982,7.36796,248639
2502,15,9.82859,59,1,0,0,0.1,0.023436,7.36511,248699
2503,15,-1.144,48,0,1,0,0.1,0.019557,7.36049,248748
2504,15,9.78713,73,1,0,0,0.1,0.022142,7.37693,248822
2505,15,-1.03,10,0,1,0,0.1,0.019295,7.43121,248833
2506,15,9.90641,33,1,0,0,0.1,0.025579,7.40498,248867
2507,15,-1.051,17,0,1,0,0.1,0.024635,7.36203,248885
2508,15,9.83801,56,1,0,0,0.1,0.025354,7.3328,248942
2509,15,9.96142,15,1,0,0,0.1,0.012685,7.37341,248958
2510,15,9.79595,70,1,0,0,0.1,0.030577,7.36135,249029
2511,15,9.91049,32,1,0,0,0.1,0.027826,7.36577,249062
2512,15,9.90398,34,1,0,0,0.1,0.023606,7.31636,249097
2513,15,9.93369,24,1,0,0,0.1,0.030065,7.36882,249122
2514,15,-1.054,18,0,1,0,0.1,0.024914,7.4045,249141
2515,15,9.87429,44,1,0,0,0.1,0.019389,7.36848,249186
2516,15,9.86827,46,1,0,0,0.1,0.02015,7.34098,249233
2517,15,9.80771,66,1,0,0,0.1,0.019908,7.3769,249300
2518,15,9.87992,42,1,0,0,0.1,0.024269,7.35037,249343
2519,15,9.86768,46,1,0,0,0.1,0.019365,7.34218,249390
2520,15,9.85221,51,1,0,0,0.1,0.022773,7.36671,249442
2521,15,9.90963,32,1,0,0,0.1,0.020173,7.34631,249475
2522,15,9.87959,42,1,0,0,0.1,0.023397,7.3424,249518
2523,15,9.7685,79,1,0,0,0.1,0.021479,7.3899,249598
2524,15,9.78655,73,1,0,0,0.1,0.025036,7.39227,249672
2525,15,9.88601,40,1,0,0,0.1,0.01558,7.33732,249713
2526,15,9.89489,37,1,0,0,0.1,0.015752,7.34797,249751
2527,15,9.77784,76,1,0,0,0.1,0.015959,7.39539,249828
2528,15,9.82306,61,1,0,0,0.1,0.022216,7.38885,249890
2529,15,9.8888,39,1,0,0,0.1,0.013753,7.37322,249930
2530,15,9.8224,61,1,0,0,0.1,0.022067,7.37829,249992
2531,15,-1.015,5,0,1,0,0.1,0.013351,7.37953,249998
2532,15,9.8348,57,1,0,0,0.1,0.019057,7.37132,250056
2533,15,9.94853,19,1,0,0,0.1,0.021195,7.40011,250076
2534,15,9.57692,143,1,0,0,0.1,0.016914,7.40486,250220
2535,15,9.8079,66,1,0,0,0.1,0.02319,7.38364,250287
2536,15,9.79927,69,1,0,0,0.1,0.020812,7.37579,250357
2537,15,9.91032,32,1,0,0,0.1,0.027634,7.35431,250390
2538,15,-1.096,32,0,1,0,0.1,0.026239,7.37435,250423
2539,15,9.87656,43,1,0,0,0.1,0.024653,7.38205,250467
2540,15,9.94293,21,1,0,0,0.1,0.021383,7.43379,250489
2541,15,9.8952,37,1,0,0,0.1,0.031522,7.35108,250527
2542,15,9.86479,47,1,0,0,0.1,0.02036,7.39121,250575
2543,15,9.74517,87,1,0,0,0.1,0.018004,7.36273,250663
2544,15,9.94896,19,1,0,0,0.1,0.030046,7.37742,250683
2545,15,9.79893,69,1,0,0,0.1,0.028524,7.36606,250753
2546,15,9.9094,32,1,0,0,0.1,0.022676,7.3739,250786
2547,15,9.8288,59,1,0,0,0.1,0.021488,7.38599,250846
2548,15,9.91319,31,1,0,0,0.1,0.01814,7.35699,250878
2549,15,9.91322,31,1,0,0,0.1,0.019159,7.36167,250910
2550,15,9.87717,43,1,0,0,0.1,0.023086,7.36306,250954
2551,15,9.7811,75,1,0,0,0.1,0.02553,7.36219,251030
2552,15,9.63982,122,1,0,0,0.1,0.021283,7.39049,251153
2553,15,9.90059,35,1,0,0,0.1,0.02448,7.38453,251189
2554,15,9.83486,57,1,0,0,0.1,0.017643,7.3751,251247
2555,15,9.95235,18,1,0,0,0.1,0.023433,7.44004,251266
2556,15,-1.069,23,0,1,0,0.1,0.031754,7.40551,251290
2557,15,9.81723,63,1,0,0,0.1,0.016667,7.39741,251354
2558,15,9.90344,34,1,0,0,0.1,0.018533,7.37326,251389
2559,15,9.82882,59,1,0,0,0.1,0.02048,7.36005,251449
2560,15,9.79838,69,1,0,0,0.1,0.021083,7.38492,251519
2561,15,9.92198,28,1,0,0,0.1,0.023723,7.35453,251548
2562,15,9.73596,90,1,0,0,0.1,0.022488,7.37734,251639
2563,15,9.87363,44,1,0,0,0.1,0.019769,7.40089,251684
2564,15,9.87938,42,1,0,0,0.1,0.011541,7.38385,251727
2565,15,9.89772,36,1,0,0,0.1,0.014379,7.38149,251764
2566,15,9.77184,78,1,0,0,0.1,0.019145,7.37176,251843
2567,15,-1.069,23,0,1,0,0.1,0.016346,7.41003,251867
2568,15,9.82013,62,1,0,0,0.1,0.013003,7.38941,251930
2569,15,9.94389,21,1,0,0,0.1,0.009974,7.36269,251952
2570,15,-1.309,103,0,1,0,0.1,0.020838,7.37638,252056
2571,15,9.90082,35,1,0,0,0.1,0.019929,7.42154,252092
2572,15,9.80515,67,1,0,0,0.1,0.021159,7.36762,252160
2573,15,-1.042,14,0,1,0,0.1,0.021809,7.4109,252175
2574,15,9.90958,32,1,0,0,0.1,0.023214,7.3938,252208
2575,15,9.75977,82,1,0,0,0.1,0.019627,7.39863,252291
2576,15,9.65815,116,1,0,0,0.1,0.021797,7.37011,252408
2577,15,9.78703,73,1,0,0,0.1,0.018743,7.39717,252482
2578,15,9.92165,28,1,0,0,0.1,0.025069,7.43135,252511
2579,15,9.90391,34,1,0,0,0.1,0.016623,7.3663,252546
2580,15,9.88652,40,1,0,0,0.1,0.020457,7.393,252587
2581,15,9.82025,63,1,0,0,0.1,0.02475,7.37193,252651
2582,15,9.76987,79,1,0,0,0.1,0.022458,7.39673,252731
2583,15,9.93069,25,1,0,0,0.1,0.017286,7.39615,252757
2584,15,-1.057,19,0,1,0,0.1,0.026253,7.41583,252777
2585,15,9.82283,61,1,0,0,0.1,0.021492,7.38237,252839
2586,15,9.82896,59,1,0,0,0.1,0.020518,7.39292,252899
2587,15,9.94281,21,1,0,0,0.1,0.016884,7.42001,252921
2588,15,9.74716,86,1,0,0,0.1,0.02479,7.38215,253008
2589,15,9.78408,74,1,0,0,0.1,0.019994,7.36957,253083
2590,15,9.79884,69,1,0,0,0.1,0.019367,7.39556,253153
2591,15,9.86796,46,1,0,0,0.1,0.019061,7.36229,253200
2592,15,9.9038,34,1,0,0,0.1,0.027143,7.3555,253235
2593,15,9.82599,60,1,0,0,0.1,0.029382,7.38311,253296
2594,15,9.87678,43,1,0,0,0.1,0.024308,7.40644,253340
2595,15,9.86795,46,1,0,0,0.1,0.016768,7.38694,253387
2596,15,-1.03,10,0,1,0,0.1,0.016124,7.37444,253398
2597,15,9.87378,44,1,0,0,0.1,0.013687,7.38633,253443
2598,15,9.82596,60,1,0,0,0.1,0.019405,7.38268,253504
2599,15,9.88265,41,1,0,0,0.1,0.028547,7.38506,253546
2600,2,9.59814,136,1,0,0,0.4995,0.0,0.0,253546
2601,2,9.90975,32,1,0,0,0.499001,0.0,0.0,253546
2602,2,-1.96,320,0,1,0,0.498501,0.0,0.0,253546
2603,2,9.64866,119,1,0,0,0.498003,0.0,0.0,253546
2604,2,-1.219,73,0,1,0,0.497505,0.0,0.0,253546
2605,2,-1.2,400,0,0,1,0.497007,0.060397,9.02439,253632
2606,2,-1.153,51,0,1,0,0.49651,0.042689,8.98259,253684
2607,2,-1.741,247,0,1,0,0.496014,0.03883,8.93219,253932
2608,2,9.86786,46,1,0,0,0.495518,0.03628,8.90741,253979
2609,2,9.53197,158,1,0,0,0.495022,0.031911,8.87589,254138
2610,2,9.65465,117,1,0,0,0.494527,0.024335,8.83424,254256
2611,2,-1.2,400,0,0,1,0.494033,0.023798,8.72773,254656
2612,2,-1.156,52,0,1,0,0.493539,0.025367,8.60991,254709
2613,2,9.00458,334,1,0,0,0.493045,0.0252,8.59657,255044
2614,2,9.82008,62,1,0,0,0.492552,0.023621,8.60602,255107
2615,2,-1.243,81,0,1,0,0.49206,0.02141,8.60418,255189
2616,2,9.72076,95,1,0,0,0.491568,0.023239,8.55684,255285
2617,2,-1.384,128,0,1,0,0.491076,0.021831,8.5344,255414
2618,2,9.42979,192,1,0,0,0.490585,0.025029,8.46764,255607
2619,2,-1.327,109,0,1,0,0.490094,0.021458,8.44626,255717
2620,2,-1.876,292,0,1,0,0.489604,0.028861,8.39849,256010
2621,2,9.84979,52,1,0,0,0.489115,0.031766,8.37408,256063
2622,2,-1.159,53,0,1,0,0.488626,0.024087,8.38667,256117
2623,2,-1.453,151,0,1,0,0.488137,0.027827,8.32778,256269
2624,2,-1.084,28,0,1,0,0.487649,0.035695,8.27319,256298
2625,2,9.85894,49,1,0,0,0.487161,0.028154,8.27237,256348
2626,2,9.64019,122,1,0,0,0.486674,0.027942,8.27409,256471
2627,2,-1.309,103,0,1,0,0.486187,0.030044,8.2441,256575
2628,2,-1.045,15,0,1,0,0.485701,0.036132,8.23787,256591
2629,2,-1.537,179,0,1,0,0.485215,0.030297,8.15191,256771
2630,2,-1.921,307,0,1,0,0.48473,0.027586,8.06318,257079
2631,2,9.27401,244,1,0,0,0.484246,0.024121,8.01342,257324
2632,2,-1.081,27,0,1,0,0.483761,0.026431,7.98108,257352
2633,2,-1.126,42,0,1,0,0.483278,0.035675,8.00483,257395
2634,2,-1.072,24,0,1,0,0.482794,0.024831,8.00856,257420
2635,2,9.6222,128,1,0,0,0.482311,0.031667,7.98208,257549
2636,2,9.51381,164,1,0,0,0.481829,0.02524,7.98339,257714
2637,2,-1.018,6,0,1,0,0.481347,0.021238,7.94355,257721
2638,2,-1.039,13,0,1,0,0.480866,0.027075,7.96398,257735
2639,2,-1.075,25,0,1,0,0.480385,0.027015,7.95555,257761
2640,2,9.77467,77,1,0,0,0.479905,0.028317,7.94748,257839
2641,2,9.87376,44,1,0,0,0.479425,0.031942,7.92017,257884
2642,2,-1.303,101,0,1,0,0.478945,0.035168,7.92593,257986
2643,2,9.83456,57,1,0,0,0.478466,0.033347,7.9209,258044
2644,2,9.38808,206,1,0,0,0.477988,0.031563,7.924,258251
2645,2,9.86471,47,1,0,0,0.47751,0.028922,7.928,258299
2646,2,9.72362,94,1,0,0,0.477032,0.029232,7.95155,258394
2647,2,9.89174,38,1,0,0,0.476555,0.022272,7.95887,258433
2648,2,9.72996,92,1,0,0,0.476079,0.020282,7.91751,258526
2649,2,-1.009,3,0,1,0,0.475603,0.025501,7.95855,258530
2650,2,9.87081,45,1,0,0,0.475127,0.040732,7.91634,258576
2651,2,-1.2,400,0,0,1,0.474652,0.028501,7.92202,258976
2652,2,9.85016,52,1,0,0,0.474177,0.027094,7.87725,259029
2653,2,9.64592,120,1,0,0,0.473703,0.026054,7.8851,259150
2654,2,-1.141,47,0,1,0,0.47323,0.017176,7.90288,259198
2655,2,-1.336,112,0,1,0,0.472756,0.025427,7.85397,259311
2656,2,-1.123,41,0,1,0,0.472284,0.029836,7.85187,259353
2657,2,-1.192,64,0,1,0,0.471811,0.029993,7.84473,259418
2658,2,9.17285,278,1,0,0,0.471339,0.032201,7.83204,259697
2659,2,-1.768,256,0,1,0,0.470868,0.030063,7.79918,259954
2660,2,9.87135,45,1,0,0,0.470397,0.030738,7.76982,260000
2661,2,9.75147,85,1,0,0,0.469927,0.02675,7.75426,260086
2662,2,-1.105,35,0,1,0,0.469457,0.024191,7.74504,260122
2663,2,-2.029,343,0,1,0,0.468987,0.025916,7.72526,260466
2664,2,-1.321,107,0,1,0,0.468518,0.031186,7.70977,260574
2665,2,9.81977,62,1,0,0,0.46805,0.027149,7.68066,260637
2666,2,9.72232,95,1,0,0,0.467582,0.029866,7.66486,260733
2667,2,-1.069,23,0,1,0,0.467114,0.026707,7.66989,260757
2668,2,-1.2,400,0,0,1,0.466647,0.027863,7.63462,261157
2669,2,9.76295,81,1,0,0,0.466181,0.025903,7.59273,261239
2670,2,9.8841,41,1,0,0,0.465714,0.030527,7.57848,261281
2671,2,-1.12,40,0,1,0,0.465249,0.025514,7.57665,261322
2672,2,-1.213,71,0,1,0,0.464783,0.026384,7.57728,261394
2673,2,-1.186,62,0,1,0,0.464319,0.024951,7.55516,261457
2674,2,-1.048,16,0,1,0,0.463854,0.022508,7.56489,261474
2675,2,-1.03,10,0,1,0,0.46339,0.036383,7.57114,261485
2676,2,-1.15,50,0,1,0,0.462927,0.030555,7.53209,261536
2677,2,9.74497,87,1,0,0,0.462464,0.029846,7.54287,261624
2678,2,8.91385,364,1,0,0,0.462002,0.031335,7.51787,261989
2679,2,-1.123,41,0,1,0,0.46154,0.028331,7.51964,262031
2680,2,-1.093,31,0,1,0,0.461078,0.023291,7.49119,262063
2681,2,-1.102,34,0,1,0,0.460617,0.031066,7.49774,262098
2682,2,-1.084,28,0,1,0,0.460156,0.029768,7.49775,262127
2683,2,-1.16306,55,0,1,0,0.459696,0.037213,7.50592,262183
2684,2,-1.252,84,0,1,0,0.459237,0.029868,7.49259,262268
2685,2,9.77225,78,1,0,0,0.458777,0.031698,7.4947,262347
2686,2,9.91902,29,1,0,0,0.458319,0.03803,7.46982,262377
2687,2,9.89762,36,1,0,0,0.45786,0.030849,7.49117,262414
2688,2,9.46932,179,1,0,0,0.457402,0.033317,7.47388,262594
2689,2,9.85057,52,1,0,0,0.456945,0.024069,7.4705,262647
2690,2,-1.159,53,0,1,0,0.456488,0.033694,7.47098,262701
2691,2,9.47901,176,1,0,0,0.456032,0.032657,7.44734,262878
2692,2,-1.18,60,0,1,0,0.455576,0.032812,7.44287,262939
2693,2,9.84971,52,1,0,0,0.45512,0.029443,7.4259,262992
2694,2,-1.078,26,0,1,0,0.454665,0.022675,7.43098,263019
2695,2,9.76882,79,1,0,0,0.45421,0.03247,7.42411,263099
2696,2,9.75344,84,1,0,0,0.453756,0.02569,7.41973,263184
2697,2,9.75086,85,1,0,0,0.453302,0.022875,7.4268,263270
2698,2,-1.438,146,0,1,0,0.452849,0.036174,7.4163,263417
2699,2,9.69051,105,1,0,0,0.452396,0.036658,7.3986,263523
2700,2,9.77212,78,1,0,0,0.451944,0.029807,7.38236,263602
2701,2,9.79234,71,1,0,0,0.451492,0.031143,7.37865,263674
2702,2,-1.222,74,0,1,0,0.45104,0.028584,7.38824,263749
2703,2,9.8036,68,1,0,0,0.450589,0.034205,7.38959,263818
2704,2,-1.65854,220,0,1,0,0.450139,0.024309,7.3744,264039
2705,2,-1.288,96,0,1,0,0.449688,0.032302,7.35527,264136
2706,2,-1.123,41,0,1,0,0.449239,0.024228,7.36025,264178
2707,2,-1.36,120,0,1,0,0.44879,0.03091,7.34591,264299
2708,2,9.79628,70,1,0,0,0.448341,0.032114,7.33627,264370
2709,2,9.7272,93,1,0,0,0.447892,0.027991,7.34467,264464
2710,2,-1.12,40,0,1,0,0.447445,0.024523,7.34156,264505
2711,2,9.81045,65,1,0,0,0.446997,0.032718,7.33819,264571
2712,2,-1.018,6,0,1,0,0.44655,0.011527,7.2944,264578
2713,2,9.85532,50,1,0,0,0.446104,0.026328,7.32803,264629
2714,2,9.64043,122,1,0,0,0.445657,0.030099,7.32228,264752
2715,2,9.84737,53,1,0,0,0.445212,0.03238,7.32042,264806
2716,2,-1.222,74,0,1,0,0.444767,0.034024,7.30682,264881
2717,2,9.84071,55,1,0,0,0.444322,0.024324,7.33606,264937
2718,2,9.82373,61,1,0,0,0.443877,0.044657,7.3181,264999
2719,2,-1.117,39,0,1,0,0.443434,0.032217,7.33121,265039
2720,2,9.77927,76,1,0,0,0.44299,0.0257,7.29667,265116
2721,2,-1.291,97,0,1,0,0.442547,0.028877,7.32401,265214
2722,2,-1.168,56,0,1,0,0.442105,0.028628,7.33798,265271
2723,2,-1.414,138,0,1,0,0.441663,0.034062,7.3008,265410
2724,2,-2.107,369,0,1,0,0.441221,0.032515,7.27318,265780
2725,2,9.8088,66,1,0,0,0.44078,0.029761,7.27567,265847
2726,2,9.67343,111,1,0,0,0.440339,0.033703,7.24989,265959
2727,2,9.64313,121,1,0,0,0.439899,0.031847,7.24617,266081
2728,2,9.75983,82,1,0,0,0.439459,0.030711,7.24899,266164
2729,2,-1.411,137,0,1,0,0.439019,0.027456,7.25213,266302
2730,2,9.60569,134,1,0,0,0.43858,0.027316,7.24826,266437
2731,2,-1.063,21,0,1,0,0.438142,0.021781,7.22736,266459
2732,2,9.84703,53,1,0,0,0.437703,0.028489,7.26178,266513
2733,2,-1.369,123,0,1,0,0.437266,0.027166,7.24332,266637
2734,2,-1.081,27,0,1,0,0.436828,0.016089,7.2722,266665
2735,2,9.67287,111,1,0,0,0.436392,0.033711,7.26129,266777
2736,2,9.82314,61,1,0,0,0.435955,0.034979,7.27001,266839
2737,2,-1.417,139,0,1,0,0.435519,0.032321,7.26757,266979
2738,2,9.90188,35,1,0,0,0.435084,0.030382,7.24643,267015
2739,2,-1.27,90,0,1,0,0.434649,0.033178,7.26721,267106
2740,2,-1.219,73,0,1,0,0.434214,0.032882,7.26636,267180
2741,2,9.81987,62,1,0,0,0.43378,0.038755,7.26497,267243
2742,2,9.87597,44,1,0,0,0.433346,0.044052,7.25834,267288
2743,2,9.81088,65,1,0,0,0.432913,0.03269,7.26072,267354
2744,2,-1.312,104,0,1,0,0.43248,0.031244,7.27111,267459
2745,2,9.7644,81,1,0,0,0.432047,0.034444,7.25449,267541
2746,2,-1.144,48,0,1,0,0.431615,0.038198,7.24306,267590
2747,2,9.76864,79,1,0,0,0.431184,0.031546,7.2602,267670
2748,2,-1.2,400,0,0,1,0.430752,0.031956,7.26468,268070
2749,2,9.52064,162,1,0,0,0.430322,0.030238,7.26656,268233
2750,2,-1.036,12,0,1,0,0.429891,0.016512,7.23903,268246
2751,2,9.67468,111,1,0,0,0.429461,0.037223,7.24667,268358
2752,2,-1.123,41,0,1,0,0.429032,0.037921,7.26893,268400
2753,2,-1.924,308,0,1,0,0.428603,0.031452,7.24241,268709
2754,2,9.79045,72,1,0,0,0.428174,0.029903,7.23061,268782
2755,2,9.77253,78,1,0,0,0.427746,0.033113,7.24405,268861
2756,2,-1.045,15,0,1,0,0.427318,0.02633,7.26252,268877
2757,2,9.78725,73,1,0,0,0.426891,0.024018,7.24147,268951
2758,2,-1.162,54,0,1,0,0.426464,0.030755,7.25666,269006
2759,2,9.86745,46,1,0,0,0.426038,0.029105,7.25405,269053
2760,2,-1.102,34,0,1,0,0.425612,0.029549,7.26244,269088
2761,2,-1.03,10,0,1,0,0.425186,0.020781,7.23092,269099
2762,2,9.8942,37,1,0,0,0.424761,0.036669,7.23847,269137
2763,2,9.89191,38,1,0,0,0.424336,0.039379,7.25722,269176
2764,2,-1.081,27,0,1,0,0.423912,0.038255,7.21944,269204
2765,2,-1.213,71,0,1,0,0.423488,0.039318,7.23819,269276
2766,2,9.83505,57,1,0,0,0.423064,0.023566,7.26158,269334
2767,2,9.82303,61,1,0,0,0.422641,0.032655,7.2489,269396
2768,2,-1.078,26,0,1,0,0.422219,0.025468,7.25317,269423
2769,2,-1.261,87,0,1,0,0.421797,0.034636,7.24702,269511
2770,2,9.85609,50,1,0,0,0.421375,0.027255,7.27453,269562
2771,2,9.82678,60,1,0,0,0.420953,0.032882,7.2746,269623
2772,2,-1.084,28,0,1,0,0.420532,0.02195,7.28381,269652
2773,2,-1.066,22,0,1,0,0.420112,0.03717,7.23977,269675
2774,2,9.80763,66,1,0,0,0.419692,0.031141,7.27685,269742
2775,2,-1.177,59,0,1,0,0.419272,0.033977,7.25703,269802
2776,2,-1.183,61,0,1,0,0.418853,0.037841,7.25946,269864
2777,2,-1.036,12,0,1,0,0.418434,0.029818,7.28246,269877
2778,2,-1.042,14,0,1,0,0.418016,0.047403,7.28702,269892
2779,2,9.80495,67,1,0,0,0.417597,0.038118,7.27599,269960
2780,2,-1.117,39,0,1,0,0.41718,0.042161,7.28192,270000
2781,2,9.79138,72,1,0,0,0.416763,0.0408,7.26575,270073
2782,2,-1.2,400,0,0,1,0.416346,0.034121,7.28721,270473
2783,2,-1.135,45,0,1,0,0.41593,0.042836,7.28129,270519
2784,2,-1.219,73,0,1,0,0.415514,0.038744,7.26916,270593
2785,2,-1.087,29,0,1,0,0.415098,0.039136,7.26514,270623
2786,2,9.9099,32,1,0,0,0.414683,0.033308,7.27686,270656
2787,2,9.89164,38,1,0,0,0.414268,0.038172,7.26749,270695
2788,2,-1.069,23,0,1,0,0.413854,0.035916,7.29047,270719
2789,2,-1.084,28,0,1,0,0.41344,0.035449,7.26395,270748
2790,2,-1.219,73,0,1,0,0.413027,0.038938,7.28321,270822
2791,2,9.86198,48,1,0,0,0.412614,0.042356,7.27205,270871
2792,2,9.81224,65,1,0,0,0.412201,0.038497,7.2862,270937
2793,2,9.87398,44,1,0,0,0.411789,0.035179,7.30114,270982
2794,2,-1.051,17,0,1,0,0.411377,0.040567,7.29903,271000
2795,2,9.73859,89,1,0,0,0.410966,0.040687,7.32313,271090
2796,2,9.91025,32,1,0,0,0.410555,0.035261,7.2951,271123
2797,2,9.85951,49,1,0,0,0.410144,0.039847,7.33268,271173
2798,2,-1.192,64,0,1,0,0.409734,0.028069,7.31052,271238
2799,2,-1.048,16,0,1,0,0.409324,0.034027,7.31799,271255
2800,2,-1.234,78,0,1,0,0.408915,0.041885,7.34107,271334
2801,2,-1.24,80,0,1,0,0.408506,0.041198,7.32081,271415
2802,2,-1.129,43,0,1,0,0.408098,0.035931,7.35642,271459
2803,2,-1.087,29,0,1,0,0.40769,0.067912,7.3318,271489
2804,2,9.88958,39,1,0,0,0.407282,0.037844,7.33803,271529
2805,2,9.88566,40,1,0,0,0.406875,0.052236,7.32759,271570
2806,2,9.87433,44,1,0,0,0.406468,0.040254,7.34425,271615
2807,2,9.12138,295,1,0,0,0.406061,0.041142,7.35121,271911
2808,2,-1.054,18,0,1,0,0.405655,0.034393,7.33664,271930
2809,2,9.9189,29,1,0,0,0.40525,0.038224,7.32831,271960
2810,2,-1.42,140,0,1,0,0.404844,0.036217,7.35627,272101
2811,2,9.8527,51,1,0,0,0.404439,0.039311,7.35382,272153
2812,2,9.74777,86,1,0,0,0.404035,0.041422,7.35285,272240
2813,2,-1.102,34,0,1,0,0.403631,0.032178,7.37679,272275
2814,2,-1.027,9,0,1,0,0.403227,0.023633,7.40728,272285
2815,2,-1.219,73,0,1,0,0.402824,0.036525,7.35576,272359
2816,2,-1.216,72,0,1,0,0.402421,0.051122,7.34176,272432
2817,2,-1.018,6,0,1,0,0.402019,0.027172,7.38557,272439
2818,2,-1.2,400,0,0,1,0.401617,0.041607,7.37166,272839
2819,2,-1.054,18,0,1,0,0.401215,0.042839,7.35224,272858
2820,2,-1.093,31,0,1,0,0.400814,0.037916,7.33322,272890
2821,2,9.87384,44,1,0,0,0.400413,0.040086,7.38201,272935
2822,2,9.90075,35,1,0,0,0.400013,0.031657,7.38205,272971
2823,2,-1.102,34,0,1,0,0.399613,0.039226,7.38457,273006
2824,2,9.80615,67,1,0,0,0.399213,0.042693,7.39874,273074
2825,2,9.75367,84,1,0,0,0.398814,0.038757,7.38531,273159
2826,2,9.8077,66,1,0,0,0.398415,0.055286,7.41386,273226
2827,2,-1.018,6,0,1,0,0.398017,0.053291,7.3284,273233
2828,2,9.83454,57,1,0,0,0.397619,0.038686,7.38481,273291
2829,2,-1.192,64,0,1,0,0.397221,0.04202,7.40165,273356
2830,2,9.81183,65,1,0,0,0.396824,0.041344,7.377,273422
2831,2,-1.078,26,0,1,0,0.396427,0.036775,7.3981,273449
2832,2,9.84993,52,1,0,0,0.396031,0.045325,7.4156,273502
2833,2,9.82049,62,1,0,0,0.395635,0.032708,7.43155,273565
2834,2,-1.084,28,0,1,0,0.395239,0.040803,7.45182,273594
2835,2,-1.344,115,0,1,0,0.394844,0.035094,7.45591,273710
2836,2,9.88321,41,1,0,0,0.394449,0.038505,7.44565,273752
2837,2,-1.276,92,0,1,0,0.394054,0.045207,7.44362,273845
2838,2,9.78402,74,1,0,0,0.39366,0.043553,7.42196,273920
2839,2,9.81714,63,1,0,0,0.393267,0.039842,7.47995,273984
2840,2,-1.222,74,0,1,0,0.392873,0.046853,7.44761,274059
2841,2,-1.261,87,0,1,0,0.392481,0.043911,7.4721,274147
2842,2,9.79849,69,1,0,0,0.392088,0.052845,7.44963,274217
2843,2,-1.096,32,0,1,0,0.391696,0.028367,7.46665,274250
2844,2,-1.132,44,0,1,0,0.391304,0.040815,7.48611,274295
2845,2,9.86503,47,1,0,0,0.390913,0.054893,7.48193,274343
2846,2,-1.168,56,0,1,0,0.390522,0.037421,7.46194,274400
2847,2,9.90098,35,1,0,0,0.390132,0.049047,7.47457,274436
2848,2,-1.03,10,0,1,0,0.389741,0.052106,7.44302,274447
2849,2,9.87361,44,1,0,0,0.389352,0.051794,7.49759,274492
2850,2,-1.195,65,0,1,0,0.388962,0.044556,7.48776,274558
2851,2,-1.159,53,0,1,0,0.388573,0.039106,7.48107,274612
2852,2,9.72688,93,1,0,0,0.388185,0.041599,7.50479,274706
2853,2,9.83521,57,1,0,0,0.387797,0.043486,7.4901,274764
2854,2,-1.114,38,0,1,0,0.387409,0.047151,7.53784,274803
2855,2,9.9252,27,1,0,0,0.387021,0.041379,7.48988,274831
2856,2,9.81491,64,1,0,0,0.386634,0.051396,7.54155,274896
2857,2,9.80756,66,1,0,0,0.386248,0.042316,7.53627,274963
2858,2,9.88875,39,1,0,0,0.385862,0.043888,7.54861,275003
2859,2,-1.057,19,0,1,0,0.385476,0.031983,7.48696,275023
2860,2,-1.057,19,0,1,0,0.38509,0.04394,7.53806,275043
2861,2,9.84734,53,1,0,0,0.384705,0.040917,7.55446,275097
2862,2,-1.213,71,0,1,0,0.38432,0.042195,7.54046,275169
2863,2,-1.108,36,0,1,0,0.383936,0.041598,7.56812,275206
2864,2,9.8442,54,1,0,0,0.383552,0.044845,7.5558,275261
2865,2,9.81995,62,1,0,0,0.383169,0.046065,7.55453,275324
2866,2,-1.2,400,0,0,1,0.382785,0.045103,7.58899,275724
2867,2,9.78116,75,1,0,0,0.382403,0.046241,7.58559,275800
2868,2,-1.033,11,0,1,0,0.38202,0.064608,7.54292,275812
2869,2,9.82942,59,1,0,0,0.381638,0.038103,7.58763,275872
2870,2,9.74507,87,1,0,0,0.381257,0.04151,7.60707,275960
2871,2,9.89217,38,1,0,0,0.380875,0.037222,7.64417,275999
2872,2,-1.123,41,0,1,0,0.380494,0.044583,7.6425,276041
2873,2,-1.105,35,0,1,0,0.380114,0.045569,7.61726,276077
2874,2,9.6072,133,1,0,0,0.379734,0.0433,7.63346,276211
2875,2,-1.123,41,0,1,0,0.379354,0.031277,7.67887,276253
2876,2,-1.243,81,0,1,0,0.378975,0.045869,7.65053,276335
2877,2,-1.111,37,0,1,0,0.378596,0.03902,7.65774,276373
2878,2,-1.036,12,0,1,0,0.378217,0.040437,7.64916,276386
2879,2,-1.156,52,0,1,0,0.377839,0.05273,7.66163,276439
2880,2,9.86236,48,1,0,0,0.377461,0.043352,7.66705,276488
2881,2,9.88608,40,1,0,0,0.377084,0.037944,7.63933,276529
2882,2,-1.19567,400,0,0,1,0.376707,0.048885,7.7047,276929
2883,2,9.91044,32,1,0,0,0.37633,0.059063,7.70861,276962
2884,2,9.69142,105,1,0,0,0.375954,0.045092,7.71233,277068
2885,2,9.88867,39,1,0,0,0.375578,0.053162,7.71312,277108
2886,2,-1.126,42,0,1,0,0.375202,0.051616,7.69755,277151
2887,2,9.82669,60,1,0,0,0.374827,0.041095,7.71208,277212
2888,2,9.83177,58,1,0,0,0.374452,0.052575,7.72275,277271
2889,2,-1.357,119,0,1,0,0.374078,0.045238,7.7492,277391
2890,2,-1.09,30,0,1,0,0.373703,0.03995,7.77266,277422
2891,2,-1.114,38,0,1,0,0.37333,0.049719,7.74532,277461
2892,2,-1.147,49,0,1,0,0.372956,0.040608,7.7664,277511
2893,2,-1.099,33,0,1,0,0.372583,0.038603,7.77052,277545
2894,2,-1.054,18,0,1,0,0.372211,0.052731,7.7763,277564
2895,2,9.82317,61,1,0,0,0.371839,0.043717,7.77397,277626
2896,2,-1.2,400,0,0,1,0.371467,0.048683,7.78008,278026
2897,2,-1.18,60,0,1,0,0.371095,0.058183,7.83817,278087
2898,2,-1.09,30,0,1,0,0.370724,0.047885,7.82391,278118
2899,2,-1.072,24,0,1,0,0.370354,0.04453,7.76674,278143
2900,2,9.81725,63,1,0,0,0.369983,0.056462,7.82572,278207
2901,2,-1.039,13,0,1,0,0.369613,0.076284,7.76744,278221
2902,2,-1.099,33,0,1,0,0.369244,0.043226,7.81857,278255
2903,2,-1.114,38,0,1,0,0.368874,0.056184,7.84659,278294
2904,2,-1.075,25,0,1,0,0.368505,0.039244,7.85189,278320
2905,2,9.84371,54,1,0,0,0.368137,0.051179,7.80694,278375
2906,2,9.82009,62,1,0,0,0.367769,0.046172,7.8105,278438
2907,2,9.7696,79,1,0,0,0.367401,0.048268,7.83863,278518
2908,2,9.89219,38,1,0,0,0.367034,0.054485,7.8722,278557
2909,2,-1.024,8,0,1,0,0.366667,0.028853,7.82281,278566
2910,2,9.84989,52,1,0,0,0.3663,0.038296,7.86691,278619
2911,2,9.85113,52,1,0,0,0.365934,0.0414,7.81948,278672
2912,2,9.91323,31,1,0,0,0.365568,0.059977,7.86891,278704
2913,2,9.4686,179,1,0,0,0.365202,0.052723,7.85353,278884
2914,2,-1.111,37,0,1,0,0.364837,0.049562,7.87066,278922
2915,2,-1.111,37,0,1,0,0.364472,0.05822,7.88848,278960
2916,2,9.71552,97,1,0,0,0.364108,0.050024,7.88573,279058
2917,2,-1.204,68,0,1,0,0.363744,0.050125,7.86784,279127
2918,2,9.71467,97,1,0,0,0.36338,0.047216,7.86425,279225
2919,2,9.89505,37,1,0,0,0.363016,0.049132,7.87607,279263
2920,2,-1.19058,64,0,1,0,0.362653,0.044099,7.90359,279328
2921,2,9.79,72,1,0,0,0.362291,0.058864,7.90419,279401
2922,2,9.83554,57,1,0,0,0.361928,0.051309,7.89161,279459
2923,2,-1.087,29,0,1,0,0.361567,0.041342,7.87981,279489
2924,2,-1.066,22,0,1,0,0.361205,0.051789,7.84826,279512
2925,2,9.76613,80,1,0,0,0.360844,0.046975,7.8917,279593
2926,2,9.84112,55,1,0,0,0.360483,0.056336,7.89894,279649
2927,2,9.77815,76,1,0,0,0.360122,0.046646,7.94078,279726
2928,2,-1.105,35,0,1,0,0.359762,0.046693,7.90793,279762
2929,2,-1.207,69,0,1,0,0.359403,0.05267,7.9197,279832
2930,2,-1.063,21,0,1,0,0.359043,0.050453,7.91947,279854
2931,2,-1.156,52,0,1,0,0.358684,0.049638,7.93042,279907
2932,2,9.8919,38,1,0,0,0.358325,0.071795,7.91335,279946
2933,2,9.86603,47,1,0,0,0.357967,0.055668,7.91115,279994
2934,2,9.8076,66,1,0,0,0.357609,0.040481,7.93747,280061
2935,2,9.73297,91,1,0,0,0.357251,0.052264,7.94149,280153
2936,2,-1.021,7,0,1,0,0.356894,0.053556,7.91321,280161
2937,2,-1.138,46,0,1,0,0.356537,0.045055,7.95038,280208
2938,2,-1.2,400,0,0,1,0.356181,0.049751,7.96343,280608
2939,2,9.83575,57,1,0,0,0.355825,0.048457,7.969,280666
2940,2,9.82853,59,1,0,0,0.355469,0.049085,7.9719,280726
2941,2,-1.438,146,0,1,0,0.355113,0.048615,8.01075,280873
2942,2,-1.114,38,0,1,0,0.354758,0.037518,7.9962,280912
2943,2,-1.126,42,0,1,0,0.354403,0.041985,8.02471,280955
2944,2,-1.045,15,0,1,0,0.354049,0.030254,7.9537,280971
2945,2,9.82333,61,1,0,0,0.353695,0.045366,7.98112,281033
2946,2,9.87447,44,1,0,0,0.353341,0.049398,8.01451,281078
2947,2,-1.183,61,0,1,0,0.352988,0.051176,8.04002,281140
2948,2,-1.063,21,0,1,0,0.352635,0.051566,8.07267,281162
2949,2,9.83487,57,1,0,0,0.352282,0.049275,8.01322,281220
2950,2,-1.099,33,0,1,0,0.35193,0.050926,8.03787,281254
2951,2,9.92181,28,1,0,0,0.351578,0.055195,8.0327,281283
2952,2,9.82619,60,1,0,0,0.351227,0.050943,8.03195,281344
2953,2,-1.321,107,0,1,0,0.350875,0.04981,8.02644,281452
2954,2,-1.066,22,0,1,0,0.350524,0.046447,8.00458,281475
2955,2,9.88305,41,1,0,0,0.350174,0.043369,8.04105,281517
2956,2,-1.2,400,0,0,1,0.349824,0.051323,8.08174,281917
2957,2,-1.099,33,0,1,0,0.349474,0.044086,8.12681,281951
2958,2,9.86236,48,1,0,0,0.349124,0.051826,8.10131,282000
2959,2,9.8294,59,1,0,0,0.348775,0.043166,8.11228,282060
2960,2,9.90062,35,1,0,0,0.348427,0.055021,8.12876,282096
2961,2,9.7001,102,1,0,0,0.348078,0.055248,8.10309,282199
2962,2,-1.066,22,0,1,0,0.34773,0.051859,8.0444,282222
2963,2,-1.072,24,0,1,0,0.347382,0.056587,8.12059,282247
2964,2,-1.114,38,0,1,0,0.347035,0.055281,8.13802,282286
2965,2,-1.063,21,0,1,0,0.346688,0.045685,8.14503,282308
2966,2,-1.114,38,0,1,0,0.346341,0.061948,8.14807,282347
2967,2,-1.129,43,0,1,0,0.345995,0.046549,8.12663,282391
2968,2,-1.09,30,0,1,0,0.345649,0.052642,8.15365,282422
2969,2,-1.132,44,0,1,0,0.345303,0.045594,8.11405,282467
2970,2,-1.168,56,0,1,0,0.344958,0.054583,8.16106,282524
2971,2,-1.15233,51,0,1,0,0.344613,0.0488,8.15205,282576
2972,2,9.9214,28,1,0,0,0.344268,0.049613,8.0914,282605
2973,2,-1.039,13,0,1,0,0.343924,0.040951,8.15156,282619
2974,2,9.84383,54,1,0,0,0.34358,0.0507,8.11966,282674
2975,2,-1.16754,57,0,1,0,0.343237,0.048491,8.1314,282732
2976,2,9.90685,33,1,0,0,0.342893,0.068532,8.14488,282766
2977,2,-1.273,91,0,1,0,0.34255,0.056991,8.14289,282858
2978,2,-1.183,61,0,1,0,0.342208,0.054925,8.10981,282920
2979,2,9.80776,66,1,0,0,0.341866,0.046416,8.1414,282987
2980,2,-1.123,41,0,1,0,0.341524,0.054101,8.13968,283029
2981,2,-1.2,400,0,0,1,0.341182,0.055536,8.20016,283429
2982,2,9.85288,51,1,0,0,0.340841,0.044019,8.20823,283481
2983,2,-1.468,156,0,1,0,0.3405,0.056365,8.20888,283638
2984,2,9.86163,48,1,0,0,0.34016,0.055777,8.21178,283687
2985,2,-1.177,59,0,1,0,0.33982,0.04815,8.27032,283747
2986,2,-1.129,43,0,1,0,0.33948,0.046325,8.21888,283791
2987,2,-1.132,44,0,1,0,0.33914,0.054814,8.23011,283836
2988,2,9.75089,85,1,0,0,0.338801,0.043735,8.24051,283922
2989,2,-1.105,35,0,1,0,0.338462,0.057981,8.22323,283958
2990,2,-1.072,24,0,1,0,0.338124,0.049909,8.25772,283983
2991,2,-1.117,39,0,1,0,0.337786,0.047387,8.29353,284023
2992,2,9.8533,51,1,0,0,0.337448,0.047204,8.2297,284075
2993,2,-1.2,400,0,0,1,0.337111,0.052607,8.25988,284475
2994,2,-1.111,37,0,1,0,0.336773,0.04373,8.26282,284513
2995,2,9.86227,48,1,0,0,0.336437,0.057219,8.29357,284562
2996,2,9.90698,33,1,0,0,0.3361,0.056125,8.24451,284596
2997,2,-1.06,20,0,1,0,0.335764,0.058315,8.27298,284617
2998,2,9.91688,30,1,0,0,0.335428,0.047133,8.29433,284648
2999,2,9.91029,32,1,0,0,0.335093,0.056026,8.31402,284681
3000,2,-1.048,16,0,1,0,0.334758,0.046511,8.25808,284698
3001,2,9.81722,63,1,0,0,0.334423,0.055584,8.30545,284762
3002,2,9.82856,59,1,0,0,0.334089,0.052124,8.27479,284822
3003,2,-1.018,6,0,1,0,0.333755,0.065628,8.20071,284829
3004,2,-1.39,130,0,1,0,0.333421,0.042714,8.29479,284960
3005,2,-1.522,174,0,1,0,0.333087,0.05368,8.30284,285135
3006,2,-1.171,57,0,1,0,0.332754,0.05901,8.2898,285193
3007,2,9.76087,82,1,0,0,0.332422,0.062564,8.3223,285276
3008,2,9.90328,34,1,0,0,0.332089,0.059958,8.28106,285311
3009,2,-1.027,9,0,1,0,0.331757,0.055951,8.21603,285321
3010,2,-1.25807,88,0,1,0,0.331425,0.055727,8.31996,285410
3011,2,9.92185,28,1,0,0,0.331094,0.048001,8.29324,285439
3012,2,9.86181,48,1,0,0,0.330763,0.050333,8.32706,285488
3013,2,-1.2,400,0,0,1,0.330432,0.056674,8.29834,285888
3014,2,-1.2,400,0,0,1,0.330102,0.051771,8.29686,286288
3015,2,9.88094,42,1,0,0,0.329771,0.065853,8.29886,286331
3016,2,9.74571,87,1,0,0,0.329442,0.059054,8.31608,286419
3017,2,9.73558,90,1,0,0,0.329112,0.052788,8.30797,286510
3018,2,-1.612,204,0,1,0,0.328783,0.046304,8.31668,286715
3019,2,-1.18,60,0,1,0,0.328454,0.052674,8.27816,286776
3020,2,-1.2,400,0,0,1,0.328126,0.052363,8.31744,287176
3021,2,9.48112,175,1,0,0,0.327798,0.054206,8.34064,287352
3022,2,9.83448,57,1,0,0,0.32747,0.065053,8.31633,287410
3023,2,-1.042,14,0,1,0,0.327143,0.045794,8.37664,287425
3024,2,-1.051,17,0,1,0,0.326815,0.057713,8.36594,287443
3025,2,-1.162,54,0,1,0,0.326489,0.060863,8.31653,287498
3026,2,9.67589,110,1,0,0,0.326162,0.055928,8.33296,287609
3027,2,-1.57,190,0,1,0,0.325836,0.059591,8.3655,287800
3028,2,-1.036,12,0,1,0,0.32551,0.071598,8.29466,287813
3029,2,-1.27,90,0,1,0,0.325185,0.064772,8.34203,287904
3030,2,-1.2,400,0,0,1,0.324859,0.055149,8.36297,288304
3031,2,9.86448,47,1,0,0,0.324535,0.050388,8.40862,288352
3032,2,9.94244,21,1,0,0,0.32421,0.047252,8.35903,288374
3033,2,-1.102,34,0,1,0,0.323886,0.037413,8.389,288409
3034,2,-1.123,41,0,1,0,0.323562,0.05471,8.35612,288451
3035,2,9.87378,44,1,0,0,0.323238,0.067024,8.36281,288496
3036,2,9.75129,85,1,0,0,0.322915,0.054886,8.35215,288582
3037,2,9.87399,44,1,0,0,0.322592,0.058178,8.3713,288627
3038,2,-1.057,19,0,1,0,0.32227,0.051991,8.35433,288647
3039,2,-2.05,350,0,1,0,0.321947,0.059451,8.39068,288998
3040,2,-1.162,54,0,1,0,0.321625,0.06221,8.43804,289053
3041,2,9.91039,32,1,0,0,0.321304,0.061197,8.43832,289086
3042,2,9.86471,47,1,0,0,0.320982,0.062365,8.41807,289134
3043,2,9.81439,64,1,0,0,0.320661,0.064881,8.47227,289199
3044,2,9.84983,52,1,0,0,0.320341,0.066171,8.47583,289252
3045,2,-1.123,41,0,1,0,0.32002,0.058246,8.44043,289294
3046,2,9.77184,78,1,0,0,0.3197,0.068655,8.42513,289373
3047,2,-1.042,14,0,1,0,0.319381,0.080775,8.38699,289388
3048,2,9.82282,61,1,0,0,0.319061,0.054431,8.43437,289450
3049,2,9.86475,47,1,0,0,0.318742,0.058608,8.4144,289498
3050,2,-1.117,39,0,1,0,0.318424,0.079458,8.43803,289538
3051,2,-1.276,92,0,1,0,0.318105,0.060355,8.42022,289631
3052,2,9.46282,181,1,0,0,0.317787,0.055648,8.46627,289813
3053,2,-1.102,34,0,1,0,0.317469,0.05369,8.4327,289848
3054,2,9.92484,27,1,0,0,0.317152,0.058272,8.46696,289876
3055,2,-1.2,400,0,0,1,0.316835,0.062287,8.43637,290276
3056,2,-1.2,400,0,0,1,0.316518,0.062683,8.43987,290676
3057,2,9.73539,90,1,0,0,0.316201,0.053336,8.43434,290767
3058,2,9.89185,38,1,0,0,0.315885,0.051664,8.47371,290806
3059,2,9.89512,37,1,0,0,0.315569,0.065705,8.47836,290844
3060,2,-1.12,40,0,1,0,0.315254,0.064646,8.46521,290885
3061,2,-1.015,5,0,1,0,0.314938,0.034005,8.42504,290891
3062,2,9.81316,64,1,0,0,0.314623,0.059744,8.44353,290956
3063,2,-1.06,20,0,1,0,0.314309,0.053837,8.40002,290977
3064,2,9.90708,33,1,0,0,0.313994,0.055723,8.46245,291011
3065,2,-1.153,51,0,1,0,0.31368,0.060824,8.45646,291063
3066,2,-1.12,40,0,1,0,0.313367,0.05154,8.42527,291104
3067,2,-1.57,190,0,1,0,0.313053,0.064079,8.45307,291295
3068,2,9.80432,67,1,0,0,0.31274,0.062283,8.45641,291363
3069,2,9.6367,123,1,0,0,0.312428,0.06013,8.43982,291487
3070,2,9.8827,41,1,0,0,0.312115,0.05113,8.47768,291529
3071,2,-1.927,309,0,1,0,0.311803,0.058286,8.45486,291839
3072,2,9.81404,64,1,0,0,0.311491,0.063164,8.47685,291904
3073,2,-1.2,400,0,0,1,0.31118,0.058698,8.45569,292304
3074,2,-1.081,27,0,1,0,0.310869,0.054405,8.46655,292332
3075,2,9.42064,195,1,0,0,0.310558,0.060401,8.46065,292528
3076,2,9.88581,40,1,0,0,0.310247,0.055716,8.47583,292569
3077,2,-1.15,50,0,1,0,0.309937,0.055532,8.4238,292620
3078,2,9.7658,80,1,0,0,0.309627,0.054767,8.483,292701
3079,2,9.90112,35,1,0,0,0.309317,0.079896,8.39533,292737
3080,2,-1.111,37,0,1,0,0.309008,0.069789,8.47722,292775
3081,2,-1.081,27,0,1,0,0.308699,0.047812,8.41718,292803
3082,2,-1.108,36,0,1,0,0.30839,0.054083,8.49724,292840
3083,2,9.87942,42,1,0,0,0.308082,0.055943,8.47481,292883
3084,2,9.90687,33,1,0,0,0.307774,0.047568,8.48985,292917
3085,2,-1.021,7,0,1,0,0.307466,0.046448,8.4472,292925
3086,2,-1.33,110,0,1,0,0.307159,0.056722,8.47005,293036
3087,2,-1.21,70,0,1,0,0.306852,0.057997,8.4782,293107
3088,2,9.77459,77,1,0,0,0.306545,0.054464,8.45881,293185
3089,2,-1.228,76,0,1,0,0.306238,0.071762,8.48245,293262
3090,2,-1.021,7,0,1,0,0.305932,0.030956,8.46645,293270
3091,2,9.87382,44,1,0,0,0.305626,0.052033,8.44332,293315
3092,2,-1.132,44,0,1,0,0.30532,0.071816,8.47404,293360
3093,2,9.79164,72,1,0,0,0.305015,0.062205,8.45991,293433
3094,2,-1.2,400,0,0,1,0.30471,0.066551,8.51592,293833
3095,2,9.87965,42,1,0,0,0.304405,0.069462,8.61848,293876
3096,2,9.76598,80,1,0,0,0.304101,0.060917,8.54858,293957
3097,2,-1.165,55,0,1,0,0.303797,0.067367,8.55683,294013
3098,2,9.85922,49,1,0,0,0.303493,0.065954,8.55385,294063
3099,2,9.78385,74,1,0,0,0.303189,0.072112,8.60434,294138
3100,2,-1.027,9,0,1,0,0.302886,0.071279,8.61748,294148
3101,2,9.92129,28,1,0,0,0.302583,0.062884,8.54553,294177
3102,2,-1.2,400,0,0,1,0.302281,0.063528,8.58309,294577
3103,2,-1.942,314,0,1,0,0.301979,0.063765,8.60316,294892
3104,2,-1.069,23,0,1,0,0.301677,0.055182,8.5781,294916
3105,2,9.92781,26,1,0,0,0.301375,0.072792,8.70647,294943
3106,2,9.81372,64,1,0,0,0.301074,0.067082,8.64983,295008
3107,2,9.85278,51,1,0,0,0.300772,0.063448,8.66336,295060
3108,2,9.78364,74,1,0,0,0.300472,0.068855,8.62629,295135
3109,2,-1.174,58,0,1,0,0.300171,0.057464,8.63219,295194
3110,2,9.83809,56,1,0,0,0.299871,0.053871,8.60082,295251
3111,2,-1.144,48,0,1,0,0.299571,0.061008,8.59094,295300
3112,2,-1.108,36,0,1,0,0.299272,0.05361,8.70014,295337
3113,2,-1.228,76,0,1,0,0.298972,0.063891,8.6306,295414
3114,2,-1.18,60,0,1,0,0.298673,0.05954,8.58906,295475
3115,2,-1.045,15,0,1,0,0.298375,0.084226,8.60219,295491
3116,2,9.70385,101,1,0,0,0.298076,0.063194,8.62173,295593
3117,2,-1.114,38,0,1,0,0.297778,0.062177,8.65489,295632
3118,2,9.88949,39,1,0,0,0.29748,0.063483,8.68579,295672
3119,2,9.88308,41,1,0,0,0.297183,0.046468,8.67026,295714
3120,2,9.85541,50,1,0,0,0.296886,0.055298,8.61,295765
3121,2,9.9003,35,1,0,0,0.296589,0.070799,8.57565,295801
3122,2,-1.09,30,0,1,0,0.296292,0.065948,8.68386,295832
3123,2,9.67354,111,1,0,0,0.295996,0.072047,8.64345,295944
3124,2,-1.093,31,0,1,0,0.2957,0.073457,8.65068,295976
3125,2,-1.2,400,0,0,1,0.295404,0.063597,8.64693,296376
3126,2,9.71783,96,1,0,0,0.295109,0.064969,8.67365,296473
3127,2,-1.015,5,0,1,0,0.294814,0.043372,8.69197,296479
3128,2,9.92444,27,1,0,0,0.294519,0.060989,8.61715,296507
3129,2,9.87413,44,1,0,0,0.294224,0.062603,8.67036,296552
3130,2,-1.024,8,0,1,0,0.29393,0.098443,8.51812,296561
3131,2,-1.096,32,0,1,0,0.293636,0.065354,8.6399,296594
3132,2,-1.111,37,0,1,0,0.293343,0.059783,8.68045,296632
3133,2,9.79611,70,1,0,0,0.293049,0.071148,8.59794,296703
3134,2,-1.075,25,0,1,0,0.292756,0.069101,8.63681,296729
3135,2,9.84966,52,1,0,0,0.292464,0.068975,8.63671,296782
3136,2,9.93069,25,1,0,0,0.292171,0.068309,8.62904,296808
3137,2,-1.135,45,0,1,0,0.291879,0.068265,8.65759,296854
3138,2,9.81346,64,1,0,0,0.291587,0.067158,8.66623,296919
3139,2,9.6644,114,1,0,0,0.291295,0.062312,8.66966,297034
3140,2,9.85916,49,1,0,0,0.291004,0.055031,8.65745,297084
3141,2,-1.237,79,0,1,0,0.290713,0.080891,8.66566,297164
3142,2,-1.318,106,0,1,0,0.290422,0.067183,8.65518,297271
3143,2,9.85583,50,1,0,0,0.290132,0.070563,8.63634,297322
3144,2,9.92484,27,1,0,0,0.289842,0.076849,8.72266,297350
3145,2,-1.066,22,0,1,0,0.289552,0.067636,8.71213,297373
3146,2,9.87683,43,1,0,0,0.289262,0.064063,8.65564,297417
3147,2,9.90703,33,1,0,0,0.288973,0.066298,8.56255,297451
3148,2,-1.2,400,0,0,1,0.288684,0.063281,8.64174,297851
3149,2,9.9276,26,1,0,0,0.288396,0.0698,8.69577,297878
3150,2,9.75968,82,1,0,0,0.288107,0.07613,8.65437,297961
3151,2,9.92482,27,1,0,0,0.287819,0.054228,8.6204,297989
3152,2,9.84107,55,1,0,0,0.287531,0.063121,8.68411,298045
3153,2,-1.129,43,0,1,0,0.287244,0.058324,8.66955,298089
3154,2,-1.2,400,0,0,1,0.286956,0.069143,8.65976,298489
3155,2,9.85915,49,1,0,0,0.286669,0.072748,8.74432,298539
3156,2,-1.177,59,0,1,0,0.286383,0.065423,8.68217,298599
3157,2,-1.258,86,0,1,0,0.286096,0.067672,8.65769,298686
3158,2,9.80573,67,1,0,0,0.28581,0.05759,8.65647,298754
3159,2,-1.2,400,0,0,1,0.285525,0.066134,8.69219,299154
3160,2,-1.108,36,0,1,0,0.285239,0.065461,8.70961,299191
3161,2,-1.204,68,0,1,0,0.284954,0.067222,8.71835,299260
3162,2,-1.297,99,0,1,0,0.284669,0.067519,8.72351,299360
3163,2,9.78995,72,1,0,0,0.284384,0.06884,8.71841,299433
3164,2,-1.2,400,0,0,1,0.2841,0.068318,8.7491,299833
3165,2,-1.405,135,0,1,0,0.283816,0.069922,8.759,299969
3166,2,9.90688,33,1,0,0,0.283532,0.077948,8.71256,300003
3167,2,-1.138,46,0,1,0,0.283248,0.066245,8.80721,300050
3168,2,-1.033,11,0,1,0,0.282965,0.083595,8.757,300062
3169,2,-1.2,400,0,0,1,0.282682,0.072827,8.81045,300462
3170,2,9.87146,45,1,0,0,0.282399,0.067237,8.8722,300508
3171,2,-1.06,20,0,1,0,0.282117,0.079648,8.77588,300529
3172,2,-1.135,45,0,1,0,0.281835,0.068791,8.92399,300575
3173,2,9.58622,140,1,0,0,0.281553,0.075885,8.84532,300716
3174,2,9.80489,67,1,0,0,0.281272,0.074299,8.8513,300784
3175,2,-1.816,272,0,1,0,0.28099,0.073796,8.89992,301057
3176,2,-1.408,136,0,1,0,0.280709,0.076007,8.86776,301194
3177,2,9.88873,39,1,0,0,0.280429,0.086654,8.90838,301234
3178,2,-1.084,28,0,1,0,0.280148,0.062288,8.88824,301263
3179,2,-1.2,400,0,0,1,0.279868,0.077578,8.90156,301663
3180,2,-1.2,400,0,0,1,0.279588,0.074211,8.90665,302063
3181,2,-1.3,100,0,1,0,0.279308,0.069537,8.9302,302164
3182,2,9.83825,56,1,0,0,0.279029,0.070275,8.93852,302221
3183,2,-1.015,5,0,1,0,0.27875,0.067675,9.04112,302227
3184,2,9.84666,53,1,0,0,0.278471,0.074518,8.89773,302281
3185,2,-1.075,25,0,1,0,0.278193,0.065038,8.86906,302307
3186,2,-1.2,400,0,0,1,0.277915,0.074511,8.94558,302707
3187,2,-1.321,107,0,1,0,0.277637,0.070303,8.95283,302815
3188,2,-1.054,18,0,1,0,0.277359,0.06911,8.87949,302834
3189,2,-1.2,400,0,0,1,0.277082,0.077752,9.01151,303234
3190,2,9.79825,69,1,0,0,0.276805,0.069405,9.02658,303304
3191,2,9.87389,44,1,0,0,0.276528,0.082862,9.01169,303349
3192,2,9.13625,290,1,0,0,0.276251,0.075742,9.03452,303640
3193,2,9.90723,33,1,0,0,0.275975,0.065855,9.01365,303674
3194,2,9.91262,31,1,0,0,0.275699,0.081564,9.05679,303706
3195,2,-1.171,57,0,1,0,0.275423,0.077701,9.07562,303764
3196,2,9.85013,52,1,0,0,0.275148,0.079086,9.01396,303817
3197,2,9.87092,45,1,0,0,0.274873,0.088423,9.03393,303863
3198,2,-1.063,21,0,1,0,0.274598,0.079379,9.10211,303885
3199,2,9.90392,34,1,0,0,0.274323,0.078828,9.10817,303920
3200,2,-1.069,23,0,1,0,0.274049,0.088579,9.11267,303944
3201,2,-1.054,18,0,1,0,0.273775,0.090577,9.0583,303963
3202,2,-1.15557,52,0,1,0,0.273501,0.089618,9.05748,304016
3203,2,-1.066,22,0,1,0,0.273228,0.1013,9.04559,304039
3204,2,9.89531,37,1,0,0,0.272955,0.083119,9.00868,304077
3205,2,-1.189,63,0,1,0,0.272682,0.082903,9.08218,304141
3206,2,-1.096,32,0,1,0,0.272409,0.075904,9.12193,304174
3207,2,-1.105,35,0,1,0,0.272137,0.084396,9.05406,304210
3208,2,9.88859,39,1,0,0,0.271864,0.071636,9.03181,304250
3209,2,-1.2,400,0,0,1,0.271593,0.083082,9.09057,304650
3210,2,-1.2,400,0,0,1,0.271321,0.082643,9.15518,305050
3211,2,-1.237,79,0,1,0,0.27105,0.080707,9.1721,305130
3212,2,-1.447,149,0,1,0,0.270779,0.085778,9.18232,305280
3213,2,9.74733,86,1,0,0,0.270508,0.071977,9.18689,305367
3214,2,-1.114,38,0,1,0,0.270237,0.088812,9.07762,305406
3215,2,9.91307,31,1,0,0,0.269967,0.07695,9.0913,305438
3216,2,-1.471,157,0,1,0,0.269697,0.086802,9.20845,305596
3217,2,-1.129,43,0,1,0,0.269427,0.087153,9.17333,305640
3218,2,9.78982,72,1,0,0,0.269158,0.071775,9.21142,305713
3219,2,-1.2,400,0,0,1,0.268889,0.0794,9.19721,306113
3220,2,-1.018,6,0,1,0,0.26862,0.082702,9.20251,306120
3221,2,-1.2,400,0,0,1,0.268351,0.084942,9.15761,306520
3222,2,-1.204,68,0,1,0,0.268083,0.086039,9.09752,306589
3223,2,-1.027,9,0,1,0,0.267815,0.066381,9.08549,306599
3224,2,-1.2,400,0,0,1,0.267547,0.083027,9.13857,306999
3225,2,-1.168,56,0,1,0,0.267279,0.080204,9.19744,307056
3226,2,-1.2,400,0,0,1,0.267012,0.083111,9.1501,307456
3227,2,-1.153,51,0,1,0,0.266745,0.079406,9.12811,307508
3228,2,9.87382,44,1,0,0,0.266478,0.083569,9.18909,307553
3229,2,-1.279,93,0,1,0,0.266212,0.077898,9.16094,307647
3230,2,-1.033,11,0,1,0,0.265946,0.049826,9.2611,307659
3231,2,9.71241,98,1,0,0,0.26568,0.082436,9.1988,307758
3232,2,9.91861,29,1,0,0,0.265414,0.073484,9.21179,307788
3233,2,-1.198,66,0,1,0,0.265149,0.065858,9.20209,307855
3234,2,9.93969,22,1,0,0,0.264884,0.074574,9.21608,307878
3235,2,-1.099,33,0,1,0,0.264619,0.071543,9.24875,307912
3236,2,9.91243,31,1,0,0,0.264354,0.099227,9.08616,307944
3237,2,9.80146,68,1,0,0,0.26409,0.080785,9.13748,308013
3238,2,-1.021,7,0,1,0,0.263826,0.037397,9.06885,308021
3239,2,-1.2,400,0,0,1,0.263562,0.08115,9.18667,308421
3240,2,-1.069,23,0,1,0,0.263298,0.093648,9.15979,308445
3241,2,-1.306,102,0,1,0,0.263035,0.08581,9.13231,308548
3242,2,-1.087,29,0,1,0,0.262772,0.07751,9.12885,308578
3243,2,-1.2,400,0,0,1,0.262509,0.081001,9.19917,308978
3244,2,-1.075,25,0,1,0,0.262247,0.081843,9.26419,309004
3245,2,-1.036,12,0,1,0,0.261984,0.058257,9.26078,309017
3246,2,-1.612,204,0,1,0,0.261722,0.080525,9.23978,309222
3247,2,9.85264,51,1,0,0,0.261461,0.08149,9.27842,309274
3248,2,-1.039,13,0,1,0,0.261199,0.066451,9.32698,309288
3249,2,-1.141,47,0,1,0,0.260938,0.082375,9.26086,309336
3250,2,-1.2,400,0,0,1,0.260677,0.081577,9.25594,309736
3251,2,9.86819,46,1,0,0,0.260416,0.086757,9.27575,309783
3252,2,-1.24,80,0,1,0,0.260156,0.091418,9.22605,309864
3253,2,-1.2,400,0,0,1,0.259896,0.077652,9.2306,310264
3254,2,-1.087,29,0,1,0,0.259636,0.067607,9.17732,310294
3255,2,-1.018,6,0,1,0,0.259376,0.058618,9.36938,310301
3256,2,-1.048,16,0,1,0,0.259117,0.083164,9.16026,310318
3257,2,-1.114,38,0,1,0,0.258858,0.08872,9.24477,310357
3258,2,-1.189,63,0,1,0,0.258599,0.071884,9.22501,310421
3259,2,9.91256,31,1,0,0,0.25834,0.087387,9.19396,310453
3260,2,-1.132,44,0,1,0,0.258082,0.079565,9.26029,310498
3261,2,9.92446,27,1,0,0,0.257824,0.097371,9.22868,310526
3262,2,-1.2,400,0,0,1,0.257566,0.081281,9.21439,310926
3263,2,9.93068,25,1,0,0,0.257309,0.064873,9.14689,310952
3264,2,-1.072,24,0,1,0,0.257051,0.069124,9.28696,310977
3265,2,-1.084,28,0,1,0,0.256794,0.088954,9.15748,311006
3266,2,9.84983,52,1,0,0,0.256537,0.078456,9.14299,311059
3267,2,9.90687,33,1,0,0,0.256281,0.078644,9.21322,311093
3268,2,9.61054,132,1,0,0,0.256025,0.070254,9.20952,311226
3269,2,-1.093,31,0,1,0,0.255769,0.080367,9.11806,311258
3270,2,9.81113,65,1,0,0,0.255513,0.08447,9.20802,311324
3271,2,-1.096,32,0,1,0,0.255257,0.076493,9.09915,311357
3272,2,-1.357,119,0,1,0,0.255002,0.092158,9.18781,311477
3273,2,-1.2,400,0,0,1,0.254747,0.071827,9.16837,311877
3274,2,-1.699,233,0,1,0,0.254492,0.07672,9.17188,312111
3275,2,-1.117,39,0,1,0,0.254238,0.066089,9.20383,312151
3276,2,-1.183,61,0,1,0,0.253984,0.093651,9.2822,312213
3277,2,-1.054,18,0,1,0,0.25373,0.073851,9.16026,312232
3278,2,-1.294,98,0,1,0,0.253476,0.082663,9.19817,312331
3279,2,-1.15,50,0,1,0,0.253222,0.060527,9.20074,312382
3280,2,-1.678,226,0,1,0,0.252969,0.074471,9.18167,312609
3281,2,-1.2,400,0,0,1,0.252716,0.085408,9.24724,313009
3282,2,-1.036,12,0,1,0,0.252463,0.102954,9.37423,313022
3283,2,9.93683,23,1,0,0,0.252211,0.071432,9.15222,313046
3284,2,-1.021,7,0,1,0,0.251959,0.108656,9.20279,313054
3285,2,-1.2,400,0,0,1,0.251707,0.081224,9.2201,313454
3286,2,9.85616,50,1,0,0,0.251455,0.087597,9.18719,313505
3287,2,9.63094,125,1,0,0,0.251204,0.080674,9.1797,313631
3288,2,9.83783,56,1,0,0,0.250952,0.071883,9.19203,313688
3289,2,9.85561,50,1,0,0,0.250701,0.060402,9.17858,313739
3290,2,-1.243,81,0,1,0,0.250451,0.088072,9.21565,313821
3291,2,9.91226,31,1,0,0,0.2502,0.077649,9.22684,313853
3292,2,-1.042,14,0,1,0,0.24995,0.063845,9.23402,313868
3293,2,-1.2,400,0,0,1,0.2497,0.079678,9.17264,314268
3294,2,9.83808,56,1,0,0,0.24945,0.059416,9.16332,314325
3295,2,9.8857,40,1,0,0,0.249201,0.068941,9.09976,314366
3296,2,-1.06,20,0,1,0,0.248952,0.069308,9.14175,314387
3297,2,-1.114,38,0,1,0,0.248703,0.081906,9.1484,314426
3298,2,-1.2,400,0,0,1,0.248454,0.075505,9.13469,314826
3299,2,-1.2,400,0,0,1,0.248206,0.074116,9.14916,315226
3300,2,9.82291,61,1,0,0,0.247958,0.090889,9.165,315288
3301,2,-1.06,20,0,1,0,0.24771,0.084197,9.09565,315309
3302,2,-1.054,18,0,1,0,0.247462,0.069585,9.02585,315328
3303,2,9.81086,65,1,0,0,0.247214,0.083795,9.14127,315394
3304,2,-1.252,84,0,1,0,0.246967,0.080932,9.16365,315479
3305,2,-1.1974,400,0,0,1,0.24672,0.076094,9.15944,315879
3306,2,9.82595,60,1,0,0,0.246473,0.067734,9.12311,315940
3307,2,9.70026,102,1,0,0,0.246227,0.086116,9.10073,316043
3308,2,9.84698,53,1,0,0,0.245981,0.070089,9.13707,316097
3309,2,-1.573,191,0,1,0,0.245735,0.068194,9.1622,316289
3310,2,-1.2,400,0,0,1,0.245489,0.078184,9.14397,316689
3311,2,9.86501,47,1,0,0,0.245244,0.06272,9.20801,316737
3312,2,-1.117,39,0,1,0,0.244998,0.083537,9.1476,316777
3313,2,-1.168,56,0,1,0,0.244753,0.080504,9.16644,316834
3314,2,-1.531,177,0,1,0,0.244509,0.076386,9.15508,317012
3315,2,9.15,292,1,0,0,0.244264,0.072729,9.08826,317305
3316,2,9.93659,23,1,0,0,0.24402,0.068061,9.17592,317329
3317,2,9.89595,37,1,0,0,0.243776,0.086313,9.09368,317367
3318,2,-1.528,176,0,1,0,0.243532,0.073448,9.05175,317544
3319,2,9.84363,54,1,0,0,0.243288,0.059587,9.15586,317599
3320,2,-1.513,171,0,1,0,0.243045,0.070689,9.07172,317771
3321,2,-1.183,61,0,1,0,0.242802,0.072588,9.05965,317833
3322,2,9.22535,260,1,0,0,0.242559,0.076512,9.0648,318094
3323,2,-1.36,120,0,1,0,0.242317,0.083799,8.98842,318215
3324,2,9.5947,137,1,0,0,0.242074,0.066606,9.09807,318353
3325,2,9.80438,67,1,0,0,0.241832,0.07561,9.00301,318421
3326,2,9.83479,57,1,0,0,0.241591,0.072344,9.05734,318479
3327,2,9.833,58,1,0,0,0.241349,0.07906,9.0407,318538
3328,2,-1.954,318,0,1,0,0.241108,0.071554,9.06858,318857
3329,2,-1.429,143,0,1,0,0.240867,0.078341,9.10456,319001
3330,2,9.73582,90,1,0,0,0.240626,0.083535,9.10464,319092
3331,2,-1.078,26,0,1,0,0.240385,0.075482,9.16558,319119
3332,2,9.84657,53,1,0,0,0.240145,0.073215,9.04039,319173
3333,2,9.93981,22,1,0,0,0.239904,0.072836,9.14497,319196
3334,2,-1.033,11,0,1,0,0.239665,0.081553,9.06159,319208
3335,2,9.65741,116,1,0,0,0.239425,0.077491,9.07161,319325
3336,2,9.89479,37,1,0,0,0.239185,0.068788,8.99955,319363
3337,2,9.84647,53,1,0,0,0.238946,0.081771,9.11186,319417
3338,2,-1.117,39,0,1,0,0.238707,0.076538,9.17971,319457
3339,2,9.86203,48,1,0,0,0.238469,0.074376,9.07229,319506
3340,2,-1.105,35,0,1,0,0.23823,0.065996,9.11156,319542
3341,2,-1.201,67,0,1,0,0.237992,0.071745,9.09272,319610
3342,2,9.85093,52,1,0,0,0.237754,0.069688,9.00349,319663
3343,2,-1.093,31,0,1,0,0.237516,0.076929,9.09814,319695
3344,2,9.82002,62,1,0,0,0.237279,0.088567,9.03154,319758
3345,2,-1.096,32,0,1,0,0.237041,0.079399,9.07268,319791
3346,2,-1.2,400,0,0,1,0.236804,0.076285,9.09178,320191
3347,2,-1.246,82,0,1,0,0.236568,0.069612,9.0953,320274
3348,2,-1.495,165,0,1,0,0.236331,0.082676,9.16923,320440
3349,2,-1.024,8,0,1,0,0.236095,0.059238,9.2023,320449
3350,2,-1.087,29,0,1,0,0.235859,0.092768,9.2132,320479
3351,2,9.88626,40,1,0,0,0.235623,0.084855,9.29208,320520
3352,2,-1.174,58,0,1,0,0.235387,0.082656,9.14438,320579
3353,2,-1.171,57,0,1,0,0.235152,0.07258,9.15417,320637
3354,2,-1.063,21,0,1,0,0.234917,0.096955,9.13107,320659
3355,2,-1.06,20,0,1,0,0.234682,0.108992,9.2124,320680
3356,2,-1.063,21,0,1,0,0.234447,0.100912,9.26565,320702
3357,2,-1.435,145,0,1,0,0.234213,0.080564,9.16074,320848
3358,2,-1.171,57,0,1,0,0.233978,0.093709,9.17448,320906
3359,2,9.77127,78,1,0,0,0.233744,0.085502,9.16454,320985
3360,2,-1.252,84,0,1,0,0.233511,0.087883,9.15806,321070
3361,2,-1.183,61,0,1,0,0.233277,0.098219,9.13998,321132
3362,2,-1.072,24,0,1,0,0.233044,0.09375,9.16927,321157
3363,2,9.85241,51,1,0,0,0.232811,0.103307,9.15883,321209
3364,2,9.83842,56,1,0,0,0.232578,0.085205,9.15004,321266
3365,2,9.80196,68,1,0,0,0.232345,0.086828,9.13069,321335
3366,2,9.85353,51,1,0,0,0.232113,0.087349,9.17591,321387
3367,2,-1.114,38,0,1,0,0.231881,0.096489,9.21581,321426
3368,2,-1.114,38,0,1,0,0.231649,0.095024,9.16471,321465
3369,2,-1.2,400,0,0,1,0.231417,0.088799,9.17062,321865
3370,2,9.81982,62,1,0,0,0.231186,0.080096,9.13343,321928
3371,2,9.8886,39,1,0,0,0.230955,0.07477,9.1707,321968
3372,2,9.89823,36,1,0,0,0.230724,0.088751,9.19214,322005
3373,2,9.77215,78,1,0,0,0.230493,0.076366,9.16385,322084
3374,2,9.88246,41,1,0,0,0.230263,0.080736,9.20361,322126
3375,2,-1.069,23,0,1,0,0.230032,0.053255,9.23616,322150
3376,2,9.86542,47,1,0,0,0.229802,0.066818,9.18144,322198
3377,2,9.86813,46,1,0,0,0.229572,0.099299,9.22759,322245
3378,2,-1.021,7,0,1,0,0.229343,0.087257,9.10211,322253
3379,2,9.9104,32,1,0,0,0.229114,0.111752,9.21064,322286
3380,2,-1.105,35,0,1,0,0.228884,0.090947,9.10928,322322
3381,2,-1.105,35,0,1,0,0.228656,0.07829,9.1441,322358
3382,2,9.68787,106,1,0,0,0.228427,0.094859,9.11586,322465
3383,2,-1.219,73,0,1,0,0.228198,0.091396,9.11115,322539
3384,2,-1.096,32,0,1,0,0.22797,0.085608,9.10727,322572
3385,2,9.70239,101,1,0,0,0.227742,0.073212,9.19115,322674
3386,2,9.9135,31,1,0,0,0.227515,0.084378,9.14603,322706
3387,2,9.81381,64,1,0,0,0.227287,0.082033,9.21968,322771
3388,2,-1.24,80,0,1,0,0.22706,0.077897,9.21016,322852
3389,2,9.89815,36,1,0,0,0.226833,0.085504,9.23284,322889
3390,2,9.93404,24,1,0,0,0.226606,0.103794,9.0818,322914
3391,2,-1.687,229,0,1,0,0.226379,0.084354,9.22101,323144
3392,2,-1.312,104,0,1,0,0.226153,0.092706,9.21613,323249
3393,2,-1.219,73,0,1,0,0.225927,0.085983,9.1849,323323
3394,2,9.88543,40,1,0,0,0.225701,0.09962,9.19883,323364
3395,2,-1.102,34,0,1,0,0.225475,0.078167,9.20831,323399
3396,2,9.90428,34,1,0,0,0.22525,0.097593,9.27091,323434
3397,2,9.74192,88,1,0,0,0.225024,0.094097,9.18421,323523
3398,2,9.81038,65,1,0,0,0.224799,0.076309,9.22919,323589
3399,2,9.74838,86,1,0,0,0.224575,0.08092,9.21807,323676
3400,2,-1.099,33,0,1,0,0.22435,0.087137,9.20494,323710
3401,2,-1.108,36,0,1,0,0.224126,0.098903,9.34722,323747
3402,2,9.92487,27,1,0,0,0.223902,0.080803,9.20414,323775
3403,2,-1.156,52,0,1,0,0.223678,0.078323,9.22167,323828
3404,2,-1.333,111,0,1,0,0.223454,0.094291,9.23496,323940
3405,2,-1.183,61,0,1,0,0.22323,0.082686,9.21358,324002
3406,2,-1.051,17,0,1,0,0.223007,0.073522,9.23522,324020
3407,2,9.86177,48,1,0,0,0.222784,0.094355,9.35715,324069
3408,2,-1.2,400,0,0,1,0.222561,0.084922,9.26912,324469
3409,2,9.86788,46,1,0,0,0.222339,0.08687,9.32427,324516
3410,2,9.91581,30,1,0,0,0.222117,0.092861,9.38787,324547
3411,2,-1.033,11,0,1,0,0.221894,0.111918,9.30186,324559
3412,2,-1.045,15,0,1,0,0.221673,0.10201,9.25544,324575
3413,2,9.86465,47,1,0,0,0.221451,0.094184,9.28942,324623
3414,2,-1.12,40,0,1,0,0.221229,0.081928,9.3405,324664
3415,2,-1.246,82,0,1,0,0.221008,0.085918,9.29128,324747
3416,2,-1.168,56,0,1,0,0.220787,0.080867,9.29529,324804
3417,2,-1.19384,66,0,1,0,0.220566,0.08907,9.27501,324871
3418,2,-1.273,91,0,1,0,0.220346,0.089886,9.29413,324963
3419,2,9.83831,56,1,0,0,0.220125,0.098958,9.23796,325020
3420,2,-1.135,45,0,1,0,0.219905,0.081907,9.27256,325066
3421,2,9.90367,34,1,0,0,0.219685,0.076268,9.36617,325101
3422,2,-1.219,73,0,1,0,0.219466,0.081334,9.30239,325175
3423,2,9.9167,30,1,0,0,0.219246,0.086852,9.266,325206
3424,2,9.94303,21,1,0,0,0.219027,0.076855,9.35735,325228
3425,2,-1.2,400,0,0,1,0.218808,0.085297,9.30409,325628
3426,2,-2.179,393,0,1,0,0.218589,0.088101,9.32744,326022
3427,2,-1.333,111,0,1,0,0.218371,0.090115,9.36824,326134
3428,2,9.63123,125,1,0,0,0.218152,0.079476,9.3375,326260
3429,2,9.86863,46,1,0,0,0.217934,0.092697,9.33939,326307
3430,2,-1.225,75,0,1,0,0.217716,0.083281,9.35453,326383
3431,2,-1.081,27,0,1,0,0.217498,0.087265,9.28227,326411
3432,2,-1.204,68,0,1,0,0.217281,0.083359,9.38812,326480
3433,2,-1.042,14,0,1,0,0.217064,0.070709,9.40831,326495
3434,2,-1.153,51,0,1,0,0.216847,0.089776,9.42321,326547
3435,2,-1.006,2,0,1,0,0.21663,0.07029,9.29513,326550
3436,2,-1.2,400,0,0,1,0.216413,0.092859,9.35893,326950
3437,2,-1.309,103,0,1,0,0.216197,0.091707,9.32025,327054
3438,2,-1.072,24,0,1,0,0.215981,0.089171,9.38534,327079
3439,2,9.9244,27,1,0,0,0.215765,0.093931,9.23298,327107
3440,2,-1.633,211,0,1,0,0.215549,0.09023,9.3737,327319
3441,2,9.77846,76,1,0,0,0.215333,0.096614,9.39328,327396
3442,2,-1.2,400,0,0,1,0.215118,0.08631,9.37833,327796
3443,2,-1.141,47,0,1,0,0.214903,0.096868,9.35513,327844
3444,2,-1.2,400,0,0,1,0.214688,0.087649,9.37635,328244
3445,2,9.90386,34,1,0,0,0.214473,0.083288,9.46287,328279
3446,2,9.6731,111,1,0,0,0.214259,0.089624,9.3252,328391
3447,2,-1.054,18,0,1,0,0.214044,0.088492,9.2208,328410
3448,2,-1.153,51,0,1,0,0.21383,0.084562,9.36121,328462
3449,2,-1.15,50,0,1,0,0.213617,0.088484,9.32517,328513
3450,2,-1.045,15,0,1,0,0.213403,0.075622,9.30364,328529
3451,2,-1.135,45,0,1,0,0.21319,0.085149,9.37928,328575
3452,2,-1.237,79,0,1,0,0.212976,0.101256,9.35519,328655
3453,2,9.89481,37,1,0,0,0.212763,0.072597,9.34598,328693
3454,2,9.90423,34,1,0,0,0.212551,0.093312,9.45585,328728
3455,2,-1.2,400,0,0,1,0.212338,0.090775,9.38507,329128
3456,2,-1.2,400,0,0,1,0.212126,0.09202,9.38171,329528
3457,2,9.79267,71,1,0,0,0.211914,0.102709,9.41955,329600
3458,2,9.9219,28,1,0,0,0.211702,0.110951,9.44659,329629
3459,2,9.90114,35,1,0,0,0.21149,0.100577,9.4384,329665
3460,2,-1.06,20,0,1,0,0.211279,0.087327,9.408,329686
3461,2,-1.117,39,0,1,0,0.211067,0.095112,9.43423,329726
3462,2,9.88284,41,1,0,0,0.210856,0.087328,9.36465,329768
3463,2,-1.057,19,0,1,0,0.210645,0.1136,9.45004,329788
3464,2,9.9242,27,1,0,0,0.210435,0.082629,9.48963,329816
3465,2,9.84699,53,1,0,0,0.210224,0.100014,9.35705,329870
3466,2,9.92138,28,1,0,0,0.210014,0.100936,9.5156,329899
3467,2,-1.075,25,0,1,0,0.209804,0.10366,9.55461,329925
3468,2,9.87689,43,1,0,0,0.209594,0.093447,9.41709,329969
3469,2,-1.114,38,0,1,0,0.209385,0.105904,9.40622,330008
3470,2,9.41221,198,1,0,0,0.209175,0.084446,9.42408,330207
3471,2,-1.2,400,0,0,1,0.208966,0.089209,9.48735,330607
3472,2,-1.09,30,0,1,0,0.208757,0.086495,9.45861,330638
3473,2,9.92185,28,1,0,0,0.208548,0.097824,9.48155,330667
3474,2,-1.252,84,0,1,0,0.20834,0.086388,9.48298,330752
3475,2,-1.564,188,0,1,0,0.208131,0.092607,9.4967,330941
3476,2,9.88576,40,1,0,0,0.207923,0.091996,9.5575,330982
3477,2,9.79611,70,1,0,0,0.207715,0.092534,9.52016,331053
3478,2,-1.2,400,0,0,1,0.207508,0.089869,9.55923,331453
3479,2,-1.036,12,0,1,0,0.2073,0.093323,9.56687,331466
3480,2,-1.054,18,0,1,0,0.207093,0.086223,9.52872,331485
3481,2,9.93087,25,1,0,0,0.206886,0.094204,9.67409,331511
3482,2,9.77788,76,1,0,0,0.206679,0.088009,9.64615,331588
3483,2,9.78395,74,1,0,0,0.206472,0.096815,9.58757,331663
3484,2,9.9339,24,1,0,0,0.206266,0.096325,9.63776,331688
3485,2,-1.25748,86,0,1,0,0.206059,0.09197,9.58916,331775
3486,2,-1.105,35,0,1,0,0.205853,0.095321,9.60983,331811
3487,2,-1.441,147,0,1,0,0.205648,0.098328,9.6228,331959
3488,2,-1.099,33,0,1,0,0.205442,0.087004,9.65514,331993
3489,2,-1.126,42,0,1,0,0.205236,0.094835,9.50451,332036
3490,2,-1.063,21,0,1,0,0.205031,0.077332,9.73066,332058
3491,2,-1.747,249,0,1,0,0.204826,0.096657,9.62441,332308
3492,2,-1.042,14,0,1,0,0.204621,0.09953,9.69437,332323
3493,2,-1.198,66,0,1,0,0.204417,0.107751,9.66536,332390
3494,2,-1.711,237,0,1,0,0.204212,0.096757,9.62204,332628
3495,2,-1.225,75,0,1,0,0.204008,0.084312,9.64536,332704
3496,2,-1.156,52,0,1,0,0.203804,0.113934,9.74506,332757
3497,2,-1.288,96,0,1,0,0.2036,0.090006,9.6099,332854
3498,2,9.86174,48,1,0,0,0.203397,0.105912,9.65888,332903
3499,2,-1.855,285,0,1,0,0.203193,0.099265,9.6452,333189
3500,2,-1.132,44,0,1,0,0.20299,0.117009,9.7007,333234
3501,2,-1.057,19,0,1,0,0.202787,0.107401,9.82456,333254
3502,2,-1.123,41,0,1,0,0.202584,0.107824,9.66949,333296
3503,2,9.84356,54,1,0,0,0.202382,0.093428,9.68764,333351
3504,2,9.81967,62,1,0,0,0.202179,0.108966,9.69027,333414
3505,2,-1.18,60,0,1,0,0.201977,0.115171,9.64825,333475
3506,2,-1.069,23,0,1,0,0.201775,0.095137,9.47659,333499
3507,2,-1.09,30,0,1,0,0.201573,0.088373,9.68541,333530
3508,2,9.85609,50,1,0,0,0.201372,0.095966,9.68085,333581
3509,2,9.54983,152,1,0,0,0.20117,0.103987,9.62563,333734
3510,2,-1.198,66,0,1,0,0.200969,0.094051,9.67662,333801
3511,2,-1.2,400,0,0,1,0.200768,0.100788,9.72487,334201
3512,2,-1.048,16,0,1,0,0.200568,0.116317,9.73838,334218
3513,2,-1.258,86,0,1,0,0.200367,0.097554,9.74577,334305
3514,2,9.87341,44,1,0,0,0.200167,0.101838,9.84354,334350
3515,2,-1.114,38,0,1,0,0.199966,0.099093,9.70609,334389
3516,2,9.84056,55,1,0,0,0.199767,0.106423,9.77943,334445
3517,2,9.79618,70,1,0,0,0.199567,0.117707,9.82663,334516
3518,2,-1.756,252,0,1,0,0.199367,0.101359,9.77664,334769
3519,2,9.84684,53,1,0,0,0.199168,0.106942,9.74287,334823
3520,2,-1.33,110,0,1,0,0.198969,0.106692,9.73011,334934
3521,2,-1.2,400,0,0,1,0.19877,0.10823,9.73786,335334
3522,2,-1.2,400,0,0,1,0.198571,0.104711,9.78515,335734
3523,2,-1.201,67,0,1,0,0.198372,0.102125,9.74474,335802
3524,2,-1.2,400,0,0,1,0.198174,0.110096,9.80876,336202
3525,2,-1.213,71,0,1,0,0.197976,0.092556,9.87568,336274
3526,2,9.88862,39,1,0,0,0.197778,0.093676,9.84529,336314
3527,2,-1.243,81,0,1,0,0.19758,0.108297,9.75872,336396
3528,2,9.85292,51,1,0,0,0.197382,0.122066,9.79733,336448
3529,2,-1.141,47,0,1,0,0.197185,0.119937,9.75312,336496
3530,2,-1.009,3,0,1,0,0.196988,0.165265,9.66393,336500
3531,2,9.77434,77,1,0,0,0.196791,0.118348,9.89849,336578
3532,2,9.86233,48,1,0,0,0.196594,0.116752,9.85301,336627
3533,2,-1.2,400,0,0,1,0.196398,0.113309,9.83159,337027
3534,2,-1.2,400,0,0,1,0.196201,0.111303,9.84141,337427
3535,2,-1.039,13,0,1,0,0.196005,0.113378,9.85618,337441
3536,2,9.91603,30,1,0,0,0.195809,0.117632,9.90809,337472
3537,2,-1.831,277,0,1,0,0.195613,0.108822,9.82854,337750
3538,2,-1.075,25,0,1,0,0.195417,0.118483,9.7941,337776
3539,2,-1.294,98,0,1,0,0.195222,0.114824,9.85463,337875
3540,2,-1.096,32,0,1,0,0.195027,0.131327,9.72397,337908
3541,2,-1.072,24,0,1,0,0.194832,0.08452,9.67401,337933
3542,2,-1.126,42,0,1,0,0.194637,0.134879,10.01026,337976
3543,2,-1.264,88,0,1,0,0.194442,0.113839,9.91263,338065
3544,2,-1.108,36,0,1,0,0.194248,0.107906,9.94433,338102
3545,2,-1.138,46,0,1,0,0.194054,0.123068,9.81748,338149
3546,2,9.89815,36,1,0,0,0.19386,0.105808,9.81619,338186
3547,2,9.93102,25,1,0,0,0.193666,0.118926,9.93025,338212
3548,2,9.81349,64,1,0,0,0.193472,0.107965,9.88619,338277
3549,2,9.85951,49,1,0,0,0.193279,0.111548,9.97097,338327
3550,2,-1.054,18,0,1,0,0.193085,0.109172,9.90624,338346
3551,2,-1.2,400,0,0,1,0.192892,0.117453,9.95194,338746
3552,2,9.85833,49,1,0,0,0.192699,0.127479,9.85782,338796
3553,2,9.05142,318,1,0,0,0.192507,0.117063,9.8835,339115
3554,2,9.82913,59,1,0,0,0.192314,0.138797,9.71236,339175
3555,2,9.62191,128,1,0,0,0.192122,0.117931,9.81924,339304
3556,2,-1.111,37,0,1,0,0.19193,0.129951,9.88529,339342
3557,2,9.74211,88,1,0,0,0.191738,0.120538,9.84828,339431
3558,2,9.89502,37,1,0,0,0.191546,0.095924,9.82135,339469
3559,2,9.90381,34,1,0,0,0.191355,0.12643,9.87541,339504
3560,2,-1.084,28,0,1,0,0.191163,0.109169,9.95566,339533
3561,2,-1.2,400,0,0,1,0.190972,0.122667,9.84835,339933
3562,2,-1.036,12,0,1,0,0.190781,0.095826,9.96234,339946
3563,2,-1.219,73,0,1,0,0.19059,0.130821,9.89576,340020
3564,2,-1.024,8,0,1,0,0.1904,0.14526,9.85313,340029
3565,2,-1.012,4,0,1,0,0.190209,0.158007,9.93006,340034
3566,2,-1.156,52,0,1,0,0.190019,0.100181,9.92734,340087
3567,2,-1.033,11,0,1,0,0.189829,0.093925,10.02798,340099
3568,2,9.88298,41,1,0,0,0.189639,0.094648,9.90062,340141
3569,2,9.83249,58,1,0,0,0.18945,0.111334,9.93015,340200
3570,2,-1.2,400,0,0,1,0.18926,0.122228,9.9723,340600
3571,2,9.91259,31,1,0,0,0.189071,0.135666,10.00078,340632
3572,2,-1.741,247,0,1,0,0.188882,0.122155,10.03093,340880
3573,2,-1.279,93,0,1,0,0.188693,0.12218,10.01416,340974
3574,2,-1.6,200,0,1,0,0.188504,0.124716,10.05745,341175
3575,2,9.82904,59,1,0,0,0.188316,0.123434,10.04199,341235
3576,2,-1.2,400,0,0,1,0.188127,0.118899,10.09217,341635
3577,2,9.8983,36,1,0,0,0.187939,0.113144,10.09305,341672
3578,2,-1.2,400,0,0,1,0.187751,0.137235,10.2846,342072
3579,2,-1.396,132,0,1,0,0.187564,0.136876,10.52985,342205
3580,2,-1.054,18,0,1,0,0.187376,0.164409,10.54489,342224
3581,2,9.82933,59,1,0,0,0.187189,0.160671,10.48547,342284
3582,2,-1.042,14,0,1,0,0.187001,0.135145,10.5558,342299
3583,2,-1.174,58,0,1,0,0.186814,0.152042,10.52114,342358
3584,2,-1.057,19,0,1,0,0.186628,0.16037,10.50919,342378
3585,2,-1.126,42,0,1,0,0.186441,0.125007,10.4751,342421
3586,2,-2.191,397,0,1,0,0.186255,0.147774,10.58705,342819
3587,2,9.91554,30,1,0,0,0.186068,0.126112,10.73977,342850
3588,2,-1.219,73,0,1,0,0.185882,0.154084,10.66505,342924
3589,2,9.90406,34,1,0,0,0.185696,0.1444,10.8277,342959
3590,2,-1.039,13,0,1,0,0.185511,0.156833,10.85314,342973
3591,2,9.88605,40,1,0,0,0.185325,0.142097,10.70211,343014
3592,2,9.8801,42,1,0,0,0.18514,0.134856,10.67934,343057
3593,2,-1.228,76,0,1,0,0.184955,0.148509,10.76319,343134
3594,2,-1.093,31,0,1,0,0.18477,0.179013,10.58665,343166
3595,2,9.89201,38,1,0,0,0.184585,0.131703,10.61762,343205
3596,2,-1.213,71,0,1,0,0.1844,0.157526,10.72944,343277
3597,2,-1.2,400,0,0,1,0.184216,0.150465,10.70004,343677
3598,2,-1.072,24,0,1,0,0.184032,0.178909,10.52024,343702
3599,2,9.81097,65,1,0,0,0.183848,0.135401,10.45077,343768
3600,2,9.89171,38,1,0,0,0.183664,0.140041,10.55466,343807
3601,2,-1.057,19,0,1,0,0.18348,0.11657,10.58171,343827
3602,2,-1.057,19,0,1,0,0.183297,0.143698,10.6119,343847
3603,2,-1.207,69,0,1,0,0.183113,0.145809,10.57489,343917
3604,2,-1.213,71,0,1,0,0.18293,0.126785,10.62579,343989
3605,2,-1.246,82,0,1,0,0.182747,0.136379,10.47294,344072
3606,2,9.79301,71,1,0,0,0.182565,0.144182,10.53375,344144
3607,2,-1.276,92,0,1,0,0.182382,0.156542,10.59716,344237
3608,2,-1.108,36,0,1,0,0.1822,0.163126,10.66954,344274
3609,2,-1.204,68,0,1,0,0.182017,0.148969,10.58024,344343
3610,2,9.79825,69,1,0,0,0.181835,0.151956,10.65519,344413
3611,2,-1.201,67,0,1,0,0.181654,0.138967,10.61072,344481
3612,2,-1.15,50,0,1,0,0.181472,0.161394,10.54209,344532
3613,2,9.86248,48,1,0,0,0.181291,0.140632,10.66103,344581
3614,2,-1.171,57,0,1,0,0.181109,0.129842,10.65142,344639
3615,2,9.89118,38,1,0,0,0.180928,0.141222,10.57811,344678
3616,2,-1.072,24,0,1,0,0.180747,0.136067,10.64535,344703
3617,2,-1.201,67,0,1,0,0.180566,0.160574,10.69481,344771
3618,2,-1.438,146,0,1,0,0.180386,0.155138,10.60585,344918
3619,2,-1.837,279,0,1,0,0.180205,0.155564,10.76746,345198
3620,2,-1.207,69,0,1,0,0.180025,0.16166,10.66563,345268
3621,2,-1.2,400,0,0,1,0.179845,0.153894,10.77093,345668
3622,2,-1.027,9,0,1,0,0.179665,0.14784,10.96097,345678
3623,2,-1.357,119,0,1,0,0.179486,0.143689,10.77813,345798
3624,2,-1.051,17,0,1,0,0.179306,0.122024,10.94871,345816
3625,2,-1.669,223,0,1,0,0.179127,0.140966,10.83646,346040
3626,2,9.89518,37,1,0,0,0.178948,0.180129,10.84213,346078
3627,2,-1.126,42,0,1,0,0.178769,0.158396,10.89025,346121
3628,2,-1.045,15,0,1,0,0.17859,0.167105,10.68021,346137
3629,2,-1.066,22,0,1,0,0.178412,0.165358,10.80801,346160
3630,2,-1.084,28,0,1,0,0.178233,0.157579,11.0215,346189
3631,2,-1.2,400,0,0,1,0.178055,0.154976,10.95203,346589
3632,2,-1.162,54,0,1,0,0.177877,0.152801,11.09389,346644
3633,2,-2.053,351,0,1,0,0.177699,0.159047,11.09675,346996
3634,2,9.75443,84,1,0,0,0.177521,0.158512,11.15239,347081
3635,2,-1.24,80,0,1,0,0.177344,0.155288,11.19221,347162
3636,2,-1.17308,400,0,0,1,0.177166,0.157766,11.17338,347562
3637,2,-1.744,248,0,1,0,0.176989,0.170018,11.30155,347811
3638,2,-1.375,125,0,1,0,0.176812,0.159966,11.35842,347937
3639,2,9.62467,127,1,0,0,0.176635,0.16482,11.36104,348065
3640,2,-1.2,400,0,0,1,0.176459,0.168229,11.46159,348465
3641,2,-1.051,17,0,1,0,0.176282,0.200284,11.57678,348483
3642,2,9.7834,74,1,0,0,0.176106,0.185535,11.55289,348558
3643,2,-1.2,400,0,0,1,0.17593,0.164802,11.55193,348958
3644,2,-1.168,56,0,1,0,0.175754,0.171057,11.47667,349015
3645,2,-1.21,70,0,1,0,0.175578,0.173365,11.67718,349086
3646,2,-1.063,21,0,1,0,0.175403,0.185182,11.68596,349108
3647,2,-1.741,247,0,1,0,0.175227,0.174651,11.70025,349356
3648,2,9.7028,101,1,0,0,0.175052,0.175192,11.68768,349458
3649,2,-1.138,46,0,1,0,0.174877,0.178507,11.61414,349505
3650,2,9.90381,34,1,0,0,0.174702,0.222547,11.80351,349540
3651,2,-1.303,101,0,1,0,0.174527,0.224263,11.86652,349642
3652,2,9.51375,164,1,0,0,0.174353,0.194656,11.75768,349807
3653,2,9.84403,54,1,0,0,0.174179,0.188547,11.90271,349862
3654,2,-1.258,86,0,1,0,0.174004,0.189128,11.79313,349949
3655,2,9.79227,71,1,0,0,0.17383,0.194421,11.80711,350021
3656,2,-1.18319,400,0,0,1,0.173657,0.194344,11.93461,350421
3657,2,-1.255,85,0,1,0,0.173483,0.189137,11.90463,350507
3658,2,-1.264,88,0,1,0,0.173309,0.217743,11.9462,350596
3659,2,-1.231,77,0,1,0,0.173136,0.20651,11.9154,350674
3660,2,-1.054,18,0,1,0,0.172963,0.197237,11.98307,350693
3661,2,9.78119,75,1,0,0,0.17279,0.209407,12.00678,350769
3662,2,9.89882,36,1,0,0,0.172617,0.196332,11.94813,350806
3663,2,-1.063,21,0,1,0,0.172445,0.190937,11.7459,350828
3664,2,9.84119,55,1,0,0,0.172272,0.201374,12.15351,350884
3665,2,-1.129,43,0,1,0,0.1721,0.200269,12.09137,350928
3666,2,-1.2,400,0,0,1,0.171928,0.210465,12.0609,351328
3667,2,-1.393,131,0,1,0,0.171756,0.205296,12.18719,351460
3668,2,9.8627,48,1,0,0,0.171584,0.178818,12.15878,351509
3669,2,9.81373,64,1,0,0,0.171412,0.185806,12.08488,351574
3670,2,-1.024,8,0,1,0,0.171241,0.211751,12.19706,351583
3671,2,-1.045,15,0,1,0,0.17107,0.17817,12.31217,351599
3672,2,-1.21,70,0,1,0,0.170899,0.235895,12.34904,351670
3673,2,-1.318,106,0,1,0,0.170728,0.196196,12.33945,351777
3674,2,-1.294,98,0,1,0,0.170557,0.220679,12.33594,351876
3675,2,9.90392,34,1,0,0,0.170387,0.231206,12.48754,351911
3676,2,-1.2,400,0,0,1,0.170216,0.205141,12.40852,352311
3677,2,9.88628,40,1,0,0,0.170046,0.203058,12.34158,352352
3678,2,9.91289,31,1,0,0,0.169876,0.177486,12.51021,352384
3679,2,9.89821,36,1,0,0,0.169706,0.197805,12.61665,352421
3680,2,9.90384,34,1,0,0,0.169536,0.239817,12.29047,352456
3681,2,-1.093,31,0,1,0,0.169367,0.224541,12.59301,352488
3682,2,-1.105,35,0,1,0,0.169197,0.216682,12.56521,352524
3683,2,9.86803,46,1,0,0,0.169028,0.190419,12.50122,352571
3684,2,-1.2,400,0,0,1,0.168859,0.213372,12.53842,352971
3685,2,9.92783,26,1,0,0,0.16869,0.19609,12.69341,352998
3686,2,-1.888,296,0,1,0,0.168522,0.241059,12.57378,353295
3687,2,-1.096,32,0,1,0,0.168353,0.214945,12.55153,353328
3688,2,9.79312,71,1,0,0,0.168185,0.251086,12.6618,353400
3689,2,-1.453,151,0,1,0,0.168017,0.228741,12.66272,353552
3690,2,-1.2,400,0,0,1,0.167849,0.235077,12.76292,353952
3691,2,-1.126,42,0,1,0,0.167681,0.22829,12.78479,353995
3692,2,9.91541,30,1,0,0,0.167513,0.207681,12.7327,354026
3693,2,-1.153,51,0,1,0,0.167346,0.236218,12.83604,354078
3694,2,-1.033,11,0,1,0,0.167178,0.235811,12.97294,354090
3695,2,-1.171,57,0,1,0,0.167011,0.238606,12.97109,354148
3696,2,-1.336,112,0,1,0,0.166844,0.23994,12.9308,354261
3697,2,-1.2,400,0,0,1,0.166677,0.236713,12.95315,354661
3698,2,-2.191,397,0,1,0,0.16651,0.252131,13.1322,355059
3699,2,9.88309,41,1,0,0,0.166344,0.236544,13.3841,355101
3700,2,9.8315,58,1,0,0,0.166178,0.266255,13.24469,355160
3701,2,9.88638,40,1,0,0,0.166011,0.229081,13.40603,355201
3702,2,9.88587,40,1,0,0,0.165845,0.257084,13.08741,355242
3703,2,-1.17552,400,0,0,1,0.16568,0.245057,13.21894,355642
3704,2,-1.2,400,0,0,1,0.165514,0.248991,13.38616,356042
3705,2,-1.084,28,0,1,0,0.165348,0.208854,13.60263,356071
3706,2,-1.216,72,0,1,0,0.165183,0.239444,13.45137,356144
3707,2,9.73576,90,1,0,0,0.165018,0.240616,13.54401,356235
3708,2,-1.087,29,0,1,0,0.164853,0.189885,13.34618,356265
3709,2,-1.144,48,0,1,0,0.164688,0.237527,13.41967,356314
3710,2,9.85907,49,1,0,0,0.164523,0.279404,13.47003,356364
3711,2,9.91927,29,1,0,0,0.164359,0.276646,13.60152,356394
3712,2,-1.2,400,0,0,1,0.164194,0.236102,13.55789,356794
3713,2,9.79321,71,1,0,0,0.16403,0.252054,13.94441,356866
3714,2,9.84623,53,1,0,0,0.163866,0.238252,13.91949,356920
3715,2,-1.132,44,0,1,0,0.163702,0.282865,13.98173,356965
3716,2,9.90389,34,1,0,0,0.163539,0.217105,13.77521,357000
3717,2,-1.843,281,0,1,0,0.163375,0.268706,13.87758,357282
3718,2,-1.255,85,0,1,0,0.163212,0.261132,13.86828,357368
3719,2,-1.063,21,0,1,0,0.163049,0.307844,13.87072,357390
3720,2,-1.2,400,0,0,1,0.162885,0.26515,13.96324,357790
3721,2,-1.099,33,0,1,0,0.162723,0.223599,13.92985,357824
3722,2,-1.336,112,0,1,0,0.16256,0.267504,13.94581,357937
3723,2,9.72039,95,1,0,0,0.162397,0.269122,14.07249,358033
3724,2,-1.099,33,0,1,0,0.162235,0.253971,13.8054,358067
3725,2,9.80466,67,1,0,0,0.162073,0.270298,14.15294,358135
3726,2,-1.162,54,0,1,0,0.161911,0.233296,14.2114,358190
3727,2,-1.2,400,0,0,1,0.161749,0.280539,14.24791,358590
3728,2,9.7639,81,1,0,0,0.161587,0.29454,14.25585,358672
3729,2,-1.036,12,0,1,0,0.161425,0.317914,14.31869,358685
3730,2,-1.393,131,0,1,0,0.161264,0.297797,14.37819,358817
3731,2,9.79864,69,1,0,0,0.161103,0.276366,14.50091,358887
3732,2,-1.03,10,0,1,0,0.160942,0.195923,14.18875,358898
3733,2,-1.327,109,0,1,0,0.160781,0.30108,14.44477,359008
3734,2,-1.2,400,0,0,1,0.16062,0.295294,14.43968,359408
3735,2,-1.675,225,0,1,0,0.160459,0.312352,14.53577,359634
3736,2,9.82637,60,1,0,0,0.160299,0.291015,14.53482,359695
3737,2,-2.122,374,0,1,0,0.160138,0.308107,14.74144,360070
3738,2,-1.33,110,0,1,0,0.159978,0.316656,14.74668,360181
3739,2,-1.19944,400,0,0,1,0.159818,0.305175,14.89102,360581
3740,2,-1.153,51,0,1,0,0.159659,0.32316,15.20027,360633
3741,2,-1.009,3,0,1,0,0.159499,0.370282,15.24257,360637
3742,2,-1.2,400,0,0,1,0.159339,0.306114,15.02772,361037
3743,2,-1.132,44,0,1,0,0.15918,0.298807,15.03617,361082
3744,2,-1.108,36,0,1,0,0.159021,0.325342,15.09744,361119
3745,2,-1.156,52,0,1,0,0.158862,0.317612,15.21899,361172
3746,2,-1.042,14,0,1,0,0.158703,0.289356,15.11321,361187
3747,2,9.94284,21,1,0,0,0.158544,0.40515,15.1598,361209
3748,2,-1.2,400,0,0,1,0.158386,0.322591,15.35856,361609
3749,2,9.79257,71,1,0,0,0.158227,0.320064,15.50161,361681
3750,2,-1.135,45,0,1,0,0.158069,0.343638,15.18222,361727
3751,2,-1.021,7,0,1,0,0.157911,0.282721,14.79724,361735
3752,2,-1.213,71,0,1,0,0.157753,0.33226,15.43355,361807
3753,2,-1.129,43,0,1,0,0.157595,0.322449,15.61185,361851
3754,2,-1.231,77,0,1,0,0.157438,0.31205,15.27602,361929
3755,2,-1.027,9,0,1,0,0.15728,0.357951,15.60505,361939
3756,2,-1.2,400,0,0,1,0.157123,0.3334,15.43464,362339
3757,2,-1.144,48,0,1,0,0.156966,0.322603,15.6546,362388
3758,2,-1.537,179,0,1,0,0.156809,0.349541,15.55654,362568
3759,2,-1.2,400,0,0,1,0.156652,0.352518,15.6459,362968
3760,2,-1.2,400,0,0,1,0.156495,0.32807,15.80391,363368
3761,2,-1.036,12,0,1,0,0.156339,0.298881,16.51826,363381
3762,2,-1.2,400,0,0,1,0.156183,0.345701,15.84793,363781
3763,2,-1.2,400,0,0,1,0.156026,0.360558,16.12373,364181
3764,2,9.91023,32,1,0,0,0.15587,0.35536,16.45206,364214
3765,2,-1.084,28,0,1,0,0.155715,0.331921,16.56704,364243
3766,2,-1.471,157,0,1,0,0.155559,0.370145,16.5289,364401
3767,2,-1.2,400,0,0,1,0.155403,0.368064,16.5904,364801
3768,2,-1.102,34,0,1,0,0.155248,0.321752,16.75719,364836
3769,2,-1.261,87,0,1,0,0.155093,0.390355,16.72627,364924
3770,2,-1.198,66,0,1,0,0.154938,0.397128,16.60315,364991
3771,2,9.84119,55,1,0,0,0.154783,0.341019,16.67768,365047
3772,2,-1.069,23,0,1,0,0.154628,0.43741,16.83672,365071
3773,2,-1.135,45,0,1,0,0.154473,0.369045,16.75596,365117
3774,2,-1.033,11,0,1,0,0.154319,0.390608,16.43527,365129
3775,2,-1.636,212,0,1,0,0.154164,0.363327,16.86299,365342
3776,2,9.77803,76,1,0,0,0.15401,0.354529,16.82421,365419
3777,2,-1.27,90,0,1,0,0.153856,0.370901,17.08316,365510
3778,2,-1.219,73,0,1,0,0.153702,0.36888,16.8035,365584
3779,2,-1.429,143,0,1,0,0.153549,0.378802,16.9566,365728
3780,2,-1.2,400,0,0,1,0.153395,0.391165,17.09184,366128
3781,2,-1.957,319,0,1,0,0.153242,0.389624,17.3559,366448
3782,2,-1.2,400,0,0,1,0.153089,0.391438,17.64019,366848
3783,2,9.44181,188,1,0,0,0.152935,0.401907,17.79234,367037
3784,2,-1.12,40,0,1,0,0.152782,0.420867,17.89344,367078
3785,2,-1.2,400,0,0,1,0.15263,0.407039,17.99033,367478
3786,2,-1.099,33,0,1,0,0.152477,0.412301,18.06252,367512
3787,2,9.83166,58,1,0,0,0.152325,0.395613,18.04282,367571
3788,2,-1.186,62,0,1,0,0.152172,0.432914,18.36701,367634
3789,2,-1.057,19,0,1,0,0.15202,0.467404,18.19004,367654
3790,2,9.02779,327,1,0,0,0.151868,0.396273,18.38604,367982
3791,2,-1.192,64,0,1,0,0.151716,0.392389,18.63677,368047
3792,2,-1.2,400,0,0,1,0.151564,0.437228,18.83811,368447
3793,2,-1.282,94,0,1,0,0.151413,0.459165,18.98442,368542
3794,2,9.88608,40,1,0,0,0.151262,0.446794,19.10286,368583
3795,2,9.84328,54,1,0,0,0.15111,0.429219,19.13278,368638
3796,2,-1.645,215,0,1,0,0.150959,0.463174,19.13908,368854
3797,2,-1.2,400,0,0,1,0.150808,0.452981,19.46005,369254
3798,2,-1.162,54,0,1,0,0.150657,0.408354,19.49712,369309
3799,2,-1.2,400,0,0,1,0.150507,0.449438,19.83967,369709
3800,2,-1.09,30,0,1,0,0.150356,0.426428,20.10241,369740
3801,2,-1.018,6,0,1,0,0.150206,0.386235,19.21445,369747
3802,2,-1.78,260,0,1,0,0.150056,0.423273,19.94227,370008
3803,2,9.86175,48,1,0,0,0.149906,0.458903,20.10564,370057
3804,2,-1.075,25,0,1,0,0.149756,0.476379,19.85625,370083
3805,2,-1.19924,400,0,0,1,0.149606,0.423998,20.38681,370483
3806,2,-1.105,35,0,1,0,0.149456,0.448237,20.52236,370519
3807,2,-1.084,28,0,1,0,0.149307,0.46864,20.36296,370548
3808,2,-1.084,28,0,1,0,0.149158,0.385399,20.37037,370577
3809,2,-1.2,400,0,0,1,0.149008,0.435214,20.62116,370977
3810,2,9.88589,40,1,0,0,0.148859,0.463413,21.02637,371018
3811,2,9.85565,50,1,0,0,0.148711,0.436377,20.98924,371069
3812,2,9.53482,157,1,0,0,0.148562,0.404944,21.24175,371227
3813,2,-1.21,70,0,1,0,0.148413,0.430249,20.70936,371298
3814,2,-1.861,287,0,1,0,0.148265,0.461228,21.45982,371586
3815,2,-1.18,60,0,1,0,0.148117,0.47719,21.56888,371647
3816,2,-1.024,8,0,1,0,0.147968,0.38513,21.64079,371656
3817,2,-1.243,81,0,1,0,0.14782,0.402865,21.55151,371738
3818,2,-1.804,268,0,1,0,0.147673,0.449254,21.89911,372007
3819,2,-1.447,149,0,1,0,0.147525,0.426871,21.96962,372157
3820,2,-1.459,153,0,1,0,0.147377,0.425452,22.03574,372311
3821,2,-1.09,30,0,1,0,0.14723,0.445173,22.47374,372342
3822,2,-2.098,366,0,1,0,0.147083,0.47339,22.47869,372709
3823,2,-1.393,131,0,1,0,0.146936,0.445096,22.68221,372841
3824,2,-1.51,170,0,1,0,0.146789,0.468724,22.66916,373012
3825,2,-1.198,66,0,1,0,0.146642,0.421637,23.03204,373079
3826,2,-1.2,400,0,0,1,0.146495,0.455852,23.10638,373479
3827,2,-1.2,400,0,0,1,0.146349,0.444561,23.49581,373879
3828,2,-1.2,400,0,0,1,0.146203,0.454583,23.94784,374279
3829,2,-1.2,400,0,0,1,0.146056,0.456669,24.24821,374679
3830,2,-1.087,29,0,1,0,0.14591,0.462006,24.97408,374709
3831,2,-1.2,400,0,0,1,0.145764,0.447191,24.75476,375109
3832,2,-1.069,23,0,1,0,0.145619,0.462942,25.41601,375133
3833,2,-1.2,400,0,0,1,0.145473,0.453143,25.03946,375533
3834,2,-1.114,38,0,1,0,0.145328,0.43047,24.87107,375572
3835,2,-1.18597,400,0,0,1,0.145182,0.455232,25.07379,375972
3836,2,-1.2,400,0,0,1,0.145037,0.471852,25.46567,376372
3837,2,-1.2,400,0,0,1,0.144892,0.447662,25.66093,376772
3838,2,-1.15,50,0,1,0,0.144747,0.451579,26.01459,376823
3839,2,-1.078,26,0,1,0,0.144602,0.505467,26.73582,376850
3840,2,-1.828,276,0,1,0,0.144458,0.480914,26.23831,377127
3841,2,-1.2,400,0,0,1,0.144313,0.460235,26.3325,377527
3842,2,9.89774,36,1,0,0,0.144169,0.517307,26.63972,377564
3843,2,-1.2,400,0,0,1,0.144025,0.482642,26.68287,377964
3844,2,-1.2,400,0,0,1,0.143881,0.476714,26.88454,378364
3845,2,9.90689,33,1,0,0,0.143737,0.504253,26.99279,378398
3846,2,-1.123,41,0,1,0,0.143593,0.474628,27.11771,378440
3847,2,-1.2,400,0,0,1,0.14345,0.484486,27.44742,378840
3848,2,-1.183,61,0,1,0,0.143306,0.495571,27.26549,378902
3849,2,-1.228,76,0,1,0,0.143163,0.525638,27.85807,378979
3850,2,-1.2,400,0,0,1,0.14302,0.491854,27.77562,379379
3851,2,-1.2,400,0,0,1,0.142877,0.501307,27.59992,379779
3852,2,-1.2,400,0,0,1,0.142734,0.490611,27.91849,380179
3853,2,-1.2,400,0,0,1,0.142591,0.482532,28.04495,380579
3854,2,-1.072,24,0,1,0,0.142448,0.547774,28.99168,380604
3855,2,-1.174,58,0,1,0,0.142306,0.505016,27.97485,380663
3856,2,-1.2,400,0,0,1,0.142164,0.478606,28.34836,381063
3857,2,-1.759,253,0,1,0,0.142022,0.47311,28.38579,381317
3858,2,-1.216,72,0,1,0,0.14188,0.488852,28.19542,381390
3859,2,-1.2,400,0,0,1,0.141738,0.508818,28.69099,381790
3860,2,-1.735,245,0,1,0,0.141596,0.457527,28.5864,382036
3861,2,-1.2,400,0,0,1,0.141454,0.474734,28.79178,382436
3862,2,-1.282,94,0,1,0,0.141313,0.441293,28.6592,382531
3863,2,-1.282,94,0,1,0,0.141172,0.489036,29.01106,382626
3864,2,-1.093,31,0,1,0,0.14103,0.494468,29.77684,382658
3865,2,-1.129,43,0,1,0,0.140889,0.424109,29.06747,382702
3866,2,-1.1971,400,0,0,1,0.140748,0.45785,28.99864,383102
3867,2,-1.2,400,0,0,1,0.140608,0.475094,29.31024,383502
3868,2,-1.096,32,0,1,0,0.140467,0.460645,29.03552,383535
3869,2,-1.2,400,0,0,1,0.140327,0.488617,29.63063,383935
3870,2,-1.2,400,0,0,1,0.140186,0.49554,29.56387,384335
3871,2,-1.2,400,0,0,1,0.140046,0.49979,30.02765,384735
3872,2,-1.9,300,0,1,0,0.139906,0.491037,30.21012,385036
3873,2,-1.201,67,0,1,0,0.139766,0.461275,29.79846,385104
3874,2,-1.723,241,0,1,0,0.139626,0.467259,29.91892,385346
3875,2,-1.291,97,0,1,0,0.139487,0.449148,30.22687,385444
3876,2,-1.558,186,0,1,0,0.139347,0.484953,29.88661,385631
3877,2,-1.078,26,0,1,0,0.139208,0.475105,30.2019,385658
3878,2,-1.603,201,0,1,0,0.139069,0.521598,30.09153,385860
3879,2,-1.225,75,0,1,0,0.13893,0.518906,30.02783,385936
3880,2,9.08725,306,1,0,0,0.138791,0.48395,30.07737,386243
3881,2,-1.282,94,0,1,0,0.138652,0.480495,30.07658,386338
3882,2,-1.024,8,0,1,0,0.138513,0.406078,29.59395,386347
3883,2,-1.744,248,0,1,0,0.138375,0.546485,30.30081,386596
3884,2,-1.531,177,0,1,0,0.138236,0.503739,30.69997,386774
3885,2,-1.2,400,0,0,1,0.138098,0.535916,30.8038,387174
3886,2,-1.072,24,0,1,0,0.13796,0.495184,30.96107,387199
3887,2,-1.2,400,0,0,1,0.137822,0.534485,31.05774,387599
3888,2,-1.165,55,0,1,0,0.137684,0.495468,30.9142,387655
3889,2,-1.051,17,0,1,0,0.137547,0.489053,31.48062,387673
3890,2,-1.189,63,0,1,0,0.137409,0.617726,31.44061,387737
3891,2,9.703,101,1,0,0,0.137272,0.5644,31.34257,387839
3892,2,-1.2,400,0,0,1,0.137134,0.543204,31.44311,388239
3893,2,-1.048,16,0,1,0,0.136997,0.507602,31.38556,388256
3894,2,-1.2,400,0,0,1,0.13686,0.548086,31.78083,388656
3895,2,-1.2,400,0,0,1,0.136723,0.557829,32.12369,389056
3896,2,-1.21,70,0,1,0,0.136587,0.597522,32.45209,389127
3897,2,-1.924,308,0,1,0,0.13645,0.565085,32.3366,389436
3898,2,-1.258,86,0,1,0,0.136314,0.565839,32.34463,389523
3899,2,-1.19856,400,0,0,1,0.136177,0.578154,32.74981,389923
3900,2,-1.411,137,0,1,0,0.136041,0.584286,32.8778,390061
3901,2,-1.183,61,0,1,0,0.135905,0.581699,32.85001,390123
3902,2,-1.9,300,0,1,0,0.135769,0.592012,32.89934,390424
3903,2,-1.066,22,0,1,0,0.135633,0.598487,33.33153,390447
3904,2,-1.09,30,0,1,0,0.135498,0.60913,32.86027,390478
3905,2,-1.063,21,0,1,0,0.135362,0.53434,32.94648,390500
3906,2,-1.2,400,0,0,1,0.135227,0.587196,33.00023,390900
3907,2,-1.135,45,0,1,0,0.135092,0.525393,32.8182,390946
3908,2,-1.2,400,0,0,1,0.134957,0.578096,33.00337,391346
3909,2,-1.2,400,0,0,1,0.134822,0.592664,33.07319,391746
3910,2,-1.111,37,0,1,0,0.134687,0.601543,33.59119,391784
3911,2,-1.519,173,0,1,0,0.134552,0.616936,32.96379,391958
3912,2,-1.486,162,0,1,0,0.134418,0.601374,32.35073,392121
3913,2,-1.126,42,0,1,0,0.134283,0.631231,32.5028,392164
3914,2,-1.891,297,0,1,0,0.134149,0.593399,32.64998,392462
3915,2,-1.045,15,0,1,0,0.134015,0.79485,31.98762,392478
3916,2,-1.369,123,0,1,0,0.133881,0.629702,32.73214,392602
3917,2,-1.135,45,0,1,0,0.133747,0.602318,32.91247,392648
3918,2,-1.09,30,0,1,0,0.133613,0.649957,32.86648,392679
3919,2,9.58257,141,1,0,0,0.133479,0.596144,32.67647,392821
3920,2,-1.636,212,0,1,0,0.133346,0.616926,32.70002,393034
3921,2,-1.087,29,0,1,0,0.133213,0.499246,32.65788,393064
3922,2,-1.081,27,0,1,0,0.133079,0.681672,32.68574,393092
3923,2,-1.09,30,0,1,0,0.132946,0.576226,33.05331,393123
3924,2,-1.165,55,0,1,0,0.132813,0.677545,32.87556,393179
3925,2,-1.2,400,0,0,1,0.132681,0.600879,32.83625,393579
3926,2,-1.2,400,0,0,1,0.132548,0.603729,33.00123,393979
3927,2,-1.276,92,0,1,0,0.132415,0.657473,33.12926,394072
3928,2,-1.2,400,0,0,1,0.132283,0.632362,33.37148,394472
3929,2,-1.2,400,0,0,1,0.132151,0.602382,33.29125,394872
3930,2,-1.873,291,0,1,0,0.132019,0.607952,33.42135,395164
3931,2,-1.216,72,0,1,0,0.131886,0.604933,33.25747,395237
3932,2,-1.639,213,0,1,0,0.131755,0.627449,33.60702,395451
3933,2,-1.525,175,0,1,0,0.131623,0.628163,33.45877,395627
3934,2,-1.075,25,0,1,0,0.131491,0.717324,33.81557,395653
3935,2,-1.2,400,0,0,1,0.13136,0.624642,33.68438,396053
3936,2,-1.03,10,0,1,0,0.131228,0.568687,33.99625,396064
3937,2,9.87388,44,1,0,0,0.131097,0.608692,33.88363,396109
3938,2,-1.2,400,0,0,1,0.130966,0.641655,33.62747,396509
3939,2,-1.147,49,0,1,0,0.130835,0.603167,33.84187,396559
3940,2,-1.951,317,0,1,0,0.130704,0.625317,33.8442,396877
3941,2,9.90029,35,1,0,0,0.130574,0.633303,33.81411,396913
3942,2,-1.042,14,0,1,0,0.130443,0.647339,33.67238,396928
3943,2,-1.156,52,0,1,0,0.130313,0.623557,34.07865,396981
3944,2,-1.036,12,0,1,0,0.130182,0.674672,32.89636,396994
3945,2,-1.015,5,0,1,0,0.130052,0.709473,33.21374,397000
3946,2,-1.189,63,0,1,0,0.129922,0.651564,33.92451,397064
3947,2,-1.15,50,0,1,0,0.129792,0.612223,33.29862,397115
3948,2,-1.15,50,0,1,0,0.129662,0.66684,33.67557,397166
3949,2,-1.48,160,0,1,0,0.129533,0.636272,33.84114,397327
3950,2,-1.447,149,0,1,0,0.129403,0.664122,33.65373,397477
3951,2,-1.2,400,0,0,1,0.129274,0.629188,33.9612,397877
3952,2,-1.2,400,0,0,1,0.129144,0.640239,34.0629,398277
3953,2,-1.771,257,0,1,0,0.129015,0.636907,34.3097,398535
3954,2,-1.009,3,0,1,0,0.128886,0.837584,34.71953,398539
3955,2,-1.2,400,0,0,1,0.128757,0.648816,34.53906,398939
3956,2,-1.846,282,0,1,0,0.128629,0.647503,34.57116,399222
3957,2,-1.2,400,0,0,1,0.1285,0.641789,34.68463,399622
3958,2,-1.234,78,0,1,0,0.128371,0.664356,34.57472,399701
3959,2,-1.006,2,0,1,0,0.128243,0.853385,36.27006,399704
3960,2,-1.042,14,0,1,0,0.128115,0.503764,34.94148,399719
3961,2,-1.2,400,0,0,1,0.127987,0.693044,35.24024,400119
3962,2,-1.36,120,0,1,0,0.127859,0.717961,35.529,400240
3963,2,-1.114,38,0,1,0,0.127731,0.756005,35.44381,400279
3964,2,-1.2,400,0,0,1,0.127603,0.688684,35.7396,400679
3965,2,-1.2,400,0,0,1,0.127476,0.641872,35.72858,401079
3966,2,9.89206,38,1,0,0,0.127348,0.621746,34.97375,401118
3967,2,-1.057,19,0,1,0,0.127221,0.830301,35.7333,401138
3968,2,-1.189,63,0,1,0,0.127094,0.632578,36.30734,401202
3969,2,-1.474,158,0,1,0,0.126966,0.691732,36.12998,401361
3970,2,9.57065,145,1,0,0,0.126839,0.66533,35.94549,401507
3971,2,-1.882,294,0,1,0,0.126713,0.667738,36.21239,401802
3972,2,-1.70051,234,0,1,0,0.126586,0.722552,36.55282,402037
3973,2,-1.2,400,0,0,1,0.126459,0.72689,36.83705,402437
3974,2,-1.558,186,0,1,0,0.126333,0.729463,37.36664,402624
3975,2,-1.684,228,0,1,0,0.126207,0.777034,37.3255,402853
3976,2,9.85259,51,1,0,0,0.12608,0.734935,37.13729,402905
3977,2,-1.2,400,0,0,1,0.125954,0.750495,37.54082,403305
3978,2,9.81983,62,1,0,0,0.125828,0.751496,37.37649,403368
3979,2,-1.2,400,0,0,1,0.125702,0.761043,37.44657,403768
3980,2,-1.069,23,0,1,0,0.125577,0.651673,37.39679,403792
3981,2,-1.012,4,0,1,0,0.125451,0.6382,38.77821,403797
3982,2,-1.2,400,0,0,1,0.125326,0.758112,37.9584,404197
3983,2,-1.255,85,0,1,0,0.1252,0.741384,38.09147,404283
3984,2,-1.2,400,0,0,1,0.125075,0.726679,38.00664,404683
3985,2,-1.2,400,0,0,1,0.12495,0.690331,37.95823,405083
3986,2,-1.2,400,0,0,1,0.124825,0.693446,38.14076,405483
3987,2,-1.2,400,0,0,1,0.1247,0.716374,38.34475,405883
3988,2,-1.2,400,0,0,1,0.124576,0.721101,38.53563,406283
3989,2,-1.441,147,0,1,0,0.124451,0.720742,38.86037,406431
3990,2,-1.2,400,0,0,1,0.124327,0.665201,38.7979,406831
3991,2,-1.222,74,0,1,0,0.124202,0.679647,38.74483,406906
3992,2,-1.486,162,0,1,0,0.124078,0.683806,38.81763,407069
3993,2,-1.006,2,0,1,0,0.123954,0.910454,37.03521,407072
3994,2,-1.18,60,0,1,0,0.12383,0.716368,39.40136,407133
3995,2,-1.081,27,0,1,0,0.123706,0.705766,39.71395,407161
3996,2,-1.2,400,0,0,1,0.123583,0.726655,39.08074,407561
3997,2,-1.17767,60,0,1,0,0.123459,0.71309,39.83073,407622
3998,2,-1.105,35,0,1,0,0.123335,0.752833,39.61107,407658
3999,2,-1.015,5,0,1,0,0.123212,0.847821,40.23171,407664
4000,2,-1.1994,400,0,0,1,0.123089,0.744562,39.48697,408064
4001,2,-1.063,21,0,1,0,0.122966,0.776958,39.17428,408086
4002,2,-1.06,20,0,1,0,0.122843,0.636212,40.00729,408107
4003,2,-1.414,138,0,1,0,0.12272,0.754374,40.04226,408246
4004,2,-1.2,400,0,0,1,0.122597,0.780477,40.19288,408646
4005,2,-1.078,26,0,1,0,0.122475,0.725394,39.61374,408673
4006,2,-1.087,29,0,1,0,0.122352,0.744807,40.35516,408703
4007,2,-1.45,150,0,1,0,0.12223,0.727494,39.90689,408854
4008,2,-1.19904,400,0,0,1,0.122108,0.76527,40.50834,409254
4009,2,9.91296,31,1,0,0,0.121986,0.727198,40.70315,409286
4010,2,-1.519,173,0,1,0,0.121864,0.785387,40.68932,409460
4011,2,-1.459,153,0,1,0,0.121742,0.787091,40.91604,409614
4012,2,-2.095,365,0,1,0,0.12162,0.820095,41.23816,409980
4013,2,-1.048,16,0,1,0,0.121498,0.719714,41.86055,409997
4014,2,-1.267,89,0,1,0,0.121377,0.796201,41.41132,410087
4015,2,9.72688,93,1,0,0,0.121255,0.749616,41.48011,410181
4016,2,-1.2,400,0,0,1,0.121134,0.80664,42.06694,410581
4017,2,-1.03,10,0,1,0,0.121013,0.687653,41.50102,410592
4018,2,-1.171,57,0,1,0,0.120892,0.823975,42.70364,410650
4019,2,-1.078,26,0,1,0,0.120771,0.879012,41.91365,410677
4020,2,-1.105,35,0,1,0,0.12065,0.899055,42.14898,410713
4021,2,-1.714,238,0,1,0,0.12053,0.798021,42.33516,410952
4022,2,-1.2,400,0,0,1,0.120409,0.809686,42.56843,411352
4023,2,-1.087,29,0,1,0,0.120289,0.820523,43.39225,411382
4024,2,-1.783,261,0,1,0,0.120169,0.79554,42.59684,411644
4025,2,9.79277,71,1,0,0,0.120048,0.757023,42.37874,411716
4026,2,-1.09,30,0,1,0,0.119928,0.8158,41.87972,411747
4027,2,-1.387,129,0,1,0,0.119808,0.81814,42.76152,411877
4028,2,-1.366,122,0,1,0,0.119689,0.878221,42.73604,412000
4029,2,-2.116,372,0,1,0,0.119569,0.814257,43.10018,412373
4030,2,-1.024,8,0,1,0,0.119449,0.786295,43.85097,412382
4031,2,-1.123,41,0,1,0,0.11933,0.807273,43.54613,412424
4032,2,-1.21,70,0,1,0,0.119211,0.83599,43.58013,412495
4033,2,-1.225,75,0,1,0,0.119091,0.773897,43.48079,412571
4034,2,-1.06,20,0,1,0,0.118972,0.814363,42.97003,412592
4035,2,-1.129,43,0,1,0,0.118853,0.794031,43.48446,412636
4036,2,-1.447,149,0,1,0,0.118734,0.836267,43.95382,412786
4037,2,-1.2,400,0,0,1,0.118616,0.859035,44.01855,413186
4038,2,-1.06,20,0,1,0,0.118497,0.84593,43.73417,413207
4039,2,-1.069,23,0,1,0,0.118379,0.925971,44.02244,413231
4040,2,9.80809,66,1,0,0,0.11826,0.852914,44.45796,413298
4041,2,-1.2,400,0,0,1,0.118142,0.863051,44.41343,413698
4042,2,-1.114,38,0,1,0,0.118024,0.802348,45.06028,413737
4043,2,-1.144,48,0,1,0,0.117906,0.813149,44.6196,413786
4044,2,-1.282,94,0,1,0,0.117788,0.832399,44.21554,413881
4045,2,-1.2,400,0,0,1,0.11767,0.852987,44.84331,414281
4046,2,-1.192,64,0,1,0,0.117552,0.87619,44.92045,414346
4047,2,-1.408,136,0,1,0,0.117435,0.858972,45.37557,414483
4048,2,-1.063,21,0,1,0,0.117317,0.817015,44.48001,414505
4049,2,-1.2,400,0,0,1,0.1172,0.853006,45.25372,414905
4050,2,-1.2,400,0,0,1,0.117083,0.848543,45.73345,415305
4051,2,-1.111,37,0,1,0,0.116966,0.89939,46.81447,415343
4052,2,-1.2,400,0,0,1,0.116849,0.835638,45.78541,415743
4053,2,-1.516,172,0,1,0,0.116732,0.830126,45.82302,415916
4054,2,-1.291,97,0,1,0,0.116615,0.877233,45.76168,416014
4055,2,-1.039,13,0,1,0,0.116499,0.775246,45.26549,416028
4056,2,-1.054,18,0,1,0,0.116382,0.813074,45.35854,416047
4057,2,-1.261,87,0,1,0,0.116266,0.987051,45.56409,416135
4058,2,-1.177,59,0,1,0,0.116149,0.886268,46.10543,416195
4059,2,-1.2,400,0,0,1,0.116033,0.878287,46.079,416595
4060,2,-1.633,211,0,1,0,0.115917,0.909496,46.39591,416807
4061,2,-1.648,216,0,1,0,0.115801,0.846822,46.5742,417024
4062,2,-2.12481,377,0,1,0,0.115686,0.898195,46.85256,417402
4063,2,9.92529,27,1,0,0,0.11557,0.940291,47.1637,417430
4064,2,-1.783,261,0,1,0,0.115454,0.895596,46.73933,417692
4065,2,-1.2,400,0,0,1,0.115339,0.822259,47.05413,418092
4066,2,-1.168,56,0,1,0,0.115224,0.82143,46.57814,418149
4067,2,-1.387,129,0,1,0,0.115108,0.837748,47.10624,418279
4068,2,-1.072,24,0,1,0,0.114993,0.900296,47.12682,418304
4069,2,-1.2,400,0,0,1,0.114878,0.871015,47.36184,418704
4070,2,-1.2,400,0,0,1,0.114763,0.866288,47.48665,419104
4071,2,-1.19929,400,0,0,1,0.114649,0.854399,47.51189,419504
4072,2,-1.558,186,0,1,0,0.114534,0.894592,47.2142,419691
4073,2,-1.18,60,0,1,0,0.114419,0.784765,47.06656,419752
4074,2,-1.549,183,0,1,0,0.114305,0.884082,47.51192,419936
4075,2,-1.051,17,0,1,0,0.114191,0.876929,47.81229,419954
4076,2,-1.081,27,0,1,0,0.114076,0.881263,47.36196,419982
4077,2,9.83498,57,1,0,0,0.113962,0.9355,47.8472,420040
4078,2,-1.225,75,0,1,0,0.113848,0.947272,47.23877,420116
4079,2,-1.183,61,0,1,0,0.113735,0.859762,47.79721,420178
4080,2,-1.636,212,0,1,0,0.113621,0.907225,47.62565,420391
4081,2,-1.057,19,0,1,0,0.113507,0.781789,48.02012,420411
4082,2,-1.117,39,0,1,0,0.113394,0.994609,48.03056,420451
4083,2,9.79908,69,1,0,0,0.11328,0.940347,47.67127,420521
4084,2,-1.2,400,0,0,1,0.113167,0.889813,47.8157,420921
4085,2,-1.063,21,0,1,0,0.113054,1.001991,47.23533,420943
4086,2,-1.2,400,0,0,1,0.112941,0.87675,47.72866,421343
4087,2,-1.543,181,0,1,0,0.112828,0.833547,47.82752,421525
4088,2,-1.513,171,0,1,0,0.112715,0.898485,48.35471,421697
4089,2,-1.2,400,0,0,1,0.112602,0.94144,48.95623,422097
4090,2,-1.2,400,0,0,1,0.11249,0.905219,49.35872,422497
4091,2,-1.2,400,0,0,1,0.112377,0.866713,49.0927,422897
4092,2,-1.165,55,0,1,0,0.112265,0.883741,48.98925,422953
4093,2,-1.453,151,0,1,0,0.112153,0.885372,49.08209,423105
4094,2,-1.153,51,0,1,0,0.11204,0.848286,49.14663,423157
4095,2,-1.186,62,0,1,0,0.111928,0.930727,48.9973,423220
4096,2,-1.558,186,0,1,0,0.111816,0.805956,49.11018,423407
4097,2,-1.282,94,0,1,0,0.111705,0.848739,49.14444,423502
4098,2,-1.2,400,0,0,1,0.111593,0.880482,49.18073,423902
4099,2,-1.2,400,0,0,1,0.111481,0.881272,49.4527,424302
4100,2,-1.138,46,0,1,0,0.11137,0.846435,49.49295,424349
4101,2,-1.15,50,0,1,0,0.111259,0.784271,49.62027,424400
4102,2,-1.2,400,0,0,1,0.111147,0.824038,49.55203,424800
4103,2,-1.2,400,0,0,1,0.111036,0.834747,49.57381,425200
4104,2,-1.19979,400,0,0,1,0.110925,0.843541,49.78405,425600
4105,2,-1.144,48,0,1,0,0.110814,0.821356,50.00681,425649
4106,2,-1.2,400,0,0,1,0.110703,0.834846,50.1659,426049
4107,2,-1.2,400,0,0,1,0.110593,0.846531,50.17109,426449
4108,2,-1.015,5,0,1,0,0.110482,0.80559,51.39934,426455
4109,2,-1.024,8,0,1,0,0.110372,0.88329,50.83988,426464
4110,2,-1.321,107,0,1,0,0.110261,0.809772,50.1991,426572
4111,2,-1.19745,400,0,0,1,0.110151,0.881346,50.40362,426972
4112,2,-1.213,71,0,1,0,0.110041,0.902628,50.59815,427044
4113,2,-1.147,49,0,1,0,0.109931,0.903962,50.54674,427094
4114,2,-2.188,396,0,1,0,0.109821,0.846701,50.94206,427491
4115,2,-1.096,32,0,1,0,0.109711,0.798033,50.98926,427524
4116,2,-1.348,116,0,1,0,0.109601,0.884519,51.22925,427641
4117,2,-1.2,400,0,0,1,0.109492,0.883138,51.38851,428041
4118,2,-1.2,400,0,0,1,0.109382,0.884347,51.45082,428441
4119,2,-1.117,39,0,1,0,0.109273,0.879467,51.66736,428481
4120,2,-1.036,12,0,1,0,0.109164,0.765616,50.30553,428494
4121,2,-1.099,33,0,1,0,0.109054,0.95086,52.17253,428528
4122,2,-1.2,400,0,0,1,0.108945,0.867742,51.88957,428928
4123,2,-1.2,400,0,0,1,0.108836,0.930758,52.28746,429328
4124,2,-1.2,400,0,0,1,0.108728,0.937343,52.54345,429728
4125,2,-1.2,400,0,0,1,0.108619,0.914335,52.24273,430128
4126,2,-1.174,58,0,1,0,0.10851,0.87401,52.40801,430187
4127,2,-1.177,59,0,1,0,0.108402,0.971771,52.29374,430247
4128,2,-1.309,103,0,1,0,0.108293,0.927441,52.43529,430351
4129,2,-1.318,106,0,1,0,0.108185,0.834849,52.4394,430458
4130,2,-1.2,400,0,0,1,0.108077,0.942159,52.9184,430858
4131,2,-1.2,400,0,0,1,0.107969,0.897136,53.3377,431258
4132,2,-1.3,100,0,1,0,0.107861,0.871448,52.9655,431359
4133,2,-1.06,20,0,1,0,0.107753,0.817906,53.36863,431380
4134,2,-1.2,400,0,0,1,0.107645,0.90271,53.59513,431780
4135,2,-1.081,27,0,1,0,0.107537,0.879264,55.14509,431808
4136,2,-1.264,88,0,1,0,0.10743,0.938517,54.55776,431897
4137,2,-1.2,400,0,0,1,0.107323,0.86979,54.2525,432297
4138,2,-1.051,17,0,1,0,0.107215,1.089621,55.23084,432315
4139,2,-1.072,24,0,1,0,0.107108,0.951553,54.60369,432340
4140,2,-1.063,21,0,1,0,0.107001,0.880753,54.39255,432362
4141,2,-1.2,400,0,0,1,0.106894,0.924157,54.60099,432762
4142,2,-1.2,400,0,0,1,0.106787,0.923806,54.93132,433162
4143,2,-1.168,56,0,1,0,0.10668,0.926371,54.99323,433219
4144,2,-1.525,175,0,1,0,0.106574,0.877748,55.21784,433395
4145,2,-1.2,400,0,0,1,0.106467,0.884942,55.09996,433795
4146,2,-1.078,26,0,1,0,0.10636,0.863057,55.46421,433822
4147,2,-1.753,251,0,1,0,0.106254,0.951785,55.57888,434074
4148,2,-1.2,400,0,0,1,0.106148,0.885677,55.56725,434474
4149,2,-1.2,400,0,0,1,0.106042,0.920364,55.9306,434874
4150,2,-1.063,21,0,1,0,0.105936,0.814809,55.73433,434896
4151,2,-1.6054,202,0,1,0,0.10583,0.886892,55.97358,435099
4152,2,-1.2,400,0,0,1,0.105724,0.876835,56.3169,435499
4153,2,-1.06,20,0,1,0,0.105618,1.003759,56.69948,435520
4154,2,-1.2,400,0,0,1,0.105513,0.894136,56.21659,435920
4155,2,-1.21,70,0,1,0,0.105407,0.86019,56.162,435991
4156,2,-1.108,36,0,1,0,0.105302,0.787201,56.36444,436028
4157,2,9.34585,220,1,0,0,0.105196,0.863208,56.20778,436249
4158,2,-1.051,17,0,1,0,0.105091,1.008684,55.44865,436267
4159,2,-1.87,290,0,1,0,0.104986,0.862234,55.95557,436558
4160,2,-1.024,8,0,1,0,0.104881,0.656904,55.10244,436567
4161,2,-1.012,4,0,1,0,0.104776,0.978414,55.76796,436572
4162,2,-2.107,369,0,1,0,0.104671,0.848913,56.1777,436942
4163,2,-1.2,400,0,0,1,0.104567,0.823364,56.60399,437342
4164,2,-1.054,18,0,1,0,0.104462,0.922025,56.332,437361
4165,2,-1.2,400,0,0,1,0.104358,0.82212,56.75867,437761
4166,2,-1.216,72,0,1,0,0.104253,0.775286,57.08136,437834
4167,2,-1.2,400,0,0,1,0.104149,0.851656,57.07637,438234
4168,2,-1.2,400,0,0,1,0.104045,0.860439,56.90091,438634
4169,2,-2.122,374,0,1,0,0.103941,0.817468,57.01554,439009
4170,2,-1.2,400,0,0,1,0.103837,0.832625,56.76115,439409
4171,2,-1.138,46,0,1,0,0.103733,0.833742,56.89845,439456
4172,2,-1.618,206,0,1,0,0.103629,0.854591,57.16951,439663
4173,2,-1.114,38,0,1,0,0.103526,0.866916,56.41461,439702
4174,2,-1.099,33,0,1,0,0.103422,0.793914,56.70241,439736
4175,2,9.80191,68,1,0,0,0.103319,0.8642,56.64911,439805
4176,2,-1.2,400,0,0,1,0.103216,0.869451,57.07381,440205
4177,2,-1.051,17,0,1,0,0.103112,0.969111,56.54265,440223
4178,2,-1.2,400,0,0,1,0.103009,0.855604,57.05159,440623
4179,2,9.94558,20,1,0,0,0.102906,0.997603,56.76369,440644
4180,2,-1.453,151,0,1,0,0.102803,0.817838,56.84364,440796
4181,2,-1.2,400,0,0,1,0.1027,0.83033,57.00417,441196
4182,2,-1.336,112,0,1,0,0.102598,0.765751,57.18821,441309
4183,2,-1.057,19,0,1,0,0.102495,0.847984,57.49959,441329
4184,2,9.9369,23,1,0,0,0.102393,0.789668,56.60689,441353
4185,2,-1.2,400,0,0,1,0.10229,0.811858,56.77042,441753
4186,2,-1.045,15,0,1,0,0.102188,0.756824,56.70735,441769
4187,2,-1.24,80,0,1,0,0.102086,0.826068,56.90342,441850
4188,2,-2.035,345,0,1,0,0.101984,0.815721,56.6687,442196
4189,2,-1.645,215,0,1,0,0.101882,0.800333,56.89608,442412
4190,2,-1.309,103,0,1,0,0.10178,0.773407,56.76608,442516
4191,2,-1.2,400,0,0,1,0.101678,0.806624,56.85884,442916
4192,2,-1.2,400,0,0,1,0.101576,0.809365,56.718,443316
4193,2,-1.411,137,0,1,0,0.101475,0.797909,56.80303,443454
4194,2,-1.285,95,0,1,0,0.101373,0.735008,56.99386,443550
4195,2,-1.2,400,0,0,1,0.101272,0.790338,57.02564,443950
4196,2,-1.2,400,0,0,1,0.101171,0.742663,56.73606,444350
4197,2,-1.255,85,0,1,0,0.10107,0.745306,56.26791,444436
4198,2,-1.2,400,0,0,1,0.100968,0.727126,56.45482,444836
4199,2,-1.2,400,0,0,1,0.100867,0.743818,56.29695,445236
4200,2,-1.114,38,0,1,0,0.100767,0.639087,56.10679,445275
4201,2,-1.2,400,0,0,1,0.100666,0.746125,56.27329,445675
4202,2,-1.594,198,0,1,0,0.100565,0.735603,56.16016,445874
4203,2,-1.15,50,0,1,0,0.100465,0.830415,56.10357,445925
4204,2,-1.312,104,0,1,0,0.100364,0.761892,56.1824,446030
4205,2,-1.2,400,0,0,1,0.100264,0.787124,56.08146,446430
4206,2,-1.19896,400,0,0,1,0.100164,0.690645,56.08514,446830
4207,2,-1.03,10,0,1,0,0.100063,0.889762,56.68973,446841
4208,2,-1.2,400,0,0,1,0.1,0.739287,56.17618,447241
4209,2,-1.2,400,0,0,1,0.1,0.763964,56.37498,447641
4210,2,-1.2,400,0,0,1,0.1,0.733771,56.24543,448041
4211,2,-1.033,11,0,1,0,0.1,0.792906,56.22139,448053
4212,2,-1.2,400,0,0,1,0.1,0.711531,56.04401,448453
4213,2,-1.2,400,0,0,1,0.1,0.731158,56.01837,448853
4214,2,-1.168,56,0,1,0,0.1,0.607867,55.89475,448910
4215,2,-1.579,193,0,1,0,0.1,0.730414,56.03798,449104
4216,2,-1.099,33,0,1,0,0.1,0.702963,55.95661,449138
4217,2,-1.198,66,0,1,0,0.1,0.698423,55.87466,449205
4218,2,-1.081,27,0,1,0,0.1,0.7834,55.99592,449233
4219,2,-1.2,400,0,0,1,0.1,0.736137,55.74738,449633
4220,2,-1.039,13,0,1,0,0.1,0.726482,54.73034,449647
4221,2,-1.2,400,0,0,1,0.1,0.654605,55.58611,450047
4222,2,-1.135,45,0,1,0,0.1,0.665365,54.82327,450093
4223,2,-1.192,64,0,1,0,0.1,0.729146,55.00639,450158
4224,2,-1.2,400,0,0,1,0.1,0.696776,55.44899,450558
4225,2,-1.19898,400,0,0,1,0.1,0.704656,55.45774,450958
4226,2,-1.2,400,0,0,1,0.1,0.700441,55.18169,451358
4227,2,-1.027,9,0,1,0,0.1,0.589325,54.94548,451368
4228,2,-1.036,12,0,1,0,0.1,0.753511,55.45668,451381
4229,2,-1.615,205,0,1,0,0.1,0.645082,54.87439,451587
4230,2,-1.069,23,0,1,0,0.1,0.674446,55.08342,451611
4231,2,-1.2,400,0,0,1,0.1,0.652685,54.80144,452011
4232,2,9.82874,59,1,0,0,0.1,0.681656,54.62046,452071
4233,2,-1.2,400,0,0,1,0.1,0.65589,54.53265,452471
4234,2,-1.06,20,0,1,0,0.1,0.68912,54.27163,452492
4235,2,-1.072,24,0,1,0,0.1,0.6247,54.24233,452517
4236,2,-1.2,400,0,0,1,0.1,0.627247,54.37945,452917
4237,2,-1.2,400,0,0,1,0.1,0.622504,54.45685,453317
4238,2,-1.2,400,0,0,1,0.1,0.65619,54.35105,453717
4239,2,9.90373,34,1,0,0,0.1,0.675618,54.29438,453752
4240,2,-1.024,8,0,1,0,0.1,0.805659,54.53479,453761
4241,2,-1.045,15,0,1,0,0.1,0.633002,54.54259,453777
4242,2,-1.2,400,0,0,1,0.1,0.639495,54.24912,454177
4243,2,-1.2,400,0,0,1,0.1,0.656262,54.07521,454577
4244,2,-1.144,48,0,1,0,0.1,0.749472,54.26444,454626
4245,2,-1.045,15,0,1,0,0.1,0.653078,54.1096,454642
4246,2,-1.2,400,0,0,1,0.1,0.672668,54.12615,455042
4247,2,-1.26561,89,0,1,0,0.1,0.623677,54.00482,455132
4248,2,-1.19933,400,0,0,1,0.1,0.644906,53.93674,455532
4249,2,-1.168,56,0,1,0,0.1,0.692511,53.8407,455589
4250,2,-1.2,400,0,0,1,0.1,0.639135,53.69351,455989
4251,2,-1.12,40,0,1,0,0.1,0.613346,53.64922,456030
4252,2,-1.2,400,0,0,1,0.1,0.629133,53.76263,456430
4253,2,-1.66,220,0,1,0,0.1,0.650231,53.86809,456651
4254,2,-1.2,400,0,0,1,0.1,0.617609,53.66209,457051
4255,2,-1.18823,400,0,0,1,0.1,0.605667,53.73002,457451
4256,2,-1.2,400,0,0,1,0.1,0.625656,53.75546,457851
4257,2,-1.156,52,0,1,0,0.1,0.602583,53.80533,457904
4258,2,-1.2,400,0,0,1,0.1,0.620086,53.1943,458304
4259,2,-1.135,45,0,1,0,0.1,0.572919,53.62471,458350
4260,2,-1.309,103,0,1,0,0.1,0.60604,53.38545,458454
4261,2,-1.039,13,0,1,0,0.1,0.513579,53.00041,458468
4262,2,-1.2,400,0,0,1,0.1,0.607677,53.21557,458868
4263,2,-1.03,10,0,1,0,0.1,0.539177,52.62744,458879
4264,2,-1.204,68,0,1,0,0.1,0.631683,52.91288,458948
4265,2,-1.24756,83,0,1,0,0.1,0.550916,53.25587,459032
4266,2,-1.294,98,0,1,0,0.1,0.606985,53.03065,459131
4267,2,-1.2,400,0,0,1,0.1,0.598692,52.78498,459531
4268,2,-1.2,400,0,0,1,0.1,0.621071,52.70276,459931
4269,2,-1.138,46,0,1,0,0.1,0.679742,52.46449,459978
4270,2,-1.54,180,0,1,0,0.1,0.620364,52.62332,460159
4271,2,-1.2,400,0,0,1,0.1,0.581969,52.56175,460559
4272,2,-1.2,400,0,0,1,0.1,0.579025,52.22207,460959
4273,2,-1.2,400,0,0,1,0.1,0.63085,52.17747,461359
4274,2,-1.126,42,0,1,0,0.1,0.595179,52.39772,461402
4275,2,-1.486,162,0,1,0,0.1,0.60797,52.6099,461565
4276,2,-2.047,349,0,1,0,0.1,0.604543,52.56721,461915
4277,2,-1.036,12,0,1,0,0.1,0.611559,51.86086,461928
4278,2,-1.981,327,0,1,0,0.1,0.604197,52.59138,462256
4279,2,-1.12,40,0,1,0,0.1,0.67474,52.79694,462297
4280,2,-1.2,400,0,0,1,0.1,0.595545,52.63738,462697
4281,2,-1.486,162,0,1,0,0.1,0.623828,52.42487,462860
4282,2,-1.495,165,0,1,0,0.1,0.649294,52.69963,463026
4283,2,-1.111,37,0,1,0,0.1,0.593583,52.70361,463064
4284,2,-1.2,400,0,0,1,0.1,0.632439,52.49267,463464
4285,2,-1.2,400,0,0,1,0.1,0.62751,52.15112,463864
4286,2,-1.19623,400,0,0,1,0.1,0.582676,52.08141,464264
4287,2,-1.2,400,0,0,1,0.1,0.543958,51.81547,464664
4288,2,-1.378,126,0,1,0,0.1,0.540558,51.48264,464791
4289,2,9.84379,54,1,0,0,0.1,0.6277,51.57206,464846
4290,2,9.92188,28,1,0,0,0.1,0.492069,52.21056,464875
4291,2,-1.093,31,0,1,0,0.1,0.614936,51.54146,464907
4292,2,-1.309,103,0,1,0,0.1,0.592141,51.74616,465011
4293,2,-1.687,229,0,1,0,0.1,0.568162,51.6804,465241
4294,2,-1.2,400,0,0,1,0.1,0.584478,51.60883,465641
4295,2,-1.477,159,0,1,0,0.1,0.609409,51.83985,465801
4296,2,-1.2,400,0,0,1,0.1,0.563052,51.80782,466201
4297,2,-1.09,30,0,1,0,0.1,0.585497,52.1713,466232
4298,2,-1.12,40,0,1,0,0.1,0.567778,51.91359,466273
4299,2,-1.2,400,0,0,1,0.1,0.578979,52.06725,466673
4300,2,-1.123,41,0,1,0,0.1,0.593463,51.85772,466715
4301,2,-1.204,68,0,1,0,0.1,0.600435,52.17211,466784
4302,2,-1.102,34,0,1,0,0.1,0.596422,51.95119,466819
4303,2,-1.324,108,0,1,0,0.1,0.539198,51.5501,466928
4304,2,9.88587,40,1,0,0,0.1,0.57268,51.59947,466969
4305,2,-1.261,87,0,1,0,0.1,0.595283,51.85404,467057
4306,2,-1.114,38,0,1,0,0.1,0.619142,52.08593,467096
4307,2,-1.405,135,0,1,0,0.1,0.576259,51.64338,467232
4308,2,-1.2,400,0,0,1,0.1,0.585374,51.96386,467632
4309,2,-1.261,87,0,1,0,0.1,0.624541,51.80492,467720
4310,2,-1.2,400,0,0,1,0.1,0.596992,51.95663,468120
4311,2,-1.2,400,0,0,1,0.1,0.557598,51.82862,468520
4312,2,-1.987,329,0,1,0,0.1,0.601845,51.73724,468850
4313,2,-1.2,400,0,0,1,0.1,0.595449,52.07389,469250
4314,2,-1.453,151,0,1,0,0.1,0.593459,52.28442,469402
4315,2,-1.096,32,0,1,0,0.1,0.651751,52.1778,469435
4316,2,9.87089,45,1,0,0,0.1,0.597145,52.11593,469481
4317,2,-1.2,400,0,0,1,0.1,0.606347,51.89996,469881
4318,2,-1.069,23,0,1,0,0.1,0.606229,51.92155,469905
4319,2,-1.2,400,0,0,1,0.1,0.564884,51.67821,470305
4320,2,-1.09,30,0,1,0,0.1,0.556176,52.06269,470336
4321,2,-1.321,107,0,1,0,0.1,0.563482,51.49288,470444
4322,2,-1.051,17,0,1,0,0.1,0.643479,51.76425,470462
4323,2,-1.585,195,0,1,0,0.1,0.531507,51.66794,470658
4324,2,-1.2,400,0,0,1,0.1,0.603626,51.62149,471058
4325,2,-1.11477,39,0,1,0,0.1,0.612144,51.43885,471098
4326,2,-1.153,51,0,1,0,0.1,0.567989,51.71543,471150
4327,2,-1.126,42,0,1,0,0.1,0.559852,51.19791,471193
4328,2,-1.12,40,0,1,0,0.1,0.607637,51.63495,471234
4329,2,9.83458,57,1,0,0,0.1,0.584922,51.54036,471292
4330,2,-1.138,46,0,1,0,0.1,0.653872,51.74747,471339
4331,2,-1.024,8,0,1,0,0.1,0.516836,51.32634,471348
4332,2,-1.09,30,0,1,0,0.1,0.662213,51.9473,471379
4333,2,-1.132,44,0,1,0,0.1,0.646357,51.9538,471424
4334,2,-1.174,58,0,1,0,0.1,0.607616,51.75064,471483
4335,2,-1.111,37,0,1,0,0.1,0.544319,51.54788,471521
4336,2,-1.2,400,0,0,1,0.1,0.613787,51.78306,471921
4337,2,-1.114,38,0,1,0,0.1,0.525499,51.51903,471960
4338,2,-1.2,400,0,0,1,0.1,0.584436,51.72434,472360
4339,2,-1.072,24,0,1,0,0.1,0.624062,51.39131,472385
4340,2,-1.03,10,0,1,0,0.1,0.683025,51.3255,472396
4341,2,-1.2,400,0,0,1,0.1,0.60932,51.66175,472796
4342,2,-1.2,400,0,0,1,0.1,0.634882,51.91263,473196
4343,2,-1.615,205,0,1,0,0.1,0.596304,51.86558,473402
4344,2,-1.2,400,0,0,1,0.1,0.588553,51.67929,473802
4345,2,-1.2,400,0,0,1,0.1,0.602023,51.58672,474202
4346,2,-1.50891,170,0,1,0,0.1,0.637164,51.62822,474373
4347,2,-1.102,34,0,1,0,0.1,0.661641,51.49893,474408
4348,2,-1.2,400,0,0,1,0.1,0.598755,51.65135,474808
4349,2,-1.2,400,0,0,1,0.1,0.647958,51.64159,475208
4350,2,-1.2,400,0,0,1,0.1,0.640782,51.6689,475608
4351,2,-1.096,32,0,1,0,0.1,0.658597,52.03465,475641
4352,2,-1.297,99,0,1,0,0.1,0.696179,52.35705,475741
4353,2,-1.663,221,0,1,0,0.1,0.642127,51.9909,475963
4354,2,-1.192,64,0,1,0,0.1,0.649636,52.25126,476028
4355,2,-1.2,400,0,0,1,0.1,0.67873,52.13946,476428
4356,2,-1.2,400,0,0,1,0.1,0.672515,52.21505,476828
4357,2,-1.327,109,0,1,0,0.1,0.673731,52.64894,476938
4358,2,-1.2,400,0,0,1,0.1,0.713204,52.67004,477338
4359,2,-1.2,400,0,0,1,0.1,0.706256,52.99876,477738
4360,2,-1.19659,400,0,0,1,0.1,0.739625,53.11298,478138
4361,2,-1.231,77,0,1,0,0.1,0.792944,53.57336,478216
4362,2,-1.2,400,0,0,1,0.1,0.803047,53.55378,478616
4363,2,-1.732,244,0,1,0,0.1,0.757197,53.67935,478861
4364,2,-1.084,28,0,1,0,0.1,0.780979,52.85744,478890
4365,2,-1.15,50,0,1,0,0.1,0.790942,53.9381,478941
4366,2,-1.642,214,0,1,0,0.1,0.749455,54.11173,479156
4367,2,-1.2,400,0,0,1,0.1,0.868495,54.39215,479556
4368,2,-1.012,4,0,1,0,0.1,0.679129,55.17833,479561
4369,2,-1.2,400,0,0,1,0.1,0.944242,54.89428,479961
4370,2,-1.015,5,0,1,0,0.1,0.945975,54.60854,479967
4371,2,-1.2,400,0,0,1,0.1,0.959898,55.21203,480367
4372,2,9.88547,40,1,0,0,0.1,0.983226,55.54194,480408
4373,2,-1.2,400,0,0,1,0.1,0.969946,55.32302,480808
4374,2,-1.2,400,0,0,1,0.1,0.985722,55.60307,481208
4375,2,-1.153,51,0,1,0,0.1,1.086875,55.43207,481260
4376,2,-1.2,400,0,0,1,0.1,1.067708,56.58645,481660
4377,2,-1.2,400,0,0,1,0.1,1.106846,56.98869,482060
4378,2,-1.009,3,0,1,0,0.1,1.308324,57.5914,482064
4379,2,-1.081,27,0,1,0,0.1,1.066232,57.00104,482092
4380,2,-1.84232,281,0,1,0,0.1,1.138269,57.40874,482374
4381,2,-1.021,7,0,1,0,0.1,1.238896,58.80994,482382
4382,2,-1.2,400,0,0,1,0.1,1.154964,57.95303,482782
4383,2,-1.114,38,0,1,0,0.1,1.216695,58.85638,482821
4384,2,-1.039,13,0,1,0,0.1,1.188807,59.39879,482835
4385,2,-1.183,61,0,1,0,0.1,1.187783,58.09047,482897
4386,2,-1.126,42,0,1,0,0.1,1.209031,57.92731,482940
4387,2,-1.2,400,0,0,1,0.1,1.183901,58.58885,483340
4388,2,-1.2,400,0,0,1,0.1,1.251636,59.35099,483740
4389,2,-1.471,157,0,1,0,0.1,1.305962,59.90492,483898
4390,2,-1.249,83,0,1,0,0.1,1.286476,59.67838,483982
4391,2,-1.033,11,0,1,0,0.1,1.125685,59.75121,483994
4392,2,-1.2,400,0,0,1,0.1,1.312834,59.62451,484394
4393,2,-1.24,80,0,1,0,0.1,1.412245,60.34563,484475
4394,2,-1.2,400,0,0,1,0.1,1.395057,60.76191,484875
4395,2,-1.2,400,0,0,1,0.1,1.506836,62.22624,485275
4396,2,-1.027,9,0,1,0,0.1,1.710583,62.3775,485285
4397,2,-1.066,22,0,1,0,0.1,1.504286,62.13376,485308
4398,2,-1.135,45,0,1,0,0.1,1.467625,62.97264,485354
4399,2,-1.156,52,0,1,0,0.1,1.568379,62.54452,485407
4400,2,-1.2,400,0,0,1,0.1,1.595611,63.6266,485807
4401,2,9.89825,36,1,0,0,0.1,1.682387,64.54642,485844
4402,2,-1.2,400,0,0,1,0.1,1.664978,64.57404,486244
4403,2,-1.2,400,0,0,1,0.1,1.74878,66.31293,486644
4404,2,-1.2,400,0,0,1,0.1,1.842627,67.37006,487044
4405,2,-1.318,106,0,1,0,0.1,1.87982,67.93077,487151
4406,2,-1.156,52,0,1,0,0.1,2.055533,69.57326,487204
4407,2,-1.264,88,0,1,0,0.1,2.055108,69.893,487293
4408,2,-1.144,48,0,1,0,0.1,1.945994,69.76812,487342
4409,2,-1.174,58,0,1,0,0.1,2.192375,70.25562,487401
4410,2,-1.264,88,0,1,0,0.1,2.230945,70.73265,487490
4411,2,-1.153,51,0,1,0,0.1,2.109163,70.74311,487542
4412,2,-1.162,54,0,1,0,0.1,2.260112,72.36152,487597
4413,2,-1.285,95,0,1,0,0.1,2.232919,71.54805,487693
4414,2,9.90097,35,1,0,0,0.1,2.222831,72.38667,487729
4415,2,-1.102,34,0,1,0,0.1,2.50328,73.30084,487764
4416,2,-1.2,400,0,0,1,0.1,2.302545,73.51002,488164
4417,2,-1.2,400,0,0,1,0.1,2.484893,75.23122,488564
4418,2,-1.24,80,0,1,0,0.1,2.59655,76.52348,488645
4419,2,-1.19892,400,0,0,1,0.1,2.71613,78.75486,489045
4420,2,-2.047,349,0,1,0,0.1,2.70613,80.68582,489395
4421,2,-1.069,23,0,1,0,0.1,3.245969,81.74657,489419
4422,2,-1.069,23,0,1,0,0.1,2.902193,82.12905,489443
4423,2,-1.198,66,0,1,0,0.1,2.829732,82.9174,489510
4424,2,-1.2,400,0,0,1,0.1,3.016067,84.28296,489910
4425,2,-1.069,23,0,1,0,0.1,3.124474,83.83781,489934
4426,2,-1.357,119,0,1,0,0.1,2.898041,85.28946,490054
4427,2,-1.06,20,0,1,0,0.1,3.121258,86.91488,490075
4428,2,-1.015,5,0,1,0,0.1,2.869077,86.39716,490081
4429,2,9.89464,37,1,0,0,0.1,3.446326,87.66973,490119
4430,2,-1.042,14,0,1,0,0.1,3.139087,85.12101,490134
4431,2,-1.435,145,0,1,0,0.1,3.251938,87.73662,490280
4432,2,-1.111,37,0,1,0,0.1,3.027405,86.37057,490318
4433,2,-1.138,46,0,1,0,0.1,3.129383,88.22577,490365
4434,2,-1.186,62,0,1,0,0.1,3.018518,87.32558,490428
4435,2,-1.192,64,0,1,0,0.1,3.453373,90.15442,490493
4436,2,-1.042,14,0,1,0,0.1,3.250962,88.28945,490508
4437,2,-1.2,400,0,0,1,0.1,3.441107,90.24633,490908
4438,2,-1.312,104,0,1,0,0.1,3.510248,93.16309,491013
4439,2,-1.114,38,0,1,0,0.1,3.588921,94.43335,491052
4440,2,9.86469,47,1,0,0,0.1,3.959256,93.96375,491100
4441,2,-1.2,400,0,0,1,0.1,3.791267,95.33385,491500
4442,2,-1.051,17,0,1,0,0.1,3.738428,95.32638,491518
4443,2,-1.2,400,0,0,1,0.1,3.91171,98.37341,491918
4444,2,-1.2,400,0,0,1,0.1,4.123696,102.92528,492318
4445,2,-1.213,71,0,1,0,0.1,4.24787,103.82649,492390
4446,2,-1.06,20,0,1,0,0.1,4.352098,106.95693,492411
4447,2,9.90339,34,1,0,0,0.1,4.291145,105.22042,492446
4448,2,-1.015,5,0,1,0,0.1,4.285273,109.62527,492452
4449,2,-1.2,400,0,0,1,0.1,4.542397,107.27034,492852
4450,2,-1.042,14,0,1,0,0.1,4.521207,106.47424,492867
4451,2,-1.2,400,0,0,1,0.1,4.74792,110.17116,493267
4452,2,-1.075,25,0,1,0,0.1,4.968399,112.20587,493293
4453,2,-1.1996,400,0,0,1,0.1,4.951941,114.24518,493693
4454,2,-1.2,400,0,0,1,0.1,5.100522,119.43911,494093
4455,2,-1.2,400,0,0,1,0.1,5.208031,123.85115,494493
4456,2,-1.051,17,0,1,0,0.1,5.039165,127.86532,494511
4457,2,-1.117,39,0,1,0,0.1,5.843145,124.27359,494551
4458,2,-1.126,42,0,1,0,0.1,5.239135,128.02637,494594
4459,2,-1.024,8,0,1,0,0.1,4.904685,125.74679,494603
4460,2,-1.492,164,0,1,0,0.1,5.503825,129.75196,494768
4461,2,-1.045,15,0,1,0,0.1,4.79857,129.64674,494784
4462,2,-1.561,187,0,1,0,0.1,5.507435,131.29816,494972
4463,2,9.85616,50,1,0,0,0.1,5.055896,132.89923,495023
4464,2,9.8713,45,1,0,0,0.1,6.009637,135.15413,495069
4465,2,-1.042,14,0,1,0,0.1,5.567825,135.88751,495084
4466,2,-1.1856,400,0,0,1,0.1,5.740127,136.08882,495484
4467,2,-1.252,84,0,1,0,0.1,5.65921,138.56528,495569
4468,2,9.79912,69,1,0,0,0.1,5.681436,138.42554,495639
4469,2,-1.033,11,0,1,0,0.1,6.546998,145.64265,495651
4470,2,-1.156,52,0,1,0,0.1,5.535815,136.13969,495704
4471,2,-1.2,400,0,0,1,0.1,6.08007,142.83315,496104
4472,2,-1.08879,30,0,1,0,0.1,6.53641,143.86197,496135
4473,2,-1.054,18,0,1,0,0.1,7.254062,154.14824,496154
4474,2,-1.006,2,0,1,0,0.1,7.283021,150.31113,496157
4475,2,-1.015,5,0,1,0,0.1,6.224249,144.63167,496163
4476,2,-1.072,24,0,1,0,0.1,6.182988,145.0859,496188
4477,2,-1.2,400,0,0,1,0.1,6.499931,149.80857,496588
4478,2,-1.036,12,0,1,0,0.1,6.00303,154.96336,496601
4479,2,-1.081,27,0,1,0,0.1,7.240694,154.50241,496629
4480,2,9.85609,50,1,0,0,0.1,7.160397,157.13144,496680
4481,2,-1.2,400,0,0,1,0.1,7.052151,157.67654,497080
4482,2,-1.021,7,0,1,0,0.1,5.945664,145.67576,497088
4483,2,-1.111,37,0,1,0,0.1,6.86761,158.62769,497126
4484,2,9.73567,90,1,0,0,0.1,6.70419,160.03825,497217
4485,2,-1.19575,400,0,0,1,0.1,6.869939,159.53561,497617
4486,2,-1.162,54,0,1,0,0.1,7.386888,163.32123,497672
4487,2,-1.696,232,0,1,0,0.1,6.880828,164.77972,497905
4488,2,-1.021,7,0,1,0,0.1,6.49974,168.21824,497913
4489,2,-1.033,11,0,1,0,0.1,7.327555,161.58559,497925
4490,2,-1.2,400,0,0,1,0.1,7.170037,169.76063,498325
4491,2,-1.012,4,0,1,0,0.1,7.849444,181.55578,498330
4492,2,-1.216,72,0,1,0,0.1,7.605345,169.36576,498403
4493,2,9.90999,32,1,0,0,0.1,6.702338,174.19316,498436
4494,2,-1.021,7,0,1,0,0.1,7.594127,176.70354,498444
4495,2,-1.297,99,0,1,0,0.1,7.529022,177.08561,498544
4496,2,-1.2,400,0,0,1,0.1,7.519951,177.45554,498944
4497,2,-1.042,14,0,1,0,0.1,6.502001,181.85695,498959
4498,2,-1.039,13,0,1,0,0.1,6.937371,178.09869,498973
4499,2,-1.225,75,0,1,0,0.1,7.133379,177.3176,499049
4500,2,-1.06,20,0,1,0,0.1,7.509799,179.19237,499070
4501,2,-1.027,9,0,1,0,0.1,7.129029,183.73645,499080
4502,2,-1.2,400,0,0,1,0.1,7.340265,179.94773,499480
4503,2,-1.069,23,0,1,0,0.1,7.405454,183.55276,499504
4504,2,-1.015,5,0,1,0,0.1,7.124641,184.79459,499510
4505,2,-1.042,14,0,1,0,0.1,7.319267,187.98391,499525
4506,2,-1.2,400,0,0,1,0.1,7.504267,184.66375,499925
4507,2,9.06957,312,1,0,0,0.1,7.727446,191.68246,500238
4508,2,-1.147,49,0,1,0,0.1,8.559828,188.86381,500288
4509,2,-1.159,53,0,1,0,0.1,8.152229,190.50715,500342
4510,2,-1.009,3,0,1,0,0.1,8.21314,197.94166,500346
4511,2,-1.2,400,0,0,1,0.1,7.977335,195.81127,500746
4512,2,-1.2,400,0,0,1,0.1,8.075035,200.58551,501146
4513,2,-1.021,7,0,1,0,0.1,10.259827,210.91895,501154
4514,2,-1.2,400,0,0,1,0.1,8.073688,205.41118,501554
4515,2,-1.2,400,0,0,1,0.1,7.980834,209.70268,501954
4516,2,-1.2,400,0,0,1,0.1,8.341903,217.31955,502354
4517,2,-1.19909,400,0,0,1,0.1,8.955997,223.29468,502754
4518,2,-1.2,400,0,0,1,0.1,9.255063,226.69584,503154
4519,2,-1.282,94,0,1,0,0.1,8.618495,228.06307,503249
4520,2,-1.147,49,0,1,0,0.1,10.34482,232.27813,503299
4521,2,9.88012,42,1,0,0,0.1,8.845811,236.27977,503342
4522,2,-1.2,400,0,0,1,0.1,9.628713,226.71237,503742
4523,2,-1.132,44,0,1,0,0.1,9.681042,225.49293,503787
4524,2,-1.624,208,0,1,0,0.1,9.595916,225.8256,503996
4525,2,9.88349,41,1,0,0,0.1,10.260783,227.13278,504038
4526,2,-1.084,28,0,1,0,0.1,9.938826,224.60611,504067
4527,2,-1.039,13,0,1,0,0.1,9.931968,229.58145,504081
4528,2,-1.234,78,0,1,0,0.1,9.375874,227.48247,504160
4529,2,-1.2,400,0,0,1,0.1,9.597076,231.84645,504560
4530,2,-1.2,400,0,0,1,0.1,9.23274,232.4206,504960
4531,2,-1.2,400,0,0,1,0.1,9.173853,236.56899,505360
4532,2,-1.405,135,0,1,0,0.1,8.965807,237.43425,505496
4533,2,-1.099,33,0,1,0,0.1,9.373917,243.07921,505530
4534,2,-1.2,400,0,0,1,0.1,9.230596,241.82044,505930
4535,2,9.79265,71,1,0,0,0.1,9.259536,245.58027,506002
4536,2,-1.231,77,0,1,0,0.1,9.525565,242.81407,506080
4537,2,-1.2,400,0,0,1,0.1,10.194396,251.1911,506480
4538,2,-1.2,400,0,0,1,0.1,11.12344,259.23755,506880
4539,2,-1.564,188,0,1,0,0.1,10.953537,262.38375,507069
4540,2,-1.054,18,0,1,0,0.1,11.692504,259.31475,507088
4541,2,-1.2,400,0,0,1,0.1,10.927645,267.68314,507488
4542,2,-1.114,38,0,1,0,0.1,10.778275,272.99444,507527
4543,2,-1.042,14,0,1,0,0.1,10.104862,265.89187,507542
4544,2,-1.327,109,0,1,0,0.1,10.980315,267.88457,507652
4545,2,-1.024,8,0,1,0,0.1,11.773993,273.60416,507661
4546,2,-1.2,400,0,0,1,0.1,11.112462,273.36186,508061
4547,2,-1.10408,35,0,1,0,0.1,12.384274,287.96123,508097
4548,2,-1.006,2,0,1,0,0.1,11.319612,276.5366,508100
4549,2,-1.594,198,0,1,0,0.1,11.207891,282.31417,508299
4550,2,9.90633,33,1,0,0,0.1,11.302819,277.38681,508333
4551,2,-1.2,400,0,0,1,0.1,11.367769,289.34919,508733
4552,2,-1.2,400,0,0,1,0.1,10.957356,290.77648,509133
4553,2,-1.366,122,0,1,0,0.1,10.592925,297.87825,509256
4554,2,-1.636,212,0,1,0,0.1,10.786511,296.55403,509469
4555,2,-1.2,400,0,0,1,0.1,10.76895,304.33273,509869
4556,2,-1.057,19,0,1,0,0.1,11.504445,307.59045,509889
4557,2,-1.2,400,0,0,1,0.1,10.712465,309.82211,510289
4558,2,-1.237,79,0,1,0,0.1,10.992394,315.14701,510369
4559,2,-1.078,26,0,1,0,0.1,10.640899,318.62664,510396
4560,2,-1.2,400,0,0,1,0.1,11.30202,326.24508,510796
4561,2,9.73887,89,1,0,0,0.1,11.319462,333.11781,510886
4562,2,-1.2,400,0,0,1,0.1,11.566514,338.07347,511286
4563,2,-1.417,139,0,1,0,0.1,11.537786,340.73592,511426
4564,2,-1.2,400,0,0,1,0.1,11.333384,341.54942,511826
4565,2,-1.2,400,0,0,1,0.1,10.952971,346.8149,512226
4566,2,-1.2,400,0,0,1,0.1,11.123988,355.42148,512626
4567,2,-1.879,293,0,1,0,0.1,11.242096,356.55988,512920
4568,2,-1.018,6,0,1,0,0.1,11.402577,359.79795,512927
4569,2,-1.324,108,0,1,0,0.1,10.889816,360.7728,513036
4570,2,-1.063,21,0,1,0,0.1,12.714996,361.74973,513058
4571,2,-1.057,19,0,1,0,0.1,10.868939,353.50962,513078
4572,2,-1.033,11,0,1,0,0.1,10.795965,353.94311,513090
4573,2,-1.2,400,0,0,1,0.1,11.090446,360.38075,513490
4574,2,-1.096,32,0,1,0,0.1,11.12153,372.91003,513523
4575,2,-1.096,32,0,1,0,0.1,11.718051,366.06331,513556
4576,2,-1.2,400,0,0,1,0.1,11.513094,369.58369,513956
4577,2,-1.177,59,0,1,0,0.1,12.05932,372.93689,514016
4578,2,-1.2,400,0,0,1,0.1,12.052529,379.63527,514416
4579,2,-1.084,28,0,1,0,0.1,11.506972,391.17165,514445
4580,2,-1.096,32,0,1,0,0.1,13.26129,386.00333,514478
4581,2,-1.2,400,0,0,1,0.1,12.29951,391.43052,514878
4582,2,-1.21,70,0,1,0,0.1,12.216177,405.97127,514949
4583,2,-1.084,28,0,1,0,0.1,12.394567,403.86587,514978
4584,2,-2.002,334,0,1,0,0.1,12.689587,403.37283,515313
4585,2,9.69934,102,1,0,0,0.1,11.898086,405.65742,515416
4586,2,-1.2,400,0,0,1,0.1,11.859475,401.28372,515816
4587,2,-1.075,25,0,1,0,0.1,11.301684,393.80977,515842
4588,2,-1.732,244,0,1,0,0.1,11.468962,397.65764,516087
4589,2,-1.2,400,0,0,1,0.1,11.146059,397.91826,516487
4590,2,-1.19953,400,0,0,1,0.1,11.130499,401.55107,516887
4591,2,-1.2,400,0,0,1,0.1,11.128818,409.24036,517287
4592,2,9.87123,45,1,0,0,0.1,11.672182,419.34613,517333
4593,2,-1.19943,400,0,0,1,0.1,11.060532,416.74113,517733
4594,2,9.82874,59,1,0,0,0.1,10.418502,417.41538,517793
4595,2,-1.2,400,0,0,1,0.1,11.108127,423.11718,518193
4596,2,-1.111,37,0,1,0,0.1,10.377571,427.79332,518231
4597,2,-1.2,400,0,0,1,0.1,11.035377,422.22992,518631
4598,2,-1.2,400,0,0,1,0.1,10.801,416.46658,519031
4599,2,-1.2,400,0,0,1,0.1,10.811115,421.11249,519431
4600,2,-1.2,400,0,0,1,0.1,11.16513,427.01513,519831
4601,2,-1.069,23,0,1,0,0.1,9.396185,423.90751,519855
4602,2,-1.2,400,0,0,1,0.1,10.813533,434.21781,520255
4603,2,-1.2,400,0,0,1,0.1,11.605857,441.27462,520655
4604,2,-1.2,400,0,0,1,0.1,11.315711,442.99685,521055
4605,2,-1.2,400,0,0,1,0.1,10.914591,449.35637,521455
4606,2,-1.852,284,0,1,0,0.1,10.436513,453.93125,521740
4607,2,-1.2,400,0,0,1,0.1,11.202224,457.05746,522140
4608,2,-1.036,12,0,1,0,0.1,8.984773,461.0744,522153
4609,2,-1.2,400,0,0,1,0.1,11.120597,461.23584,522553
4610,2,-1.24569,82,0,1,0,0.1,10.719241,458.66934,522636
4611,2,-1.19953,400,0,0,1,0.1,10.517987,460.18741,523036
4612,2,-1.19954,400,0,0,1,0.1,10.929255,461.14944,523436
4613,2,-1.111,37,0,1,0,0.1,11.59923,464.8306,523474
4614,2,-1.093,31,0,1,0,0.1,10.896648,466.44537,523506
4615,2,-1.2,400,0,0,1,0.1,11.107134,466.35579,523906
4616,2,-1.009,3,0,1,0,0.1,9.204691,471.57191,523910
4617,2,-1.2,400,0,0,1,0.1,10.852104,473.01853,524310
4618,2,-1.2,400,0,0,1,0.1,11.177398,478.40098,524710
4619,2,-1.087,29,0,1,0,0.1,10.864761,479.24331,524740
4620,2,-1.09,30,0,1,0,0.1,10.975901,491.13942,524771
4621,2,-1.3368,113,0,1,0,0.1,11.619849,480.40732,524885
4622,2,-1.042,14,0,1,0,0.1,13.273379,475.06141,524900
4623,2,-1.28501,96,0,1,0,0.1,11.068029,483.75369,524997
4624,2,-1.153,51,0,1,0,0.1,10.586296,488.7554,525049
4625,2,-1.12258,41,0,1,0,0.1,10.548052,485.14253,525091
4626,2,-1.027,9,0,1,0,0.1,12.005234,489.3569,525101
4627,2,-1.2,400,0,0,1,0.1,11.44898,488.34115,525501
4628,2,9.75392,84,1,0,0,0.1,10.522735,493.31121,525586
4629,2,9.90981,32,1,0,0,0.1,11.300923,505.17178,525619
4630,2,-1.261,87,0,1,0,0.1,10.929862,493.32733,525707
4631,2,-1.2,400,0,0,1,0.1,11.33204,497.67134,526107
4632,2,-1.2,400,0,0,1,0.1,11.298947,506.77053,526507
4633,2,-1.666,222,0,1,0,0.1,11.673308,512.29501,526730
4634,2,-1.072,24,0,1,0,0.1,11.058192,505.23901,526755
4635,2,-1.804,268,0,1,0,0.1,12.322348,514.97548,527024
4636,2,-1.2,400,0,0,1,0.1,12.235075,522.80693,527424
4637,2,-1.23032,78,0,1,0,0.1,12.270049,532.06708,527503
4638,2,-1.2,400,0,0,1,0.1,12.236281,530.68056,527903
4639,2,-1.2,400,0,0,1,0.1,12.473954,531.27349,528303
4640,2,-1.2,400,0,0,1,0.1,12.717276,535.723,528703
4641,2,-1.057,19,0,1,0,0.1,10.785123,537.10589,528723
4642,2,-1.036,12,0,1,0,0.1,12.703486,531.70995,528736
4643,2,-1.12,40,0,1,0,0.1,11.575961,528.0889,528777
4644,2,9.81677,63,1,0,0,0.1,12.788171,544.05977,528841
4645,2,-1.03,10,0,1,0,0.1,11.439367,542.94828,528852
4646,2,-1.222,74,0,1,0,0.1,11.900782,542.90952,528927
4647,2,-1.2,400,0,0,1,0.1,12.592074,538.8262,529327
4648,2,-1.129,43,0,1,0,0.1,12.265239,541.8545,529371
4649,2,-1.2,400,0,0,1,0.1,12.292109,539.77628,529771
4650,2,-1.117,39,0,1,0,0.1,12.170573,539.6171,529811
4651,2,-1.2,400,0,0,1,0.1,12.602678,543.41895,530211
4652,2,-1.012,4,0,1,0,0.1,11.730989,528.21693,530216
4653,2,-1.2,400,0,0,1,0.1,12.472232,546.52571,530616
4654,2,-1.2,400,0,0,1,0.1,12.655336,553.82245,531016
4655,2,-1.2,400,0,0,1,0.1,12.862024,554.96842,531416
4656,2,-1.2,400,0,0,1,0.1,13.252016,556.35094,531816
4657,2,-1.2,400,0,0,1,0.1,12.99799,562.49497,532216
4658,2,-1.2,400,0,0,1,0.1,13.632389,566.02837,532616
4659,2,-1.069,23,0,1,0,0.1,12.178197,575.07437,532640
4660,2,-1.2,400,0,0,1,0.1,14.092603,571.7602,533040
4661,2,-1.2,400,0,0,1,0.1,14.245274,576.50069,533440
4662,2,-1.2,400,0,0,1,0.1,14.175574,579.06007,533840
4663,2,-1.165,55,0,1,0,0.1,13.873965,575.55421,533896
4664,2,-1.2,400,0,0,1,0.1,14.082528,582.57542,534296
4665,2,-1.036,12,0,1,0,0.1,13.615925,591.7945,534309
4666,2,-1.2,400,0,0,1,0.1,13.933538,588.50668,534709
4667,2,-1.2,400,0,0,1,0.1,13.915303,589.45054,535109
4668,2,-2.155,385,0,1,0,0.1,14.462006,601.40021,535495
4669,2,-1.2,400,0,0,1,0.1,14.162132,603.86491,535895
4670,2,-1.2,400,0,0,1,0.1,14.084336,611.07582,536295
4671,2,-1.099,33,0,1,0,0.1,14.342409,612.25788,536329
4672,2,-1.18907,400,0,0,1,0.1,14.501588,618.70676,536729
4673,2,-1.2,400,0,0,1,0.1,14.768751,621.78394,537129
4674,2,-1.966,322,0,1,0,0.1,14.269552,624.77978,537452
4675,2,-1.072,24,0,1,0,0.1,12.927223,621.77582,537477
4676,2,-1.213,71,0,1,0,0.1,13.818727,622.0082,537549
4677,2,-1.19586,400,0,0,1,0.1,13.787144,625.13847,537949
4678,2,-1.2,400,0,0,1,0.1,13.674912,632.26298,538349
4679,2,9.85257,51,1,0,0,0.1,13.339278,633.03327,538401
4680,2,-1.18,60,0,1,0,0.1,13.781511,632.82064,538462
4681,2,-1.303,101,0,1,0,0.1,13.416375,634.61427,538564
4682,2,9.86505,47,1,0,0,0.1,15.596436,629.80034,538612
4683,2,-1.2,400,0,0,1,0.1,13.966519,637.27519,539012
4684,2,-1.2,400,0,0,1,0.1,13.717255,642.34774,539412
4685,2,-1.2,400,0,0,1,0.1,13.266584,644.63707,539812
4686,2,-1.2,400,0,0,1,0.1,12.900781,646.04112,540212
4687,2,9.86519,47,1,0,0,0.1,13.589147,652.97333,540260
4688,2,-1.09,30,0,1,0,0.1,14.159048,651.41084,540291
4689,2,-1.081,27,0,1,0,0.1,13.013913,645.51812,540319
4690,2,-1.045,15,0,1,0,0.1,14.710179,650.06698,540335
4691,2,-1.19684,400,0,0,1,0.1,12.844542,648.93223,540735
4692,2,9.71791,96,1,0,0,0.1,12.939132,650.67015,540832
4693,2,-1.2,400,0,0,1,0.1,12.722276,654.21371,541232
4694,2,-1.063,21,0,1,0,0.1,12.560129,650.32934,541254
4695,2,-1.084,28,0,1,0,0.1,13.297875,648.34826,541283
4696,2,-1.039,13,0,1,0,0.1,15.32019,664.98074,541297
4697,2,-1.081,27,0,1,0,0.1,13.122622,657.69126,541325
4698,2,-1.2,400,0,0,1,0.1,12.929872,657.23658,541725
4699,2,-1.1824,400,0,0,1,0.1,12.622903,662.22784,542125
4700,2,-1.2,400,0,0,1,0.1,12.958177,663.04042,542525
4701,2,9.34868,219,1,0,0,0.1,13.156812,666.55271,542745
4702,2,-1.033,11,0,1,0,0.1,12.170421,657.97205,542757
4703,2,-1.19612,400,0,0,1,0.1,12.849339,666.59228,543157
4704,2,-1.126,42,0,1,0,0.1,13.258312,668.07912,543200
4705,2,-1.108,36,0,1,0,0.1,12.16534,669.50351,543237
4706,2,9.89169,38,1,0,0,0.1,13.131815,672.20888,543276
4707,2,-1.19895,400,0,0,1,0.1,13.025432,667.21724,543676
4708,2,-1.2,400,0,0,1,0.1,12.780969,667.09245,544076
4709,2,-1.273,91,0,1,0,0.1,12.447178,668.38001,544168
4710,2,-1.2,400,0,0,1,0.1,13.020445,665.60632,544568
4711,2,-1.2,400,0,0,1,0.1,12.646964,669.57443,544968
4712,2,-1.213,71,0,1,0,0.1,12.482505,673.821,545040
4713,2,-1.2,400,0,0,1,0.1,12.861937,675.33098,545440
4714,2,-1.276,92,0,1,0,0.1,12.393464,674.26091,545533
4715,2,-1.03,10,0,1,0,0.1,13.687712,672.79659,545544
4716,2,9.8978,36,1,0,0,0.1,12.49389,678.66893,545581
4717,2,-1.2,400,0,0,1,0.1,13.007556,676.69424,545981
4718,2,-1.942,314,0,1,0,0.1,13.242907,678.51567,546296
4719,2,-1.2,400,0,0,1,0.1,13.357773,680.93334,546696
4720,2,9.60087,135,1,0,0,0.1,13.539702,677.00556,546832
4721,2,-1.19662,400,0,0,1,0.1,13.21776,683.36706,547232
4722,2,-1.099,33,0,1,0,0.1,13.618676,683.52511,547266
4723,2,-1.2,400,0,0,1,0.1,13.17112,683.47396,547666
4724,2,-1.309,103,0,1,0,0.1,12.827736,680.35086,547770
4725,2,-1.2,400,0,0,1,0.1,12.872314,684.95153,548170
4726,2,-1.465,155,0,1,0,0.1,12.296113,689.57464,548326
4727,2,-1.06,20,0,1,0,0.1,10.496818,689.46925,548347
4728,2,-1.2,400,0,0,1,0.1,12.488293,688.68274,548747
4729,2,-1.045,15,0,1,0,0.1,14.218482,693.00098,548763
4730,2,-1.2,400,0,0,1,0.1,12.582331,689.7194,549163
4731,2,-1.2,400,0,0,1,0.1,12.240149,687.21617,549563
4732,2,-1.303,101,0,1,0,0.1,12.797514,685.83956,549665
4733,2,-1.2,400,0,0,1,0.1,11.837,686.99747,550065
4734,2,-1.2,400,0,0,1,0.1,12.475443,687.44395,550465
4735,2,9.9129,31,1,0,0,0.1,12.113492,686.06009,550497
4736,2,-1.417,139,0,1,0,0.1,12.421893,687.04624,550637
4737,2,-1.078,26,0,1,0,0.1,11.834579,686.37721,550664
4738,2,-1.21,70,0,1,0,0.1,12.061512,686.54723,550735
4739,2,9.89179,38,1,0,0,0.1,11.83536,686.71021,550774
4740,2,-1.2,400,0,0,1,0.1,12.02009,687.51718,551174
4741,2,-1.2,400,0,0,1,0.1,11.81349,687.31319,551574
4742,2,-1.261,87,0,1,0,0.1,10.716067,690.43012,551662
4743,2,-1.2,400,0,0,1,0.1,11.53753,689.31178,552062
4744,2,-1.2,400,0,0,1,0.1,11.961167,689.82733,552462
4745,2,-1.6,200,0,1,0,0.1,12.022955,688.61311,552663
4746,2,-1.19867,400,0,0,1,0.1,12.106537,688.62823,553063
4747,2,-1.2,400,0,0,1,0.1,11.970478,686.39044,553463
4748,2,-1.2,400,0,0,1,0.1,11.759592,687.90657,553863
4749,2,-1.2,400,0,0,1,0.1,11.976804,691.51987,554263
4750,2,-1.18894,400,0,0,1,0.1,11.903638,693.54597,554663
4751,2,-1.912,304,0,1,0,0.1,11.681839,691.59841,554968
4752,2,-1.2,400,0,0,1,0.1,12.103026,693.76845,555368
4753,2,-1.138,46,0,1,0,0.1,11.530756,696.99017,555415
4754,2,9.88926,39,1,0,0,0.1,12.736251,699.51609,555455
4755,2,-1.2,400,0,0,1,0.1,12.00892,697.47721,555855
4756,2,-1.2,400,0,0,1,0.1,11.916021,699.7169,556255
4757,2,-1.19724,400,0,0,1,0.1,12.227904,704.05778,556655
4758,2,-1.045,15,0,1,0,0.1,12.64212,713.23598,556671
4759,2,-1.318,106,0,1,0,0.1,12.604854,704.78133,556778
4760,2,-1.183,61,0,1,0,0.1,12.310065,698.76368,556840
4761,2,-1.2,400,0,0,1,0.1,12.208784,703.42753,557240
4762,2,-1.09,30,0,1,0,0.1,11.648858,703.93519,557271
4763,2,-1.213,71,0,1,0,0.1,12.360987,709.53448,557343
4764,2,-1.2,400,0,0,1,0.1,11.832798,706.25366,557743
4765,2,-1.108,36,0,1,0,0.1,11.976035,704.6021,557780
4766,2,-1.753,251,0,1,0,0.1,13.080768,711.53446,558032
4767,2,-1.138,46,0,1,0,0.1,13.853486,709.15972,558079
4768,2,-1.19918,400,0,0,1,0.1,13.257737,711.45343,558479
4769,2,-1.057,19,0,1,0,0.1,14.398312,704.11439,558499
4770,2,-1.2,400,0,0,1,0.1,13.348663,716.386,558899
4771,2,-1.057,19,0,1,0,0.1,15.45038,716.56446,558919
4772,2,9.92495,27,1,0,0,0.1,12.398477,711.89393,558947
4773,2,-1.438,146,0,1,0,0.1,13.399071,718.43322,559094
4774,2,-1.099,33,0,1,0,0.1,13.482138,725.9104,559128
4775,2,-1.423,141,0,1,0,0.1,13.138979,724.30028,559270
4776,2,-1.2,400,0,0,1,0.1,13.92927,726.62321,559670
4777,2,-1.2,400,0,0,1,0.1,13.718505,723.52054,560070
4778,2,-1.315,105,0,1,0,0.1,13.903305,728.16449,560176
4779,2,-1.036,12,0,1,0,0.1,12.763633,743.4297,560189
4780,2,-1.405,135,0,1,0,0.1,13.309304,728.7923,560325
4781,2,-1.2,400,0,0,1,0.1,13.832342,727.09976,560725
4782,2,-1.2,400,0,0,1,0.1,14.150736,730.78863,561125
4783,2,-1.2,400,0,0,1,0.1,14.194379,729.66905,561525
4784,2,-1.2,400,0,0,1,0.1,14.255445,732.06682,561925
4785,2,-2.044,348,0,1,0,0.1,14.556741,729.43692,562274
4786,2,-1.57,190,0,1,0,0.1,14.891752,728.06992,562465
4787,2,-1.018,6,0,1,0,0.1,12.683644,731.38423,562472
4788,2,-1.03,10,0,1,0,0.1,14.5003,726.24571,562483
4789,2,-1.2,400,0,0,1,0.1,14.501907,730.19328,562883
4790,2,-1.171,57,0,1,0,0.1,14.566804,733.40694,562941
4791,2,-1.081,27,0,1,0,0.1,15.5132,729.92132,562969
4792,2,-1.096,32,0,1,0,0.1,14.295621,739.34283,563002
4793,2,-1.021,7,0,1,0,0.1,18.622779,746.51019,563010
4794,2,-1.267,89,0,1,0,0.1,14.250087,737.29859,563100
4795,2,-1.03,10,0,1,0,0.1,15.449774,741.30849,563111
4796,2,-1.033,11,0,1,0,0.1,13.973492,717.26339,563123
4797,2,-1.153,51,0,1,0,0.1,15.088802,737.22476,563175
4798,2,-1.19943,400,0,0,1,0.1,14.766951,735.47309,563575
4799,2,-1.2,400,0,0,1,0.1,14.741798,735.01044,563975
4800,2,-1.2,400,0,0,1,0.1,14.963823,731.21442,564375
4801,2,-1.2,400,0,0,1,0.1,14.265006,730.34358,564775
4802,2,9.84942,52,1,0,0,0.1,15.204979,732.73991,564828
4803,2,-1.141,47,0,1,0,0.1,15.169504,730.44682,564876
4804,2,-1.285,95,0,1,0,0.1,15.254692,730.46546,564972
4805,2,-1.249,83,0,1,0,0.1,14.216806,727.80538,565056
4806,2,-1.027,9,0,1,0,0.1,14.64237,736.58154,565066
4807,2,9.84716,53,1,0,0,0.1,13.747089,725.92864,565120
4808,2,-1.2,400,0,0,1,0.1,14.329637,733.28397,565520
4809,2,-1.075,25,0,1,0,0.1,14.087164,739.96226,565546
4810,2,-1.078,26,0,1,0,0.1,15.428726,727.39393,565573
4811,2,-1.65309,218,0,1,0,0.1,14.664548,731.65763,565792
4812,2,-1.357,119,0,1,0,0.1,13.733798,736.84182,565912
4813,2,-1.309,103,0,1,0,0.1,14.467872,736.41026,566016
4814,2,-1.2,400,0,0,1,0.1,14.572733,734.91707,566416
4815,2,-1.2,400,0,0,1,0.1,14.083508,736.55609,566816
4816,2,-1.2,400,0,0,1,0.1,13.815189,732.96464,567216
4817,2,-1.2,400,0,0,1,0.1,14.263801,730.60563,567616
4818,2,-1.108,36,0,1,0,0.1,14.310901,727.79276,567653
4819,2,-1.12,40,0,1,0,0.1,13.837928,723.39371,567694
4820,2,-1.051,17,0,1,0,0.1,13.244734,724.93501,567712
4821,2,9.82598,60,1,0,0,0.1,14.056217,733.97751,567773
4822,2,-1.2,400,0,0,1,0.1,14.359973,727.90241,568173
4823,2,-1.2,400,0,0,1,0.1,14.382593,731.01219,568573
4824,2,-1.369,123,0,1,0,0.1,14.045582,738.60053,568697
4825,2,-1.2,400,0,0,1,0.1,14.014999,733.76843,569097
4826,2,-1.2,400,0,0,1,0.1,14.168194,731.82878,569497
4827,2,-1.2,400,0,0,1,0.1,14.517692,734.62957,569897
4828,2,-1.093,31,0,1,0,0.1,13.96329,729.09038,569929
4829,2,-1.2,400,0,0,1,0.1,14.398077,735.35737,570329
4830,2,9.90704,33,1,0,0,0.1,13.997655,736.68323,570363
4831,2,-1.2,400,0,0,1,0.1,14.814038,739.24583,570763
4832,2,-1.2,400,0,0,1,0.1,14.409311,737.14614,571163
4833,2,-1.2,400,0,0,1,0.1,14.900139,736.89287,571563
4834,2,-1.621,207,0,1,0,0.1,14.944064,736.7945,571771
4835,2,-1.2,400,0,0,1,0.1,14.682189,735.80025,572171
4836,2,-1.2,400,0,0,1,0.1,14.663808,731.1636,572571
4837,2,-1.129,43,0,1,0,0.1,15.412204,730.4388,572615
4838,2,-1.2,400,0,0,1,0.1,14.716243,731.45903,573015
4839,2,-1.2,400,0,0,1,0.1,15.603734,735.32234,573415
4840,2,-1.33,110,0,1,0,0.1,14.698603,733.71712,573526
4841,2,-1.2,400,0,0,1,0.1,14.835046,735.2733,573926
4842,2,-1.2,400,0,0,1,0.1,14.947551,736.2969,574326
4843,2,-1.072,24,0,1,0,0.1,14.151311,729.71838,574351
4844,2,9.51821,167,1,0,0,0.1,14.131034,738.9366,574519
4845,2,-1.2,400,0,0,1,0.1,15.11435,733.72566,574919
4846,2,-1.2,400,0,0,1,0.1,14.487224,731.79284,575319
4847,2,-1.2,400,0,0,1,0.1,14.383848,726.26631,575719
4848,2,-1.19973,400,0,0,1,0.1,14.149032,725.97383,576119
4849,2,-1.2,400,0,0,1,0.1,14.810996,728.77827,576519
4850,2,-1.045,15,0,1,0,0.1,13.233074,731.40146,576535
4851,2,-1.2,400,0,0,1,0.1,13.775138,728.27021,576935
4852,2,-1.207,69,0,1,0,0.1,13.169375,729.02964,577005
4853,2,-1.147,49,0,1,0,0.1,15.987215,721.84488,577055
4854,2,-1.16462,400,0,0,1,0.1,13.838328,722.69951,577455
4855,2,-1.837,279,0,1,0,0.1,13.989691,720.63381,577735
4856,2,-1.18,60,0,1,0,0.1,13.289339,719.80509,577796
4857,2,-1.345,115,0,1,0,0.1,13.457447,717.00597,577912
4858,2,-1.261,87,0,1,0,0.1,12.935254,722.65565,578000
4859,2,-1.2,400,0,0,1,0.1,13.544975,718.41934,578400
4860,2,-1.2,400,0,0,1,0.1,13.904659,717.60365,578800
4861,2,-1.2,400,0,0,1,0.1,13.376761,717.72832,579200
4862,2,9.70855,99,1,0,0,0.1,13.724165,718.99156,579300
4863,2,-1.2,400,0,0,1,0.1,13.283734,718.71332,579700
4864,2,9.82015,62,1,0,0,0.1,12.711477,712.9031,579763
4865,2,-1.417,139,0,1,0,0.1,13.437315,713.6803,579903
4866,2,-1.19437,400,0,0,1,0.1,13.055439,711.41616,580303
4867,2,9.86469,47,1,0,0,0.1,13.864358,703.01005,580351
4868,2,-1.2,400,0,0,1,0.1,12.618642,701.65025,580751
4869,2,-1.075,25,0,1,0,0.1,12.47822,707.02259,580777
4870,2,-1.2,400,0,0,1,0.1,12.637966,697.3468,581177
4871,2,9.84634,53,1,0,0,0.1,11.957169,700.29115,581231
4872,2,-1.2,400,0,0,1,0.1,12.922449,694.06126,581631
4873,2,-1.2,400,0,0,1,0.1,12.707242,693.19206,582031
4874,2,-1.159,53,0,1,0,0.1,12.543039,690.81153,582085
4875,2,-1.216,72,0,1,0,0.1,13.670388,689.90649,582158
4876,2,-1.13125,44,0,1,0,0.1,12.160103,692.74269,582203
4877,2,-1.2,400,0,0,1,0.1,12.389028,689.54966,582603
4878,2,-1.2,400,0,0,1,0.1,12.614926,685.69576,583003
4879,2,-1.2,400,0,0,1,0.1,12.838884,679.44729,583403
4880,2,-1.2,400,0,0,1,0.1,12.348748,678.53131,583803
4881,2,-1.15,50,0,1,0,0.1,12.08717,680.41745,583854
4882,2,9.71492,97,1,0,0,0.1,12.844168,683.55786,583952
4883,2,-1.2,400,0,0,1,0.1,12.116183,680.02493,584352
4884,2,-1.2,400,0,0,1,0.1,12.668606,680.3056,584752
4885,2,-1.66,220,0,1,0,0.1,12.17338,678.50012,584973
4886,2,-1.057,19,0,1,0,0.1,13.273215,670.03538,584993
4887,2,-1.2,400,0,0,1,0.1,12.385153,673.78084,585393
4888,2,-1.063,21,0,1,0,0.1,14.0173,676.12867,585415
4889,2,-1.54,180,0,1,0,0.1,13.152728,668.69487,585596
4890,2,-1.2,400,0,0,1,0.1,12.03713,666.18457,585996
4891,2,-1.042,14,0,1,0,0.1,10.798605,663.07305,586011
4892,2,-1.2,400,0,0,1,0.1,12.561517,662.64767,586411
4893,2,-1.051,17,0,1,0,0.1,11.95591,664.40573,586429
4894,2,-1.171,57,0,1,0,0.1,12.09954,662.88136,586487
4895,2,-1.018,6,0,1,0,0.1,14.771018,657.57397,586494
4896,2,-1.2,400,0,0,1,0.1,12.352979,663.25292,586894
4897,2,-1.342,114,0,1,0,0.1,13.161944,659.6224,587009
4898,2,-1.126,42,0,1,0,0.1,12.640551,659.03594,587052
4899,2,-1.603,201,0,1,0,0.1,12.666807,660.95577,587254
4900,2,-1.2,400,0,0,1,0.1,12.975221,663.58044,587654
4901,2,-1.2,400,0,0,1,0.1,12.495991,664.15446,588054
4902,2,-1.2,400,0,0,1,0.1,12.690643,665.96288,588454
4903,2,-1.2,400,0,0,1,0.1,12.969713,665.49076,588854
4904,2,-1.2,400,0,0,1,0.1,12.947362,668.06333,589254
4905,2,-1.192,64,0,1,0,0.1,12.796586,666.70492,589319
4906,2,-1.19207,400,0,0,1,0.1,13.263924,671.31736,589719
4907,2,-1.2,400,0,0,1,0.1,13.032867,669.35526,590119
4908,2,-1.2,400,0,0,1,0.1,12.829327,667.2288,590519
4909,2,-1.228,76,0,1,0,0.1,12.046475,667.44567,590596
4910,2,-1.2,400,0,0,1,0.1,12.646659,666.50947,590996
4911,2,-1.2,400,0,0,1,0.1,12.957351,661.27207,591396
4912,2,-1.2,400,0,0,1,0.1,12.881964,663.46642,591796
4913,2,-1.2,400,0,0,1,0.1,12.775957,663.89595,592196
4914,2,-1.2,400,0,0,1,0.1,12.688683,662.29604,592596
4915,2,-1.738,246,0,1,0,0.1,12.367464,663.81999,592843
4916,2,-1.2,400,0,0,1,0.1,12.614496,663.9601,593243
4917,2,-1.051,17,0,1,0,0.1,12.638387,659.83761,593261
4918,2,-1.2,400,0,0,1,0.1,13.351022,666.02176,593661
4919,2,-1.168,56,0,1,0,0.1,12.61631,668.10043,593718
4920,2,-1.066,22,0,1,0,0.1,12.684183,655.94869,593741
4921,2,-1.291,97,0,1,0,0.1,12.525253,669.29978,593839
4922,2,-1.2,400,0,0,1,0.1,12.772517,669.45612,594239
4923,2,-1.2,400,0,0,1,0.1,12.344548,667.58371,594639
4924,2,-1.378,126,0,1,0,0.1,12.31388,669.84942,594766
4925,2,-1.153,51,0,1,0,0.1,12.259745,664.04679,594818
4926,2,-1.087,29,0,1,0,0.1,11.533122,662.31614,594848
4927,2,-1.2,400,0,0,1,0.1,12.85165,664.39076,595248
4928,2,-1.138,46,0,1,0,0.1,13.665596,666.73054,595295
4929,2,-1.015,5,0,1,0,0.1,12.660903,664.07054,595301
4930,2,-1.129,43,0,1,0,0.1,12.241212,664.39447,595345
4931,2,-1.2,400,0,0,1,0.1,12.490875,663.05844,595745
4932,2,-1.2,400,0,0,1,0.1,12.514841,660.33299,596145
4933,2,-1.045,15,0,1,0,0.1,13.471521,661.4414,596161
4934,2,-1.2,400,0,0,1,0.1,12.998267,659.64836,596561
4935,2,-1.2,400,0,0,1,0.1,12.7155,662.01633,596961
4936,2,-1.81796,275,0,1,0,0.1,12.971559,660.4317,597237
4937,2,-1.054,18,0,1,0,0.1,13.325329,669.66575,597256
4938,2,-1.954,318,0,1,0,0.1,12.815,663.66352,597575
4939,2,-1.1941,400,0,0,1,0.1,13.402055,665.34645,597975
4940,2,-1.024,8,0,1,0,0.1,13.241272,662.18991,597984
4941,2,-1.03,10,0,1,0,0.1,16.055203,670.47572,597995
4942,2,-1.2,400,0,0,1,0.1,13.299939,665.50922,598395
4943,2,9.94902,19,1,0,0,0.1,14.601009,665.48955,598415
4944,2,-1.2,400,0,0,1,0.1,13.206842,663.98056,598815
4945,2,-1.2,400,0,0,1,0.1,12.723366,663.18868,599215
4946,2,-1.237,79,0,1,0,0.1,13.081863,662.13805,599295
4947,2,-1.2,400,0,0,1,0.1,12.76994,659.91033,599695
4948,2,-1.084,28,0,1,0,0.1,12.963759,666.61518,599724
4949,2,-1.009,3,0,1,0,0.1,12.450779,645.90921,599728
4950,2,-1.2,400,0,0,1,0.1,12.860665,660.9485,600128
4951,2,-1.516,172,0,1,0,0.1,13.402461,661.51703,600301
4952,2,-1.19687,400,0,0,1,0.1,12.959718,657.9189,600701
4953,2,-1.2,400,0,0,1,0.1,13.390023,662.35561,601101
4954,2,9.94297,21,1,0,0,0.1,14.842345,666.56222,601123
4955,2,-1.048,16,0,1,0,0.1,12.294378,667.66658,601140
4956,2,-1.2,400,0,0,1,0.1,12.748547,664.3078,601540
4957,2,-1.366,122,0,1,0,0.1,12.007183,656.72455,601663
4958,2,-1.2,400,0,0,1,0.1,12.534349,658.22643,602063
4959,2,-1.2,400,0,0,1,0.1,12.480107,656.39365,602463
4960,2,-1.2,400,0,0,1,0.1,12.499832,656.86716,602863
4961,2,-1.054,18,0,1,0,0.1,14.248048,670.27927,602882
4962,2,-1.156,52,0,1,0,0.1,12.074191,653.71246,602935
4963,2,-1.021,7,0,1,0,0.1,15.133343,651.28203,602943
4964,2,-2.086,362,0,1,0,0.1,12.421829,657.54414,603306
4965,2,-1.327,109,0,1,0,0.1,14.291784,658.55506,603416
4966,2,-1.19669,400,0,0,1,0.1,12.528704,655.55924,603816
4967,2,-1.9551,319,0,1,0,0.1,12.560519,653.63414,604136
4968,2,-1.2,400,0,0,1,0.1,12.521679,652.47011,604536
4969,2,-1.069,23,0,1,0,0.1,11.840559,651.63904,604560
4970,2,-1.213,71,0,1,0,0.1,12.280505,656.23822,604632
4971,2,-1.438,146,0,1,0,0.1,12.225956,653.44758,604779
4972,2,-1.2,400,0,0,1,0.1,12.363625,650.15386,605179
4973,2,-1.2,400,0,0,1,0.1,12.572096,655.32863,605579
4974,2,-1.2,400,0,0,1,0.1,12.974486,659.82624,605979
4975,2,-1.19737,400,0,0,1,0.1,13.201713,661.24036,606379
4976,2,-1.045,15,0,1,0,0.1,12.79032,667.71124,606395
4977,2,-1.042,14,0,1,0,0.1,13.610097,661.38527,606410
4978,2,-1.2,400,0,0,1,0.1,13.056,663.85143,606810
4979,2,-1.198,66,0,1,0,0.1,13.294334,663.04691,606877
4980,2,-1.405,135,0,1,0,0.1,13.02169,660.63779,607013
4981,2,-1.099,33,0,1,0,0.1,13.05239,659.86465,607047
4982,2,9.46307,181,1,0,0,0.1,13.812521,663.52024,607229
4983,2,-1.2,400,0,0,1,0.1,12.53128,659.02551,607629
4984,2,-1.015,5,0,1,0,0.1,11.90557,663.42772,607635
4985,2,-1.174,58,0,1,0,0.1,11.678643,663.67613,607694
4986,2,-1.864,288,0,1,0,0.1,12.566536,661.79198,607983
4987,2,-1.114,38,0,1,0,0.1,13.817982,662.68828,608022
4988,2,-1.06,20,0,1,0,0.1,12.955455,665.41068,608043
4989,2,-1.177,59,0,1,0,0.1,13.80371,660.5449,608103
4990,2,-1.012,4,0,1,0,0.1,12.584946,659.23647,608108
4991,2,-1.045,15,0,1,0,0.1,11.706147,658.26165,608124
4992,2,9.86449,47,1,0,0,0.1,12.365154,660.35169,608172
4993,2,-1.981,327,0,1,0,0.1,12.664632,665.0554,608500
4994,2,-1.168,56,0,1,0,0.1,12.410025,665.00532,608557
4995,2,-1.03,10,0,1,0,0.1,12.739869,673.48461,608568
4996,2,-1.018,6,0,1,0,0.1,13.073307,660.32046,608575
4997,2,-1.048,16,0,1,0,0.1,13.030421,669.93801,608592
4998,2,-1.18,60,0,1,0,0.1,13.108794,666.06328,608653
4999,2,-1.2,400,0,0,1,0.1,13.424446,664.11566,609053
5000,2,-1.366,122,0,1,0,0.1,12.65469,663.88079,609176
5001,2,-1.009,3,0,1,0,0.1,15.697576,672.6492,609180
5002,2,-1.2,400,0,0,1,0.1,12.780045,663.30171,609580
5003,2,-1.054,18,0,1,0,0.1,12.168062,670.71632,609599
5004,2,-1.108,36,0,1,0,0.1,11.997228,660.31879,609636
5005,2,-1.204,68,0,1,0,0.1,12.265648,661.56331,609705
5006,2,-1.042,14,0,1,0,0.1,14.10816,675.96446,609720
5007,2,-1.489,163,0,1,0,0.1,13.010324,666.68525,609884
5008,2,-1.2,400,0,0,1,0.1,12.733837,670.46782,610284
5009,2,-1.132,44,0,1,0,0.1,12.534404,675.49703,610329
5010,2,-1.2,400,0,0,1,0.1,12.956037,671.45295,610729
5011,2,-1.2,400,0,0,1,0.1,13.849343,675.3408,611129
5012,2,-1.19956,400,0,0,1,0.1,13.372418,682.64963,611529
5013,2,9.93058,25,1,0,0,0.1,14.217058,679.33825,611555
5014,2,-1.2,400,0,0,1,0.1,13.465989,686.52399,611955
5015,2,-1.129,43,0,1,0,0.1,15.533539,691.52754,611999
5016,2,-1.2,400,0,0,1,0.1,14.759272,692.06772,612399
5017,2,-1.039,13,0,1,0,0.1,12.91825,692.33381,612413
5018,2,-1.2,400,0,0,1,0.1,15.280908,697.43704,612813
5019,2,-1.021,7,0,1,0,0.1,15.385383,704.5019,612821
5020,2,-1.69534,232,0,1,0,0.1,15.26732,698.6179,613054
5021,2,-1.093,31,0,1,0,0.1,15.718553,699.08072,613086
5022,2,-1.129,43,0,1,0,0.1,15.894279,697.51589,613130
5023,2,-1.03,10,0,1,0,0.1,16.574802,699.25252,613141
5024,2,-1.2,400,0,0,1,0.1,16.115243,708.00664,613541
5025,2,-1.075,25,0,1,0,0.1,14.885958,704.24981,613567
5026,2,-1.05917,20,0,1,0,0.1,15.281837,717.71701,613588
5027,2,9.74793,86,1,0,0,0.1,14.399044,714.93068,613675
5028,2,-1.2,400,0,0,1,0.1,16.2952,716.73742,614075
5029,2,-1.057,19,0,1,0,0.1,15.546776,711.76052,614095
5030,2,-1.09,30,0,1,0,0.1,14.599579,715.97992,614126
5031,2,-1.2,400,0,0,1,0.1,16.873356,730.60877,614526
5032,2,-1.102,34,0,1,0,0.1,16.760992,725.95078,614561
5033,2,-1.045,15,0,1,0,0.1,18.207642,733.84747,614577
5034,2,-1.348,116,0,1,0,0.1,17.462693,732.3676,614694
5035,2,-1.19947,400,0,0,1,0.1,17.278368,733.73942,615094
5036,2,-1.2,400,0,0,1,0.1,17.406632,749.71576,615494
5037,2,-1.105,35,0,1,0,0.1,18.827741,752.59712,615530
5038,2,-1.366,122,0,1,0,0.1,17.912125,760.09831,615653
5039,2,-1.039,13,0,1,0,0.1,18.607477,771.59503,615667
5040,2,9.88901,39,1,0,0,0.1,18.474743,764.12597,615707
5041,2,-1.213,71,0,1,0,0.1,18.447949,761.73666,615779
5042,2,-2.071,357,0,1,0,0.1,18.349147,766.82213,616137
5043,2,-1.2,400,0,0,1,0.1,18.636602,785.45115,616537
5044,2,-1.2,400,0,0,1,0.1,19.011358,804.35039,616937
5045,2,-1.2,400,0,0,1,0.1,19.291273,818.19223,617337
5046,2,-1.216,72,0,1,0,0.1,20.627804,823.24805,617410
5047,2,-1.033,11,0,1,0,0.1,21.489197,822.62356,617422
5048,2,-1.03,10,0,1,0,0.1,20.091546,860.25452,617433
5049,2,-1.2,400,0,0,1,0.1,19.99676,836.48723,617833
5050,2,-1.246,82,0,1,0,0.1,19.618304,835.50372,617916
5051,2,-1.06,20,0,1,0,0.1,22.037684,830.83387,617937
5052,2,-1.2,400,0,0,1,0.1,20.487495,847.25108,618337
5053,2,-1.2,400,0,0,1,0.1,20.381967,849.33552,618737
5054,2,-1.2,400,0,0,1,0.1,21.231428,860.14174,619137
5055,2,-1.078,26,0,1,0,0.1,19.056978,869.61067,619164
5056,2,-1.2,400,0,0,1,0.1,21.383458,866.5216,619564
5057,2,-1.048,16,0,1,0,0.1,21.219427,875.75755,619581
5058,2,-1.2,400,0,0,1,0.1,21.332538,879.31155,619981
5059,2,-1.2,400,0,0,1,0.1,21.748317,882.5408,620381
5060,2,-1.2,400,0,0,1,0.1,20.572976,899.71389,620781
5061,2,-1.081,27,0,1,0,0.1,20.580308,911.06812,620809
5062,2,-1.09,30,0,1,0,0.1,20.242317,909.18153,620840
5063,2,-1.2,400,0,0,1,0.1,20.830516,907.03203,621240
5064,2,-1.2,400,0,0,1,0.1,21.18887,924.78719,621640
5065,2,-1.2,400,0,0,1,0.1,20.862334,924.66795,622040
5066,2,-1.2,400,0,0,1,0.1,20.858845,921.30416,622440
5067,2,-1.2,400,0,0,1,0.1,19.984167,923.26944,622840
5068,2,-1.2,400,0,0,1,0.1,20.755194,924.51699,623240
5069,2,-1.999,333,0,1,0,0.1,20.980164,919.15394,623574
5070,2,-1.636,212,0,1,0,0.1,21.656793,924.94961,623787
5071,2,-1.129,43,0,1,0,0.1,20.929095,918.3266,623831
5072,2,-1.303,101,0,1,0,0.1,21.912752,927.84358,623933
5073,2,-1.2,400,0,0,1,0.1,21.632494,923.55161,624333
5074,2,-1.2,400,0,0,1,0.1,21.200223,931.44527,624733
5075,2,-1.2,400,0,0,1,0.1,21.145345,933.22897,625133
5076,2,-1.2,400,0,0,1,0.1,22.319217,947.81375,625533
5077,2,-1.135,45,0,1,0,0.1,22.35732,942.61856,625579
5078,2,-1.12,40,0,1,0,0.1,21.248518,956.1088,625620
5079,2,-1.2,400,0,0,1,0.1,21.984759,952.48786,626020
5080,2,-1.2,400,0,0,1,0.1,21.684983,943.72585,626420
5081,2,-1.069,23,0,1,0,0.1,24.682766,945.30947,626444
5082,2,-1.78,260,0,1,0,0.1,21.376345,949.64762,626705
5083,2,-1.2,400,0,0,1,0.1,21.221294,950.98495,627105
5084,2,-1.2,400,0,0,1,0.1,20.795098,957.53563,627505
5085,2,-1.2,400,0,0,1,0.1,20.769105,961.71784,627905
5086,2,-1.2,400,0,0,1,0.1,20.419005,967.06791,628305
5087,2,-1.129,43,0,1,0,0.1,19.081536,976.77321,628349
5088,2,-1.42,140,0,1,0,0.1,21.352504,974.74106,628490
5089,2,-1.159,53,0,1,0,0.1,20.784246,975.86154,628544
5090,2,-1.2,400,0,0,1,0.1,20.687352,973.15345,628944
5091,2,-1.315,105,0,1,0,0.1,21.016768,969.79914,629050
5092,2,-1.081,27,0,1,0,0.1,19.573532,966.96809,629078
5093,2,-1.51,170,0,1,0,0.1,20.728694,967.5721,629249
5094,2,-1.297,99,0,1,0,0.1,20.482758,971.04994,629349
5095,2,-1.207,69,0,1,0,0.1,20.80026,966.80259,629419
5096,2,-1.111,37,0,1,0,0.1,20.828161,975.77481,629457
5097,2,-1.2,400,0,0,1,0.1,19.751922,965.90418,629857
5098,2,-1.2,400,0,0,1,0.1,19.576991,964.93595,630257
5099,2,-1.033,11,0,1,0,0.1,18.912184,989.44503,630269
5100,2,-1.2,400,0,0,1,0.1,20.947309,967.83245,630669
5101,2,-1.366,122,0,1,0,0.1,21.024534,970.23759,630792
5102,2,-1.264,88,0,1,0,0.1,20.06499,971.95555,630881
5103,2,-1.126,42,0,1,0,0.1,22.234128,973.53699,630924
5104,2,-1.2,400,0,0,1,0.1,20.252323,976.52599,631324
5105,2,-1.2,400,0,0,1,0.1,20.389219,974.0604,631724
5106,2,-1.051,17,0,1,0,0.1,21.531922,978.33063,631742
5107,2,-1.2,400,0,0,1,0.1,20.419473,977.08021,632142
5108,2,-1.3,100,0,1,0,0.1,20.660304,972.01556,632243
5109,2,-1.048,16,0,1,0,0.1,20.801107,974.38027,632260
5110,2,9.62829,126,1,0,0,0.1,20.310918,979.80087,632387
5111,2,-1.19422,400,0,0,1,0.1,20.127983,971.3873,632787
5112,2,-1.651,217,0,1,0,0.1,19.701913,971.27739,633005
5113,2,-1.774,258,0,1,0,0.1,20.673875,970.23752,633264
5114,2,-1.2,400,0,0,1,0.1,19.956563,960.98182,633664
5115,2,-2.086,362,0,1,0,0.1,19.539171,960.28816,634027
5116,2,-1.2,400,0,0,1,0.1,20.167311,949.66318,634427
5117,2,9.88015,42,1,0,0,0.1,20.03714,926.70737,634470
5118,2,-1.2,400,0,0,1,0.1,19.285939,935.79044,634870
5119,2,-1.078,26,0,1,0,0.1,18.182507,922.73214,634897
5120,2,-1.099,33,0,1,0,0.1,20.520471,938.35492,634931
5121,2,-1.2,400,0,0,1,0.1,19.282626,934.69453,635331
5122,2,-1.2,400,0,0,1,0.1,19.401474,933.46331,635731
5123,2,-1.2,400,0,0,1,0.1,19.083141,928.26316,636131
5124,2,-1.2,400,0,0,1,0.1,19.639088,929.26898,636531
5125,2,-1.267,89,0,1,0,0.1,19.352654,926.0608,636621
5126,2,9.79019,72,1,0,0,0.1,18.933606,916.01009,636694
5127,2,-1.19879,400,0,0,1,0.1,19.356275,919.89251,637094
5128,2,9.33828,223,1,0,0,0.1,19.232706,916.14677,637318
5129,2,-1.2,400,0,0,1,0.1,19.314286,916.79682,637718
5130,2,-1.2,400,0,0,1,0.1,19.229276,909.44881,638118
5131,2,-2.18603,396,0,1,0,0.1,19.078933,903.56196,638515
5132,2,-1.19859,400,0,0,1,0.1,18.615686,895.06351,638915
5133,2,-1.015,5,0,1,0,0.1,18.011325,907.77233,638921
5134,2,-1.2,400,0,0,1,0.1,18.409146,894.43941,639321
5135,2,-1.303,101,0,1,0,0.1,17.793763,891.03485,639423
5136,2,-1.2,400,0,0,1,0.1,18.670268,892.17512,639823
5137,2,-1.507,169,0,1,0,0.1,18.625257,897.29113,639993
5138,2,-1.048,16,0,1,0,0.1,17.777298,892.31292,640010
5139,2,-1.2,400,0,0,1,0.1,18.862447,897.73552,640410
5140,2,-1.2,400,0,0,1,0.1,18.30993,899.50838,640810
5141,2,-1.2,400,0,0,1,0.1,17.669412,902.26383,641210
5142,2,-1.2,400,0,0,1,0.1,18.850558,898.52952,641610
5143,2,-1.063,21,0,1,0,0.1,18.203523,902.52984,641632
5144,2,-1.2,400,0,0,1,0.1,19.071683,897.25371,642032
5145,2,-1.063,21,0,1,0,0.1,17.880848,899.17544,642054
5146,2,-1.2,400,0,0,1,0.1,19.251578,900.49294,642454
5147,2,-1.2,400,0,0,1,0.1,18.927206,904.91099,642854
5148,2,-1.138,46,0,1,0,0.1,18.212761,905.15518,642901
5149,2,9.79616,70,1,0,0,0.1,17.575908,902.52935,642972
5150,2,-1.072,24,0,1,0,0.1,19.589427,905.89783,642997
5151,2,-1.2,400,0,0,1,0.1,19.146988,902.43216,643397
5152,2,-1.13643,47,0,1,0,0.1,19.63632,904.23763,643445
5153,2,-1.2,400,0,0,1,0.1,18.977571,899.11851,643845
5154,2,-1.2,400,0,0,1,0.1,17.660258,901.58891,644245
5155,2,-1.2,400,0,0,1,0.1,17.820261,902.80342,644645
5156,2,-1.051,17,0,1,0,0.1,16.688029,893.84471,644663
5157,2,-1.195,65,0,1,0,0.1,16.473788,901.18376,644729
5158,2,-1.024,8,0,1,0,0.1,17.582578,921.40056,644738
5159,2,-1.105,35,0,1,0,0.1,16.39718,900.78123,644774
5160,2,-1.246,82,0,1,0,0.1,18.50839,897.62965,644857
5161,2,-1.054,18,0,1,0,0.1,16.857372,892.53995,644876
5162,2,-1.2,400,0,0,1,0.1,18.166303,906.51086,645276
5163,2,-1.24,80,0,1,0,0.1,19.063856,907.25708,645357
5164,2,-1.375,125,0,1,0,0.1,18.619171,915.01487,645483
5165,2,-1.186,62,0,1,0,0.1,18.918048,911.04407,645546
5166,2,9.8169,63,1,0,0,0.1,18.864901,910.98381,645610
5167,2,9.83754,56,1,0,0,0.1,18.018211,907.22044,645667
5168,2,9.87105,45,1,0,0,0.1,19.801723,924.97918,645713
5169,2,9.8646,47,1,0,0,0.1,17.609086,914.06041,645761
5170,2,-1.2,400,0,0,1,0.1,18.306428,913.18868,646161
5171,2,-1.2,400,0,0,1,0.1,18.156247,912.19115,646561
5172,2,-1.279,93,0,1,0,0.1,17.455337,912.68548,646655
5173,2,-1.096,32,0,1,0,0.1,19.915794,918.13411,646688
5174,2,-1.357,119,0,1,0,0.1,18.624487,920.90869,646808
5175,2,9.89802,36,1,0,0,0.1,18.007534,917.76797,646845
5176,2,-1.075,25,0,1,0,0.1,18.872816,915.00303,646871
5177,2,-1.2,400,0,0,1,0.1,17.869986,920.20663,647271
5178,2,-1.2,400,0,0,1,0.1,19.012449,922.94945,647671
5179,2,-1.19882,400,0,0,1,0.1,18.011905,917.23521,648071
5180,2,-1.057,19,0,1,0,0.1,16.268523,917.85597,648091
5181,2,-1.246,82,0,1,0,0.1,18.232744,913.67875,648174
5182,2,-1.36,120,0,1,0,0.1,17.810883,912.62335,648295
5183,2,-1.19964,400,0,0,1,0.1,18.289986,916.46914,648695
5184,2,-1.2,400,0,0,1,0.1,17.781176,918.11381,649095
5185,2,-1.21,70,0,1,0,0.1,18.19351,924.59619,649166
5186,2,-1.114,38,0,1,0,0.1,16.434616,922.85466,649205
5187,2,-2.197,399,0,1,0,0.1,17.693257,921.60676,649605
5188,2,-1.093,31,0,1,0,0.1,19.130116,922.53172,649637
5189,2,-1.2,400,0,0,1,0.1,18.108197,915.90597,650037
5190,2,-1.2,400,0,0,1,0.1,17.888648,918.17539,650437
5191,2,-1.039,13,0,1,0,0.1,18.818966,907.04135,650451
5192,2,-1.216,72,0,1,0,0.1,17.908096,908.65235,650524
5193,2,9.71459,97,1,0,0,0.1,17.190661,914.52361,650622
5194,2,-1.072,24,0,1,0,0.1,16.191199,912.64346,650647
5195,2,-1.2,400,0,0,1,0.1,17.161975,909.78868,651047
5196,2,-1.102,34,0,1,0,0.1,17.693125,908.80858,651082
5197,2,-1.2,400,0,0,1,0.1,18.357751,906.18089,651482
5198,2,-1.24,80,0,1,0,0.1,16.420275,902.19823,651563
5199,2,-1.273,91,0,1,0,0.1,17.700097,908.91666,651655
5200,2,-1.237,79,0,1,0,0.1,16.630371,908.57073,651735
5201,2,-1.009,3,0,1,0,0.1,14.356822,924.6868,651739
5202,2,-1.153,51,0,1,0,0.1,16.501493,912.83772,651791
5203,2,-1.2,400,0,0,1,0.1,16.517432,905.57282,652191
5204,2,9.78794,73,1,0,0,0.1,17.902603,908.56637,652265
5205,2,-1.2,400,0,0,1,0.1,17.639535,903.98333,652665
5206,2,-2.008,336,0,1,0,0.1,16.365502,895.64592,653002
5207,2,9.88365,41,1,0,0,0.1,17.969935,888.13002,653044
5208,2,-1.2,400,0,0,1,0.1,16.688927,889.30376,653444
5209,2,-1.111,37,0,1,0,0.1,15.517273,886.93042,653482
5210,2,-1.201,67,0,1,0,0.1,17.821229,883.21159,653550
5211,2,-1.1976,400,0,0,1,0.1,16.941494,884.62103,653950
5212,2,-1.19934,400,0,0,1,0.1,16.647433,884.76297,654350
5213,2,-1.255,85,0,1,0,0.1,16.991653,880.9141,654436
5214,2,-1.723,241,0,1,0,0.1,16.99834,884.6279,654678
5215,2,-1.039,13,0,1,0,0.1,16.187133,887.01208,654692
5216,2,-1.19973,400,0,0,1,0.1,17.215589,883.60417,655092
5217,2,-1.2255,76,0,1,0,0.1,17.262831,883.61343,655169
5218,2,-1.2,400,0,0,1,0.1,17.259761,879.09152,655569
5219,2,-1.009,3,0,1,0,0.1,18.603853,901.30362,655573
5220,2,-1.2,400,0,0,1,0.1,17.231176,871.39335,655973
5221,2,-1.2,400,0,0,1,0.1,16.325617,864.21948,656373
5222,2,-1.2,400,0,0,1,0.1,16.471145,860.07095,656773
5223,2,-1.096,32,0,1,0,0.1,15.883338,858.04528,656806
5224,2,-1.405,135,0,1,0,0.1,17.482495,861.36911,656942
5225,2,-1.2,400,0,0,1,0.1,16.452927,864.75593,657342
5226,2,-1.2,400,0,0,1,0.1,16.317773,861.91208,657742
5227,2,-1.402,134,0,1,0,0.1,15.460589,859.3034,657877
5228,2,-1.2,400,0,0,1,0.1,16.063308,861.68286,658277
5229,2,-1.19629,400,0,0,1,0.1,15.817826,855.78511,658677
5230,2,-1.2,400,0,0,1,0.1,15.782788,854.11226,659077
5231,2,-1.531,177,0,1,0,0.1,15.11689,859.1456,659255
5232,2,-1.63,210,0,1,0,0.1,15.124142,860.64653,659466
5233,2,-1.2,400,0,0,1,0.1,15.275341,858.20085,659866
5234,2,9.81083,65,1,0,0,0.1,15.726177,855.98679,659932
5235,2,-1.2,400,0,0,1,0.1,15.68453,855.95251,660332
5236,2,-1.2,400,0,0,1,0.1,15.664411,854.42842,660732
5237,2,-1.2,400,0,0,1,0.1,15.098716,848.71588,661132
5238,2,-1.189,63,0,1,0,0.1,14.600421,847.53673,661196
5239,2,9.82692,60,1,0,0,0.1,13.691943,854.42375,661257
5240,2,-1.048,16,0,1,0,0.1,14.37484,853.08029,661274
5241,2,-1.2,400,0,0,1,0.1,14.887287,846.29555,661674
5242,2,-1.2,400,0,0,1,0.1,15.186108,851.81969,662074
5243,2,-1.06,20,0,1,0,0.1,14.26311,856.36976,662095
5244,2,-1.2,400,0,0,1,0.1,14.846497,854.45236,662495
5245,2,-1.27,90,0,1,0,0.1,14.842989,851.03488,662586
5246,2,-1.165,55,0,1,0,0.1,14.770839,857.67857,662642
5247,2,-1.117,39,0,1,0,0.1,16.365076,851.28587,662682
5248,2,-1.2,400,0,0,1,0.1,15.183262,853.13064,663082
5249,2,-1.2,400,0,0,1,0.1,14.787675,856.47548,663482
5250,2,-1.084,28,0,1,0,0.1,15.920328,857.11158,663511
5251,2,-1.27,90,0,1,0,0.1,14.555859,857.04126,663602
5252,2,-1.2,400,0,0,1,0.1,15.058656,859.47852,664002
5253,2,-1.438,146,0,1,0,0.1,14.506455,857.84228,664149
5254,2,-1.354,118,0,1,0,0.1,15.10811,855.68877,664268
5255,2,-1.2,400,0,0,1,0.1,15.001778,859.27172,664668
5256,2,-1.2,400,0,0,1,0.1,14.67412,861.6188,665068
5257,2,-1.111,37,0,1,0,0.1,14.035659,860.95287,665106
5258,2,-1.2,400,0,0,1,0.1,15.104908,861.61006,665506
5259,2,-2.161,387,0,1,0,0.1,15.024375,860.33221,665894
5260,2,-1.2,400,0,0,1,0.1,14.925946,856.46865,666294
5261,2,-1.2,400,0,0,1,0.1,15.0113,850.22959,666694
5262,2,-1.19164,400,0,0,1,0.1,15.128174,847.50222,667094
5263,2,-1.2,400,0,0,1,0.1,14.620302,844.61519,667494
5264,2,-1.078,26,0,1,0,0.1,12.377157,847.61892,667521
5265,2,-2.14,380,0,1,0,0.1,14.969583,841.3531,667902
5266,2,-1.2,400,0,0,1,0.1,14.813999,840.33581,668302
5267,2,-1.2,400,0,0,1,0.1,14.536338,841.6072,668702
5268,2,-1.2,400,0,0,1,0.1,14.730136,843.47852,669102
5269,2,-1.282,94,0,1,0,0.1,13.903136,842.14587,669197
5270,2,-1.2,400,0,0,1,0.1,14.871747,842.42942,669597
5271,2,-1.19794,400,0,0,1,0.1,14.423384,838.1663,669997
5272,2,-1.2,400,0,0,1,0.1,14.715043,835.77481,670397
5273,2,-1.027,9,0,1,0,0.1,11.492551,833.5504,670407
5274,2,-1.2,400,0,0,1,0.1,14.878144,833.95418,670807
5275,2,-1.183,61,0,1,0,0.1,14.615012,833.77367,670869
5276,2,-1.2,400,0,0,1,0.1,14.636771,830.9138,671269
5277,2,-1.099,33,0,1,0,0.1,14.622703,834.98855,671303
5278,2,-2.011,337,0,1,0,0.1,14.947009,829.36245,671641
5279,2,-1.684,228,0,1,0,0.1,14.295035,828.33839,671870
5280,2,-1.2,400,0,0,1,0.1,14.632574,826.76208,672270
5281,2,-1.042,14,0,1,0,0.1,17.566752,825.69991,672285
5282,2,-1.015,5,0,1,0,0.1,12.080599,818.83886,672291
5283,2,-1.2,400,0,0,1,0.1,14.756561,819.51676,672691
5284,2,-1.2,400,0,0,1,0.1,14.070953,819.73211,673091
5285,2,-1.036,12,0,1,0,0.1,15.517041,815.48453,673104
5286,2,-1.19562,400,0,0,1,0.1,13.921418,813.01211,673504
5287,2,-1.2,400,0,0,1,0.1,13.83794,809.81415,673904
5288,2,-1.411,137,0,1,0,0.1,13.734958,807.4374,674042
5289,2,9.60049,135,1,0,0,0.1,13.482788,804.46785,674178
5290,2,-1.2,400,0,0,1,0.1,13.890209,802.98023,674578
5291,2,-1.2,400,0,0,1,0.1,13.316931,797.56311,674978
5292,2,-1.1992,400,0,0,1,0.1,13.760715,794.23434,675378
5293,2,-1.453,151,0,1,0,0.1,13.668861,790.64215,675530
5294,2,-1.201,67,0,1,0,0.1,13.009903,786.55223,675598
5295,2,-1.2,400,0,0,1,0.1,13.082042,787.59776,675998
5296,2,-1.2,400,0,0,1,0.1,12.823663,784.16154,676398
5297,2,-1.2,400,0,0,1,0.1,13.470822,782.48723,676798
5298,2,-1.2,400,0,0,1,0.1,12.876677,778.77427,677198
5299,2,-1.2,400,0,0,1,0.1,12.393207,774.19801,677598
5300,2,-1.19643,400,0,0,1,0.1,12.779331,772.34427,677998
5301,2,-1.183,61,0,1,0,0.1,11.945854,771.02393,678060
5302,2,-1.795,265,0,1,0,0.1,12.771445,767.2579,678326
5303,2,-1.2,400,0,0,1,0.1,12.437255,766.85225,678726
5304,2,-1.045,15,0,1,0,0.1,11.186359,759.24027,678742
5305,2,-1.2,400,0,0,1,0.1,12.285556,765.4992,679142
5306,2,-1.2,400,0,0,1,0.1,12.317507,763.56177,679542
5307,2,-1.2,400,0,0,1,0.1,11.672073,761.71239,679942
5308,2,-1.069,23,0,1,0,0.1,11.454036,765.90004,679966
5309,2,-1.2,400,0,0,1,0.1,11.737496,761.21152,680366
5310,2,-1.021,7,0,1,0,0.1,13.464102,759.512,680374
5311,2,-1.522,174,0,1,0,0.1,11.734896,756.56621,680549
5312,2,-1.456,152,0,1,0,0.1,11.993197,755.34965,680702
5313,2,-1.462,154,0,1,0,0.1,11.497672,756.76587,680857
5314,2,-1.048,16,0,1,0,0.1,11.4302,761.16296,680874
5315,2,-1.2,400,0,0,1,0.1,11.804981,753.00556,681274
5316,2,-1.033,11,0,1,0,0.1,9.824673,756.87365,681286
5317,2,-1.051,17,0,1,0,0.1,11.265095,748.65202,681304
5318,2,-1.2,400,0,0,1,0.1,12.029318,748.26637,681704
5319,2,-1.129,43,0,1,0,0.1,11.501703,744.27786,681748
5320,2,-1.2,400,0,0,1,0.1,12.109787,743.53589,682148
5321,2,-1.19476,400,0,0,1,0.1,11.365104,738.46325,682548
5322,2,-1.108,36,0,1,0,0.1,11.946642,744.20087,682585
5323,2,-1.501,167,0,1,0,0.1,10.994297,738.59816,682753
5324,2,-1.177,59,0,1,0,0.1,11.936114,737.20339,682813
5325,2,-1.759,253,0,1,0,0.1,12.049092,736.89784,683067
5326,2,-1.2,400,0,0,1,0.1,11.679437,731.91804,683467
5327,2,9.91926,29,1,0,0,0.1,13.163224,725.37983,683497
5328,2,-1.2,400,0,0,1,0.1,11.472636,724.39758,683897
5329,2,-1.2,400,0,0,1,0.1,10.99052,723.6606,684297
5330,2,-1.123,41,0,1,0,0.1,11.009742,721.89784,684339
5331,2,-1.12,40,0,1,0,0.1,10.875715,718.09479,684380
5332,2,-1.2,400,0,0,1,0.1,11.375228,716.49903,684780
5333,2,-1.186,62,0,1,0,0.1,11.472522,714.75347,684843
5334,2,-1.2,400,0,0,1,0.1,10.784836,715.98559,685243
5335,2,-1.2,400,0,0,1,0.1,10.883473,711.27946,685643
5336,2,-1.093,31,0,1,0,0.1,10.317495,713.6135,685675
5337,2,-1.2,400,0,0,1,0.1,11.267701,706.73316,686075
5338,2,-1.2,400,0,0,1,0.1,10.924579,701.27577,686475
5339,2,-1.105,35,0,1,0,0.1,10.411103,703.34792,686511
5340,2,-1.2,400,0,0,1,0.1,10.662372,695.73404,686911
5341,2,-1.2,400,0,0,1,0.1,10.837571,693.01483,687311
5342,2,-1.669,223,0,1,0,0.1,10.834991,688.238,687535
5343,2,-1.156,52,0,1,0,0.1,10.876603,690.361,687588
5344,2,-1.2,400,0,0,1,0.1,11.000416,685.09988,687988
5345,2,-1.2,400,0,0,1,0.1,10.42988,679.3645,688388
5346,2,-1.2,400,0,0,1,0.1,10.327803,674.53893,688788
5347,2,-1.222,74,0,1,0,0.1,10.322914,676.03274,688863
5348,2,-1.099,33,0,1,0,0.1,10.43656,669.29448,688897
5349,2,-1.2,400,0,0,1,0.1,10.218378,668.2396,689297
5350,2,9.90643,33,1,0,0,0.1,10.096408,664.59551,689331
5351,2,-1.153,51,0,1,0,0.1,9.648557,664.15697,689383
5352,2,-1.1993,400,0,0,1,0.1,10.368005,662.71606,689783
5353,2,-1.027,9,0,1,0,0.1,10.796338,660.10804,689793
5354,2,-1.696,232,0,1,0,0.1,9.956041,660.1466,690026
5355,2,-1.2,400,0,0,1,0.1,9.933393,655.4548,690426
5356,2,-1.078,26,0,1,0,0.1,8.963536,652.06215,690453
5357,2,-1.2,400,0,0,1,0.1,10.151563,650.88304,690853
5358,2,-1.015,5,0,1,0,0.1,10.278991,651.21276,690859
5359,2,9.72103,95,1,0,0,0.1,10.083148,645.75865,690955
5360,2,-1.567,189,0,1,0,0.1,9.668594,646.82071,691145
5361,2,-1.2,400,0,0,1,0.1,9.520662,644.62939,691545
5362,2,-1.2,400,0,0,1,0.1,9.393804,639.51196,691945
5363,2,-1.213,71,0,1,0,0.1,9.458432,634.10807,692017
5364,2,-1.2,400,0,0,1,0.1,9.509292,634.33204,692417
5365,2,-1.2,400,0,0,1,0.1,9.521098,629.72641,692817
5366,2,-1.1193,40,0,1,0,0.1,9.643277,629.52655,692858
5367,2,-1.048,16,0,1,0,0.1,9.612577,627.13638,692875
5368,2,-1.063,21,0,1,0,0.1,8.470806,627.20578,692897
5369,2,-1.2,400,0,0,1,0.1,9.41271,624.68616,693297
5370,2,-1.2,400,0,0,1,0.1,9.539659,619.16508,693697
5371,2,-1.048,16,0,1,0,0.1,10.28065,620.61947,693714
5372,2,-1.045,15,0,1,0,0.1,8.645209,614.40303,693730
5373,2,-1.2,400,0,0,1,0.1,9.466936,616.87843,694130
5374,2,-1.2,400,0,0,1,0.1,9.390126,614.32163,694530
5375,2,-1.711,237,0,1,0,0.1,9.460896,612.45476,694768
5376,2,-1.3,100,0,1,0,0.1,9.395107,613.45051,694869
5377,2,-1.2,400,0,0,1,0.1,9.381992,609.83542,695269
5378,2,-1.093,31,0,1,0,0.1,8.027031,608.95901,695301
5379,2,-1.126,42,0,1,0,0.1,9.481776,606.56352,695344
5380,2,-1.2,400,0,0,1,0.1,9.304977,606.31817,695744
5381,2,-1.879,293,0,1,0,0.1,8.893459,604.86382,696038
5382,2,-1.2,400,0,0,1,0.1,9.379405,604.55345,696438
5383,2,-1.093,31,0,1,0,0.1,9.596605,606.99982,696470
5384,2,-1.19714,400,0,0,1,0.1,9.188319,601.47542,696870
5385,2,-1.018,6,0,1,0,0.1,9.311171,604.22831,696877
5386,2,-1.234,78,0,1,0,0.1,8.339163,602.19021,696956
5387,2,-1.084,28,0,1,0,0.1,8.863352,598.25333,696985
5388,2,-1.057,19,0,1,0,0.1,7.339217,599.59152,697005
5389,2,-1.057,19,0,1,0,0.1,8.181711,604.0557,697025
5390,2,-1.2,400,0,0,1,0.1,9.053363,598.40715,697425
5391,2,-1.2,400,0,0,1,0.1,9.368538,597.88707,697825
5392,2,-1.2,400,0,0,1,0.1,8.935662,597.46934,698225
5393,2,-1.081,27,0,1,0,0.1,10.299168,591.97769,698253
5394,2,-1.039,13,0,1,0,0.1,9.382538,593.79419,698267
5395,2,-1.14147,49,0,1,0,0.1,9.022845,594.10544,698317
5396,2,-1.069,23,0,1,0,0.1,8.150832,594.54856,698341
5397,2,-1.2,400,0,0,1,0.1,8.844535,591.75571,698741
5398,2,-1.555,185,0,1,0,0.1,8.806127,588.55845,698927
5399,2,-1.2,400,0,0,1,0.1,8.821495,584.90034,699327
5400,2,-1.615,205,0,1,0,0.1,8.658447,581.9849,699533
5401,2,-1.2,400,0,0,1,0.1,8.587919,579.83861,699933
5402,2,-1.2,400,0,0,1,0.1,8.415182,576.73806,700333
5403,2,-1.2,400,0,0,1,0.1,8.562302,574.33875,700733
5404,2,-2.18897,399,0,1,0,0.1,8.304856,570.16575,701133
5405,2,-1.2,400,0,0,1,0.1,8.382323,567.60739,701533
5406,2,-1.2,400,0,0,1,0.1,8.435327,566.36088,701933
5407,2,-1.15419,400,0,0,1,0.1,8.123189,563.29431,702333
5408,2,-1.2,400,0,0,1,0.1,7.757287,561.87894,702733
5409,2,-1.2,400,0,0,1,0.1,8.372214,562.4934,703133
5410,2,-1.048,16,0,1,0,0.1,8.240853,558.83395,703150
5411,2,-1.2,400,0,0,1,0.1,8.517861,559.78679,703550
5412,2,-1.2,400,0,0,1,0.1,8.079687,558.2378,703950
5413,2,-1.2,400,0,0,1,0.1,8.380322,555.6901,704350
5414,2,-1.2,400,0,0,1,0.1,8.32857,551.29249,704750
5415,2,9.92169,28,1,0,0,0.1,8.323336,549.90002,704779
5416,2,-1.2,400,0,0,1,0.1,8.055059,549.29741,705179
5417,2,-2.152,384,0,1,0,0.1,8.395993,547.83541,705564
5418,2,-1.18,60,0,1,0,0.1,7.837349,549.62661,705625
5419,2,-1.2,400,0,0,1,0.1,8.016948,544.55478,706025
5420,2,9.65861,116,1,0,0,0.1,7.844849,544.00616,706142
5421,2,-1.105,35,0,1,0,0.1,7.164037,541.67294,706178
5422,2,-1.204,68,0,1,0,0.1,8.666075,542.85826,706247
5423,2,-1.2,400,0,0,1,0.1,8.348984,539.96829,706647
5424,2,-1.321,107,0,1,0,0.1,8.312151,536.60838,706755
5425,2,-1.471,157,0,1,0,0.1,8.185203,536.4261,706913
5426,2,-2.05,350,0,1,0,0.1,8.251971,536.36603,707264
5427,2,-1.2,400,0,0,1,0.1,8.343008,532.68096,707664
5428,2,-1.2,400,0,0,1,0.1,8.315057,531.73517,708064
5429,2,-1.2,400,0,0,1,0.1,8.344771,527.56526,708464
5430,2,-1.2,400,0,0,1,0.1,8.203187,526.66172,708864
5431,2,9.72076,95,1,0,0,0.1,8.593744,527.05161,708960
5432,2,-1.2,400,0,0,1,0.1,8.166439,522.64975,709360
5433,2,-1.2,400,0,0,1,0.1,8.272295,521.62834,709760
5434,2,-1.1994,400,0,0,1,0.1,8.078581,521.67442,710160
5435,2,-1.186,62,0,1,0,0.1,7.706573,520.25108,710223
5436,2,-1.465,155,0,1,0,0.1,8.075818,520.37035,710379
5437,2,-1.282,94,0,1,0,0.1,8.755551,519.54762,710474
5438,2,9.83468,57,1,0,0,0.1,8.13204,517.73591,710532
5439,2,-1.2,400,0,0,1,0.1,8.531332,519.37142,710932
5440,2,-1.2,400,0,0,1,0.1,8.374307,518.75585,711332
5441,2,-1.468,156,0,1,0,0.1,9.094747,517.82554,711489
5442,2,-1.2,400,0,0,1,0.1,8.731982,517.78114,711889
5443,2,-1.975,325,0,1,0,0.1,8.962984,517.60504,712215
5444,2,-1.819,273,0,1,0,0.1,8.483039,517.89955,712489
5445,2,-1.2,400,0,0,1,0.1,8.763991,520.11328,712889
5446,2,-1.2,400,0,0,1,0.1,8.730617,522.47621,713289
5447,2,-1.2,400,0,0,1,0.1,8.907235,523.60798,713689
5448,2,-1.2,400,0,0,1,0.1,9.206055,526.25248,714089
5449,2,-1.2,400,0,0,1,0.1,8.928264,528.33243,714489
5450,2,-1.2,400,0,0,1,0.1,8.926534,526.08401,714889
5451,2,-1.2,400,0,0,1,0.1,8.995577,523.26673,715289
5452,2,-1.2,400,0,0,1,0.1,8.555352,521.37927,715689
5453,2,-1.045,15,0,1,0,0.1,8.693744,521.02578,715705
5454,2,9.03319,325,1,0,0,0.1,8.578578,521.41353,716031
5455,2,-1.132,44,0,1,0,0.1,7.790668,521.3126,716076
5456,2,-1.459,153,0,1,0,0.1,8.374477,517.3014,716230
5457,2,-1.222,74,0,1,0,0.1,8.350613,519.68798,716305
5458,2,-1.042,14,0,1,0,0.1,9.709881,512.76278,716320
5459,2,-1.2,400,0,0,1,0.1,8.609154,518.00577,716720
5460,2,-1.837,279,0,1,0,0.1,9.317109,518.94243,717000
5461,2,-1.2,400,0,0,1,0.1,8.82271,517.64517,717400
5462,2,-1.039,13,0,1,0,0.1,9.867851,518.35502,717414
5463,2,-1.543,181,0,1,0,0.1,9.098031,519.82787,717596
5464,2,-1.606,202,0,1,0,0.1,8.677806,517.9824,717799
5465,2,-1.2,400,0,0,1,0.1,8.569613,518.17179,718199
5466,2,-1.2,400,0,0,1,0.1,8.618032,515.77444,718599
5467,2,-1.129,43,0,1,0,0.1,8.668583,513.91677,718643
5468,2,-1.2,400,0,0,1,0.1,8.51878,513.5211,719043
5469,2,-1.2,400,0,0,1,0.1,8.82967,514.98184,719443
5470,2,-1.276,92,0,1,0,0.1,8.478555,517.35401,719536
5471,2,-2.176,392,0,1,0,0.1,8.927267,514.56298,719929
5472,2,-1.2,400,0,0,1,0.1,8.644475,510.10916,720329
5473,2,-1.072,24,0,1,0,0.1,7.891847,508.81273,720354
5474,2,-1.2,400,0,0,1,0.1,8.640053,507.4563,720754
5475,2,-1.2,400,0,0,1,0.1,8.810818,504.84094,721154
5476,2,-1.087,29,0,1,0,0.1,9.808984,503.97257,721184
5477,2,-1.2,400,0,0,1,0.1,8.352402,501.94815,721584
5478,2,-1.084,28,0,1,0,0.1,9.307845,497.34844,721613
5479,2,-1.2,400,0,0,1,0.1,8.257315,503.63266,722013
5480,2,-1.051,17,0,1,0,0.1,8.459903,505.79309,722031
5481,2,-1.2,400,0,0,1,0.1,8.23865,504.41889,722431
5482,2,-1.27,90,0,1,0,0.1,8.648715,502.9185,722522
5483,2,-1.945,315,0,1,0,0.1,8.462507,502.74898,722838
5484,2,-1.2,400,0,0,1,0.1,8.276723,500.50613,723238
5485,2,-1.2,400,0,0,1,0.1,8.047159,500.2842,723638
5486,2,-1.2,400,0,0,1,0.1,7.888249,499.88142,724038
5487,2,-1.159,53,0,1,0,0.1,7.769558,500.35351,724092
5488,2,-1.2,400,0,0,1,0.1,7.911308,499.80425,724492
5489,2,-1.2,400,0,0,1,0.1,7.881389,499.32646,724892
5490,2,-1.258,86,0,1,0,0.1,7.520107,499.49384,724979
5491,2,-1.2,400,0,0,1,0.1,7.743178,498.03034,725379
5492,2,-1.2,400,0,0,1,0.1,7.818045,496.53239,725779
5493,2,-1.021,7,0,1,0,0.1,6.571265,493.24759,725787
5494,2,-1.228,76,0,1,0,0.1,8.603276,498.40439,725864
5495,2,-1.2,400,0,0,1,0.1,7.666622,497.22527,726264
5496,2,-1.093,31,0,1,0,0.1,7.560268,495.33164,726296
5497,2,-1.444,148,0,1,0,0.1,7.755428,497.23774,726445
5498,2,-1.381,127,0,1,0,0.1,8.088282,499.88974,726573
5499,2,-1.087,29,0,1,0,0.1,8.348674,494.27512,726603
5500,2,-1.2,400,0,0,1,0.1,8.266758,498.19528,727003
5501,2,-1.837,279,0,1,0,0.1,7.862095,496.3604,727283
5502,2,-1.021,7,0,1,0,0.1,6.403777,498.40725,727291
5503,2,9.88553,40,1,0,0,0.1,8.301278,495.45863,727332
5504,2,-1.2,400,0,0,1,0.1,7.874341,494.80967,727732
5505,2,9.7958,70,1,0,0,0.1,7.89159,496.2921,727803
5506,2,-1.078,26,0,1,0,0.1,7.574351,493.72293,727830
5507,2,-1.2,400,0,0,1,0.1,7.588811,494.02299,728230
5508,2,-1.033,11,0,1,0,0.1,7.507435,493.54666,728242
5509,2,-1.2,400,0,0,1,0.1,7.818818,491.9798,728642
5510,2,-1.2,400,0,0,1,0.1,7.796429,491.74151,729042
5511,2,-1.25079,84,0,1,0,0.1,7.939468,489.57337,729127
5512,2,-1.369,123,0,1,0,0.1,7.833259,491.15563,729251
5513,2,-1.282,94,0,1,0,0.1,8.124887,491.85929,729346
5514,2,-1.054,18,0,1,0,0.1,7.384737,487.74206,729365
5515,2,-1.072,24,0,1,0,0.1,8.425717,489.61402,729390
5516,2,-1.2,400,0,0,1,0.1,8.032639,489.92128,729790
5517,2,-1.084,28,0,1,0,0.1,8.117727,487.94316,729819
5518,2,-1.2,400,0,0,1,0.1,8.383509,488.57103,730219
5519,2,9.84946,52,1,0,0,0.1,8.519731,490.48477,730272
5520,2,-1.162,54,0,1,0,0.1,8.505502,488.501,730327
5521,2,-1.2,400,0,0,1,0.1,8.336393,487.64669,730727
5522,2,-1.2,400,0,0,1,0.1,8.150962,488.12209,731127
5523,2,-1.036,12,0,1,0,0.1,8.786946,486.45236,731140
5524,2,-1.2,400,0,0,1,0.1,7.987406,486.59224,731540
5525,2,-1.2,400,0,0,1,0.1,7.811016,486.88703,731940
5526,2,-1.2,400,0,0,1,0.1,8.068554,488.43175,732340
5527,2,-1.2,400,0,0,1,0.1,7.741544,489.07445,732740
5528,2,-2.146,382,0,1,0,0.1,7.869704,488.69685,733123
5529,2,-1.051,17,0,1,0,0.1,7.799143,483.87731,733141
5530,2,-1.25908,88,0,1,0,0.1,7.910808,487.09148,733230
5531,2,-2.011,337,0,1,0,0.1,7.551973,487.83901,733568
5532,2,-1.198,66,0,1,0,0.1,7.674625,488.16698,733635
5533,2,-1.29569,99,0,1,0,0.1,8.257081,489.9725,733735
5534,2,-1.192,64,0,1,0,0.1,8.91977,488.04503,733800
5535,2,-1.033,11,0,1,0,0.1,8.050051,488.42147,733812
5536,2,-1.19974,400,0,0,1,0.1,8.091752,487.72915,734212
5537,2,9.00905,334,1,0,0,0.1,8.082156,488.3509,734547
5538,2,-1.516,172,0,1,0,0.1,8.423125,488.01614,734720
5539,2,-1.26565,89,0,1,0,0.1,8.306269,485.97232,734810
5540,2,-1.069,23,0,1,0,0.1,8.67601,484.10922,734834
5541,2,-1.093,31,0,1,0,0.1,7.749522,486.96994,734866
5542,2,-1.249,83,0,1,0,0.1,8.099087,487.20818,734950
5543,2,-1.2,400,0,0,1,0.1,8.273436,487.13413,735350
5544,2,-1.2,400,0,0,1,0.1,7.951262,486.65405,735750
5545,2,-1.2,400,0,0,1,0.1,7.937657,486.59986,736150
5546,2,-1.2,400,0,0,1,0.1,8.157672,487.74628,736550
5547,2,-1.432,144,0,1,0,0.1,7.597018,487.62211,736695
5548,2,-1.054,18,0,1,0,0.1,8.650219,487.49421,736714
5549,2,-1.2,400,0,0,1,0.1,8.245041,487.13343,737114
5550,2,-1.405,135,0,1,0,0.1,9.157101,486.03313,737250
5551,2,9.41359,199,1,0,0,0.1,8.178987,486.38187,737450
5552,2,-1.2,400,0,0,1,0.1,8.586633,487.24975,737850
5553,2,-1.19939,400,0,0,1,0.1,8.408189,489.03414,738250
5554,2,-1.243,81,0,1,0,0.1,8.982799,488.10969,738332
5555,2,-1.2,400,0,0,1,0.1,8.426147,489.03887,738732
5556,2,-1.093,31,0,1,0,0.1,8.56431,488.05825,738764
5557,2,-1.17631,59,0,1,0,0.1,8.183364,484.83542,738824
5558,2,-1.423,141,0,1,0,0.1,8.286174,487.4815,738966
5559,2,-1.021,7,0,1,0,0.1,7.772948,488.57071,738974
5560,2,-1.03,10,0,1,0,0.1,8.711939,488.71768,738985
5561,2,-1.072,24,0,1,0,0.1,8.607015,488.39036,739010
5562,2,9.8282,59,1,0,0,0.1,7.900838,487.32264,739070
5563,2,-1.018,6,0,1,0,0.1,9.508034,493.13818,739077
5564,2,-1.069,23,0,1,0,0.1,8.682761,486.82009,739101
5565,2,-1.99,330,0,1,0,0.1,8.535381,486.95698,739432
5566,2,-1.54,180,0,1,0,0.1,8.675017,486.53315,739613
5567,2,-1.2,400,0,0,1,0.1,8.35224,486.99314,740013
5568,2,-1.2,400,0,0,1,0.1,8.386979,485.74012,740413
5569,2,-1.135,45,0,1,0,0.1,7.808692,482.816,740459
5570,2,-1.096,32,0,1,0,0.1,9.22156,485.9987,740492
5571,2,-1.2,400,0,0,1,0.1,8.732223,485.63436,740892
5572,2,-1.2,400,0,0,1,0.1,8.243297,483.75402,741292
5573,2,-1.2,400,0,0,1,0.1,8.432388,485.80066,741692
5574,2,-2.173,391,0,1,0,0.1,8.742373,487.80601,742084
5575,2,-1.2,400,0,0,1,0.1,9.169956,488.38626,742484
5576,2,-1.2,400,0,0,1,0.1,8.669183,489.05769,742884
5577,2,-1.2,400,0,0,1,0.1,8.68452,487.70449,743284
5578,2,-1.2,400,0,0,1,0.1,8.421686,485.42063,743684
5579,2,-1.129,43,0,1,0,0.1,8.024173,484.91262,743728
5580,2,-1.213,71,0,1,0,0.1,8.359268,481.98319,743800
5581,2,9.72029,95,1,0,0,0.1,8.053623,484.9942,743896
5582,2,-1.2,400,0,0,1,0.1,8.399712,484.05247,744296
5583,2,-1.2,400,0,0,1,0.1,8.078008,483.67125,744696
5584,2,-1.2,400,0,0,1,0.1,8.181479,483.45038,745096
5585,2,-1.066,22,0,1,0,0.1,8.797019,488.9458,745119
5586,2,9.60417,134,1,0,0,0.1,8.308593,485.54957,745254
5587,2,-1.2,400,0,0,1,0.1,8.563515,484.61027,745654
5588,2,-1.063,21,0,1,0,0.1,9.085197,478.31743,745676
5589,2,-1.19911,400,0,0,1,0.1,8.231749,482.48103,746076
5590,2,-1.31807,107,0,1,0,0.1,7.851359,483.77833,746184
5591,2,-1.204,68,0,1,0,0.1,7.764389,480.96304,746253
5592,2,-1.306,102,0,1,0,0.1,7.899534,483.17599,746356
5593,2,-1.195,65,0,1,0,0.1,8.362121,484.16028,746422
5594,2,-1.19785,400,0,0,1,0.1,8.186606,481.38341,746822
5595,2,-1.519,173,0,1,0,0.1,7.927868,481.59785,746996
5596,2,-1.2,400,0,0,1,0.1,8.56913,483.79047,747396
5597,2,-1.2,400,0,0,1,0.1,8.178354,482.78707,747796
5598,2,-1.213,71,0,1,0,0.1,8.342684,483.50445,747868
5599,2,-1.2,400,0,0,1,0.1,8.451778,482.01281,748268
