episode,phase,total_reward,steps,success,collision,timeout,epsilon,avg_loss,avg_q,global_train_steps
0,0,-1.2,400,0,0,1,0.997,0.0,0.0,0
1,0,-1.2,400,0,0,1,0.994009,0.0,0.0,0
2,0,-1.2,400,0,0,1,0.991027,0.172767,-0.60409,201
3,0,-1.2,400,0,0,1,0.988054,0.007325,-0.46014,601
4,0,-1.2,400,0,0,1,0.98509,0.000531,-0.38023,1001
5,0,-1.2,400,0,0,1,0.982134,0.000234,-0.30653,1401
6,0,-1.2,400,0,0,1,0.979188,0.000173,-0.24698,1801
7,0,-1.2,400,0,0,1,0.97625,0.000122,-0.19906,2201
8,0,-1.2,400,0,0,1,0.973322,0.000101,-0.15474,2601
9,0,-1.2,400,0,0,1,0.970402,8.9e-05,-0.10654,3001
10,0,-1.2,400,0,0,1,0.967491,8.4e-05,-0.05662,3401
11,0,-1.2,400,0,0,1,0.964588,0.00015,-0.01492,3801
12,0,-1.2,400,0,0,1,0.961694,0.000232,0.02676,4201
13,0,-1.2,400,0,0,1,0.958809,0.000166,0.0573,4601
14,0,-1.2,400,0,0,1,0.955933,0.000183,0.08227,5001
15,0,-1.2,400,0,0,1,0.953065,0.000178,0.10109,5401
16,0,-1.2,400,0,0,1,0.950206,0.000204,0.11904,5801
17,0,-1.2,400,0,0,1,0.947355,0.000229,0.1361,6201
18,0,-1.2,400,0,0,1,0.944513,0.000263,0.15147,6601
19,0,-1.2,400,0,0,1,0.94168,0.000271,0.16818,7001
20,0,-1.2,400,0,0,1,0.938855,0.0003,0.18803,7401
21,0,-1.2,400,0,0,1,0.936038,0.000427,0.2136,7801
22,0,-1.2,400,0,0,1,0.93323,0.000637,0.24207,8201
23,0,-1.2,400,0,0,1,0.93043,0.000588,0.2685,8601
24,0,-1.2,400,0,0,1,0.927639,0.000673,0.31379,9001
25,0,-1.2,400,0,0,1,0.924856,0.000836,0.36207,9401
26,0,-1.2,400,0,0,1,0.922081,0.000801,0.40962,9801
27,0,-1.2,400,0,0,1,0.919315,0.001076,0.45945,10201
28,0,-1.2,400,0,0,1,0.916557,0.000927,0.53347,10601
29,0,-1.2,400,0,0,1,0.913808,0.00105,0.61749,11001
30,0,-1.2,400,0,0,1,0.911066,0.001232,0.69948,11401
31,0,-1.2,400,0,0,1,0.908333,0.001384,0.79167,11801
32,0,-1.2,400,0,0,1,0.905608,0.001845,0.87796,12201
33,0,-1.2,400,0,0,1,0.902891,0.001889,0.96196,12601
34,0,-1.2,400,0,0,1,0.900182,0.001765,1.03425,13001
35,0,-1.2,400,0,0,1,0.897482,0.002236,1.10302,13401
36,0,-1.2,400,0,0,1,0.894789,0.002386,1.16057,13801
37,0,-1.2,400,0,0,1,0.892105,0.002139,1.21299,14201
38,0,-1.2,400,0,0,1,0.889429,0.002738,1.26709,14601
39,0,-1.2,400,0,0,1,0.88676,0.002983,1.32069,15001
40,0,-1.2,400,0,0,1,0.8841,0.003255,1.37105,15401
41,0,-1.2,400,0,0,1,0.881448,0.003371,1.42362,15801
42,0,-1.2,400,0,0,1,0.878804,0.00335,1.47795,16201
43,0,-1.2,400,0,0,1,0.876167,0.004344,1.56105,16601
44,0,-1.2,400,0,0,1,0.873539,0.004621,1.63872,17001
45,0,-1.2,400,0,0,1,0.870918,0.005832,1.75097,17401
46,0,-1.2,400,0,0,1,0.868305,0.005619,1.88316,17801
47,0,-1.2,400,0,0,1,0.8657,0.005539,2.10454,18201
48,0,-1.2,400,0,0,1,0.863103,0.006946,2.3992,18601
49,0,-1.2,400,0,0,1,0.860514,0.007083,2.72971,19001
50,0,-1.2,400,0,0,1,0.857932,0.007409,3.16343,19401
51,0,-1.2,400,0,0,1,0.855359,0.009971,3.65394,19801
52,0,-1.2,400,0,0,1,0.852793,0.010845,4.18843,20201
53,0,-1.2,400,0,0,1,0.850234,0.009133,4.66249,20601
54,0,-1.2,400,0,0,1,0.847683,0.012706,5.13322,21001
55,0,-1.2,400,0,0,1,0.84514,0.0127,5.63957,21401
56,0,-1.2,400,0,0,1,0.842605,0.014572,6.14844,21801
57,0,-1.2,400,0,0,1,0.840077,0.016746,6.61449,22201
58,0,-1.2,400,0,0,1,0.837557,0.017062,7.08071,22601
59,0,-1.2,400,0,0,1,0.835044,0.015278,7.46394,23001
60,0,-1.2,400,0,0,1,0.832539,0.018333,7.84566,23401
61,0,-1.2,400,0,0,1,0.830042,0.018114,8.10202,23801
62,0,-1.2,400,0,0,1,0.827551,0.022158,8.46194,24201
63,0,-1.2,400,0,0,1,0.825069,0.018072,8.67798,24601
64,0,-1.2,400,0,0,1,0.822594,0.021511,8.92738,25001
65,0,-1.2,400,0,0,1,0.820126,0.02223,9.12781,25401
66,0,-1.2,400,0,0,1,0.817665,0.01793,9.33586,25801
67,0,-1.2,400,0,0,1,0.815212,0.018983,9.50408,26201
68,0,-1.2,400,0,0,1,0.812767,0.021495,9.65359,26601
69,0,-1.2,400,0,0,1,0.810328,0.021733,9.80455,27001
70,0,-1.2,400,0,0,1,0.807897,0.020224,9.89467,27401
71,0,-1.2,400,0,0,1,0.805474,0.021433,9.98472,27801
72,0,-1.2,400,0,0,1,0.803057,0.023166,10.07844,28201
73,0,-1.2,400,0,0,1,0.800648,0.023127,10.18396,28601
74,0,-1.2,400,0,0,1,0.798246,0.021475,10.29076,29001
75,0,9.17174,278,1,0,0,0.795851,0.029068,10.36933,29280
76,0,-1.2,400,0,0,1,0.793464,0.023182,10.42767,29680
77,0,-1.2,400,0,0,1,0.791084,0.022918,10.55449,30080
78,0,-1.19759,400,0,0,1,0.78871,0.021953,10.61756,30480
79,0,-1.2,400,0,0,1,0.786344,0.025108,10.6833,30880
80,0,-1.19961,400,0,0,1,0.783985,0.022993,10.73519,31280
81,0,-1.2,400,0,0,1,0.781633,0.023277,10.77615,31680
82,0,-1.2,400,0,0,1,0.779288,0.023824,10.78341,32080
83,0,-1.1976,400,0,0,1,0.77695,0.0241,10.78682,32480
84,0,-1.19862,400,0,0,1,0.77462,0.025777,10.76107,32880
85,0,-1.19253,400,0,0,1,0.772296,0.024914,10.72787,33280
86,0,-1.2,400,0,0,1,0.769979,0.024516,10.66909,33680
87,0,-1.2,400,0,0,1,0.767669,0.025318,10.6263,34080
88,0,-1.19852,400,0,0,1,0.765366,0.026375,10.5539,34480
89,0,-1.19492,400,0,0,1,0.76307,0.018965,10.46781,34880
90,0,8.88418,374,1,0,0,0.760781,0.023641,10.38529,35255
91,0,-1.2,400,0,0,1,0.758498,0.02563,10.28651,35655
92,0,-1.19811,400,0,0,1,0.756223,0.02431,10.18582,36055
93,0,-1.2,400,0,0,1,0.753954,0.024034,10.07721,36455
94,0,-1.2,400,0,0,1,0.751692,0.023281,9.97734,36855
95,0,-1.1964,400,0,0,1,0.749437,0.023399,9.8652,37255
96,0,-1.2,400,0,0,1,0.747189,0.021155,9.7462,37655
97,0,-1.19931,400,0,0,1,0.744947,0.022783,9.62816,38055
98,0,-1.19835,400,0,0,1,0.742712,0.02066,9.50038,38455
99,0,-1.2,400,0,0,1,0.740484,0.022933,9.37443,38855
100,0,-1.19606,400,0,0,1,0.738263,0.0248,9.24302,39255
101,0,8.81317,398,1,0,0,0.736048,0.025125,9.11422,39654
102,0,-1.2,400,0,0,1,0.73384,0.020995,8.99147,40054
103,0,-1.19739,400,0,0,1,0.731638,0.023532,8.87365,40454
104,0,-1.19863,400,0,0,1,0.729443,0.018821,8.75411,40854
105,0,-1.19736,400,0,0,1,0.727255,0.019457,8.63807,41254
106,0,-1.19733,400,0,0,1,0.725073,0.022454,8.51552,41654
107,0,-1.19727,400,0,0,1,0.722898,0.021359,8.41022,42054
108,0,-1.2,400,0,0,1,0.720729,0.01998,8.29439,42454
109,0,8.82713,394,1,0,0,0.718567,0.019891,8.18748,42849
110,0,-1.19815,400,0,0,1,0.716412,0.022094,8.09196,43249
111,0,-1.2,400,0,0,1,0.714262,0.019211,7.99188,43649
112,0,-1.19854,400,0,0,1,0.71212,0.018992,7.91914,44049
113,0,-1.1962,400,0,0,1,0.709983,0.021079,7.83768,44449
114,0,8.91055,365,1,0,0,0.707853,0.020735,7.76075,44815
115,0,-1.19808,400,0,0,1,0.70573,0.02075,7.70013,45215
116,0,9.27475,244,1,0,0,0.703612,0.01638,7.64267,45460
117,0,-1.19759,400,0,0,1,0.701502,0.020054,7.59399,45860
118,0,9.22939,260,1,0,0,0.699397,0.015065,7.54708,46121
119,0,-1.18978,400,0,0,1,0.697299,0.01859,7.51168,46521
120,0,-1.19485,400,0,0,1,0.695207,0.019637,7.4574,46921
121,0,8.98064,343,1,0,0,0.693121,0.022712,7.40943,47265
122,0,-1.19541,400,0,0,1,0.691042,0.018333,7.37068,47665
123,0,-1.19609,400,0,0,1,0.688969,0.022173,7.32303,48065
124,0,9.31658,230,1,0,0,0.686902,0.024918,7.30753,48296
125,0,-1.2,400,0,0,1,0.684841,0.019258,7.26906,48696
126,0,-1.19667,400,0,0,1,0.682787,0.020069,7.23048,49096
127,0,-1.19516,400,0,0,1,0.680738,0.019758,7.2164,49496
128,0,8.89296,371,1,0,0,0.678696,0.018872,7.21337,49868
129,0,-1.2,400,0,0,1,0.67666,0.018877,7.22876,50268
130,0,9.09454,304,1,0,0,0.67463,0.019758,7.21207,50573
131,0,8.97083,345,1,0,0,0.672606,0.019668,7.26186,50919
132,0,-1.19066,400,0,0,1,0.670588,0.01968,7.27558,51319
133,0,9.06117,315,1,0,0,0.668577,0.018543,7.3408,51635
134,0,9.39359,204,1,0,0,0.666571,0.023647,7.35348,51840
135,0,-1.19819,400,0,0,1,0.664571,0.023083,7.39264,52240
136,0,9.01202,332,1,0,0,0.662578,0.023602,7.44533,52573
137,0,9.13271,291,1,0,0,0.66059,0.023639,7.50096,52865
138,0,-1.2,400,0,0,1,0.658608,0.021298,7.56466,53265
139,0,8.89109,372,1,0,0,0.656632,0.024152,7.6549,53638
140,0,9.14966,286,1,0,0,0.654662,0.024356,7.73049,53925
141,0,9.2837,241,1,0,0,0.652698,0.022826,7.78044,54167
142,0,9.27133,245,1,0,0,0.65074,0.024216,7.84553,54413
143,0,9.29142,238,1,0,0,0.648788,0.02651,7.94055,54652
144,0,9.36659,213,1,0,0,0.646842,0.026608,7.97836,54866
145,0,9.40341,201,1,0,0,0.644901,0.025948,8.04032,55068
146,0,-1.19432,400,0,0,1,0.642966,0.023928,8.12371,55468
147,0,9.21348,264,1,0,0,0.641037,0.023181,8.23643,55733
148,0,-1.19454,400,0,0,1,0.639114,0.024119,8.31355,56133
149,0,-1.18424,400,0,0,1,0.637197,0.027406,8.45268,56533
150,0,9.25061,252,1,0,0,0.635285,0.02361,8.54082,56786
151,0,9.02193,329,1,0,0,0.63338,0.026719,8.60644,57116
152,0,-1.19736,400,0,0,1,0.631479,0.02889,8.66298,57516
153,0,-1.2,400,0,0,1,0.629585,0.026521,8.77886,57916
154,0,-1.2,400,0,0,1,0.627696,0.021629,8.85035,58316
155,0,-1.19796,400,0,0,1,0.625813,0.025741,8.91246,58716
156,0,-1.2,400,0,0,1,0.623936,0.023786,8.98457,59116
157,0,-1.2,400,0,0,1,0.622064,0.023818,9.01936,59516
158,0,-1.19404,400,0,0,1,0.620198,0.025682,9.07711,59916
159,0,-1.2,400,0,0,1,0.618337,0.026482,9.13903,60316
160,0,-1.19644,400,0,0,1,0.616482,0.024685,9.18889,60716
161,0,-1.2,400,0,0,1,0.614633,0.024103,9.21801,61116
162,0,9.25856,250,1,0,0,0.612789,0.02055,9.25603,61367
163,0,-1.19909,400,0,0,1,0.61095,0.02357,9.27803,61767
164,0,9.37912,209,1,0,0,0.609118,0.024405,9.31546,61977
165,0,9.47166,178,1,0,0,0.60729,0.025991,9.33783,62156
166,0,9.57437,144,1,0,0,0.605468,0.023877,9.33635,62301
167,0,-1.19926,400,0,0,1,0.603652,0.023303,9.37537,62701
168,0,-1.19807,400,0,0,1,0.601841,0.025505,9.43448,63101
169,0,-1.19732,400,0,0,1,0.600035,0.019961,9.45734,63501
170,0,-1.19406,400,0,0,1,0.598235,0.027237,9.50402,63901
171,0,9.33093,225,1,0,0,0.596441,0.02619,9.5378,64127
172,0,-1.19899,400,0,0,1,0.594651,0.019827,9.57698,64527
173,0,-1.19341,400,0,0,1,0.592867,0.024939,9.61244,64927
174,0,8.87308,379,1,0,0,0.591089,0.022233,9.63994,65307
175,0,-1.2,400,0,0,1,0.589315,0.022702,9.66541,65707
176,0,-1.19573,400,0,0,1,0.587548,0.024937,9.66579,66107
177,0,-1.19608,400,0,0,1,0.585785,0.023061,9.67789,66507
178,0,-1.2,400,0,0,1,0.584028,0.021794,9.70994,66907
179,0,-1.19582,400,0,0,1,0.582275,0.024093,9.71761,67307
180,0,8.83961,390,1,0,0,0.580529,0.02324,9.71585,67698
181,0,-1.19738,400,0,0,1,0.578787,0.022788,9.72716,68098
182,0,9.48702,173,1,0,0,0.577051,0.024692,9.73287,68272
183,0,9.4412,188,1,0,0,0.57532,0.021164,9.69993,68461
184,0,9.54399,154,1,0,0,0.573594,0.019956,9.69724,68616
185,0,-1.1931,400,0,0,1,0.571873,0.022887,9.68661,69016
186,0,-1.19035,400,0,0,1,0.570157,0.024525,9.65597,69416
187,0,8.91627,364,1,0,0,0.568447,0.025552,9.62176,69781
188,0,8.97991,342,1,0,0,0.566741,0.027278,9.5615,70124
189,0,8.97123,345,1,0,0,0.565041,0.019935,9.51393,70470
190,0,9.01217,332,1,0,0,0.563346,0.022043,9.45939,70803
191,0,-1.19504,400,0,0,1,0.561656,0.023224,9.40466,71203
192,0,-1.2,400,0,0,1,0.559971,0.02237,9.31995,71603
193,0,9.54132,155,1,0,0,0.558291,0.022588,9.26563,71759
194,0,-1.2,400,0,0,1,0.556616,0.018025,9.2135,72159
195,0,-1.19946,400,0,0,1,0.554946,0.020302,9.12491,72559
196,0,-1.2,400,0,0,1,0.553282,0.014773,9.04253,72959
197,0,-1.19474,400,0,0,1,0.551622,0.015471,8.95426,73359
198,0,-1.19891,400,0,0,1,0.549967,0.018966,8.87977,73759
199,0,-1.2,400,0,0,1,0.548317,0.019073,8.79184,74159
200,0,-1.19623,400,0,0,1,0.546672,0.017405,8.711,74559
201,0,-1.1961,400,0,0,1,0.545032,0.022236,8.64335,74959
202,0,-1.19806,400,0,0,1,0.543397,0.017035,8.57045,75359
203,0,-1.18929,400,0,0,1,0.541767,0.016995,8.50088,75759
204,0,9.43398,191,1,0,0,0.540141,0.019168,8.45072,75951
205,0,9.32061,229,1,0,0,0.538521,0.018421,8.41181,76181
206,0,9.3947,204,1,0,0,0.536905,0.016833,8.36626,76386
207,0,8.9338,358,1,0,0,0.535295,0.018081,8.32,76745
208,0,9.43005,192,1,0,0,0.533689,0.015735,8.26377,76938
209,0,9.24579,254,1,0,0,0.532088,0.01897,8.23736,77193
210,0,9.28831,240,1,0,0,0.530491,0.011395,8.2018,77434
211,0,9.08663,307,1,0,0,0.5289,0.01668,8.1574,77742
212,0,9.12646,293,1,0,0,0.527313,0.014601,8.10609,78036
213,0,9.16339,281,1,0,0,0.525731,0.018435,8.04921,78318
214,0,9.36979,212,1,0,0,0.524154,0.015487,8.01623,78531
215,0,9.60687,133,1,0,0,0.522582,0.016916,7.98055,78665
216,0,9.59005,139,1,0,0,0.521014,0.012701,7.95007,78805
217,0,9.39721,203,1,0,0,0.519451,0.015937,7.91589,79009
218,0,9.30141,235,1,0,0,0.517893,0.016348,7.89003,79245
219,0,9.32573,227,1,0,0,0.516339,0.01786,7.8335,79473
220,0,9.65199,118,1,0,0,0.51479,0.013271,7.82989,79592
221,0,9.55564,150,1,0,0,0.513245,0.015667,7.79887,79743
222,0,9.62536,127,1,0,0,0.511706,0.009957,7.77076,79871
223,0,9.45089,185,1,0,0,0.510171,0.014947,7.7353,80057
224,0,9.48696,173,1,0,0,0.50864,0.014443,7.72098,80231
225,0,9.57979,142,1,0,0,0.507114,0.015954,7.6803,80374
226,0,-1.2,400,0,0,1,0.505593,0.014451,7.65595,80774
227,0,9.55552,150,1,0,0,0.504076,0.011647,7.60525,80925
228,0,9.57114,145,1,0,0,0.502564,0.011065,7.59284,81071
229,0,9.26141,248,1,0,0,0.501056,0.014502,7.56987,81320
230,0,9.40934,199,1,0,0,0.499553,0.01928,7.5267,81520
231,0,9.51992,162,1,0,0,0.498054,0.018219,7.52195,81683
232,0,9.55024,152,1,0,0,0.49656,0.013787,7.49266,81836
233,0,9.30298,235,1,0,0,0.49507,0.010844,7.47142,82072
234,0,9.45683,183,1,0,0,0.493585,0.015578,7.43674,82256
235,0,9.36982,212,1,0,0,0.492105,0.017601,7.42316,82469
236,0,9.13665,290,1,0,0,0.490628,0.011553,7.39382,82760
237,0,-1.2,400,0,0,1,0.489156,0.012944,7.3578,83160
238,0,9.46931,179,1,0,0,0.487689,0.013718,7.32926,83340
239,0,-1.2,400,0,0,1,0.486226,0.012337,7.2971,83740
240,0,9.68766,106,1,0,0,0.484767,0.011313,7.27691,83847
241,0,9.62801,126,1,0,0,0.483313,0.011562,7.27335,83974
242,0,9.67904,109,1,0,0,0.481863,0.011337,7.26935,84084
243,0,-1.2,400,0,0,1,0.480417,0.011865,7.24925,84484
244,0,-1.2,400,0,0,1,0.478976,0.013922,7.22235,84884
245,0,-1.2,400,0,0,1,0.477539,0.013288,7.20514,85284
246,0,9.70557,100,1,0,0,0.476106,0.012827,7.1938,85385
247,0,9.5476,153,1,0,0,0.474678,0.014458,7.19027,85539
248,0,9.59297,138,1,0,0,0.473254,0.012481,7.17252,85678
249,0,9.7509,85,1,0,0,0.471834,0.008337,7.16921,85764
250,0,9.70537,100,1,0,0,0.470419,0.008821,7.20407,85865
251,0,9.72068,95,1,0,0,0.469008,0.015217,7.18451,85961
252,0,9.7086,99,1,0,0,0.467601,0.012042,7.19133,86061
253,0,9.56667,147,1,0,0,0.466198,0.011982,7.15902,86209
254,0,9.69439,104,1,0,0,0.464799,0.013099,7.18236,86314
255,0,9.69712,103,1,0,0,0.463405,0.011891,7.18449,86418
256,0,9.59181,138,1,0,0,0.462015,0.012103,7.19156,86557
257,0,9.6999,102,1,0,0,0.460629,0.015303,7.18118,86660
258,0,9.74754,86,1,0,0,0.459247,0.015509,7.17538,86747
259,0,9.76301,81,1,0,0,0.457869,0.013154,7.16562,86829
260,0,9.73378,91,1,0,0,0.456495,0.011691,7.20082,86921
261,0,9.75956,82,1,0,0,0.455126,0.011655,7.17027,87004
262,0,9.67309,111,1,0,0,0.45376,0.013179,7.18427,87116
263,0,9.63694,123,1,0,0,0.452399,0.017057,7.17558,87240
264,0,9.66973,112,1,0,0,0.451042,0.009238,7.1934,87353
265,0,9.71505,97,1,0,0,0.449689,0.01269,7.20316,87451
266,0,9.73226,91,1,0,0,0.44834,0.012513,7.19808,87543
267,0,9.69086,105,1,0,0,0.446995,0.013516,7.19359,87649
268,0,9.71129,98,1,0,0,0.445654,0.011877,7.19978,87748
269,0,9.65555,117,1,0,0,0.444317,0.010143,7.214,87866
270,0,9.76884,79,1,0,0,0.442984,0.011667,7.23356,87946
271,0,9.72126,95,1,0,0,0.441655,0.016595,7.22812,88042
272,0,9.67896,109,1,0,0,0.44033,0.014371,7.22518,88152
273,0,9.79234,71,1,0,0,0.439009,0.011935,7.23839,88224
274,0,9.74799,86,1,0,0,0.437692,0.009846,7.20787,88311
275,0,9.73879,89,1,0,0,0.436379,0.011807,7.22762,88401
276,0,9.77225,78,1,0,0,0.43507,0.010541,7.2269,88480
277,0,9.70592,100,1,0,0,0.433765,0.008768,7.22288,88581
278,0,9.67549,110,1,0,0,0.432463,0.014288,7.24474,88692
279,0,9.71878,96,1,0,0,0.431166,0.013088,7.24786,88789
280,0,9.65468,117,1,0,0,0.429872,0.013096,7.24556,88907
281,0,9.70931,99,1,0,0,0.428583,0.010896,7.24438,89007
282,0,9.72056,95,1,0,0,0.427297,0.012762,7.26108,89103
283,0,9.76283,81,1,0,0,0.426015,0.008741,7.26437,89185
284,0,9.7397,89,1,0,0,0.424737,0.010036,7.2687,89275
285,0,9.77536,77,1,0,0,0.423463,0.011075,7.27351,89353
286,0,9.59769,136,1,0,0,0.422192,0.01394,7.27275,89490
287,0,9.75062,85,1,0,0,0.420926,0.013295,7.28717,89576
288,0,9.72636,93,1,0,0,0.419663,0.00992,7.30288,89670
289,0,9.75073,85,1,0,0,0.418404,0.013283,7.30574,89756
290,0,9.71489,97,1,0,0,0.417149,0.010658,7.30166,89854
291,0,9.75703,83,1,0,0,0.415897,0.008836,7.28071,89938
292,0,9.73865,89,1,0,0,0.41465,0.011031,7.2988,90028
293,0,9.73869,89,1,0,0,0.413406,0.010511,7.30433,90118
294,0,9.78088,75,1,0,0,0.412166,0.008641,7.31235,90194
295,0,9.75373,84,1,0,0,0.410929,0.005741,7.31467,90279
296,0,9.72388,94,1,0,0,0.409696,0.011751,7.33072,90374
297,0,9.73923,89,1,0,0,0.408467,0.013792,7.34154,90464
298,0,9.68906,106,1,0,0,0.407242,0.01177,7.32958,90571
299,0,9.70528,100,1,0,0,0.40602,0.01156,7.33577,90672
300,0,9.69665,103,1,0,0,0.404802,0.008087,7.34077,90776
301,0,9.66433,114,1,0,0,0.403588,0.00993,7.34164,90891
302,0,9.76008,82,1,0,0,0.402377,0.015795,7.36406,90974
303,0,9.73591,90,1,0,0,0.40117,0.013759,7.34218,91065
304,0,9.74235,88,1,0,0,0.399966,0.012599,7.38165,91154
305,0,9.71437,97,1,0,0,0.398766,0.013528,7.38123,91252
306,0,9.70895,99,1,0,0,0.39757,0.008637,7.3586,91352
307,0,9.76542,80,1,0,0,0.396377,0.010568,7.39346,91433
308,0,9.72988,92,1,0,0,0.395188,0.009834,7.40264,91526
309,0,9.74495,87,1,0,0,0.394003,0.009104,7.39277,91614
310,0,9.75976,82,1,0,0,0.392821,0.011118,7.38215,91697
311,0,9.77158,78,1,0,0,0.391642,0.006451,7.3724,91776
312,0,9.70293,101,1,0,0,0.390467,0.010847,7.39529,91878
313,0,9.73582,90,1,0,0,0.389296,0.008202,7.42598,91969
314,0,9.72971,92,1,0,0,0.388128,0.011937,7.41635,92062
315,0,9.72958,92,1,0,0,0.386964,0.014358,7.42306,92155
316,0,9.70077,102,1,0,0,0.385803,0.006681,7.3959,92258
317,0,9.7424,88,1,0,0,0.384645,0.006355,7.42878,92347
318,0,9.73874,89,1,0,0,0.383491,0.011384,7.44336,92437
319,0,9.78083,75,1,0,0,0.382341,0.014095,7.42767,92513
320,0,9.75108,85,1,0,0,0.381194,0.013676,7.44135,92599
321,0,9.77775,76,1,0,0,0.38005,0.009563,7.44961,92676
322,0,9.77532,77,1,0,0,0.37891,0.008267,7.41736,92754
323,0,9.68219,108,1,0,0,0.377773,0.012449,7.4438,92863
324,0,9.78661,73,1,0,0,0.37664,0.009841,7.45682,92937
325,0,9.77759,76,1,0,0,0.37551,0.009846,7.43234,93014
326,0,9.68826,106,1,0,0,0.374384,0.013258,7.49219,93121
327,0,9.75085,85,1,0,0,0.37326,0.01236,7.47375,93207
328,0,9.76575,80,1,0,0,0.372141,0.013443,7.47685,93288
329,0,9.73072,92,1,0,0,0.371024,0.012877,7.47959,93381
330,0,9.75382,84,1,0,0,0.369911,0.01129,7.47388,93466
331,0,9.75003,86,1,0,0,0.368801,0.009626,7.50703,93553
332,0,9.67577,110,1,0,0,0.367695,0.009313,7.48966,93664
333,0,9.76263,81,1,0,0,0.366592,0.009211,7.46624,93746
334,0,9.76296,81,1,0,0,0.365492,0.008846,7.50504,93828
335,0,9.79582,70,1,0,0,0.364396,0.008551,7.4923,93899
336,0,9.73898,89,1,0,0,0.363302,0.012646,7.52075,93989
337,0,9.74444,87,1,0,0,0.362213,0.011987,7.50289,94077
338,0,9.75384,84,1,0,0,0.361126,0.006519,7.50985,94162
339,0,9.76895,79,1,0,0,0.360043,0.013744,7.53162,94242
340,0,9.75682,83,1,0,0,0.358962,0.011909,7.52402,94326
341,0,9.7838,74,1,0,0,0.357886,0.009825,7.54753,94401
342,0,9.75941,82,1,0,0,0.356812,0.004738,7.49323,94484
343,0,9.77804,76,1,0,0,0.355741,0.011924,7.51314,94561
344,0,9.76306,81,1,0,0,0.354674,0.010488,7.51821,94643
345,0,9.7114,98,1,0,0,0.35361,0.0092,7.53654,94742
346,0,9.75558,84,1,0,0,0.352549,0.008456,7.51432,94827
347,0,9.77456,77,1,0,0,0.351492,0.012253,7.5542,94905
348,0,9.73273,91,1,0,0,0.350437,0.005225,7.54159,94997
349,0,9.77203,78,1,0,0,0.349386,0.009772,7.56457,95076
350,0,9.78956,72,1,0,0,0.348338,0.011898,7.544,95149
351,0,9.76634,80,1,0,0,0.347293,0.010142,7.56028,95230
352,0,9.77475,77,1,0,0,0.346251,0.010776,7.54869,95308
353,0,9.7123,98,1,0,0,0.345212,0.008061,7.54618,95407
354,0,9.81372,64,1,0,0,0.344176,0.010548,7.54528,95472
355,0,9.77791,76,1,0,0,0.343144,0.00864,7.54437,95549
356,0,9.78966,72,1,0,0,0.342115,0.006156,7.56779,95622
357,0,9.76408,81,1,0,0,0.341088,0.011315,7.56258,95704
358,0,9.79942,69,1,0,0,0.340065,0.006562,7.58117,95774
359,0,9.78993,72,1,0,0,0.339045,0.009171,7.56732,95847
360,0,9.75734,83,1,0,0,0.338028,0.009604,7.55508,95931
361,0,9.75427,84,1,0,0,0.337014,0.005345,7.60037,96016
362,0,9.79617,70,1,0,0,0.336002,0.012429,7.57161,96087
363,0,9.7659,80,1,0,0,0.334994,0.006868,7.56816,96168
364,0,9.75694,83,1,0,0,0.333989,0.006853,7.57867,96252
365,0,9.76603,80,1,0,0,0.332988,0.007047,7.58488,96333
366,0,9.76909,79,1,0,0,0.331989,0.008007,7.59328,96413
367,0,9.74213,88,1,0,0,0.330993,0.010927,7.59493,96502
368,0,9.80483,67,1,0,0,0.33,0.012107,7.59435,96570
369,0,9.80477,67,1,0,0,0.32901,0.003312,7.58679,96638
370,0,9.79315,71,1,0,0,0.328023,0.005489,7.58347,96710
371,0,9.76017,82,1,0,0,0.327039,0.007954,7.57712,96793
372,0,9.80493,67,1,0,0,0.326057,0.009968,7.61544,96861
373,0,9.77449,77,1,0,0,0.325079,0.012773,7.58433,96939
374,0,9.77155,78,1,0,0,0.324104,0.016041,7.5773,97018
375,0,9.76548,80,1,0,0,0.323132,0.008862,7.59559,97099
376,0,9.8104,65,1,0,0,0.322162,0.007341,7.59035,97165
377,0,9.74146,88,1,0,0,0.321196,0.012942,7.59491,97254
378,0,9.76918,79,1,0,0,0.320232,0.007752,7.59994,97334
379,0,9.72379,94,1,0,0,0.319272,0.006762,7.63383,97429
380,0,9.75418,84,1,0,0,0.318314,0.011346,7.60078,97514
381,0,9.80178,68,1,0,0,0.317359,0.004425,7.60224,97583
382,0,9.78134,75,1,0,0,0.316407,0.013074,7.6174,97659
383,0,9.7691,79,1,0,0,0.315457,0.010946,7.60829,97739
384,0,9.76018,82,1,0,0,0.314511,0.009894,7.5932,97822
385,0,9.72984,92,1,0,0,0.313568,0.007287,7.61688,97915
386,0,9.79331,71,1,0,0,0.312627,0.004677,7.60583,97987
387,0,9.7749,77,1,0,0,0.311689,0.004551,7.599,98065
388,0,9.8048,67,1,0,0,0.310754,0.009628,7.5969,98133
389,0,9.78236,75,1,0,0,0.309822,0.01032,7.61943,98209
390,0,9.80156,68,1,0,0,0.308892,0.012956,7.59498,98278
391,0,9.81651,63,1,0,0,0.307965,0.007896,7.62136,98342
392,0,9.81677,63,1,0,0,0.307042,0.007331,7.60856,98406
393,0,9.79679,70,1,0,0,0.30612,0.005106,7.5976,98477
394,0,9.80181,68,1,0,0,0.305202,0.005856,7.61407,98546
395,0,9.7512,85,1,0,0,0.304287,0.01331,7.60371,98632
396,0,9.81383,64,1,0,0,0.303374,0.010592,7.6164,98697
397,0,9.7778,76,1,0,0,0.302464,0.010413,7.61791,98774
398,0,9.79601,70,1,0,0,0.301556,0.01505,7.61699,98845
399,0,9.75137,85,1,0,0,0.300651,0.008171,7.63113,98931
400,0,9.80803,66,1,0,0,0.29975,0.00842,7.64202,98998
401,0,9.8047,67,1,0,0,0.29885,0.009224,7.61374,99066
402,0,9.78964,72,1,0,0,0.297954,0.010366,7.60002,99139
403,0,9.79532,70,1,0,0,0.29706,0.00618,7.62458,99210
404,0,9.75387,84,1,0,0,0.296169,0.01463,7.61563,99295
405,0,9.80815,66,1,0,0,0.29528,0.008317,7.61353,99362
406,0,9.79279,71,1,0,0,0.294394,0.007544,7.63071,99434
407,0,9.79267,71,1,0,0,0.293511,0.00999,7.61893,99506
408,0,9.78947,72,1,0,0,0.292631,0.009516,7.61996,99579
409,0,9.80573,67,1,0,0,0.291753,0.014458,7.60881,99647
410,0,9.79613,70,1,0,0,0.290877,0.007323,7.62586,99718
411,0,9.81651,63,1,0,0,0.290005,0.005203,7.60919,99782
412,0,9.7507,85,1,0,0,0.289135,0.014358,7.62134,99868
413,0,9.7983,69,1,0,0,0.288267,0.007454,7.62413,99938
414,0,9.78413,74,1,0,0,0.287403,0.005806,7.62699,100013
415,0,9.77202,78,1,0,0,0.28654,0.005898,7.61092,100092
416,0,9.75042,85,1,0,0,0.285681,0.011301,7.60634,100178
417,0,9.78777,73,1,0,0,0.284824,0.014956,7.62472,100252
418,0,9.79543,70,1,0,0,0.283969,0.011929,7.62991,100323
419,0,9.75336,84,1,0,0,0.283117,0.010146,7.66332,100408
420,0,9.7776,76,1,0,0,0.282268,0.006322,7.6237,100485
421,0,9.73858,89,1,0,0,0.281421,0.007854,7.63595,100575
422,0,9.76875,79,1,0,0,0.280577,0.006695,7.62016,100655
423,0,9.82359,61,1,0,0,0.279735,0.008683,7.63742,100717
424,0,9.79915,69,1,0,0,0.278896,0.010384,7.60771,100787
425,0,9.79004,72,1,0,0,0.278059,0.007746,7.63313,100860
426,0,9.78978,72,1,0,0,0.277225,0.006838,7.65051,100933
427,0,9.76849,79,1,0,0,0.276393,0.009878,7.65363,101013
428,0,9.79978,69,1,0,0,0.275564,0.01268,7.67522,101083
429,0,9.81929,62,1,0,0,0.274738,0.006662,7.66997,101146
430,0,9.76937,79,1,0,0,0.273913,0.008021,7.65351,101226
431,0,9.77449,77,1,0,0,0.273092,0.006593,7.65225,101304
432,0,9.77157,78,1,0,0,0.272272,0.010974,7.65421,101383
433,0,9.79006,72,1,0,0,0.271456,0.006175,7.67639,101456
434,0,9.76922,79,1,0,0,0.270641,0.006407,7.69351,101536
435,0,9.80769,66,1,0,0,0.269829,0.010242,7.69498,101603
436,0,9.80519,67,1,0,0,0.26902,0.006575,7.69002,101671
437,0,9.79003,72,1,0,0,0.268213,0.012613,7.69161,101744
438,0,9.77784,76,1,0,0,0.267408,0.006285,7.72604,101821
439,0,9.82322,61,1,0,0,0.266606,0.005419,7.6951,101883
440,0,9.79277,71,1,0,0,0.265806,0.004435,7.725,101955
441,0,9.78083,75,1,0,0,0.265009,0.008841,7.73237,102031
442,0,9.80482,67,1,0,0,0.264214,0.009584,7.70445,102099
443,0,9.7989,69,1,0,0,0.263421,0.004949,7.72686,102169
444,0,9.7658,80,1,0,0,0.262631,0.010465,7.74096,102250
445,0,9.78955,72,1,0,0,0.261843,0.007935,7.73747,102323
446,0,9.77754,76,1,0,0,0.261057,0.006875,7.7451,102400
447,0,9.7724,78,1,0,0,0.260274,0.008694,7.7481,102479
448,0,9.80224,68,1,0,0,0.259493,0.006216,7.77464,102548
449,0,9.80179,68,1,0,0,0.258715,0.00759,7.75988,102617
450,0,9.81932,62,1,0,0,0.257939,0.005666,7.76296,102680
451,0,9.80191,68,1,0,0,0.257165,0.006785,7.76293,102749
452,0,9.78964,72,1,0,0,0.256393,0.0068,7.77128,102822
453,0,9.80821,66,1,0,0,0.255624,0.006016,7.79252,102889
454,0,9.76273,81,1,0,0,0.254857,0.01137,7.78163,102971
455,0,9.83218,58,1,0,0,0.254093,0.004791,7.79329,103030
456,0,9.82582,60,1,0,0,0.25333,0.006455,7.77268,103091
457,0,9.75777,83,1,0,0,0.25257,0.010065,7.78148,103175
458,0,9.78154,75,1,0,0,0.251813,0.007349,7.80526,103251
459,0,9.81034,65,1,0,0,0.251057,0.003564,7.7862,103317
460,0,9.80224,68,1,0,0,0.250304,0.011449,7.78125,103386
461,0,9.82891,59,1,0,0,0.249553,0.006131,7.81671,103446
462,0,9.79544,70,1,0,0,0.248805,0.012118,7.82324,103517
463,0,9.80449,67,1,0,0,0.248058,0.007768,7.79246,103585
464,0,9.8228,61,1,0,0,0.247314,0.005919,7.79764,103647
465,0,9.79568,70,1,0,0,0.246572,0.01275,7.82795,103718
466,0,9.79293,71,1,0,0,0.245832,0.007566,7.8023,103790
467,0,9.7957,70,1,0,0,0.245095,0.008435,7.8298,103861
468,0,9.80438,67,1,0,0,0.24436,0.010968,7.8078,103929
469,0,9.81993,62,1,0,0,0.243626,0.008408,7.80083,103992
470,0,9.81983,62,1,0,0,0.242896,0.006019,7.8298,104055
471,0,9.81695,63,1,0,0,0.242167,0.011249,7.84487,104119
472,0,9.80481,67,1,0,0,0.24144,0.012952,7.84269,104187
473,0,9.80759,66,1,0,0,0.240716,0.005801,7.82809,104254
474,0,9.83812,56,1,0,0,0.239994,0.005571,7.85924,104311
475,0,9.79022,72,1,0,0,0.239274,0.006954,7.84869,104384
476,0,-1.2,400,0,0,1,0.238556,0.010211,7.86271,104784
477,0,9.7932,71,1,0,0,0.23784,0.004601,7.87654,104856
478,0,-1.2,400,0,0,1,0.237127,0.007465,7.91198,105256
479,0,-1.2,400,0,0,1,0.236416,0.009103,7.96031,105656
480,0,-1.2,400,0,0,1,0.235706,0.008533,8.01987,106056
481,0,-1.2,400,0,0,1,0.234999,0.008504,8.09351,106456
482,0,-1.2,400,0,0,1,0.234294,0.009251,8.17368,106856
483,0,-1.2,400,0,0,1,0.233591,0.008381,8.28665,107256
484,0,-1.2,400,0,0,1,0.232891,0.009046,8.35166,107656
485,0,-1.2,400,0,0,1,0.232192,0.008866,8.45651,108056
486,0,-1.2,400,0,0,1,0.231495,0.010263,8.52716,108456
487,0,-1.2,400,0,0,1,0.230801,0.01081,8.61381,108856
488,0,-1.2,400,0,0,1,0.230108,0.008757,8.69156,109256
489,0,-1.2,400,0,0,1,0.229418,0.011324,8.73617,109656
490,0,-1.2,400,0,0,1,0.22873,0.009517,8.79586,110056
491,0,-1.2,400,0,0,1,0.228044,0.011376,8.86809,110456
492,0,-1.2,400,0,0,1,0.227359,0.010319,8.90822,110856
493,0,-1.2,400,0,0,1,0.226677,0.008191,8.93881,111256
494,0,-1.2,400,0,0,1,0.225997,0.008364,8.95352,111656
495,0,-1.2,400,0,0,1,0.225319,0.010272,8.95327,112056
496,0,-1.2,400,0,0,1,0.224643,0.008957,8.94083,112456
497,0,-1.2,400,0,0,1,0.223969,0.009683,8.93023,112856
498,0,-1.2,400,0,0,1,0.223298,0.011499,8.89991,113256
499,0,-1.2,400,0,0,1,0.222628,0.008111,8.86128,113656
500,1,9.70622,100,1,0,0,0.3988,0.012579,8.82501,113757
501,1,-1.2,400,0,0,1,0.397604,0.009155,8.8013,114157
502,1,9.12973,292,1,0,0,0.396411,0.010371,8.74811,114450
503,1,-1.2,400,0,0,1,0.395222,0.009117,8.69593,114850
504,1,-1.2,400,0,0,1,0.394036,0.00934,8.62605,115250
505,1,-1.2,400,0,0,1,0.392854,0.010067,8.57065,115650
506,1,-1.174,58,0,1,0,0.391675,0.012313,8.52499,115709
507,1,-1.117,39,0,1,0,0.3905,0.00828,8.52959,115749
508,1,-1.144,48,0,1,0,0.389329,0.005984,8.51036,115798
509,1,-1.084,28,0,1,0,0.388161,0.008668,8.51146,115827
510,1,-1.147,49,0,1,0,0.386996,0.017611,8.49823,115877
511,1,-1.072,24,0,1,0,0.385835,0.013323,8.49588,115902
512,1,-1.597,199,0,1,0,0.384678,0.011699,8.48089,116102
513,1,-1.2,400,0,0,1,0.383524,0.012897,8.43069,116502
514,1,-1.42,140,0,1,0,0.382373,0.017894,8.38055,116643
515,1,-1.12,40,0,1,0,0.381226,0.014524,8.36483,116684
516,1,-1.288,96,0,1,0,0.380082,0.010822,8.36084,116781
517,1,-1.099,33,0,1,0,0.378942,0.015185,8.33431,116815
518,1,-1.189,63,0,1,0,0.377805,0.006732,8.34369,116879
519,1,-1.243,81,0,1,0,0.376672,0.009375,8.32646,116961
520,1,-1.084,28,0,1,0,0.375542,0.012558,8.29816,116990
521,1,-1.123,41,0,1,0,0.374415,0.014901,8.31253,117032
522,1,-1.147,49,0,1,0,0.373292,0.007679,8.31037,117082
523,1,-1.129,43,0,1,0,0.372172,0.014512,8.30588,117126
524,1,-1.18,60,0,1,0,0.371056,0.013046,8.29357,117187
525,1,-1.126,42,0,1,0,0.369942,0.019298,8.27276,117230
526,1,-1.699,233,0,1,0,0.368833,0.015333,8.24895,117464
527,1,-1.177,59,0,1,0,0.367726,0.016156,8.24507,117524
528,1,-1.237,79,0,1,0,0.366623,0.020388,8.21558,117604
529,1,-1.216,72,0,1,0,0.365523,0.015116,8.20579,117677
530,1,-1.363,121,0,1,0,0.364426,0.015303,8.20206,117799
531,1,-1.2,400,0,0,1,0.363333,0.017236,8.1465,118199
532,1,-1.336,112,0,1,0,0.362243,0.012212,8.10774,118312
533,1,-1.156,52,0,1,0,0.361156,0.01344,8.10358,118365
534,1,-1.171,57,0,1,0,0.360073,0.004771,8.0827,118423
535,1,-1.141,47,0,1,0,0.358993,0.020966,8.07521,118471
536,1,-1.783,261,0,1,0,0.357916,0.012157,8.04984,118733
537,1,-1.165,55,0,1,0,0.356842,0.015751,8.03451,118789
538,1,-1.2,400,0,0,1,0.355772,0.014304,7.99452,119189
539,1,-1.273,91,0,1,0,0.354704,0.01188,7.94673,119281
540,1,9.51381,164,1,0,0,0.35364,0.017911,7.93428,119446
541,1,-1.54,180,0,1,0,0.352579,0.013183,7.9194,119627
542,1,-1.258,86,0,1,0,0.351521,0.013129,7.89341,119714
543,1,9.4901,172,1,0,0,0.350467,0.017034,7.88184,119887
544,1,-1.738,246,0,1,0,0.349415,0.010695,7.85911,120134
545,1,-1.318,106,0,1,0,0.348367,0.016846,7.84336,120241
546,1,-1.21,70,0,1,0,0.347322,0.011483,7.83959,120312
547,1,-1.246,82,0,1,0,0.34628,0.011454,7.82448,120395
548,1,-1.075,25,0,1,0,0.345241,0.013137,7.81585,120421
549,1,-1.069,23,0,1,0,0.344206,0.015507,7.81493,120445
550,1,-1.12,40,0,1,0,0.343173,0.016284,7.80184,120486
551,1,-1.084,28,0,1,0,0.342143,0.021976,7.81714,120515
552,1,-1.078,26,0,1,0,0.341117,0.015913,7.76522,120542
553,1,-1.108,36,0,1,0,0.340094,0.021398,7.80371,120579
554,1,-1.096,32,0,1,0,0.339073,0.014989,7.80589,120612
555,1,-1.063,21,0,1,0,0.338056,0.010782,7.81576,120634
556,1,-1.09,30,0,1,0,0.337042,0.011721,7.81982,120665
557,1,-1.066,22,0,1,0,0.336031,0.014782,7.80334,120688
558,1,-1.075,25,0,1,0,0.335023,0.018482,7.79668,120714
559,1,-1.096,32,0,1,0,0.334018,0.024487,7.77448,120747
560,1,-1.177,59,0,1,0,0.333016,0.014675,7.77857,120807
561,1,-1.09,30,0,1,0,0.332017,0.015149,7.79618,120838
562,1,-1.18,60,0,1,0,0.331021,0.018907,7.78377,120899
563,1,-1.54,180,0,1,0,0.330027,0.017355,7.77883,121080
564,1,-2.167,389,0,1,0,0.329037,0.016356,7.75053,121470
565,1,-1.273,91,0,1,0,0.32805,0.01687,7.73487,121562
566,1,-1.06,20,0,1,0,0.327066,0.019891,7.73064,121583
567,1,-1.066,22,0,1,0,0.326085,0.014665,7.75018,121606
568,1,-1.453,151,0,1,0,0.325107,0.014945,7.71906,121758
569,1,-1.2,400,0,0,1,0.324131,0.014876,7.70432,122158
570,1,-1.2,400,0,0,1,0.323159,0.017455,7.68389,122558
571,1,-1.909,303,0,1,0,0.32219,0.017861,7.66794,122862
572,1,-1.981,327,0,1,0,0.321223,0.021071,7.65174,123190
573,1,-1.2,400,0,0,1,0.320259,0.018655,7.64086,123590
574,1,-1.2,400,0,0,1,0.319298,0.017276,7.6297,123990
575,1,-1.387,129,0,1,0,0.318341,0.015665,7.63916,124120
576,1,-1.348,116,0,1,0,0.317386,0.019598,7.63238,124237
577,1,-1.264,88,0,1,0,0.316433,0.015509,7.62205,124326
578,1,-1.102,34,0,1,0,0.315484,0.015639,7.62031,124361
579,1,-1.078,26,0,1,0,0.314538,0.019386,7.62783,124388
580,1,-1.108,36,0,1,0,0.313594,0.016414,7.61622,124425
581,1,-1.069,23,0,1,0,0.312653,0.021595,7.65125,124449
582,1,-1.093,31,0,1,0,0.311715,0.019351,7.64218,124481
583,1,-1.36,120,0,1,0,0.31078,0.016656,7.61877,124602
584,1,-1.885,295,0,1,0,0.309848,0.02119,7.61621,124898
585,1,-1.603,201,0,1,0,0.308918,0.019011,7.60532,125100
586,1,-1.177,59,0,1,0,0.307992,0.009261,7.62659,125160
587,1,-1.06,20,0,1,0,0.307068,0.0175,7.62713,125181
588,1,-1.654,218,0,1,0,0.306146,0.019064,7.60974,125400
589,1,-1.177,59,0,1,0,0.305228,0.016705,7.59685,125460
590,1,-1.072,24,0,1,0,0.304312,0.012908,7.58038,125485
591,1,-1.078,26,0,1,0,0.303399,0.013167,7.61503,125512
592,1,-1.048,16,0,1,0,0.302489,0.023079,7.58094,125529
593,1,-1.402,134,0,1,0,0.301582,0.016889,7.59522,125664
594,1,-1.177,59,0,1,0,0.300677,0.013406,7.59495,125724
595,1,-1.147,49,0,1,0,0.299775,0.020413,7.60869,125774
596,1,-1.105,35,0,1,0,0.298876,0.020793,7.58937,125810
597,1,-1.075,25,0,1,0,0.297979,0.01555,7.60037,125836
598,1,-1.108,36,0,1,0,0.297085,0.014393,7.58142,125873
599,1,-1.081,27,0,1,0,0.296194,0.011387,7.59506,125901
600,1,-1.102,34,0,1,0,0.295305,0.014018,7.62512,125936
601,1,-1.048,16,0,1,0,0.294419,0.023583,7.57894,125953
602,1,-1.102,34,0,1,0,0.293536,0.016629,7.58943,125988
603,1,-1.123,41,0,1,0,0.292655,0.020241,7.59182,126030
604,1,-1.465,155,0,1,0,0.291777,0.022149,7.60184,126186
605,1,-1.081,27,0,1,0,0.290902,0.019421,7.60968,126214
606,1,-1.309,103,0,1,0,0.290029,0.021648,7.60815,126318
607,1,-1.276,92,0,1,0,0.289159,0.022748,7.58758,126411
608,1,-1.078,26,0,1,0,0.288292,0.027934,7.61096,126438
609,1,-1.084,28,0,1,0,0.287427,0.023752,7.62145,126467
610,1,-1.273,91,0,1,0,0.286565,0.019419,7.62324,126559
611,1,-1.141,47,0,1,0,0.285705,0.022663,7.6061,126607
612,1,-1.2,400,0,0,1,0.284848,0.020684,7.6077,127007
613,1,-1.2,400,0,0,1,0.283993,0.021662,7.62149,127407
614,1,-1.168,56,0,1,0,0.283141,0.027075,7.61565,127464
615,1,-1.798,266,0,1,0,0.282292,0.019448,7.63541,127731
616,1,-2.014,338,0,1,0,0.281445,0.019024,7.637,128070
617,1,-1.831,277,0,1,0,0.280601,0.021849,7.65447,128348
618,1,-1.2,400,0,0,1,0.279759,0.024275,7.65678,128748
619,1,-1.2,400,0,0,1,0.27892,0.024049,7.68421,129148
620,1,-1.2,400,0,0,1,0.278083,0.022514,7.69326,129548
621,1,-1.855,285,0,1,0,0.277249,0.024701,7.6954,129834
622,1,-1.12,40,0,1,0,0.276417,0.022659,7.68283,129875
623,1,-1.2,400,0,0,1,0.275588,0.022773,7.73297,130275
624,1,-1.2,400,0,0,1,0.274761,0.021504,7.75972,130675
625,1,-1.2,400,0,0,1,0.273937,0.024499,7.78095,131075
626,1,-1.2,400,0,0,1,0.273115,0.02332,7.81982,131475
627,1,-1.19863,400,0,0,1,0.272295,0.023398,7.87201,131875
628,1,-1.2,400,0,0,1,0.271478,0.026867,7.8965,132275
629,1,-1.2,400,0,0,1,0.270664,0.026285,7.97928,132675
630,1,-1.2,400,0,0,1,0.269852,0.025784,8.08294,133075
631,1,-1.2,400,0,0,1,0.269042,0.025794,8.17627,133475
632,1,-1.2,400,0,0,1,0.268235,0.02605,8.30228,133875
633,1,-1.2,400,0,0,1,0.267431,0.025446,8.42341,134275
634,1,-1.2,400,0,0,1,0.266628,0.027563,8.52923,134675
635,1,-1.12,40,0,1,0,0.265828,0.022191,8.59564,134716
636,1,-1.2,400,0,0,1,0.265031,0.027979,8.64552,135116
637,1,-1.2,400,0,0,1,0.264236,0.028839,8.76086,135516
638,1,-1.2,400,0,0,1,0.263443,0.028753,8.85631,135916
639,1,-1.2,400,0,0,1,0.262653,0.029158,8.97148,136316
640,1,-1.2,400,0,0,1,0.261865,0.033486,9.08692,136716
641,1,-1.2,400,0,0,1,0.261079,0.031574,9.20746,137116
642,1,-1.447,149,0,1,0,0.260296,0.031723,9.28402,137266
643,1,-1.2,400,0,0,1,0.259515,0.028557,9.36313,137666
644,1,-1.183,61,0,1,0,0.258737,0.036586,9.41881,137728
645,1,-1.156,52,0,1,0,0.25796,0.03786,9.43427,137781
646,1,-1.219,73,0,1,0,0.257187,0.025665,9.44368,137855
647,1,-1.324,108,0,1,0,0.256415,0.032891,9.47126,137964
648,1,-1.204,68,0,1,0,0.255646,0.038417,9.5018,138033
649,1,-1.216,72,0,1,0,0.254879,0.032134,9.52685,138106
650,1,-1.189,63,0,1,0,0.254114,0.028422,9.53717,138170
651,1,-1.129,43,0,1,0,0.253352,0.032081,9.55037,138214
652,1,-1.231,77,0,1,0,0.252592,0.036815,9.56818,138292
653,1,-1.117,39,0,1,0,0.251834,0.038554,9.58464,138332
654,1,-1.168,56,0,1,0,0.251079,0.035365,9.58754,138389
655,1,-1.42,140,0,1,0,0.250325,0.034157,9.62217,138530
656,1,-1.21,70,0,1,0,0.249574,0.037562,9.63579,138601
657,1,-1.162,54,0,1,0,0.248826,0.038692,9.65997,138656
658,1,-1.117,39,0,1,0,0.248079,0.03625,9.66211,138696
659,1,-1.213,71,0,1,0,0.247335,0.045605,9.68176,138768
660,1,-1.123,41,0,1,0,0.246593,0.042146,9.69839,138810
661,1,-1.162,54,0,1,0,0.245853,0.040592,9.68789,138865
662,1,-1.195,65,0,1,0,0.245116,0.030261,9.72219,138931
663,1,-1.321,107,0,1,0,0.24438,0.038616,9.72287,139039
664,1,-1.225,75,0,1,0,0.243647,0.032103,9.73129,139115
665,1,-1.33,110,0,1,0,0.242916,0.043148,9.75424,139226
666,1,-1.429,143,0,1,0,0.242187,0.04159,9.78619,139370
667,1,-1.21,70,0,1,0,0.241461,0.047161,9.79424,139441
668,1,-1.408,136,0,1,0,0.240736,0.034208,9.81627,139578
669,1,-1.222,74,0,1,0,0.240014,0.041806,9.84391,139653
670,1,-1.138,46,0,1,0,0.239294,0.045612,9.84012,139700
671,1,-1.21,70,0,1,0,0.238576,0.047573,9.85201,139771
672,1,-1.27,90,0,1,0,0.237861,0.041958,9.8568,139862
673,1,-1.147,49,0,1,0,0.237147,0.044764,9.89148,139912
674,1,-1.429,143,0,1,0,0.236436,0.042178,9.91985,140056
675,1,-1.129,43,0,1,0,0.235726,0.04535,9.91357,140100
676,1,-1.324,108,0,1,0,0.235019,0.040678,9.92839,140209
677,1,-1.213,71,0,1,0,0.234314,0.050023,9.94211,140281
678,1,-1.069,23,0,1,0,0.233611,0.032997,9.94664,140305
679,1,-1.12,40,0,1,0,0.23291,0.057374,9.9535,140346
680,1,-1.243,81,0,1,0,0.232211,0.047538,9.96094,140428
681,1,-1.132,44,0,1,0,0.231515,0.045326,9.9548,140473
682,1,-1.105,35,0,1,0,0.23082,0.042616,9.96483,140509
683,1,-1.147,49,0,1,0,0.230128,0.044332,10.00254,140559
684,1,-1.2,400,0,0,1,0.229437,0.041079,10.02451,140959
685,1,-1.561,187,0,1,0,0.228749,0.047575,10.07659,141147
686,1,-1.723,241,0,1,0,0.228063,0.041095,10.10737,141389
687,1,-1.2,400,0,0,1,0.227379,0.046793,10.14711,141789
688,1,-1.2,400,0,0,1,0.226697,0.047972,10.20325,142189
689,1,-1.2,400,0,0,1,0.226016,0.041796,10.24456,142589
690,1,-1.2,400,0,0,1,0.225338,0.043447,10.28977,142989
691,1,-1.2,400,0,0,1,0.224662,0.043779,10.302,143389
692,1,-1.2,400,0,0,1,0.223988,0.047959,10.30422,143789
693,1,-1.2,400,0,0,1,0.223316,0.046685,10.29709,144189
694,1,-2.008,336,0,1,0,0.222646,0.04355,10.28196,144526
695,1,-1.597,199,0,1,0,0.221979,0.044745,10.26292,144726
696,1,-1.102,34,0,1,0,0.221313,0.04892,10.25626,144761
697,1,-1.21,70,0,1,0,0.220649,0.039867,10.25183,144832
698,1,-1.711,237,0,1,0,0.219987,0.040918,10.22497,145070
699,1,-1.621,207,0,1,0,0.219327,0.046779,10.18956,145278
700,1,-1.18,60,0,1,0,0.218669,0.040265,10.19844,145339
701,1,-1.315,105,0,1,0,0.218013,0.038072,10.16609,145445
702,1,-1.2,400,0,0,1,0.217359,0.042492,10.14822,145845
703,1,-1.408,136,0,1,0,0.216707,0.049219,10.09679,145982
704,1,-1.2,400,0,0,1,0.216057,0.044195,10.09138,146382
705,1,-1.294,98,0,1,0,0.215408,0.052274,10.05528,146481
706,1,-1.2,400,0,0,1,0.214762,0.044591,10.02587,146881
707,1,-1.2,400,0,0,1,0.214118,0.045116,9.98299,147281
708,1,-1.2,400,0,0,1,0.213476,0.045258,9.92952,147681
709,1,-1.2,400,0,0,1,0.212835,0.047716,9.90413,148081
710,1,-1.096,32,0,1,0,0.212197,0.030534,9.90629,148114
711,1,-1.534,178,0,1,0,0.21156,0.040861,9.90332,148293
712,1,-1.363,121,0,1,0,0.210925,0.041252,9.88711,148415
713,1,-1.2,400,0,0,1,0.210293,0.047196,9.88653,148815
714,1,-1.513,171,0,1,0,0.209662,0.046268,9.88646,148987
715,1,-1.789,263,0,1,0,0.209033,0.047933,9.88638,149251
716,1,-1.2,400,0,0,1,0.208406,0.046757,9.89287,149651
717,1,-1.2,400,0,0,1,0.20778,0.047621,9.90388,150051
718,1,-1.2,400,0,0,1,0.207157,0.048718,9.92299,150451
719,1,-1.171,57,0,1,0,0.206536,0.037228,9.9219,150509
720,1,-1.57,190,0,1,0,0.205916,0.051647,9.92734,150700
721,1,-1.2,400,0,0,1,0.205298,0.049624,9.9424,151100
722,1,-1.171,57,0,1,0,0.204682,0.036534,9.96744,151158
723,1,-1.2,400,0,0,1,0.204068,0.049747,9.96176,151558
724,1,-1.216,72,0,1,0,0.203456,0.035016,9.97799,151631
725,1,-1.672,224,0,1,0,0.202846,0.052987,9.98389,151856
726,1,-1.2,400,0,0,1,0.202237,0.044775,10.02177,152256
727,1,-1.864,288,0,1,0,0.20163,0.047783,10.03953,152545
728,1,-1.495,165,0,1,0,0.201026,0.046907,10.06221,152711
729,1,-1.324,108,0,1,0,0.200422,0.046417,10.07711,152820
730,1,-1.291,97,0,1,0,0.199821,0.047538,10.12373,152918
731,1,-1.336,112,0,1,0,0.199222,0.047412,10.11098,153031
732,1,-1.102,34,0,1,0,0.198624,0.045331,10.13578,153066
733,1,-1.117,39,0,1,0,0.198028,0.06001,10.10575,153106
734,1,-1.648,216,0,1,0,0.197434,0.048087,10.11628,153323
735,1,-1.174,58,0,1,0,0.196842,0.060731,10.12052,153382
736,1,-1.846,282,0,1,0,0.196251,0.05046,10.14577,153665
737,1,-1.486,162,0,1,0,0.195663,0.050868,10.17267,153828
738,1,-1.324,108,0,1,0,0.195076,0.04995,10.17373,153937
739,1,-1.588,196,0,1,0,0.19449,0.050511,10.2111,154134
740,1,-1.2,400,0,0,1,0.193907,0.052687,10.24009,154534
741,1,-1.2,400,0,0,1,0.193325,0.051,10.28217,154934
742,1,-1.2,400,0,0,1,0.192745,0.051423,10.34915,155334
743,1,-1.2,400,0,0,1,0.192167,0.049387,10.43197,155734
744,1,-1.2,400,0,0,1,0.19159,0.055574,10.48465,156134
745,1,-1.18791,400,0,0,1,0.191016,0.059565,10.62505,156534
746,1,-1.2,400,0,0,1,0.190443,0.059851,10.80503,156934
747,1,-1.2,400,0,0,1,0.189871,0.0539,10.93475,157334
748,1,-1.19697,400,0,0,1,0.189302,0.060709,11.13145,157734
749,1,-1.2,400,0,0,1,0.188734,0.057521,11.40345,158134
750,1,-1.2,400,0,0,1,0.188168,0.057512,11.67476,158534
751,1,-1.2,400,0,0,1,0.187603,0.062877,12.00377,158934
752,1,-1.2,400,0,0,1,0.18704,0.057834,12.41795,159334
753,1,-1.2,400,0,0,1,0.186479,0.068162,12.77549,159734
754,1,-1.2,400,0,0,1,0.18592,0.066154,13.19477,160134
755,1,-1.2,400,0,0,1,0.185362,0.073544,13.5368,160534
756,1,-1.2,400,0,0,1,0.184806,0.069893,13.87434,160934
757,1,-1.2,400,0,0,1,0.184251,0.084745,14.30472,161334
758,1,-1.2,400,0,0,1,0.183699,0.072092,14.65456,161734
759,1,-1.2,400,0,0,1,0.183148,0.078621,15.13333,162134
760,1,-1.2,400,0,0,1,0.182598,0.083021,15.59136,162534
761,1,-1.2,400,0,0,1,0.18205,0.092128,16.0051,162934
762,1,-1.2,400,0,0,1,0.181504,0.09751,16.50472,163334
763,1,-1.2,400,0,0,1,0.18096,0.100177,16.94061,163734
764,1,-1.2,400,0,0,1,0.180417,0.104399,17.4397,164134
765,1,-1.2,400,0,0,1,0.179876,0.098621,17.97459,164534
766,1,-1.2,400,0,0,1,0.179336,0.105325,18.50839,164934
767,1,-1.2,400,0,0,1,0.178798,0.108194,19.02967,165334
768,1,-1.204,68,0,1,0,0.178262,0.138811,19.35007,165403
769,1,-1.183,61,0,1,0,0.177727,0.117876,19.4629,165465
770,1,-1.2,400,0,0,1,0.177194,0.113142,19.69282,165865
771,1,-1.2,400,0,0,1,0.176662,0.103777,20.1518,166265
772,1,-1.19922,400,0,0,1,0.176132,0.107887,20.53183,166665
773,1,-1.051,17,0,1,0,0.175604,0.140169,20.63441,166683
774,1,-1.2,400,0,0,1,0.175077,0.106094,20.83187,167083
775,1,-1.2,400,0,0,1,0.174552,0.10613,21.07253,167483
776,1,-1.15,50,0,1,0,0.174028,0.097932,21.27758,167534
777,1,-1.096,32,0,1,0,0.173506,0.103247,21.18346,167567
778,1,-1.2,400,0,0,1,0.172985,0.088014,21.34411,167967
779,1,-1.123,41,0,1,0,0.172466,0.093907,21.43601,168009
780,1,-1.111,37,0,1,0,0.171949,0.09052,21.49527,168047
781,1,-1.2,400,0,0,1,0.171433,0.100443,21.53518,168447
782,1,-1.255,85,0,1,0,0.170919,0.090056,21.59669,168533
783,1,-1.2,400,0,0,1,0.170406,0.102117,21.64492,168933
784,1,-1.312,104,0,1,0,0.169895,0.089755,21.65779,169038
785,1,-1.2,400,0,0,1,0.169385,0.102994,21.6407,169438
786,1,-1.2,400,0,0,1,0.168877,0.098353,21.65863,169838
787,1,-1.2,400,0,0,1,0.16837,0.094022,21.64811,170238
788,1,-1.2,400,0,0,1,0.167865,0.095472,21.65681,170638
789,1,-1.2,400,0,0,1,0.167362,0.088479,21.62804,171038
790,1,-1.19902,400,0,0,1,0.16686,0.097233,21.66986,171438
791,1,-1.2,400,0,0,1,0.166359,0.084956,21.66622,171838
792,1,-1.063,21,0,1,0,0.16586,0.110646,21.78708,171860
793,1,-1.2,400,0,0,1,0.165362,0.095656,21.6592,172260
794,1,-1.2,400,0,0,1,0.164866,0.094359,21.63677,172660
795,1,-1.264,88,0,1,0,0.164372,0.100977,21.63129,172749
796,1,-1.2,400,0,0,1,0.163879,0.090187,21.60808,173149
797,1,-1.2,400,0,0,1,0.163387,0.101458,21.59444,173549
798,1,-1.2,400,0,0,1,0.162897,0.101948,21.63911,173949
799,1,-1.06,20,0,1,0,0.162408,0.118355,21.6682,173970
800,1,-1.2,400,0,0,1,0.161921,0.100654,21.69273,174370
801,1,-1.19595,400,0,0,1,0.161435,0.094313,21.7414,174770
802,1,-1.066,22,0,1,0,0.160951,0.093871,21.7939,174793
803,1,9.41512,197,1,0,0,0.160468,0.108117,21.78371,174991
804,1,-1.2,400,0,0,1,0.159986,0.093695,21.7845,175391
805,1,-1.243,81,0,1,0,0.159507,0.108949,21.79987,175473
806,1,-1.195,65,0,1,0,0.159028,0.092334,21.7937,175539
807,1,-1.195,65,0,1,0,0.158551,0.109435,21.80565,175605
808,1,-1.765,255,0,1,0,0.158075,0.103706,21.82645,175861
809,1,-1.129,43,0,1,0,0.157601,0.092463,21.87205,175905
810,1,-1.513,171,0,1,0,0.157128,0.112633,21.84706,176077
811,1,-1.2,400,0,0,1,0.156657,0.09884,21.90607,176477
812,1,-1.2,400,0,0,1,0.156187,0.093027,21.99905,176877
813,1,-1.075,25,0,1,0,0.155718,0.094505,22.09968,176903
814,1,-1.096,32,0,1,0,0.155251,0.117147,22.113,176936
815,1,-1.354,118,0,1,0,0.154785,0.085289,22.10958,177055
816,1,-1.087,29,0,1,0,0.154321,0.05924,22.13971,177085
817,1,-1.09,30,0,1,0,0.153858,0.088575,22.03734,177116
818,1,-1.069,23,0,1,0,0.153397,0.117304,22.16329,177140
819,1,-1.135,45,0,1,0,0.152936,0.108897,22.20009,177186
820,1,-1.096,32,0,1,0,0.152478,0.078443,22.28764,177219
821,1,-1.219,73,0,1,0,0.15202,0.11756,22.21036,177293
822,1,-1.306,102,0,1,0,0.151564,0.104445,22.29511,177396
823,1,-1.12,40,0,1,0,0.151109,0.086504,22.32551,177437
824,1,-1.09,30,0,1,0,0.150656,0.056743,22.26495,177468
825,1,-1.084,28,0,1,0,0.150204,0.10108,22.27361,177497
826,1,-1.243,81,0,1,0,0.149753,0.130034,22.3143,177579
827,1,-1.357,119,0,1,0,0.149304,0.116203,22.45786,177699
828,1,-1.522,174,0,1,0,0.148856,0.106014,22.52205,177874
829,1,-1.795,265,0,1,0,0.14841,0.104974,22.62936,178140
830,1,-1.681,227,0,1,0,0.147964,0.090091,22.81076,178368
831,1,-1.081,27,0,1,0,0.147521,0.084976,23.08536,178396
832,1,-1.108,36,0,1,0,0.147078,0.119024,23.00978,178433
833,1,-1.243,81,0,1,0,0.146637,0.09529,22.84706,178515
834,1,-1.444,148,0,1,0,0.146197,0.102566,23.11902,178664
835,1,-1.19936,400,0,0,1,0.145758,0.109599,23.31174,179064
836,1,-1.069,23,0,1,0,0.145321,0.153174,23.27623,179088
837,1,-1.144,48,0,1,0,0.144885,0.150678,23.56169,179137
838,1,-1.111,37,0,1,0,0.14445,0.110709,23.51212,179175
839,1,-1.147,49,0,1,0,0.144017,0.094911,23.51485,179225
840,1,-1.072,24,0,1,0,0.143585,0.096352,23.64402,179250
841,1,-1.225,75,0,1,0,0.143154,0.085066,23.72246,179326
842,1,-1.294,98,0,1,0,0.142725,0.101983,23.70739,179425
843,1,8.87538,377,1,0,0,0.142297,0.111026,23.85236,179803
844,1,9.25903,249,1,0,0,0.14187,0.123916,24.18692,180053
845,1,-1.144,48,0,1,0,0.141444,0.12699,24.30497,180102
846,1,9.23444,257,1,0,0,0.14102,0.109617,24.43993,180360
847,1,-1.138,46,0,1,0,0.140597,0.154243,24.32295,180407
848,1,-1.2,400,0,0,1,0.140175,0.109499,24.78306,180807
849,1,-1.2,400,0,0,1,0.139754,0.125845,25.04357,181207
850,1,-1.675,225,0,1,0,0.139335,0.135145,25.27122,181433
851,1,-1.2,400,0,0,1,0.138917,0.121777,25.45954,181833
852,1,-1.2,400,0,0,1,0.1385,0.143896,25.83308,182233
853,1,-1.369,123,0,1,0,0.138085,0.115685,26.05531,182357
854,1,-1.096,32,0,1,0,0.137671,0.141794,26.06348,182390
855,1,-1.243,81,0,1,0,0.137258,0.126581,26.1077,182472
856,1,-1.162,54,0,1,0,0.136846,0.145648,26.16991,182527
857,1,-1.087,29,0,1,0,0.136435,0.101152,26.37616,182557
858,1,-1.279,93,0,1,0,0.136026,0.145086,26.094,182651
859,1,-1.2,400,0,0,1,0.135618,0.154844,26.35435,183051
860,1,-1.156,52,0,1,0,0.135211,0.160657,26.40857,183104
861,1,-1.19941,400,0,0,1,0.134805,0.140216,26.9268,183504
862,1,-1.1995,400,0,0,1,0.134401,0.146912,27.27961,183904
863,1,-1.2,400,0,0,1,0.133998,0.140964,27.80619,184304
864,1,-1.2,400,0,0,1,0.133596,0.170234,28.16614,184704
865,1,-1.19932,400,0,0,1,0.133195,0.156516,28.69329,185104
866,1,-1.2,400,0,0,1,0.132795,0.150018,29.08831,185504
867,1,-1.19985,400,0,0,1,0.132397,0.16984,29.46687,185904
868,1,-1.2,400,0,0,1,0.132,0.147218,29.91601,186304
869,1,-1.2,400,0,0,1,0.131604,0.150198,30.36866,186704
870,1,-1.2,400,0,0,1,0.131209,0.155176,30.57764,187104
871,1,-1.2,400,0,0,1,0.130815,0.155397,30.89325,187504
872,1,-1.2,400,0,0,1,0.130423,0.136544,31.04141,187904
873,1,-1.2,400,0,0,1,0.130032,0.15629,31.21162,188304
874,1,-1.2,400,0,0,1,0.129642,0.158351,31.45892,188704
875,1,-1.2,400,0,0,1,0.129253,0.131681,31.62071,189104
876,1,-1.1968,400,0,0,1,0.128865,0.160213,31.89095,189504
877,1,9.55333,151,1,0,0,0.128478,0.149199,31.97367,189656
878,1,9.45445,184,1,0,0,0.128093,0.140021,31.93399,189841
879,1,-1.2,400,0,0,1,0.127709,0.148417,32.1342,190241
880,1,9.72071,95,1,0,0,0.127325,0.175869,32.29549,190337
881,1,9.75376,84,1,0,0,0.126943,0.156104,32.20168,190422
882,1,9.68486,107,1,0,0,0.126563,0.185268,32.28172,190530
883,1,-1.19705,400,0,0,1,0.126183,0.151481,32.41633,190930
884,1,-1.2,400,0,0,1,0.125804,0.139952,32.49435,191330
885,1,-1.2,400,0,0,1,0.125427,0.149204,32.55123,191730
886,1,-1.19582,400,0,0,1,0.125051,0.154976,32.71766,192130
887,1,-1.19514,400,0,0,1,0.124676,0.15037,32.78716,192530
888,1,-1.1879,400,0,0,1,0.124302,0.151633,32.89243,192930
889,1,9.50459,167,1,0,0,0.123929,0.155885,32.92431,193098
890,1,9.66964,112,1,0,0,0.123557,0.143828,32.94599,193211
891,1,9.6906,105,1,0,0,0.123186,0.162886,33.03111,193317
892,1,9.60986,132,1,0,0,0.122817,0.133891,32.98745,193450
893,1,-1.19612,400,0,0,1,0.122448,0.150183,33.04067,193850
894,1,9.25911,249,1,0,0,0.122081,0.152065,33.13737,194100
895,1,-1.183,61,0,1,0,0.121715,0.157951,33.22044,194162
896,1,-1.117,39,0,1,0,0.121349,0.098059,33.13007,194202
897,1,-1.12,40,0,1,0,0.120985,0.141953,33.11249,194243
898,1,9.52908,159,1,0,0,0.120622,0.157288,33.17991,194403
899,1,9.76573,80,1,0,0,0.120261,0.131309,33.15038,194484
900,1,9.45379,184,1,0,0,0.1199,0.148874,33.21309,194669
901,1,9.53493,157,1,0,0,0.11954,0.151615,33.14064,194827
902,1,-1.19751,400,0,0,1,0.119181,0.141059,33.20252,195227
903,1,-1.19397,400,0,0,1,0.118824,0.142489,33.23772,195627
904,1,9.69429,104,1,0,0,0.118467,0.158859,33.39374,195732
905,1,-1.198,66,0,1,0,0.118112,0.204952,33.31548,195799
906,1,-1.759,253,0,1,0,0.117758,0.159862,33.30832,196053
907,1,-1.261,87,0,1,0,0.117404,0.146289,33.37384,196141
908,1,-1.132,44,0,1,0,0.117052,0.142211,33.37085,196186
909,1,9.7239,94,1,0,0,0.116701,0.174353,33.2683,196281
910,1,9.67969,109,1,0,0,0.116351,0.130023,33.3357,196391
911,1,9.59343,138,1,0,0,0.116002,0.170347,33.35207,196530
912,1,-1.123,41,0,1,0,0.115654,0.096109,33.49796,196572
913,1,-1.126,42,0,1,0,0.115307,0.136012,33.46003,196615
914,1,-1.2,400,0,0,1,0.114961,0.146034,33.39356,197015
915,1,-1.753,251,0,1,0,0.114616,0.13512,33.39568,197267
916,1,-1.123,41,0,1,0,0.114272,0.108849,33.45845,197309
917,1,-1.246,82,0,1,0,0.113929,0.178063,33.52052,197392
918,1,-1.201,67,0,1,0,0.113588,0.135989,33.44977,197460
919,1,-1.087,29,0,1,0,0.113247,0.182452,33.28123,197490
920,1,-1.093,31,0,1,0,0.112907,0.105531,33.33015,197522
921,1,-1.102,34,0,1,0,0.112568,0.207392,33.42169,197557
922,1,-1.489,163,0,1,0,0.112231,0.151036,33.43699,197721
923,1,-1.117,39,0,1,0,0.111894,0.12553,33.40188,197761
924,1,-1.294,98,0,1,0,0.111558,0.127691,33.46447,197860
925,1,-1.153,51,0,1,0,0.111224,0.200483,33.32049,197912
926,1,-1.06,20,0,1,0,0.11089,0.184949,33.61036,197933
927,1,-1.2,400,0,0,1,0.110557,0.153933,33.46248,198333
928,1,-1.189,63,0,1,0,0.110226,0.181103,33.50588,198397
929,1,-1.153,51,0,1,0,0.109895,0.144557,33.37918,198449
930,1,-1.078,26,0,1,0,0.109565,0.13223,33.40351,198476
931,1,-1.468,156,0,1,0,0.109237,0.15353,33.38439,198633
932,1,-1.306,102,0,1,0,0.108909,0.147401,33.39977,198736
933,1,-1.63,210,0,1,0,0.108582,0.149483,33.43825,198947
934,1,-1.381,127,0,1,0,0.108256,0.141467,33.44191,199075
935,1,-1.852,284,0,1,0,0.107932,0.153288,33.40269,199360
936,1,-1.168,56,0,1,0,0.107608,0.147205,33.25639,199417
937,1,-1.2,400,0,0,1,0.107285,0.146733,33.35847,199817
938,1,-1.498,166,0,1,0,0.106963,0.154023,33.31972,199984
939,1,-1.2,400,0,0,1,0.106642,0.164083,33.37278,200384
940,1,-1.2,400,0,0,1,0.106322,0.169371,33.36994,200784
941,1,-1.345,115,0,1,0,0.106003,0.166939,33.33421,200900
942,1,-1.2,400,0,0,1,0.105685,0.148427,33.26142,201300
943,1,-1.783,261,0,1,0,0.105368,0.15612,33.19063,201562
944,1,-1.387,129,0,1,0,0.105052,0.142042,33.10299,201692
945,1,-1.252,84,0,1,0,0.104737,0.148016,33.02125,201777
946,1,-1.2,400,0,0,1,0.104423,0.159273,32.94141,202177
947,1,-1.327,109,0,1,0,0.10411,0.158353,32.79876,202287
948,1,-1.2,400,0,0,1,0.103797,0.144309,32.70534,202687
949,1,-1.2,400,0,0,1,0.103486,0.157252,32.4268,203087
950,1,-1.2,400,0,0,1,0.103175,0.14564,32.23669,203487
951,1,-1.2,400,0,0,1,0.102866,0.143813,32.07864,203887
952,1,-1.2,400,0,0,1,0.102557,0.135732,31.92268,204287
953,1,-1.2,400,0,0,1,0.10225,0.151123,31.81779,204687
954,1,-1.2,400,0,0,1,0.101943,0.134228,31.67547,205087
955,1,-1.2,400,0,0,1,0.101637,0.144422,31.44659,205487
956,1,-1.2,400,0,0,1,0.101332,0.142194,31.25609,205887
957,1,-1.2,400,0,0,1,0.101028,0.128541,31.09244,206287
958,1,-1.2,400,0,0,1,0.100725,0.132482,30.9343,206687
959,1,-1.2,400,0,0,1,0.100423,0.132772,30.76059,207087
960,1,-1.2,400,0,0,1,0.100122,0.145176,30.56173,207487
961,1,-1.2,400,0,0,1,0.1,0.141274,30.39777,207887
962,1,-1.2,400,0,0,1,0.1,0.116429,30.21556,208287
963,1,-1.2,400,0,0,1,0.1,0.127718,30.07052,208687
964,1,-1.2,400,0,0,1,0.1,0.138436,29.92101,209087
965,1,-1.2,400,0,0,1,0.1,0.120521,29.75066,209487
966,1,-1.2,400,0,0,1,0.1,0.121328,29.59988,209887
967,1,-1.2,400,0,0,1,0.1,0.128254,29.39311,210287
968,1,-1.2,400,0,0,1,0.1,0.126119,29.21654,210687
969,1,-1.2,400,0,0,1,0.1,0.137892,29.04972,211087
970,1,-1.2,400,0,0,1,0.1,0.140822,28.89575,211487
971,1,-1.2,400,0,0,1,0.1,0.127512,28.75339,211887
972,1,-1.2,400,0,0,1,0.1,0.117216,28.63695,212287
973,1,-1.2,400,0,0,1,0.1,0.137936,28.54986,212687
974,1,-1.2,400,0,0,1,0.1,0.137061,28.44206,213087
975,1,-1.2,400,0,0,1,0.1,0.124783,28.37112,213487
976,1,-1.2,400,0,0,1,0.1,0.132801,28.34322,213887
977,1,-1.2,400,0,0,1,0.1,0.145788,28.30707,214287
978,1,-1.318,106,0,1,0,0.1,0.119506,28.28763,214394
979,1,-1.2,400,0,0,1,0.1,0.142476,28.30941,214794
980,1,-1.633,211,0,1,0,0.1,0.132662,28.31801,215006
981,1,-1.525,175,0,1,0,0.1,0.155685,28.26162,215182
982,1,-1.165,55,0,1,0,0.1,0.143408,28.35147,215238
983,1,-1.084,28,0,1,0,0.1,0.139505,28.30345,215267
984,1,-1.294,98,0,1,0,0.1,0.124812,28.34891,215366
985,1,-1.048,16,0,1,0,0.1,0.089848,28.26476,215383
986,1,-1.399,133,0,1,0,0.1,0.12601,28.33902,215517
987,1,-1.228,76,0,1,0,0.1,0.099675,28.39398,215594
988,1,-1.066,22,0,1,0,0.1,0.114429,28.28776,215617
989,1,-1.084,28,0,1,0,0.1,0.145559,28.38394,215646
990,1,-1.048,16,0,1,0,0.1,0.259969,28.37159,215663
991,1,-1.09,30,0,1,0,0.1,0.112672,28.4272,215694
992,1,-1.087,29,0,1,0,0.1,0.143354,28.48033,215724
993,1,-1.099,33,0,1,0,0.1,0.125199,28.394,215758
994,1,-1.048,16,0,1,0,0.1,0.202644,28.57469,215775
995,1,-1.177,59,0,1,0,0.1,0.113223,28.44508,215835
996,1,-1.279,93,0,1,0,0.1,0.104766,28.41958,215929
997,1,-1.201,67,0,1,0,0.1,0.138196,28.3587,215997
998,1,-1.159,53,0,1,0,0.1,0.133653,28.3544,216051
999,1,-1.063,21,0,1,0,0.1,0.144906,28.24678,216073
1000,1,-1.216,72,0,1,0,0.1,0.132065,28.36877,216146
1001,1,-1.117,39,0,1,0,0.1,0.132125,28.3955,216186
1002,1,-1.177,59,0,1,0,0.1,0.133514,28.44862,216246
1003,1,-1.252,84,0,1,0,0.1,0.13579,28.4351,216331
1004,1,-1.102,34,0,1,0,0.1,0.082594,28.44918,216366
1005,1,-1.315,105,0,1,0,0.1,0.126274,28.49771,216472
1006,1,-1.357,119,0,1,0,0.1,0.131615,28.47552,216592
1007,1,-1.135,45,0,1,0,0.1,0.115993,28.47345,216638
1008,1,-1.177,59,0,1,0,0.1,0.135508,28.46907,216698
1009,1,-1.174,58,0,1,0,0.1,0.130949,28.4611,216757
1010,1,-1.234,78,0,1,0,0.1,0.167972,28.4844,216836
1011,1,9.60878,134,1,0,0,0.1,0.150322,28.50798,216971
1012,1,-1.153,51,0,1,0,0.1,0.107525,28.62672,217023
1013,1,-1.072,24,0,1,0,0.1,0.17418,28.56972,217048
1014,1,-1.063,21,0,1,0,0.1,0.112944,28.46989,217070
1015,1,-1.186,62,0,1,0,0.1,0.157452,28.53012,217133
1016,1,-1.102,34,0,1,0,0.1,0.199589,28.57055,217168
1017,1,-1.051,17,0,1,0,0.1,0.103234,28.46153,217186
1018,1,-1.114,38,0,1,0,0.1,0.198912,28.44502,217225
1019,1,-1.237,79,0,1,0,0.1,0.162034,28.58514,217305
1020,1,-1.099,33,0,1,0,0.1,0.114082,28.51364,217339
1021,1,9.73874,89,1,0,0,0.1,0.146298,28.56854,217429
1022,1,-1.141,47,0,1,0,0.1,0.156652,28.57463,217477
1023,1,-1.099,33,0,1,0,0.1,0.157557,28.64176,217511
1024,1,-1.042,14,0,1,0,0.1,0.161539,28.80782,217526
1025,1,-1.207,69,0,1,0,0.1,0.139978,28.60624,217596
1026,1,-1.174,58,0,1,0,0.1,0.151685,28.65235,217655
1027,1,-1.12,40,0,1,0,0.1,0.166095,28.50535,217696
1028,1,9.70005,102,1,0,0,0.1,0.147112,28.56256,217799
1029,1,-1.048,16,0,1,0,0.1,0.130703,28.56338,217816
1030,1,9.66408,114,1,0,0,0.1,0.166444,28.71075,217931
1031,1,9.69085,105,1,0,0,0.1,0.154901,28.8673,218037
1032,1,9.70278,101,1,0,0,0.1,0.157164,28.74431,218139
1033,1,-1.069,23,0,1,0,0.1,0.150977,28.81977,218163
1034,1,9.5744,144,1,0,0,0.1,0.156136,28.81035,218308
1035,1,-1.048,16,0,1,0,0.1,0.190043,28.86827,218325
1036,1,-1.048,16,0,1,0,0.1,0.196064,28.89552,218342
1037,1,9.46609,180,1,0,0,0.1,0.166894,28.82191,218523
1038,1,-1.045,15,0,1,0,0.1,0.109078,28.81482,218539
1039,1,9.28049,242,1,0,0,0.1,0.171236,28.99852,218782
1040,1,-1.069,23,0,1,0,0.1,0.191136,28.92614,218806
1041,1,-1.069,23,0,1,0,0.1,0.16538,28.80969,218830
1042,1,9.6909,105,1,0,0,0.1,0.169401,29.08778,218936
1043,1,9.6617,115,1,0,0,0.1,0.150445,29.09348,219052
1044,1,9.43557,190,1,0,0,0.1,0.167838,29.06513,219243
1045,1,9.70288,101,1,0,0,0.1,0.154369,29.26859,219345
1046,1,-1.054,18,0,1,0,0.1,0.113368,29.06432,219364
1047,1,-1.153,51,0,1,0,0.1,0.157625,29.10514,219416
1048,1,9.67263,111,1,0,0,0.1,0.141816,29.08134,219528
1049,1,-1.282,94,0,1,0,0.1,0.162073,29.15148,219623
1050,1,9.69649,103,1,0,0,0.1,0.179325,29.03553,219727
1051,1,-1.057,19,0,1,0,0.1,0.165027,29.10255,219747
1052,1,-1.048,16,0,1,0,0.1,0.184961,29.26322,219764
1053,1,-1.156,52,0,1,0,0.1,0.199254,29.13902,219817
1054,1,-1.195,65,0,1,0,0.1,0.159889,29.21831,219883
1055,1,9.71506,97,1,0,0,0.1,0.189199,29.17325,219981
1056,1,-1.159,53,0,1,0,0.1,0.160155,29.17743,220035
1057,1,-1.069,23,0,1,0,0.1,0.129952,29.06014,220059
1058,1,-1.414,138,0,1,0,0.1,0.173361,29.10476,220198
1059,1,-1.138,46,0,1,0,0.1,0.145015,29.05369,220245
1060,1,-1.537,179,0,1,0,0.1,0.187887,29.10384,220425
1061,1,-1.231,77,0,1,0,0.1,0.173719,29.22972,220503
1062,1,-1.15,50,0,1,0,0.1,0.183388,29.18216,220554
1063,1,-1.195,65,0,1,0,0.1,0.161059,29.15288,220620
1064,1,-1.444,148,0,1,0,0.1,0.173895,29.09949,220769
1065,1,-1.54,180,0,1,0,0.1,0.159141,29.09644,220950
1066,1,-1.174,58,0,1,0,0.1,0.193122,29.21408,221009
1067,1,-1.156,52,0,1,0,0.1,0.122632,29.02901,221062
1068,1,-1.294,98,0,1,0,0.1,0.145761,29.14567,221161
1069,1,-1.426,142,0,1,0,0.1,0.15815,29.13198,221304
1070,1,-1.96,320,0,1,0,0.1,0.175541,29.16109,221625
1071,1,-1.309,103,0,1,0,0.1,0.149095,29.06021,221729
1072,1,8.98592,340,1,0,0,0.1,0.181083,29.22305,222070
1073,1,-1.468,156,0,1,0,0.1,0.168978,29.13768,222227
1074,1,-1.651,217,0,1,0,0.1,0.179024,29.09293,222445
1075,1,-1.657,219,0,1,0,0.1,0.192675,29.11243,222665
1076,1,-1.333,111,0,1,0,0.1,0.15454,29.11895,222777
1077,1,-1.498,166,0,1,0,0.1,0.166714,29.1145,222944
1078,1,-1.414,138,0,1,0,0.1,0.147051,29.082,223083
1079,1,-1.084,28,0,1,0,0.1,0.156521,29.13262,223112
1080,1,9.08465,307,1,0,0,0.1,0.158573,29.04537,223420
1081,1,9.45115,185,1,0,0,0.1,0.174048,29.08933,223606
1082,1,-1.705,235,0,1,0,0.1,0.18227,29.09548,223842
1083,1,-1.999,333,0,1,0,0.1,0.176377,29.10279,224176
1084,1,9.47507,177,1,0,0,0.1,0.158448,29.07368,224354
1085,1,-1.459,153,0,1,0,0.1,0.173585,29.14305,224508
1086,1,-1.2,400,0,0,1,0.1,0.155134,29.03814,224908
1087,1,-1.492,164,0,1,0,0.1,0.17043,29.0879,225073
1088,1,-1.2,400,0,0,1,0.1,0.177419,29.01896,225473
1089,1,-1.366,122,0,1,0,0.1,0.176333,29.02837,225596
1090,1,-1.2,400,0,0,1,0.1,0.17696,29.0659,225996
1091,1,-1.069,23,0,1,0,0.1,0.157653,29.19162,226020
1092,1,-2.05,350,0,1,0,0.1,0.162703,29.00029,226371
1093,1,-2.137,379,0,1,0,0.1,0.172162,29.08425,226751
1094,1,-1.426,142,0,1,0,0.1,0.158644,29.10197,226894
1095,1,-1.21,70,0,1,0,0.1,0.105324,29.05711,226965
1096,1,-1.2,400,0,0,1,0.1,0.155865,29.06403,227365
1097,1,-1.456,152,0,1,0,0.1,0.187079,29.09293,227518
1098,1,-1.096,32,0,1,0,0.1,0.129506,29.15201,227551
1099,1,-1.828,276,0,1,0,0.1,0.168547,29.13339,227828
1100,1,-1.318,106,0,1,0,0.1,0.146994,29.17299,227935
1101,1,-1.426,142,0,1,0,0.1,0.168086,29.15715,228078
1102,1,-1.489,163,0,1,0,0.1,0.191687,29.09413,228242
1103,1,-1.231,77,0,1,0,0.1,0.199413,29.14251,228320
1104,1,-1.189,63,0,1,0,0.1,0.18061,29.27229,228384
1105,1,-1.435,145,0,1,0,0.1,0.169319,29.24958,228530
1106,1,-1.63,210,0,1,0,0.1,0.152595,29.18825,228741
1107,1,-1.258,86,0,1,0,0.1,0.173756,29.1504,228828
1108,1,-1.12,40,0,1,0,0.1,0.151356,29.20913,228869
1109,1,-2.149,383,0,1,0,0.1,0.162635,29.21935,229253
1110,1,-1.123,41,0,1,0,0.1,0.182799,29.36534,229295
1111,1,-1.237,79,0,1,0,0.1,0.176676,29.25073,229375
1112,1,-1.063,21,0,1,0,0.1,0.153251,29.33159,229397
1113,1,-1.438,146,0,1,0,0.1,0.171615,29.29763,229544
1114,1,-1.051,17,0,1,0,0.1,0.300903,29.27985,229562
1115,1,-1.084,28,0,1,0,0.1,0.146935,29.35875,229591
1116,1,-1.441,147,0,1,0,0.1,0.170317,29.286,229739
1117,1,-1.426,142,0,1,0,0.1,0.152917,29.32814,229882
1118,1,-1.444,148,0,1,0,0.1,0.162087,29.31753,230031
1119,1,-1.15,50,0,1,0,0.1,0.174108,29.27681,230082
1120,1,-1.2,400,0,0,1,0.1,0.168143,29.36119,230482
1121,1,-1.19798,400,0,0,1,0.1,0.173178,29.36605,230882
1122,1,-1.19763,400,0,0,1,0.1,0.164894,29.42369,231282
1123,1,-1.19693,400,0,0,1,0.1,0.161567,29.4235,231682
1124,1,-1.19643,400,0,0,1,0.1,0.170689,29.42413,232082
1125,1,-1.3,100,0,1,0,0.1,0.14489,29.41243,232183
1126,1,-1.2,400,0,0,1,0.1,0.175173,29.33931,232583
1127,1,-1.2,400,0,0,1,0.1,0.162899,29.27733,232983
1128,1,-1.2,400,0,0,1,0.1,0.164157,29.14689,233383
1129,1,-1.2,400,0,0,1,0.1,0.149622,28.98202,233783
1130,1,-1.2,400,0,0,1,0.1,0.154913,28.81303,234183
1131,1,-1.2,400,0,0,1,0.1,0.135477,28.61938,234583
1132,1,-1.2,400,0,0,1,0.1,0.143504,28.42984,234983
1133,1,-1.2,400,0,0,1,0.1,0.149676,28.20377,235383
1134,1,-1.2,400,0,0,1,0.1,0.145535,27.97926,235783
1135,1,-1.2,400,0,0,1,0.1,0.140407,27.74552,236183
1136,1,-1.2,400,0,0,1,0.1,0.134291,27.51149,236583
1137,1,-1.2,400,0,0,1,0.1,0.130479,27.24909,236983
1138,1,-1.2,400,0,0,1,0.1,0.131106,27.03664,237383
1139,1,-1.2,400,0,0,1,0.1,0.146768,26.79984,237783
1140,1,-1.2,400,0,0,1,0.1,0.128474,26.58832,238183
1141,1,-1.2,400,0,0,1,0.1,0.136936,26.40613,238583
1142,1,-1.2,400,0,0,1,0.1,0.118227,26.21138,238983
1143,1,-1.2,400,0,0,1,0.1,0.125138,26.01839,239383
1144,1,-1.354,118,0,1,0,0.1,0.140518,25.91493,239502
1145,1,-1.213,71,0,1,0,0.1,0.140813,25.85541,239574
1146,1,-1.51,170,0,1,0,0.1,0.130821,25.86185,239745
1147,1,-1.132,44,0,1,0,0.1,0.133687,25.74733,239790
1148,1,-1.066,22,0,1,0,0.1,0.162376,25.76736,239813
1149,1,-1.279,93,0,1,0,0.1,0.131029,25.72765,239907
1150,1,-1.219,73,0,1,0,0.1,0.121643,25.72313,239981
1151,1,-1.135,45,0,1,0,0.1,0.13182,25.68056,240027
1152,1,-1.228,76,0,1,0,0.1,0.140807,25.65655,240104
1153,1,-1.198,66,0,1,0,0.1,0.121956,25.64835,240171
1154,1,-1.303,101,0,1,0,0.1,0.14661,25.60179,240273
1155,1,-1.456,152,0,1,0,0.1,0.127824,25.63696,240426
1156,1,-1.39,130,0,1,0,0.1,0.118665,25.57932,240557
1157,1,-1.192,64,0,1,0,0.1,0.098044,25.5577,240622
1158,1,-1.663,221,0,1,0,0.1,0.134108,25.50743,240844
1159,1,-1.489,163,0,1,0,0.1,0.145462,25.47058,241008
1160,1,-1.2,400,0,0,1,0.1,0.117742,25.4158,241408
1161,1,-1.312,104,0,1,0,0.1,0.146361,25.36662,241513
1162,1,-1.057,19,0,1,0,0.1,0.159564,25.49455,241533
1163,1,-1.2,400,0,0,1,0.1,0.140744,25.39294,241933
1164,1,-1.411,137,0,1,0,0.1,0.13735,25.30428,242071
1165,1,-1.19953,400,0,0,1,0.1,0.139974,25.33641,242471
1166,1,-1.33,110,0,1,0,0.1,0.168065,25.24993,242582
1167,1,-1.327,109,0,1,0,0.1,0.113094,25.29139,242692
1168,1,-1.468,156,0,1,0,0.1,0.1479,25.27857,242849
1169,1,-1.381,127,0,1,0,0.1,0.120273,25.25558,242977
1170,1,-1.27,90,0,1,0,0.1,0.128511,25.29019,243068
1171,1,-1.201,67,0,1,0,0.1,0.126702,25.26821,243136
1172,1,-1.2,400,0,0,1,0.1,0.131302,25.32796,243536
1173,1,-1.2,400,0,0,1,0.1,0.129246,25.57948,243936
1174,1,-1.129,43,0,1,0,0.1,0.170276,25.68771,243980
1175,1,-1.2,400,0,0,1,0.1,0.1336,25.7061,244380
1176,1,-1.2,400,0,0,1,0.1,0.141075,25.87473,244780
1177,1,-1.2,400,0,0,1,0.1,0.13976,26.0873,245180
1178,1,-1.2,400,0,0,1,0.1,0.131672,26.19831,245580
1179,1,-1.2,400,0,0,1,0.1,0.143198,26.34221,245980
1180,1,-1.2,400,0,0,1,0.1,0.14543,26.50662,246380
1181,1,-1.2,400,0,0,1,0.1,0.134634,26.70646,246780
1182,1,-1.2,400,0,0,1,0.1,0.133546,26.81509,247180
1183,1,-1.2,400,0,0,1,0.1,0.145045,27.00936,247580
1184,1,-1.2,400,0,0,1,0.1,0.137673,27.15981,247980
1185,1,-1.2,400,0,0,1,0.1,0.15141,27.38884,248380
1186,1,-1.2,400,0,0,1,0.1,0.143471,27.49108,248780
1187,1,-1.2,400,0,0,1,0.1,0.142713,27.75611,249180
1188,1,-1.2,400,0,0,1,0.1,0.130201,27.97672,249580
1189,1,-1.2,400,0,0,1,0.1,0.133301,28.18501,249980
1190,1,-1.2,400,0,0,1,0.1,0.132487,28.39223,250380
1191,1,-1.2,400,0,0,1,0.1,0.132866,28.62221,250780
1192,1,-1.549,183,0,1,0,0.1,0.154623,28.76121,250964
1193,1,-1.2,400,0,0,1,0.1,0.154453,28.98858,251364
1194,1,-1.162,54,0,1,0,0.1,0.155551,28.961,251419
1195,1,-1.2,400,0,0,1,0.1,0.143022,29.09539,251819
1196,1,-1.19888,400,0,0,1,0.1,0.15753,29.31427,252219
1197,1,-1.19423,400,0,0,1,0.1,0.132884,29.34942,252619
1198,1,-1.1976,400,0,0,1,0.1,0.146408,29.39511,253019
1199,1,-1.19731,400,0,0,1,0.1,0.124458,29.45863,253419
1200,1,-1.294,98,0,1,0,0.1,0.131219,29.50199,253518
1201,1,-1.19721,400,0,0,1,0.1,0.127145,29.45463,253918
1202,1,-1.2,400,0,0,1,0.1,0.13063,29.4513,254318
1203,1,-1.156,52,0,1,0,0.1,0.163535,29.44901,254371
1204,1,-1.774,258,0,1,0,0.1,0.133024,29.39718,254630
1205,1,-1.177,59,0,1,0,0.1,0.149874,29.33832,254690
1206,1,-1.2,400,0,0,1,0.1,0.140057,29.28725,255090
1207,1,-1.318,106,0,1,0,0.1,0.103568,29.26327,255197
1208,1,-1.2,400,0,0,1,0.1,0.137395,29.15367,255597
1209,1,-1.096,32,0,1,0,0.1,0.185269,29.08166,255630
1210,1,-1.2,400,0,0,1,0.1,0.137423,28.99115,256030
1211,1,-1.2,400,0,0,1,0.1,0.139482,28.80423,256430
1212,1,-1.834,278,0,1,0,0.1,0.130133,28.66209,256709
1213,1,-1.048,16,0,1,0,0.1,0.21035,28.50971,256726
1214,1,-1.825,275,0,1,0,0.1,0.132386,28.53909,257002
1215,1,-1.19927,400,0,0,1,0.1,0.119656,28.37019,257402
1216,1,9.49314,171,1,0,0,0.1,0.140779,28.25471,257574
1217,1,-1.06,20,0,1,0,0.1,0.15257,28.22858,257595
1218,1,-1.072,24,0,1,0,0.1,0.132218,28.11228,257620
1219,1,-1.2,400,0,0,1,0.1,0.118313,28.05821,258020
1220,1,-1.2,400,0,0,1,0.1,0.12083,27.85693,258420
1221,1,-1.2,400,0,0,1,0.1,0.121556,27.61859,258820
1222,1,-2.122,374,0,1,0,0.1,0.115238,27.36875,259195
1223,1,-1.042,14,0,1,0,0.1,0.16553,27.21265,259210
1224,1,-1.192,64,0,1,0,0.1,0.12378,27.2378,259275
1225,1,-1.057,19,0,1,0,0.1,0.157143,27.14822,259295
1226,1,-1.714,238,0,1,0,0.1,0.126783,27.11867,259534
1227,1,-2.164,388,0,1,0,0.1,0.12998,26.87576,259923
1228,1,-1.2,400,0,0,1,0.1,0.113875,26.58824,260323
1229,1,-1.2,400,0,0,1,0.1,0.127048,26.25641,260723
1230,1,-1.2,400,0,0,1,0.1,0.104599,25.9349,261123
1231,1,-1.327,109,0,1,0,0.1,0.126887,25.71614,261233
1232,1,-1.807,269,0,1,0,0.1,0.105081,25.58676,261503
1233,1,-1.606,202,0,1,0,0.1,0.112465,25.36937,261706
1234,1,-1.2,400,0,0,1,0.1,0.113901,25.10933,262106
1235,1,-1.921,307,0,1,0,0.1,0.111422,24.76924,262414
1236,1,-1.213,71,0,1,0,0.1,0.084378,24.64139,262486
1237,1,-1.2,400,0,0,1,0.1,0.111985,24.43951,262886
1238,1,-1.828,276,0,1,0,0.1,0.103176,24.13982,263163
1239,1,-1.78,260,0,1,0,0.1,0.105897,23.92883,263424
1240,1,-1.423,141,0,1,0,0.1,0.074393,23.7647,263566
1241,1,-1.129,43,0,1,0,0.1,0.122289,23.62579,263610
1242,1,-1.126,42,0,1,0,0.1,0.101232,23.61764,263653
1243,1,-1.306,102,0,1,0,0.1,0.105994,23.59199,263756
1244,1,-1.585,195,0,1,0,0.1,0.105312,23.46958,263952
1245,1,-1.219,73,0,1,0,0.1,0.112022,23.33417,264026
1246,1,-1.642,214,0,1,0,0.1,0.103448,23.20657,264241
1247,1,-1.177,59,0,1,0,0.1,0.120686,23.08708,264301
1248,1,-1.441,147,0,1,0,0.1,0.109813,23.04065,264449
1249,1,9.32149,228,1,0,0,0.1,0.095657,22.88927,264678
1250,1,-1.18,60,0,1,0,0.1,0.142055,22.79172,264739
1251,1,-1.324,108,0,1,0,0.1,0.112542,22.72027,264848
1252,1,-1.525,175,0,1,0,0.1,0.09401,22.60306,265024
1253,1,-1.234,78,0,1,0,0.1,0.071783,22.51422,265103
1254,1,-1.234,78,0,1,0,0.1,0.096289,22.46362,265182
1255,1,-1.126,42,0,1,0,0.1,0.09341,22.45207,265225
1256,1,-1.15,50,0,1,0,0.1,0.103604,22.37653,265276
1257,1,-1.36,120,0,1,0,0.1,0.092401,22.30889,265397
1258,1,-1.129,43,0,1,0,0.1,0.110321,22.21573,265441
1259,1,-1.219,73,0,1,0,0.1,0.10725,22.26717,265515
1260,1,-1.381,127,0,1,0,0.1,0.090721,22.14495,265643
1261,1,-1.324,108,0,1,0,0.1,0.095915,22.11854,265752
1262,1,-1.18,60,0,1,0,0.1,0.082956,22.07591,265813
1263,1,-1.141,47,0,1,0,0.1,0.111701,22.01123,265861
1264,1,-1.177,59,0,1,0,0.1,0.079156,21.97925,265921
1265,1,-1.165,55,0,1,0,0.1,0.101343,21.88865,265977
1266,1,-1.435,145,0,1,0,0.1,0.111938,21.87872,266123
1267,1,-1.198,66,0,1,0,0.1,0.0949,21.80536,266190
1268,1,-1.156,52,0,1,0,0.1,0.077394,21.78433,266243
1269,1,-1.198,66,0,1,0,0.1,0.099882,21.77849,266310
1270,1,-1.159,53,0,1,0,0.1,0.117346,21.72403,266364
1271,1,-1.237,79,0,1,0,0.1,0.135999,21.68218,266444
1272,1,9.67264,111,1,0,0,0.1,0.110971,21.66667,266556
1273,1,9.73281,91,1,0,0,0.1,0.106343,21.60855,266648
1274,1,9.72138,95,1,0,0,0.1,0.099246,21.51626,266744
1275,1,9.71239,98,1,0,0,0.1,0.105791,21.53026,266843
1276,1,9.53764,156,1,0,0,0.1,0.109304,21.48048,267000
1277,1,9.75634,83,1,0,0,0.1,0.095124,21.43515,267084
1278,1,9.72412,94,1,0,0,0.1,0.099119,21.44394,267179
1279,1,9.71192,98,1,0,0,0.1,0.102516,21.37463,267278
1280,1,9.77138,78,1,0,0,0.1,0.110355,21.35232,267357
1281,1,9.78056,75,1,0,0,0.1,0.091302,21.32515,267433
1282,1,9.80177,68,1,0,0,0.1,0.107216,21.34646,267502
1283,1,9.61392,131,1,0,0,0.1,0.083704,21.29245,267634
1284,1,9.75108,85,1,0,0,0.1,0.101718,21.26128,267720
1285,1,9.76291,81,1,0,0,0.1,0.09329,21.23149,267802
1286,1,9.75343,84,1,0,0,0.1,0.08091,21.2673,267887
1287,1,9.77186,78,1,0,0,0.1,0.086075,21.22847,267966
1288,1,9.61563,130,1,0,0,0.1,0.113877,21.22971,268097
1289,1,9.68469,107,1,0,0,0.1,0.087089,21.19888,268205
1290,1,9.61944,129,1,0,0,0.1,0.104967,21.21046,268335
1291,1,9.40606,200,1,0,0,0.1,0.082044,21.17077,268536
1292,1,9.74211,88,1,0,0,0.1,0.090111,21.16338,268625
1293,1,9.42535,194,1,0,0,0.1,0.094512,21.13722,268820
1294,1,9.05859,317,1,0,0,0.1,0.101766,21.151,269138
1295,1,-1.19206,400,0,0,1,0.1,0.093945,21.16155,269538
1296,1,9.65484,117,1,0,0,0.1,0.092782,21.22513,269656
1297,1,-1.19129,400,0,0,1,0.1,0.090973,21.2499,270056
1298,1,-1.18925,400,0,0,1,0.1,0.091733,21.31924,270456
1299,1,-1.19195,400,0,0,1,0.1,0.100931,21.41029,270856
1300,1,-1.19173,400,0,0,1,0.1,0.090033,21.50941,271256
1301,1,-1.19005,400,0,0,1,0.1,0.093023,21.55675,271656
1302,1,-1.18379,400,0,0,1,0.1,0.086387,21.61796,272056
1303,1,-1.18732,400,0,0,1,0.1,0.105101,21.71048,272456
1304,1,-1.18947,400,0,0,1,0.1,0.094757,21.74287,272856
1305,1,-1.18729,400,0,0,1,0.1,0.085701,21.77121,273256
1306,1,-1.18479,400,0,0,1,0.1,0.101839,21.80887,273656
1307,1,-1.06,20,0,1,0,0.1,0.083875,21.81158,273677
1308,1,-1.165,55,0,1,0,0.1,0.078139,21.80644,273733
1309,1,-1.77529,262,0,1,0,0.1,0.092247,21.8201,273996
1310,1,-1.20487,69,0,1,0,0.1,0.088976,21.8406,274066
1311,1,-1.20588,69,0,1,0,0.1,0.099685,21.75956,274136
1312,1,-1.19964,400,0,0,1,0.1,0.097409,21.76614,274536
1313,1,9.81327,64,1,0,0,0.1,0.076812,21.73423,274601
1314,1,-1.19927,400,0,0,1,0.1,0.088163,21.7077,275001
1315,1,-1.19739,400,0,0,1,0.1,0.080965,21.64846,275401
1316,1,-1.19917,400,0,0,1,0.1,0.094522,21.5781,275801
1317,1,-1.1789,400,0,0,1,0.1,0.090863,21.45419,276201
1318,1,-1.063,21,0,1,0,0.1,0.090922,21.4088,276223
1319,1,-1.19977,400,0,0,1,0.1,0.084836,21.28855,276623
1320,1,-1.138,46,0,1,0,0.1,0.088834,21.26548,276670
1321,1,-1.17754,400,0,0,1,0.1,0.083231,21.11724,277070
1322,1,-1.159,53,0,1,0,0.1,0.077431,21.06182,277124
1323,1,-1.165,55,0,1,0,0.1,0.095153,21.04954,277180
1324,1,-1.132,44,0,1,0,0.1,0.087249,20.99563,277225
1325,1,-1.19047,400,0,0,1,0.1,0.080236,20.88391,277625
1326,1,-1.153,51,0,1,0,0.1,0.065516,20.81199,277677
1327,1,-1.162,54,0,1,0,0.1,0.076941,20.76935,277732
1328,1,-1.129,43,0,1,0,0.1,0.082203,20.74178,277776
1329,1,-1.32416,109,0,1,0,0.1,0.070675,20.72987,277886
1330,1,-1.18,60,0,1,0,0.1,0.071974,20.64124,277947
1331,1,-1.174,58,0,1,0,0.1,0.106392,20.6168,278006
1332,1,-1.177,59,0,1,0,0.1,0.089957,20.62067,278066
1333,1,-1.231,77,0,1,0,0.1,0.104591,20.60447,278144
1334,1,-1.171,57,0,1,0,0.1,0.102741,20.5529,278202
1335,1,-1.165,55,0,1,0,0.1,0.069974,20.53156,278258
1336,1,-1.46505,156,0,1,0,0.1,0.104752,20.43699,278415
1337,1,-1.156,52,0,1,0,0.1,0.07306,20.40563,278468
1338,1,-1.138,46,0,1,0,0.1,0.092249,20.37257,278515
1339,1,-1.22769,76,0,1,0,0.1,0.117182,20.31373,278592
1340,1,-1.15,50,0,1,0,0.1,0.079881,20.25212,278643
1341,1,-1.084,28,0,1,0,0.1,0.094526,20.27828,278672
1342,1,-1.309,103,0,1,0,0.1,0.081822,20.23824,278776
1343,1,-1.168,56,0,1,0,0.1,0.082725,20.2008,278833
1344,1,-1.144,48,0,1,0,0.1,0.0909,20.15972,278882
1345,1,-1.168,56,0,1,0,0.1,0.086641,20.16045,278939
1346,1,-1.285,95,0,1,0,0.1,0.114397,20.11057,279035
1347,1,-1.117,39,0,1,0,0.1,0.066994,20.04424,279075
1348,1,-1.21,70,0,1,0,0.1,0.106847,20.03913,279146
1349,1,-1.192,64,0,1,0,0.1,0.09946,20.02813,279211
1350,1,-1.135,45,0,1,0,0.1,0.088442,19.96796,279257
1351,1,-1.123,41,0,1,0,0.1,0.096318,19.92816,279299
1352,1,-1.156,52,0,1,0,0.1,0.074534,19.90103,279352
1353,1,-1.18,60,0,1,0,0.1,0.076017,19.91629,279413
1354,1,-1.42358,142,0,1,0,0.1,0.079298,19.84662,279556
1355,1,-1.297,99,0,1,0,0.1,0.08977,19.77831,279656
1356,1,-1.333,111,0,1,0,0.1,0.082696,19.72478,279768
1357,1,-1.144,48,0,1,0,0.1,0.098402,19.67383,279817
1358,1,-1.078,26,0,1,0,0.1,0.065331,19.68466,279844
1359,1,-1.2,400,0,0,1,0.1,0.094311,19.52608,280244
1360,1,-1.135,45,0,1,0,0.1,0.096237,19.39978,280290
1361,1,-1.06,20,0,1,0,0.1,0.061513,19.39037,280311
1362,1,-1.15,50,0,1,0,0.1,0.079852,19.37397,280362
1363,1,-1.138,46,0,1,0,0.1,0.07561,19.33425,280409
1364,1,-1.255,85,0,1,0,0.1,0.090832,19.30066,280495
1365,1,-1.153,51,0,1,0,0.1,0.072756,19.26353,280547
1366,1,-1.057,19,0,1,0,0.1,0.07821,19.21988,280567
1367,1,-1.255,85,0,1,0,0.1,0.075052,19.20405,280653
1368,1,-1.219,73,0,1,0,0.1,0.077852,19.16987,280727
1369,1,-1.19774,400,0,0,1,0.1,0.090764,19.03785,281127
1370,1,-1.312,104,0,1,0,0.1,0.083291,18.88536,281232
1371,1,-1.168,56,0,1,0,0.1,0.100139,18.88502,281289
1372,1,-1.2,400,0,0,1,0.1,0.083802,18.73134,281689
1373,1,-1.2,400,0,0,1,0.1,0.082983,18.51024,282089
1374,1,-1.57,190,0,1,0,0.1,0.082791,18.34846,282280
1375,1,-1.2,400,0,0,1,0.1,0.083155,18.18514,282680
1376,1,-1.2,400,0,0,1,0.1,0.071336,17.97028,283080
1377,1,-1.978,326,0,1,0,0.1,0.077628,17.77134,283407
1378,1,-1.2,400,0,0,1,0.1,0.07626,17.57346,283807
1379,1,-1.774,258,0,1,0,0.1,0.074504,17.39386,284066
1380,1,-1.2,400,0,0,1,0.1,0.080377,17.21872,284466
1381,1,-1.2,400,0,0,1,0.1,0.071675,17.00552,284866
1382,1,-1.576,192,0,1,0,0.1,0.07769,16.86521,285059
1383,1,-1.588,196,0,1,0,0.1,0.07117,16.76474,285256
1384,1,-1.2,400,0,0,1,0.1,0.071647,16.61132,285656
1385,1,-1.798,266,0,1,0,0.1,0.073304,16.4448,285923
1386,1,-1.2,400,0,0,1,0.1,0.066631,16.27571,286323
1387,1,-1.063,21,0,1,0,0.1,0.07012,16.14464,286345
1388,1,-1.156,52,0,1,0,0.1,0.066545,16.15063,286398
1389,1,-2.101,367,0,1,0,0.1,0.073834,16.04725,286766
1390,1,-1.066,22,0,1,0,0.1,0.056061,15.95222,286789
1391,1,-1.585,195,0,1,0,0.1,0.073301,15.89836,286985
1392,1,-1.2,400,0,0,1,0.1,0.067449,15.75154,287385
1393,1,-1.2,400,0,0,1,0.1,0.067551,15.56717,287785
1394,1,-1.2,400,0,0,1,0.1,0.065685,15.40434,288185
1395,1,-1.2,400,0,0,1,0.1,0.065661,15.24602,288585
1396,1,-1.2,400,0,0,1,0.1,0.061997,15.10208,288985
1397,1,-1.2,400,0,0,1,0.1,0.07344,14.94408,289385
1398,1,-1.2,400,0,0,1,0.1,0.063489,14.8113,289785
1399,1,-1.2,400,0,0,1,0.1,0.06374,14.6701,290185
1400,1,-1.2,400,0,0,1,0.1,0.06661,14.53066,290585
1401,1,-1.2,400,0,0,1,0.1,0.060813,14.4024,290985
1402,1,-1.2,400,0,0,1,0.1,0.05578,14.2689,291385
1403,1,-1.2,400,0,0,1,0.1,0.052622,14.16082,291785
1404,1,-1.2,400,0,0,1,0.1,0.057775,14.05804,292185
1405,1,-1.2,400,0,0,1,0.1,0.055046,13.93711,292585
1406,1,-1.2,400,0,0,1,0.1,0.055031,13.83161,292985
1407,1,-1.2,400,0,0,1,0.1,0.053763,13.74449,293385
1408,1,-1.2,400,0,0,1,0.1,0.052124,13.65552,293785
1409,1,-1.2,400,0,0,1,0.1,0.05331,13.59877,294185
1410,1,-1.2,400,0,0,1,0.1,0.05417,13.51954,294585
1411,1,-1.2,400,0,0,1,0.1,0.050733,13.49317,294985
1412,1,-1.2,400,0,0,1,0.1,0.050969,13.45825,295385
1413,1,-1.2,400,0,0,1,0.1,0.049875,13.417,295785
1414,1,-1.2,400,0,0,1,0.1,0.054324,13.40501,296185
1415,1,-1.2,400,0,0,1,0.1,0.052706,13.3807,296585
1416,1,-1.2,400,0,0,1,0.1,0.049975,13.36885,296985
1417,1,-1.2,400,0,0,1,0.1,0.055876,13.34366,297385
1418,1,-1.2,400,0,0,1,0.1,0.059978,13.33415,297785
1419,1,-1.2,400,0,0,1,0.1,0.055274,13.33992,298185
1420,1,-1.2,400,0,0,1,0.1,0.052693,13.31707,298585
1421,1,-1.2,400,0,0,1,0.1,0.05911,13.3091,298985
1422,1,-1.2,400,0,0,1,0.1,0.056503,13.27443,299385
1423,1,-1.2,400,0,0,1,0.1,0.055939,13.25324,299785
1424,1,-1.2,400,0,0,1,0.1,0.057465,13.23157,300185
1425,1,-1.207,69,0,1,0,0.1,0.052886,13.16141,300255
1426,1,8.96476,347,1,0,0,0.1,0.05288,13.18626,300603
1427,1,-1.2,400,0,0,1,0.1,0.051119,13.16717,301003
1428,1,-1.1957,400,0,0,1,0.1,0.053238,13.15661,301403
1429,1,-1.2,400,0,0,1,0.1,0.053349,13.10727,301803
1430,1,-1.2,400,0,0,1,0.1,0.054169,13.08361,302203
1431,1,-1.2,400,0,0,1,0.1,0.053133,13.02453,302603
1432,1,-1.369,123,0,1,0,0.1,0.04838,12.97537,302727
1433,1,-1.126,42,0,1,0,0.1,0.057455,12.96342,302770
1434,1,-1.165,55,0,1,0,0.1,0.052875,12.97913,302826
1435,1,-1.201,67,0,1,0,0.1,0.05045,12.95654,302894
1436,1,-1.069,23,0,1,0,0.1,0.060096,12.94025,302918
1437,1,-1.579,193,0,1,0,0.1,0.05076,12.92458,303112
1438,1,-1.2,400,0,0,1,0.1,0.059155,12.86125,303512
1439,1,-1.2,400,0,0,1,0.1,0.053219,12.8159,303912
1440,1,-1.2,400,0,0,1,0.1,0.050686,12.74917,304312
1441,1,-1.19896,400,0,0,1,0.1,0.049625,12.69491,304712
1442,1,-1.19789,400,0,0,1,0.1,0.046972,12.61125,305112
1443,1,-1.19698,400,0,0,1,0.1,0.047986,12.53232,305512
1444,1,-1.19428,400,0,0,1,0.1,0.049034,12.43395,305912
1445,1,-1.19594,400,0,0,1,0.1,0.047594,12.33694,306312
1446,1,-1.1942,400,0,0,1,0.1,0.050562,12.22783,306712
1447,1,-1.40767,136,0,1,0,0.1,0.048988,12.15176,306849
1448,1,-1.174,58,0,1,0,0.1,0.063761,12.0922,306908
1449,1,-1.1913,400,0,0,1,0.1,0.047705,12.056,307308
1450,1,-1.36785,123,0,1,0,0.1,0.051473,11.96643,307432
1451,1,-1.41371,138,0,1,0,0.1,0.043037,11.94236,307571
1452,1,-1.19417,400,0,0,1,0.1,0.044636,11.85069,307971
1453,1,-1.19998,400,0,0,1,0.1,0.043819,11.7267,308371
1454,1,9.29139,239,1,0,0,0.1,0.038156,11.61865,308611
1455,1,-1.144,48,0,1,0,0.1,0.052015,11.59711,308660
1456,1,9.65771,116,1,0,0,0.1,0.045299,11.5518,308777
1457,1,9.38516,207,1,0,0,0.1,0.041808,11.49725,308985
1458,1,-1.19834,400,0,0,1,0.1,0.052392,11.39706,309385
1459,1,-1.2,400,0,0,1,0.1,0.041264,11.25632,309785
1460,1,-1.075,25,0,1,0,0.1,0.029352,11.18458,309811
1461,1,-1.2,400,0,0,1,0.1,0.041366,11.12612,310211
1462,1,-1.2,400,0,0,1,0.1,0.044595,11.00495,310611
1463,1,-1.366,122,0,1,0,0.1,0.046678,10.91376,310734
1464,1,-1.19838,400,0,0,1,0.1,0.043334,10.85738,311134
1465,1,-1.744,248,0,1,0,0.1,0.042645,10.75347,311383
1466,1,-1.19517,400,0,0,1,0.1,0.041694,10.67116,311783
1467,1,-1.471,157,0,1,0,0.1,0.042725,10.58656,311941
1468,1,-1.3831,128,0,1,0,0.1,0.040551,10.53007,312070
1469,1,-1.89926,300,0,1,0,0.1,0.042192,10.4756,312371
1470,1,-1.2,400,0,0,1,0.1,0.041924,10.39544,312771
1471,1,-1.438,146,0,1,0,0.1,0.043311,10.33155,312918
1472,1,-2.113,371,0,1,0,0.1,0.036352,10.26472,313290
1473,1,-1.2,400,0,0,1,0.1,0.035752,10.17291,313690
1474,1,-1.729,243,0,1,0,0.1,0.03558,10.11841,313934
1475,1,-1.072,24,0,1,0,0.1,0.031791,10.08691,313959
1476,1,-1.327,109,0,1,0,0.1,0.039943,10.07139,314069
1477,1,-1.2,400,0,0,1,0.1,0.03772,10.0236,314469
1478,1,-1.19611,400,0,0,1,0.1,0.040136,9.94709,314869
1479,1,-1.2,400,0,0,1,0.1,0.037296,9.88396,315269
1480,1,-1.2,400,0,0,1,0.1,0.038031,9.81124,315669
1481,1,-1.2,400,0,0,1,0.1,0.037274,9.75041,316069
1482,1,-1.2,400,0,0,1,0.1,0.0313,9.70326,316469
1483,1,-1.2,400,0,0,1,0.1,0.038097,9.65717,316869
1484,1,-1.2,400,0,0,1,0.1,0.035994,9.61816,317269
1485,1,-1.2,400,0,0,1,0.1,0.037042,9.60143,317669
1486,1,-1.2,400,0,0,1,0.1,0.032878,9.57318,318069
1487,1,-1.2,400,0,0,1,0.1,0.034774,9.54111,318469
1488,1,-1.2,400,0,0,1,0.1,0.032964,9.51087,318869
1489,1,-1.2,400,0,0,1,0.1,0.034429,9.47466,319269
1490,1,-1.2,400,0,0,1,0.1,0.040271,9.43825,319669
1491,1,-1.2,400,0,0,1,0.1,0.038658,9.39728,320069
1492,1,-1.2,400,0,0,1,0.1,0.035062,9.35697,320469
1493,1,-1.2,400,0,0,1,0.1,0.035419,9.31167,320869
1494,1,-1.2,400,0,0,1,0.1,0.035136,9.26727,321269
1495,1,-1.2,400,0,0,1,0.1,0.03544,9.21331,321669
1496,1,-1.2,400,0,0,1,0.1,0.035921,9.17292,322069
1497,1,-1.2,400,0,0,1,0.1,0.033321,9.12045,322469
1498,1,-1.2,400,0,0,1,0.1,0.03288,9.07101,322869
1499,1,-1.2,400,0,0,1,0.1,0.035606,9.03295,323269
1500,1,-1.2,400,0,0,1,0.1,0.030705,9.00536,323669
1501,1,-1.2,400,0,0,1,0.1,0.032433,8.98592,324069
1502,1,-2.191,397,0,1,0,0.1,0.03053,8.96773,324467
1503,1,-1.822,274,0,1,0,0.1,0.030173,8.95479,324742
1504,1,-1.252,84,0,1,0,0.1,0.032778,8.93868,324827
1505,1,-1.321,107,0,1,0,0.1,0.028827,8.95116,324935
1506,1,-1.3,100,0,1,0,0.1,0.028201,8.94052,325036
1507,1,-1.924,308,0,1,0,0.1,0.030165,8.92442,325345
1508,1,-1.15,50,0,1,0,0.1,0.036123,8.93763,325396
1509,1,-1.2,400,0,0,1,0.1,0.033568,8.90331,325796
1510,1,-1.2,400,0,0,1,0.1,0.033893,8.87033,326196
1511,1,-1.2,400,0,0,1,0.1,0.034827,8.86981,326596
1512,1,-1.2,400,0,0,1,0.1,0.031282,8.87614,326996
1513,1,-1.09,30,0,1,0,0.1,0.028938,8.89555,327027
1514,1,-1.072,24,0,1,0,0.1,0.029518,8.87082,327052
1515,1,-1.084,28,0,1,0,0.1,0.043768,8.85566,327081
1516,1,-1.087,29,0,1,0,0.1,0.035986,8.9006,327111
1517,1,-1.069,23,0,1,0,0.1,0.035321,8.88286,327135
1518,1,-1.09,30,0,1,0,0.1,0.038607,8.85328,327166
1519,1,-1.144,48,0,1,0,0.1,0.040161,8.89281,327215
1520,1,-1.2,400,0,0,1,0.1,0.038635,8.86585,327615
1521,1,-1.147,49,0,1,0,0.1,0.025653,8.87886,327665
1522,1,-1.2,400,0,0,1,0.1,0.035214,8.86845,328065
1523,1,-1.2,400,0,0,1,0.1,0.0304,8.87161,328465
1524,1,-1.144,48,0,1,0,0.1,0.030886,8.88719,328514
1525,1,-1.252,84,0,1,0,0.1,0.033956,8.87094,328599
1526,1,-1.204,68,0,1,0,0.1,0.023806,8.86387,328668
1527,1,-1.048,16,0,1,0,0.1,0.024871,8.8561,328685
1528,1,-1.219,73,0,1,0,0.1,0.033518,8.87857,328759
1529,1,-1.09,30,0,1,0,0.1,0.030228,8.88428,328790
1530,1,-1.126,42,0,1,0,0.1,0.031263,8.86819,328833
1531,1,-1.123,41,0,1,0,0.1,0.029688,8.86936,328875
1532,1,-1.2,400,0,0,1,0.1,0.027138,8.87243,329275
1533,1,-1.255,85,0,1,0,0.1,0.027242,8.86063,329361
1534,1,-1.2,400,0,0,1,0.1,0.031023,8.86812,329761
1535,1,-1.168,56,0,1,0,0.1,0.02338,8.8772,329818
1536,1,-1.234,78,0,1,0,0.1,0.030957,8.88467,329897
1537,1,-1.2,400,0,0,1,0.1,0.033725,8.86568,330297
1538,1,-1.2,400,0,0,1,0.1,0.028349,8.86286,330697
1539,1,-1.2,400,0,0,1,0.1,0.028394,8.85886,331097
1540,1,-1.2,400,0,0,1,0.1,0.030884,8.85907,331497
1541,1,-1.2,400,0,0,1,0.1,0.027548,8.84998,331897
1542,1,-1.2,400,0,0,1,0.1,0.032217,8.85029,332297
1543,1,-1.2,400,0,0,1,0.1,0.027245,8.84545,332697
1544,1,-1.2,400,0,0,1,0.1,0.029749,8.84756,333097
1545,1,-1.2,400,0,0,1,0.1,0.030498,8.84758,333497
1546,1,-1.2,400,0,0,1,0.1,0.030234,8.86942,333897
1547,1,-1.19682,400,0,0,1,0.1,0.029088,8.88575,334297
1548,1,-1.2,400,0,0,1,0.1,0.028632,8.91462,334697
1549,1,-1.2,400,0,0,1,0.1,0.032978,8.95883,335097
1550,1,-1.2,400,0,0,1,0.1,0.030899,9.00481,335497
1551,1,-1.2,400,0,0,1,0.1,0.027787,9.06114,335897
1552,1,-1.2,400,0,0,1,0.1,0.031194,9.11549,336297
1553,1,-1.2,400,0,0,1,0.1,0.030045,9.16563,336697
1554,1,-1.2,400,0,0,1,0.1,0.030581,9.23216,337097
1555,1,-1.2,400,0,0,1,0.1,0.030433,9.30237,337497
1556,1,-1.2,400,0,0,1,0.1,0.029435,9.33922,337897
1557,1,-1.2,400,0,0,1,0.1,0.032659,9.35556,338297
1558,1,-1.2,400,0,0,1,0.1,0.028848,9.37363,338697
1559,1,-1.2,400,0,0,1,0.1,0.029826,9.38194,339097
1560,1,-1.2,400,0,0,1,0.1,0.029618,9.3844,339497
1561,1,-1.048,16,0,1,0,0.1,0.021126,9.37588,339514
1562,1,-1.054,18,0,1,0,0.1,0.034423,9.38447,339533
1563,1,-1.048,16,0,1,0,0.1,0.038869,9.40445,339550
1564,1,-1.2,400,0,0,1,0.1,0.030593,9.39054,339950
1565,1,-1.2,400,0,0,1,0.1,0.030924,9.39581,340350
1566,1,-1.15,50,0,1,0,0.1,0.029117,9.38024,340401
1567,1,-1.06,20,0,1,0,0.1,0.02603,9.39121,340422
1568,1,-1.189,63,0,1,0,0.1,0.031139,9.39201,340486
1569,1,-1.126,42,0,1,0,0.1,0.023548,9.34559,340529
1570,1,-1.06,20,0,1,0,0.1,0.035782,9.37047,340550
1571,1,-1.051,17,0,1,0,0.1,0.036278,9.33713,340568
1572,1,-1.069,23,0,1,0,0.1,0.033695,9.36891,340592
1573,1,-1.054,18,0,1,0,0.1,0.043993,9.40149,340611
1574,1,-1.063,21,0,1,0,0.1,0.027779,9.32002,340633
1575,1,-1.2,400,0,0,1,0.1,0.032688,9.34616,341033
1576,1,-1.363,121,0,1,0,0.1,0.034807,9.35094,341155
1577,1,-1.075,25,0,1,0,0.1,0.040043,9.33448,341181
1578,1,-1.045,15,0,1,0,0.1,0.041277,9.35985,341197
1579,1,-1.054,18,0,1,0,0.1,0.032293,9.28537,341216
1580,1,-1.039,13,0,1,0,0.1,0.023851,9.34042,341230
1581,1,-1.045,15,0,1,0,0.1,0.037652,9.32431,341246
1582,1,-1.102,34,0,1,0,0.1,0.033308,9.34,341281
1583,1,-1.12,40,0,1,0,0.1,0.029313,9.345,341322
1584,1,-1.063,21,0,1,0,0.1,0.024001,9.34118,341344
1585,1,-1.2,400,0,0,1,0.1,0.02957,9.28345,341744
1586,1,-1.2,400,0,0,1,0.1,0.033211,9.27189,342144
1587,1,-1.06,20,0,1,0,0.1,0.027892,9.28947,342165
1588,1,-1.2,400,0,0,1,0.1,0.033691,9.24259,342565
1589,1,-1.2,400,0,0,1,0.1,0.035698,9.22295,342965
1590,1,-1.2,400,0,0,1,0.1,0.03668,9.18875,343365
1591,1,-1.375,125,0,1,0,0.1,0.033282,9.17529,343491
1592,1,-1.348,116,0,1,0,0.1,0.032609,9.18202,343608
1593,1,-1.2,400,0,0,1,0.1,0.030662,9.15485,344008
1594,1,-1.2,400,0,0,1,0.1,0.031467,9.1342,344408
1595,1,-1.348,116,0,1,0,0.1,0.027844,9.14792,344525
1596,1,-1.2,400,0,0,1,0.1,0.034714,9.11591,344925
1597,1,-1.2,400,0,0,1,0.1,0.035031,9.11971,345325
1598,1,-1.2,400,0,0,1,0.1,0.035202,9.12492,345725
1599,1,-1.2,400,0,0,1,0.1,0.03315,9.12446,346125
1600,1,-1.2,400,0,0,1,0.1,0.0371,9.12586,346525
1601,1,-1.2,400,0,0,1,0.1,0.034492,9.14214,346925
1602,1,-1.2,400,0,0,1,0.1,0.034662,9.18458,347325
1603,1,-1.2,400,0,0,1,0.1,0.035619,9.24421,347725
1604,1,-1.2,400,0,0,1,0.1,0.034655,9.28781,348125
1605,1,-1.2,400,0,0,1,0.1,0.03542,9.35788,348525
1606,1,-1.2,400,0,0,1,0.1,0.034076,9.43959,348925
1607,1,-1.2,400,0,0,1,0.1,0.042402,9.53383,349325
1608,1,-1.2,400,0,0,1,0.1,0.034812,9.61127,349725
1609,1,-1.2,400,0,0,1,0.1,0.041405,9.67899,350125
1610,1,-1.2,400,0,0,1,0.1,0.033938,9.76066,350525
1611,1,-1.2,400,0,0,1,0.1,0.040639,9.81064,350925
1612,1,-1.2,400,0,0,1,0.1,0.035584,9.86554,351325
1613,1,-1.2,400,0,0,1,0.1,0.038051,9.92421,351725
1614,1,-1.2,400,0,0,1,0.1,0.035615,9.9744,352125
1615,1,-1.2,400,0,0,1,0.1,0.039287,9.99438,352525
1616,1,-1.2,400,0,0,1,0.1,0.031878,10.06624,352925
1617,1,-1.2,400,0,0,1,0.1,0.033225,10.08202,353325
1618,1,-1.2,400,0,0,1,0.1,0.028599,10.0949,353725
1619,1,-1.2,400,0,0,1,0.1,0.033968,10.10521,354125
1620,1,-1.2,400,0,0,1,0.1,0.032863,10.09427,354525
1621,1,-1.2,400,0,0,1,0.1,0.030431,10.09515,354925
1622,1,-1.2,400,0,0,1,0.1,0.030107,10.07608,355325
1623,1,-1.2,400,0,0,1,0.1,0.035445,10.07146,355725
1624,1,-1.2,400,0,0,1,0.1,0.031954,10.06515,356125
1625,1,-1.2,400,0,0,1,0.1,0.030907,10.05189,356525
1626,1,-1.2,400,0,0,1,0.1,0.031771,10.0355,356925
1627,1,-1.2,400,0,0,1,0.1,0.031562,10.03379,357325
1628,1,-1.2,400,0,0,1,0.1,0.033317,10.0296,357725
1629,1,-1.2,400,0,0,1,0.1,0.034094,10.04055,358125
1630,1,-1.2,400,0,0,1,0.1,0.03071,10.07066,358525
1631,1,-1.2,400,0,0,1,0.1,0.036143,10.09565,358925
1632,1,-1.2,400,0,0,1,0.1,0.037415,10.13712,359325
1633,1,-1.978,326,0,1,0,0.1,0.030106,10.17406,359652
1634,1,-1.2,400,0,0,1,0.1,0.037291,10.26448,360052
1635,1,-1.132,44,0,1,0,0.1,0.040141,10.27471,360097
1636,1,-1.747,249,0,1,0,0.1,0.03703,10.29536,360347
1637,1,-2.104,368,0,1,0,0.1,0.033101,10.36868,360716
1638,1,-1.228,76,0,1,0,0.1,0.036807,10.39129,360793
1639,1,-1.135,45,0,1,0,0.1,0.03483,10.39485,360839
1640,1,-1.258,86,0,1,0,0.1,0.037712,10.42855,360926
1641,1,-1.615,205,0,1,0,0.1,0.034613,10.43736,361132
1642,1,-1.267,89,0,1,0,0.1,0.030806,10.47845,361222
1643,1,-1.2,400,0,0,1,0.1,0.032009,10.50242,361622
1644,1,-1.324,108,0,1,0,0.1,0.027617,10.54624,361731
1645,1,-1.243,81,0,1,0,0.1,0.035372,10.57359,361813
1646,1,-1.684,228,0,1,0,0.1,0.039122,10.58268,362042
1647,1,-1.2,400,0,0,1,0.1,0.035723,10.64754,362442
1648,1,-1.192,64,0,1,0,0.1,0.041662,10.61484,362507
1649,1,-1.198,66,0,1,0,0.1,0.025269,10.60928,362574
1650,1,-1.2,400,0,0,1,0.1,0.036281,10.72808,362974
1651,1,-1.222,74,0,1,0,0.1,0.036815,10.80604,363049
1652,1,-1.207,69,0,1,0,0.1,0.032649,10.86759,363119
1653,1,-1.165,55,0,1,0,0.1,0.043278,10.79373,363175
1654,1,-1.834,278,0,1,0,0.1,0.04637,10.85682,363454
1655,1,-1.2,400,0,0,1,0.1,0.041547,10.91262,363854
1656,1,-1.213,71,0,1,0,0.1,0.04342,10.99065,363926
1657,1,-1.741,247,0,1,0,0.1,0.044425,10.99004,364174
1658,1,-1.2,400,0,0,1,0.1,0.041821,11.08563,364574
1659,1,-1.2,400,0,0,1,0.1,0.04223,11.23215,364974
1660,1,-1.2,400,0,0,1,0.1,0.038136,11.32703,365374
1661,1,-1.2,400,0,0,1,0.1,0.038889,11.46397,365774
1662,1,-1.2,400,0,0,1,0.1,0.037561,11.59095,366174
1663,1,-1.2,400,0,0,1,0.1,0.044287,11.68273,366574
1664,1,-1.2,400,0,0,1,0.1,0.044077,11.80229,366974
1665,1,-1.2,400,0,0,1,0.1,0.043503,11.94839,367374
1666,1,-1.2,400,0,0,1,0.1,0.039945,12.07636,367774
1667,1,-1.2,400,0,0,1,0.1,0.039,12.16828,368174
1668,1,-1.2,400,0,0,1,0.1,0.044408,12.357,368574
1669,1,-1.039,13,0,1,0,0.1,0.052088,12.33327,368588
1670,1,-1.042,14,0,1,0,0.1,0.040288,12.28153,368603
1671,1,-1.2,400,0,0,1,0.1,0.047127,12.45565,369003
1672,1,-1.051,17,0,1,0,0.1,0.039324,12.57136,369021
1673,1,-1.2,400,0,0,1,0.1,0.051905,12.62361,369421
1674,1,-1.048,16,0,1,0,0.1,0.045165,12.73766,369438
1675,1,-1.2,400,0,0,1,0.1,0.051791,12.7603,369838
1676,1,-1.2,400,0,0,1,0.1,0.054196,12.89186,370238
1677,1,-1.042,14,0,1,0,0.1,0.030699,13.03659,370253
1678,1,-1.2,400,0,0,1,0.1,0.052315,13.10384,370653
1679,1,-1.048,16,0,1,0,0.1,0.036211,13.2165,370670
1680,1,-1.2,400,0,0,1,0.1,0.053432,13.27667,371070
1681,1,-1.171,57,0,1,0,0.1,0.054845,13.38752,371128
1682,1,-1.744,248,0,1,0,0.1,0.056208,13.47584,371377
1683,1,-1.261,87,0,1,0,0.1,0.066918,13.48957,371465
1684,1,-1.138,46,0,1,0,0.1,0.059505,13.60302,371512
1685,1,-1.186,62,0,1,0,0.1,0.044569,13.50698,371575
1686,1,-1.081,27,0,1,0,0.1,0.049821,13.61827,371603
1687,1,-1.297,99,0,1,0,0.1,0.054834,13.62827,371703
1688,1,-1.48,160,0,1,0,0.1,0.051072,13.70392,371864
1689,1,-1.312,104,0,1,0,0.1,0.046455,13.67173,371969
1690,1,-1.309,103,0,1,0,0.1,0.061224,13.72146,372073
1691,1,-1.153,51,0,1,0,0.1,0.057653,13.80417,372125
1692,1,-1.159,53,0,1,0,0.1,0.065198,13.83731,372179
1693,1,-1.369,123,0,1,0,0.1,0.060171,13.89895,372303
1694,1,-1.222,74,0,1,0,0.1,0.060394,13.92935,372378
1695,1,-1.096,32,0,1,0,0.1,0.073759,13.96617,372411
1696,1,-1.387,129,0,1,0,0.1,0.06521,14.03114,372541
1697,1,-1.321,107,0,1,0,0.1,0.056425,14.08109,372649
1698,1,-1.066,22,0,1,0,0.1,0.026252,14.1792,372672
1699,1,-1.423,141,0,1,0,0.1,0.061181,14.1,372814
1700,1,-1.126,42,0,1,0,0.1,0.066276,14.1482,372857
1701,1,-1.072,24,0,1,0,0.1,0.075157,14.26896,372882
1702,1,-1.561,187,0,1,0,0.1,0.054535,14.19398,373070
1703,1,-1.132,44,0,1,0,0.1,0.084498,14.24165,373115
1704,1,-1.459,153,0,1,0,0.1,0.060419,14.30582,373269
1705,1,-1.702,234,0,1,0,0.1,0.069171,14.42096,373504
1706,1,-1.258,86,0,1,0,0.1,0.066414,14.45108,373591
1707,1,-1.111,37,0,1,0,0.1,0.073774,14.43868,373629
1708,1,-1.2,400,0,0,1,0.1,0.06697,14.59188,374029
1709,1,-1.246,82,0,1,0,0.1,0.061829,14.70397,374112
1710,1,-1.2,400,0,0,1,0.1,0.069832,14.80076,374512
1711,1,-1.2,400,0,0,1,0.1,0.06201,14.95768,374912
1712,1,-1.2,400,0,0,1,0.1,0.06615,15.06635,375312
1713,1,-1.2,400,0,0,1,0.1,0.060181,15.18906,375712
1714,1,-1.609,203,0,1,0,0.1,0.062903,15.24445,375916
1715,1,-1.138,46,0,1,0,0.1,0.071863,15.24465,375963
1716,1,-1.234,78,0,1,0,0.1,0.072665,15.2808,376042
1717,1,-1.252,84,0,1,0,0.1,0.083774,15.33197,376127
1718,1,-1.246,82,0,1,0,0.1,0.06767,15.36322,376210
1719,1,-1.33,110,0,1,0,0.1,0.061404,15.3349,376321
1720,1,-1.075,25,0,1,0,0.1,0.064711,15.42502,376347
1721,1,-1.06,20,0,1,0,0.1,0.068248,15.49622,376368
1722,1,-1.219,73,0,1,0,0.1,0.064457,15.40163,376442
1723,1,-1.543,181,0,1,0,0.1,0.060643,15.47325,376624
1724,1,-1.306,102,0,1,0,0.1,0.068611,15.50106,376727
1725,1,-1.066,22,0,1,0,0.1,0.03801,15.50982,376750
1726,1,-1.309,103,0,1,0,0.1,0.06569,15.51293,376854
1727,1,-1.075,25,0,1,0,0.1,0.034497,15.47922,376880
1728,1,-1.291,97,0,1,0,0.1,0.058166,15.6195,376978
1729,1,-1.06,20,0,1,0,0.1,0.075548,15.63302,376999
1730,1,-1.219,73,0,1,0,0.1,0.069507,15.6328,377073
1731,1,-1.336,112,0,1,0,0.1,0.071929,15.69612,377186
1732,1,-1.174,58,0,1,0,0.1,0.069463,15.6756,377245
1733,1,-1.066,22,0,1,0,0.1,0.060659,15.7116,377268
1734,1,-1.2,400,0,0,1,0.1,0.071281,15.80509,377668
1735,1,-1.18,60,0,1,0,0.1,0.085333,15.89263,377729
1736,1,-1.141,47,0,1,0,0.1,0.062707,15.94673,377777
1737,1,-1.087,29,0,1,0,0.1,0.069113,15.93006,377807
1738,1,-1.09,30,0,1,0,0.1,0.063462,15.97219,377838
1739,1,-1.2,400,0,0,1,0.1,0.077424,16.07626,378238
1740,1,-1.2,400,0,0,1,0.1,0.072104,16.29188,378638
1741,1,-1.2,400,0,0,1,0.1,0.073325,16.55189,379038
1742,1,-1.2,400,0,0,1,0.1,0.076007,16.82861,379438
1743,1,-1.2,400,0,0,1,0.1,0.077443,17.14026,379838
1744,1,-1.2,400,0,0,1,0.1,0.081154,17.45923,380238
1745,1,-1.2,400,0,0,1,0.1,0.080268,17.81321,380638
1746,1,-1.153,51,0,1,0,0.1,0.072571,18.04105,380690
1747,1,-1.2,400,0,0,1,0.1,0.077152,18.24101,381090
1748,1,-1.141,47,0,1,0,0.1,0.059709,18.54336,381138
1749,1,-1.255,85,0,1,0,0.1,0.09533,18.52679,381224
1750,1,-1.078,26,0,1,0,0.1,0.10872,18.70123,381251
1751,1,-1.177,59,0,1,0,0.1,0.069021,18.73479,381311
1752,1,-1.228,76,0,1,0,0.1,0.103706,18.85189,381388
1753,1,-1.084,28,0,1,0,0.1,0.065913,18.70675,381417
1754,1,-1.126,42,0,1,0,0.1,0.089979,18.937,381460
1755,1,-1.132,44,0,1,0,0.1,0.099859,18.93262,381505
1756,1,-1.114,38,0,1,0,0.1,0.079305,19.05769,381544
1757,1,-1.054,18,0,1,0,0.1,0.084203,18.88548,381563
1758,1,-1.27,90,0,1,0,0.1,0.084633,19.06683,381654
1759,1,-1.162,54,0,1,0,0.1,0.08369,19.20911,381709
1760,1,-1.168,56,0,1,0,0.1,0.094625,19.25146,381766
1761,1,-1.2,400,0,0,1,0.1,0.105681,19.65653,382166
1762,1,-1.2,400,0,0,1,0.1,0.109796,20.6251,382566
1763,1,-1.2,400,0,0,1,0.1,0.124799,21.72231,382966
1764,1,-1.2,400,0,0,1,0.1,0.132672,22.74825,383366
1765,1,-1.2,400,0,0,1,0.1,0.134054,24.01936,383766
1766,1,-1.2,400,0,0,1,0.1,0.143714,25.35959,384166
1767,1,-1.2,400,0,0,1,0.1,0.166347,26.52302,384566
1768,1,-1.2,400,0,0,1,0.1,0.165801,27.74037,384966
1769,1,-1.2,400,0,0,1,0.1,0.158829,28.98774,385366
1770,1,-1.2,400,0,0,1,0.1,0.172682,30.13689,385766
1771,1,-1.2,400,0,0,1,0.1,0.177228,31.12466,386166
1772,1,-1.2,400,0,0,1,0.1,0.193979,32.17618,386566
1773,1,-1.2,400,0,0,1,0.1,0.175783,33.1766,386966
1774,1,-1.2,400,0,0,1,0.1,0.203302,34.29058,387366
1775,1,-1.2,400,0,0,1,0.1,0.200315,35.25942,387766
1776,1,-1.2,400,0,0,1,0.1,0.181274,36.09661,388166
1777,1,-1.2,400,0,0,1,0.1,0.181805,36.9565,388566
1778,1,-1.2,400,0,0,1,0.1,0.178981,37.55279,388966
1779,1,-1.2,400,0,0,1,0.1,0.189357,38.173,389366
1780,1,-1.2,400,0,0,1,0.1,0.194826,38.8856,389766
1781,1,-1.2,400,0,0,1,0.1,0.184364,39.33312,390166
1782,1,-1.2,400,0,0,1,0.1,0.193876,39.68512,390566
1783,1,-1.2,400,0,0,1,0.1,0.189344,40.08301,390966
1784,1,-1.057,19,0,1,0,0.1,0.176695,40.4463,390986
1785,1,-1.2,400,0,0,1,0.1,0.204683,40.45084,391386
1786,1,-1.2,400,0,0,1,0.1,0.206928,40.722,391786
1787,1,-1.651,217,0,1,0,0.1,0.185813,40.83171,392004
1788,1,-1.048,16,0,1,0,0.1,0.246138,40.97251,392021
1789,1,-1.369,123,0,1,0,0.1,0.18105,40.98338,392145
1790,1,-1.066,22,0,1,0,0.1,0.217784,41.13843,392168
1791,1,-1.348,116,0,1,0,0.1,0.231545,40.91602,392285
1792,1,-1.33,110,0,1,0,0.1,0.209508,40.96773,392396
1793,1,-1.072,24,0,1,0,0.1,0.156884,40.99956,392421
1794,1,-1.054,18,0,1,0,0.1,0.187753,41.09992,392440
1795,1,-1.063,21,0,1,0,0.1,0.199997,40.97496,392462
1796,1,-1.15,50,0,1,0,0.1,0.206402,41.12614,392513
1797,1,-1.063,21,0,1,0,0.1,0.186305,40.77904,392535
1798,1,-1.054,18,0,1,0,0.1,0.090932,40.99819,392554
1799,1,-1.063,21,0,1,0,0.1,0.268233,41.11919,392576
1800,1,-1.072,24,0,1,0,0.1,0.215453,41.14263,392601
1801,1,-1.063,21,0,1,0,0.1,0.227614,40.83488,392623
1802,1,-1.072,24,0,1,0,0.1,0.162444,40.79439,392648
1803,1,-1.102,34,0,1,0,0.1,0.227308,41.14777,392683
1804,1,-1.048,16,0,1,0,0.1,0.22361,41.10149,392700
1805,1,-1.081,27,0,1,0,0.1,0.146888,41.03322,392728
1806,1,-1.087,29,0,1,0,0.1,0.214922,40.96444,392758
1807,1,-1.174,58,0,1,0,0.1,0.166593,41.25548,392817
1808,1,-1.063,21,0,1,0,0.1,0.252146,40.98113,392839
1809,1,-1.054,18,0,1,0,0.1,0.345797,41.02818,392858
1810,1,-1.069,23,0,1,0,0.1,0.237634,41.2068,392882
1811,1,-1.114,38,0,1,0,0.1,0.232211,41.1918,392921
1812,1,-1.099,33,0,1,0,0.1,0.196788,41.1279,392955
1813,1,-1.228,76,0,1,0,0.1,0.219882,41.03428,393032
1814,1,-1.075,25,0,1,0,0.1,0.183669,41.22085,393058
1815,1,-1.087,29,0,1,0,0.1,0.166612,41.08517,393088
1816,1,-1.402,134,0,1,0,0.1,0.221829,41.05996,393223
1817,1,-1.159,53,0,1,0,0.1,0.200808,40.93349,393277
1818,1,-1.15,50,0,1,0,0.1,0.164701,41.11249,393328
1819,1,-1.066,22,0,1,0,0.1,0.216057,40.99181,393351
1820,1,-1.054,18,0,1,0,0.1,0.284558,40.95149,393370
1821,1,-1.357,119,0,1,0,0.1,0.231999,40.97882,393490
1822,1,-1.087,29,0,1,0,0.1,0.200293,41.14151,393520
1823,1,-1.045,15,0,1,0,0.1,0.299091,40.79916,393536
1824,1,-1.159,53,0,1,0,0.1,0.17036,41.04715,393590
1825,1,-1.045,15,0,1,0,0.1,0.237625,40.67993,393606
1826,1,-1.057,19,0,1,0,0.1,0.254274,40.85747,393626
1827,1,-1.159,53,0,1,0,0.1,0.231357,41.0119,393680
1828,1,-1.06,20,0,1,0,0.1,0.175085,40.98632,393701
1829,1,-1.048,16,0,1,0,0.1,0.315429,40.94677,393718
1830,1,-1.063,21,0,1,0,0.1,0.312451,40.78684,393740
1831,1,-1.066,22,0,1,0,0.1,0.154319,41.04985,393763
1832,1,-1.054,18,0,1,0,0.1,0.154063,41.04626,393782
1833,1,-1.675,225,0,1,0,0.1,0.231921,40.96386,394008
1834,1,-1.063,21,0,1,0,0.1,0.243892,40.78877,394030
1835,1,-1.093,31,0,1,0,0.1,0.269234,41.0404,394062
1836,1,-1.2,400,0,0,1,0.1,0.264252,40.882,394462
1837,1,-1.2,400,0,0,1,0.1,0.222801,40.80549,394862
1838,1,-1.2,400,0,0,1,0.1,0.233294,40.65207,395262
1839,1,-1.303,101,0,1,0,0.1,0.262501,40.51546,395364
1840,1,-1.486,162,0,1,0,0.1,0.200785,40.4654,395527
1841,1,-1.402,134,0,1,0,0.1,0.227545,40.30929,395662
1842,1,-1.2,400,0,0,1,0.1,0.240088,40.26682,396062
1843,1,-1.2,400,0,0,1,0.1,0.225959,40.2238,396462
1844,1,-1.2,400,0,0,1,0.1,0.228004,40.2326,396862
1845,1,-1.2,400,0,0,1,0.1,0.210199,40.37322,397262
1846,1,-1.2,400,0,0,1,0.1,0.22472,40.64329,397662
1847,1,-1.2,400,0,0,1,0.1,0.227587,40.92777,398062
1848,1,-1.2,400,0,0,1,0.1,0.216248,41.3182,398462
1849,1,-1.2,400,0,0,1,0.1,0.240325,41.82872,398862
1850,1,-1.2,400,0,0,1,0.1,0.211508,42.31769,399262
1851,1,-1.2,400,0,0,1,0.1,0.233875,42.85389,399662
1852,1,-1.2,400,0,0,1,0.1,0.234393,43.38997,400062
1853,1,-1.2,400,0,0,1,0.1,0.238002,43.96547,400462
1854,1,-1.2,400,0,0,1,0.1,0.249356,44.51851,400862
1855,1,-1.2,400,0,0,1,0.1,0.247665,45.14287,401262
1856,1,-1.2,400,0,0,1,0.1,0.260315,45.67733,401662
1857,1,-1.2,400,0,0,1,0.1,0.251829,46.16016,402062
1858,1,-1.2,400,0,0,1,0.1,0.264137,46.67917,402462
1859,1,-1.2,400,0,0,1,0.1,0.277332,47.11758,402862
1860,1,-1.2,400,0,0,1,0.1,0.299475,47.52208,403262
1861,1,-1.2,400,0,0,1,0.1,0.28846,47.95268,403662
1862,1,-1.2,400,0,0,1,0.1,0.279902,48.34716,404062
1863,1,-1.2,400,0,0,1,0.1,0.304022,48.81658,404462
1864,1,-1.2,400,0,0,1,0.1,0.324913,49.19392,404862
1865,1,-1.834,278,0,1,0,0.1,0.303224,49.71531,405141
1866,1,-1.294,98,0,1,0,0.1,0.356645,50.09407,405240
1867,1,-1.2,400,0,0,1,0.1,0.316185,50.5725,405640
1868,1,-1.2,400,0,0,1,0.1,0.321636,51.69038,406040
1869,1,-1.072,24,0,1,0,0.1,0.300858,51.54961,406065
1870,1,-1.2,400,0,0,1,0.1,0.316464,52.51294,406465
1871,1,-1.2,400,0,0,1,0.1,0.345418,53.81419,406865
1872,1,-1.2,400,0,0,1,0.1,0.356859,54.9284,407265
1873,1,-1.123,41,0,1,0,0.1,0.329538,55.67367,407307
1874,1,-1.2,400,0,0,1,0.1,0.35548,56.3242,407707
1875,1,-1.747,249,0,1,0,0.1,0.37297,57.50426,407957
1876,1,-1.093,31,0,1,0,0.1,0.391942,57.85702,407989
1877,1,-1.186,62,0,1,0,0.1,0.335885,57.95998,408052
1878,1,-1.24,80,0,1,0,0.1,0.372104,58.49731,408133
1879,1,-1.096,32,0,1,0,0.1,0.342619,58.42046,408166
1880,1,-1.09,30,0,1,0,0.1,0.555505,58.49361,408197
1881,1,-1.192,64,0,1,0,0.1,0.450418,58.54204,408262
1882,1,-1.252,84,0,1,0,0.1,0.40108,59.00557,408347
1883,1,-1.27,90,0,1,0,0.1,0.395627,59.08482,408438
1884,1,-1.153,51,0,1,0,0.1,0.489431,59.5979,408490
1885,1,-1.132,44,0,1,0,0.1,0.386675,59.43618,408535
1886,1,-1.144,48,0,1,0,0.1,0.331694,59.86682,408584
1887,1,-1.903,301,0,1,0,0.1,0.353095,60.3447,408886
1888,1,-1.921,307,0,1,0,0.1,0.368235,61.29252,409194
1889,1,-1.2,400,0,0,1,0.1,0.405326,62.37669,409594
1890,1,-1.927,309,0,1,0,0.1,0.385582,63.36588,409904
1891,1,-1.2,400,0,0,1,0.1,0.393566,64.18383,410304
1892,1,-1.501,167,0,1,0,0.1,0.409425,64.65241,410472
1893,1,-1.624,208,0,1,0,0.1,0.367461,65.30811,410681
1894,1,-1.081,27,0,1,0,0.1,0.444723,65.4289,410709
1895,1,-1.057,19,0,1,0,0.1,0.386584,64.92473,410729
1896,1,-1.279,93,0,1,0,0.1,0.356624,65.54238,410823
1897,1,-1.579,193,0,1,0,0.1,0.438955,65.88853,411017
1898,1,-1.675,225,0,1,0,0.1,0.403963,66.43983,411243
1899,1,-1.339,113,0,1,0,0.1,0.419425,66.6364,411357
1900,1,-2.146,382,0,1,0,0.1,0.379996,66.95389,411740
1901,1,-1.2,400,0,0,1,0.1,0.399158,67.29958,412140
1902,1,-1.771,257,0,1,0,0.1,0.417723,67.50812,412398
1903,1,-1.507,169,0,1,0,0.1,0.370076,67.70816,412568
1904,1,-1.105,35,0,1,0,0.1,0.417783,67.50372,412604
1905,1,-1.2,400,0,0,1,0.1,0.372936,67.66974,413004
1906,1,-1.279,93,0,1,0,0.1,0.313178,67.43017,413098
1907,1,-2.014,338,0,1,0,0.1,0.381537,67.81702,413437
1908,1,-1.294,98,0,1,0,0.1,0.440259,67.68026,413536
1909,1,-1.486,162,0,1,0,0.1,0.379239,67.62023,413699
1910,1,-1.195,65,0,1,0,0.1,0.323132,67.44913,413765
1911,1,-1.2,400,0,0,1,0.1,0.354139,67.32928,414165
1912,1,-1.2,400,0,0,1,0.1,0.388358,67.04886,414565
1913,1,-1.2,400,0,0,1,0.1,0.37372,66.41553,414965
1914,1,-1.2,400,0,0,1,0.1,0.362347,65.57636,415365
1915,1,-1.705,235,0,1,0,0.1,0.331616,65.26136,415601
1916,1,-1.825,275,0,1,0,0.1,0.323283,64.61373,415877
1917,1,-1.2,400,0,0,1,0.1,0.345434,63.89446,416277
1918,1,-1.2,400,0,0,1,0.1,0.338845,63.17732,416677
1919,1,-1.174,58,0,1,0,0.1,0.286891,62.47836,416736
1920,1,-1.066,22,0,1,0,0.1,0.279399,62.525,416759
1921,1,-1.105,35,0,1,0,0.1,0.270127,62.58116,416795
1922,1,-1.126,42,0,1,0,0.1,0.292668,62.30113,416838
1923,1,-1.708,236,0,1,0,0.1,0.278358,62.06066,417075
1924,1,-1.144,48,0,1,0,0.1,0.364851,61.72105,417124
1925,1,-1.372,124,0,1,0,0.1,0.35101,61.50992,417249
1926,1,-1.3,100,0,1,0,0.1,0.350731,61.207,417350
1927,1,-1.2,400,0,0,1,0.1,0.319108,60.65424,417750
1928,1,-1.2,400,0,0,1,0.1,0.305016,59.7524,418150
1929,1,-1.2,400,0,0,1,0.1,0.276076,58.81643,418550
1930,1,-1.2,400,0,0,1,0.1,0.274832,58.04385,418950
1931,1,-1.33,110,0,1,0,0.1,0.255142,57.46931,419061
1932,1,-1.36,120,0,1,0,0.1,0.257495,57.22774,419182
1933,1,-1.411,137,0,1,0,0.1,0.270712,56.98811,419320
1934,1,-1.294,98,0,1,0,0.1,0.233148,56.71317,419419
1935,1,-1.114,38,0,1,0,0.1,0.311662,56.66384,419458
1936,1,-1.186,62,0,1,0,0.1,0.219961,56.50786,419521
1937,1,-1.198,66,0,1,0,0.1,0.274519,56.3865,419588
1938,1,-1.222,74,0,1,0,0.1,0.318534,56.16952,419663
1939,1,-1.2,400,0,0,1,0.1,0.264067,55.63389,420063
1940,1,-1.069,23,0,1,0,0.1,0.182201,55.23311,420087
1941,1,-1.12,40,0,1,0,0.1,0.279191,55.11171,420128
1942,1,9.05285,320,1,0,0,0.1,0.247154,54.78398,420449
1943,1,-1.291,97,0,1,0,0.1,0.264969,54.36894,420547
1944,1,-1.129,43,0,1,0,0.1,0.19409,54.28318,420591
1945,1,-1.126,42,0,1,0,0.1,0.306635,54.09943,420634
1946,1,-1.063,21,0,1,0,0.1,0.275264,54.01733,420656
1947,1,-1.192,64,0,1,0,0.1,0.281332,53.99141,420721
1948,1,-1.189,63,0,1,0,0.1,0.248413,53.90828,420785
1949,1,-1.06,20,0,1,0,0.1,0.208348,53.7184,420806
1950,1,-1.09,30,0,1,0,0.1,0.246149,53.77184,420837
1951,1,9.37913,209,1,0,0,0.1,0.294986,53.45348,421047
1952,1,-1.321,107,0,1,0,0.1,0.2654,53.20576,421155
1953,1,-1.162,54,0,1,0,0.1,0.269231,53.11845,421210
1954,1,-1.093,31,0,1,0,0.1,0.257453,53.07786,421242
1955,1,-1.117,39,0,1,0,0.1,0.171746,52.95176,421282
1956,1,-1.147,49,0,1,0,0.1,0.251964,52.76092,421332
1957,1,-1.099,33,0,1,0,0.1,0.259383,52.84949,421366
1958,1,-1.318,106,0,1,0,0.1,0.269824,52.67523,421473
1959,1,-1.2,400,0,0,1,0.1,0.285406,52.3428,421873
1960,1,-1.111,37,0,1,0,0.1,0.333883,52.18659,421911
1961,1,-1.279,93,0,1,0,0.1,0.224678,52.02307,422005
1962,1,-1.2,400,0,0,1,0.1,0.268545,51.75944,422405
1963,1,-1.084,28,0,1,0,0.1,0.191059,51.51039,422434
1964,1,-1.2,400,0,0,1,0.1,0.256062,51.23184,422834
1965,1,-1.2,400,0,0,1,0.1,0.248398,50.81612,423234
1966,1,-1.123,41,0,1,0,0.1,0.238817,50.55772,423276
1967,1,-1.258,86,0,1,0,0.1,0.255781,50.45169,423363
1968,1,-2.041,347,0,1,0,0.1,0.272081,50.06759,423711
1969,1,-1.558,186,0,1,0,0.1,0.205256,49.75397,423898
1970,1,-1.2,400,0,0,1,0.1,0.28163,49.36951,424298
1971,1,-1.2,400,0,0,1,0.1,0.250198,48.99453,424698
1972,1,-1.066,22,0,1,0,0.1,0.228882,48.62002,424721
1973,1,-1.117,39,0,1,0,0.1,0.230426,48.69888,424761
1974,1,-1.123,41,0,1,0,0.1,0.30879,48.82801,424803
1975,1,-1.12,40,0,1,0,0.1,0.262023,48.68402,424844
1976,1,-1.072,24,0,1,0,0.1,0.356736,48.44433,424869
1977,1,-1.2,400,0,0,1,0.1,0.243719,48.49196,425269
1978,1,-1.099,33,0,1,0,0.1,0.248357,48.27075,425303
1979,1,-1.2,400,0,0,1,0.1,0.268617,48.09564,425703
1980,1,-1.2,400,0,0,1,0.1,0.2582,47.90432,426103
1981,1,-1.2,400,0,0,1,0.1,0.271682,47.68513,426503
1982,1,-1.063,21,0,1,0,0.1,0.223499,47.545,426525
1983,1,-1.2,400,0,0,1,0.1,0.24578,47.52578,426925
1984,1,-1.2,400,0,0,1,0.1,0.244581,47.42517,427325
1985,1,-1.069,23,0,1,0,0.1,0.155238,47.14628,427349
1986,1,-1.2,400,0,0,1,0.1,0.248692,47.22348,427749
1987,1,-1.525,175,0,1,0,0.1,0.269861,47.13909,427925
1988,1,-1.2,400,0,0,1,0.1,0.237237,47.22149,428325
1989,1,-1.2,400,0,0,1,0.1,0.257234,47.28201,428725
1990,1,-1.063,21,0,1,0,0.1,0.189902,47.37787,428747
1991,1,-1.069,23,0,1,0,0.1,0.220495,47.37518,428771
1992,1,-1.075,25,0,1,0,0.1,0.208019,47.18395,428797
1993,1,-1.129,43,0,1,0,0.1,0.236348,47.06272,428841
1994,1,-1.2,400,0,0,1,0.1,0.281184,47.32715,429241
1995,1,-1.066,22,0,1,0,0.1,0.228264,47.32517,429264
1996,1,-1.15,50,0,1,0,0.1,0.280223,47.2646,429315
1997,1,-1.306,102,0,1,0,0.1,0.259845,47.32093,429418
1998,1,-1.198,66,0,1,0,0.1,0.291242,47.25972,429485
1999,1,-1.291,97,0,1,0,0.1,0.212974,47.36807,429583
2000,15,-1.177,59,0,1,0,0.3988,0.268463,47.49813,429643
2001,15,-1.129,43,0,1,0,0.397604,0.24354,47.49199,429687
2002,15,9.51666,163,1,0,0,0.396411,0.284991,47.36951,429851
2003,15,-1.075,25,0,1,0,0.395222,0.231039,47.46621,429877
2004,15,-1.045,15,0,1,0,0.394036,0.295632,47.22275,429893
2005,15,-1.2,400,0,0,1,0.392854,0.266029,47.46647,430293
2006,15,-1.291,97,0,1,0,0.391675,0.233428,47.49766,430391
2007,15,-1.108,36,0,1,0,0.3905,0.184377,47.29859,430428
2008,15,-1.2,400,0,0,1,0.389329,0.255076,47.45355,430828
2009,15,-1.075,25,0,1,0,0.388161,0.332907,47.4196,430854
2010,15,9.83791,56,1,0,0,0.386996,0.306226,47.3248,430911
2011,15,-1.261,87,0,1,0,0.385835,0.266734,47.37186,430999
2012,15,-1.525,175,0,1,0,0.384678,0.275406,47.40056,431175
2013,15,-1.168,56,0,1,0,0.383524,0.207088,47.16902,431232
2014,15,9.85,52,1,0,0,0.382373,0.257201,47.3837,431285
2015,15,-1.138,46,0,1,0,0.381226,0.302364,47.27598,431332
2016,15,-1.444,148,0,1,0,0.380082,0.290144,47.29009,431481
2017,15,-1.24,80,0,1,0,0.378942,0.278937,47.20806,431562
2018,15,-1.306,102,0,1,0,0.377805,0.262863,47.33337,431665
2019,15,-1.255,85,0,1,0,0.376672,0.249055,47.35172,431751
2020,15,-1.291,97,0,1,0,0.375542,0.277729,47.23718,431849
2021,15,-1.438,146,0,1,0,0.374415,0.275365,47.19728,431996
2022,15,-1.879,293,0,1,0,0.373292,0.266777,47.1985,432290
2023,15,9.83524,57,1,0,0,0.372172,0.24849,47.20636,432348
2024,15,-1.378,126,0,1,0,0.371056,0.285569,47.09887,432475
2025,15,-1.141,47,0,1,0,0.369942,0.264257,47.16958,432523
2026,15,9.63343,124,1,0,0,0.368833,0.269134,47.13453,432648
2027,15,-1.42,140,0,1,0,0.367726,0.255799,47.08503,432789
2028,15,-1.141,47,0,1,0,0.366623,0.222047,47.07253,432837
2029,15,-1.558,186,0,1,0,0.365523,0.277764,47.07965,433024
2030,15,-1.2,400,0,0,1,0.364426,0.263775,47.00478,433424
2031,15,-1.162,54,0,1,0,0.363333,0.290901,46.86749,433479
2032,15,-1.279,93,0,1,0,0.362243,0.272842,46.95103,433573
2033,15,-1.603,201,0,1,0,0.361156,0.25636,46.84909,433775
2034,15,-1.174,58,0,1,0,0.360073,0.270968,46.80682,433834
2035,15,9.66412,114,1,0,0,0.358993,0.267117,46.64349,433949
2036,15,-1.249,83,0,1,0,0.357916,0.27626,46.78742,434033
2037,15,-1.2,400,0,0,1,0.356842,0.254043,46.70755,434433
2038,15,-1.588,196,0,1,0,0.355772,0.261405,46.58524,434630
2039,15,9.86256,48,1,0,0,0.354704,0.267251,46.5743,434679
2040,15,-1.792,264,0,1,0,0.35364,0.270411,46.49876,434944
2041,15,-1.441,147,0,1,0,0.352579,0.304074,46.37978,435092
2042,15,9.85314,51,1,0,0,0.351521,0.247868,46.33519,435144
2043,15,-1.468,156,0,1,0,0.350467,0.278768,46.29226,435301
2044,15,-1.267,89,0,1,0,0.349415,0.30434,46.40034,435391
2045,15,-1.2,400,0,0,1,0.348367,0.254356,46.16327,435791
2046,15,-1.105,35,0,1,0,0.347322,0.283713,46.09525,435827
2047,15,-1.153,51,0,1,0,0.34628,0.276286,46.17893,435879
2048,15,-1.2,400,0,0,1,0.345241,0.257623,45.97181,436279
2049,15,-1.537,179,0,1,0,0.344206,0.226423,45.87403,436459
2050,15,-1.18,60,0,1,0,0.343173,0.255713,45.76579,436520
2051,15,9.82872,59,1,0,0,0.342143,0.227736,45.78685,436580
2052,15,-1.69,230,0,1,0,0.341117,0.26673,45.70381,436811
2053,15,-1.483,161,0,1,0,0.340094,0.293819,45.58049,436973
2054,15,-1.219,73,0,1,0,0.339073,0.301933,45.50028,437047
2055,15,-1.2,400,0,0,1,0.338056,0.283817,45.37166,437447
2056,15,-1.144,48,0,1,0,0.337042,0.224004,45.29048,437496
2057,15,-1.279,93,0,1,0,0.336031,0.256649,45.16375,437590
2058,15,-1.051,17,0,1,0,0.335023,0.192943,45.08026,437608
2059,15,-1.546,182,0,1,0,0.334018,0.278442,45.03641,437791
2060,15,-1.624,208,0,1,0,0.333016,0.292159,44.84379,438000
2061,15,-1.684,228,0,1,0,0.332017,0.263207,44.62912,438229
2062,15,-1.16737,56,0,1,0,0.331021,0.234358,44.45281,438286
2063,15,-2.008,336,0,1,0,0.330027,0.260036,44.36718,438623
2064,15,-1.165,55,0,1,0,0.329037,0.310275,44.1052,438679
2065,15,-1.129,43,0,1,0,0.32805,0.248946,44.19635,438723
2066,15,-1.537,179,0,1,0,0.327066,0.296955,44.00674,438903
2067,15,-1.168,56,0,1,0,0.326085,0.237975,44.00762,438960
2068,15,-1.252,84,0,1,0,0.325107,0.259732,43.8931,439045
2069,15,-1.183,61,0,1,0,0.324131,0.326756,43.79623,439107
2070,15,9.88841,39,1,0,0,0.323159,0.256063,43.75742,439147
2071,15,-1.639,213,0,1,0,0.32219,0.232042,43.6195,439361
2072,15,-1.2,400,0,0,1,0.321223,0.255921,43.33341,439761
2073,15,-1.2,400,0,0,1,0.320259,0.250383,42.93273,440161
2074,15,-1.2,400,0,0,1,0.319298,0.239213,42.51039,440561
2075,15,-1.2,400,0,0,1,0.318341,0.255983,42.02251,440961
2076,15,-1.603,201,0,1,0,0.317386,0.241948,41.75829,441163
2077,15,-1.2,400,0,0,1,0.316433,0.265447,41.3781,441563
2078,15,-1.111,37,0,1,0,0.315484,0.269312,41.14414,441601
2079,15,-1.2,400,0,0,1,0.314538,0.238067,40.86607,442001
2080,15,-1.2,400,0,0,1,0.313594,0.224256,40.43371,442401
2081,15,-1.2,400,0,0,1,0.312653,0.232149,39.91599,442801
2082,15,-1.615,205,0,1,0,0.311715,0.202621,39.59516,443007
2083,15,-1.207,69,0,1,0,0.31078,0.206971,39.36139,443077
2084,15,-1.2,400,0,0,1,0.309848,0.219299,39.1588,443477
2085,15,-2.17,390,0,1,0,0.308918,0.198108,38.65321,443868
2086,15,-1.2,400,0,0,1,0.307992,0.197956,38.2542,444268
2087,15,-1.078,26,0,1,0,0.307068,0.111121,37.9889,444295
2088,15,-1.08877,30,0,1,0,0.306146,0.225799,37.87399,444326
2089,15,-1.2,400,0,0,1,0.305228,0.1713,37.70719,444726
2090,15,-2.062,354,0,1,0,0.304312,0.186516,37.28119,445081
2091,15,-1.723,241,0,1,0,0.303399,0.198333,36.87958,445323
2092,15,-1.273,91,0,1,0,0.302489,0.147087,36.77025,445415
2093,15,-1.231,77,0,1,0,0.301582,0.220576,36.76082,445493
2094,15,-1.2,400,0,0,1,0.300677,0.166042,36.36135,445893
2095,15,-1.2,400,0,0,1,0.299775,0.175379,35.93811,446293
2096,15,-1.19834,400,0,0,1,0.298876,0.178166,35.58278,446693
2097,15,-1.435,145,0,1,0,0.297979,0.179968,35.29969,446839
2098,15,-1.078,26,0,1,0,0.297085,0.127023,35.25075,446866
2099,15,-1.2,400,0,0,1,0.296194,0.178462,35.03507,447266
2100,15,9.87655,43,1,0,0,0.295305,0.156799,34.88018,447310
2101,15,-1.207,69,0,1,0,0.294419,0.190573,34.73748,447380
2102,15,-1.849,283,0,1,0,0.293536,0.17908,34.59105,447664
2103,15,-1.153,51,0,1,0,0.292655,0.167106,34.47717,447716
2104,15,-1.2,400,0,0,1,0.291777,0.158629,34.25375,448116
2105,15,-1.174,58,0,1,0,0.290902,0.146007,34.06206,448175
2106,15,-1.033,11,0,1,0,0.290029,0.138227,34.02142,448187
2107,15,-1.2,400,0,0,1,0.289159,0.159355,33.86218,448587
2108,15,-1.285,95,0,1,0,0.288292,0.158517,33.63886,448683
2109,15,-1.231,77,0,1,0,0.287427,0.220595,33.57173,448761
2110,15,-1.021,7,0,1,0,0.286565,0.259464,33.71045,448769
2111,15,-1.093,31,0,1,0,0.285705,0.173632,33.58872,448801
2112,15,-1.105,35,0,1,0,0.284848,0.282149,33.50996,448837
2113,15,-1.2,400,0,0,1,0.283993,0.171874,33.35861,449237
2114,15,-1.2,400,0,0,1,0.283141,0.176054,33.04204,449637
2115,15,-1.216,72,0,1,0,0.282292,0.172128,32.90414,449710
2116,15,9.79237,71,1,0,0,0.281445,0.126608,32.85847,449782
2117,15,9.82015,62,1,0,0,0.280601,0.179727,32.77277,449845
2118,15,9.5018,168,1,0,0,0.279759,0.16261,32.68058,450014
2119,15,-1.153,51,0,1,0,0.27892,0.136207,32.6541,450066
2120,15,-1.162,54,0,1,0,0.278083,0.172572,32.51162,450121
2121,15,-1.156,52,0,1,0,0.277249,0.166858,32.57447,450174
2122,15,-1.081,27,0,1,0,0.276417,0.120337,32.59691,450202
2123,15,-1.183,61,0,1,0,0.275588,0.169945,32.45727,450264
2124,15,-1.06,20,0,1,0,0.274761,0.175475,32.42142,450285
2125,15,-1.519,173,0,1,0,0.273937,0.150523,32.391,450459
2126,15,-1.18,60,0,1,0,0.273115,0.208199,32.29004,450520
2127,15,-2.122,374,0,1,0,0.272295,0.166456,32.12471,450895
2128,15,-1.84,280,0,1,0,0.271478,0.178711,31.83754,451176
2129,15,-1.255,85,0,1,0,0.270664,0.147337,31.72566,451262
2130,15,-1.075,25,0,1,0,0.269852,0.203014,31.77396,451288
2131,15,-1.165,55,0,1,0,0.269042,0.207301,31.60263,451344
2132,15,9.84431,54,1,0,0,0.268235,0.170003,31.66091,451399
2133,15,9.85019,52,1,0,0,0.267431,0.152059,31.62982,451452
2134,15,-1.2,400,0,0,1,0.266628,0.173457,31.36433,451852
2135,15,-1.195,65,0,1,0,0.265828,0.191516,31.2081,451918
2136,15,-1.2,400,0,0,1,0.265031,0.150579,31.03959,452318
2137,15,-1.075,25,0,1,0,0.264236,0.077158,30.92639,452344
2138,15,9.52833,159,1,0,0,0.263443,0.202866,30.82037,452504
2139,15,-1.2,400,0,0,1,0.262653,0.177486,30.58419,452904
2140,15,9.49599,170,1,0,0,0.261865,0.169107,30.42547,453075
2141,15,-1.003,1,0,1,0,0.261079,0.263481,30.66889,453077
2142,15,-1.24,80,0,1,0,0.260296,0.153639,30.29448,453158
2143,15,-1.243,81,0,1,0,0.259515,0.106923,30.22281,453240
2144,15,-1.507,169,0,1,0,0.258737,0.15528,30.14897,453410
2145,15,-1.2,400,0,0,1,0.25796,0.151297,29.95764,453810
2146,15,-1.204,68,0,1,0,0.257187,0.146143,29.82395,453879
2147,15,-1.2,400,0,0,1,0.256415,0.144153,29.69711,454279
2148,15,-1.261,87,0,1,0,0.255646,0.178594,29.55001,454367
2149,15,-1.2,400,0,0,1,0.254879,0.167912,29.44953,454767
2150,15,-1.402,134,0,1,0,0.254114,0.181808,29.28323,454902
2151,15,-1.075,25,0,1,0,0.253352,0.170879,29.13232,454928
2152,15,-1.201,67,0,1,0,0.252592,0.139277,29.2591,454996
2153,15,-1.012,4,0,1,0,0.251834,0.147607,29.32044,455001
2154,15,-1.228,76,0,1,0,0.251079,0.169047,29.21713,455078
2155,15,-1.255,85,0,1,0,0.250325,0.169299,29.1178,455164
2156,15,-1.2,400,0,0,1,0.249574,0.171948,29.02186,455564
2157,15,-1.2,400,0,0,1,0.248826,0.173395,28.82345,455964
2158,15,-1.336,112,0,1,0,0.248079,0.176686,28.74588,456077
2159,15,-1.711,237,0,1,0,0.247335,0.148374,28.66495,456315
2160,15,-1.2,400,0,0,1,0.246593,0.161697,28.40926,456715
2161,15,-1.258,86,0,1,0,0.245853,0.177166,28.26701,456802
2162,15,-1.2,400,0,0,1,0.245116,0.149251,28.14262,457202
2163,15,9.90975,32,1,0,0,0.24438,0.165648,28.08854,457235
2164,15,-1.399,133,0,1,0,0.243647,0.17074,28.03492,457369
2165,15,-2.014,338,0,1,0,0.242916,0.148617,27.84795,457708
2166,15,-1.066,22,0,1,0,0.242187,0.143475,27.68174,457731
2167,15,-1.078,26,0,1,0,0.241461,0.192885,27.69295,457758
2168,15,-1.19619,400,0,0,1,0.240736,0.156939,27.52178,458158
2169,15,-1.2,400,0,0,1,0.240014,0.166285,27.27509,458558
2170,15,-1.2,400,0,0,1,0.239294,0.161199,27.05284,458958
2171,15,-1.19968,400,0,0,1,0.238576,0.139004,26.84763,459358
2172,15,-1.2,400,0,0,1,0.237861,0.159223,26.62063,459758
2173,15,-1.2,400,0,0,1,0.237147,0.144942,26.50073,460158
2174,15,-1.036,12,0,1,0,0.236436,0.141668,26.35157,460171
2175,15,-1.2,400,0,0,1,0.235726,0.142422,26.27883,460571
2176,15,-1.126,42,0,1,0,0.235019,0.138221,26.21191,460614
2177,15,-1.2,400,0,0,1,0.234314,0.141899,26.0988,461014
2178,15,-1.2,400,0,0,1,0.233611,0.137479,25.88128,461414
2179,15,-1.195,65,0,1,0,0.23291,0.143848,25.78106,461480
2180,15,-1.087,29,0,1,0,0.232211,0.174933,25.65833,461510
2181,15,-1.2,400,0,0,1,0.231515,0.133035,25.64189,461910
2182,15,-1.057,19,0,1,0,0.23082,0.148111,25.42627,461930
2183,15,-1.2,400,0,0,1,0.230128,0.157153,25.48079,462330
2184,15,-1.2,400,0,0,1,0.229437,0.124836,25.34513,462730
2185,15,-1.2,400,0,0,1,0.228749,0.127124,25.23302,463130
2186,15,-1.039,13,0,1,0,0.228063,0.118343,25.03386,463144
2187,15,-1.021,7,0,1,0,0.227379,0.192259,24.96793,463152
2188,15,-1.051,17,0,1,0,0.226697,0.09793,25.09729,463170
2189,15,-1.063,21,0,1,0,0.226016,0.170862,25.14444,463192
2190,15,-1.015,5,0,1,0,0.225338,0.127208,25.08549,463198
2191,15,-1.2,400,0,0,1,0.224662,0.141904,25.07001,463598
2192,15,-1.048,16,0,1,0,0.223988,0.14511,24.93523,463615
2193,15,-1.147,49,0,1,0,0.223316,0.144729,24.99866,463665
2194,15,-1.198,66,0,1,0,0.222646,0.158944,24.94485,463732
2195,15,-1.2,400,0,0,1,0.221979,0.148603,24.88822,464132
2196,15,-1.2,400,0,0,1,0.221313,0.150017,24.71593,464532
2197,15,-1.273,91,0,1,0,0.220649,0.163045,24.58359,464624
2198,15,-1.039,13,0,1,0,0.219987,0.093233,24.61759,464638
2199,15,-1.2,400,0,0,1,0.219327,0.122595,24.46469,465038
2200,15,-1.2,400,0,0,1,0.218669,0.128805,24.21365,465438
2201,15,-1.29229,98,0,1,0,0.218013,0.133639,24.12275,465537
2202,15,-1.087,29,0,1,0,0.217359,0.112068,23.98361,465567
2203,15,-1.066,22,0,1,0,0.216707,0.139906,24.1063,465590
2204,15,9.79804,70,1,0,0,0.216057,0.156762,23.99506,465661
2205,15,-1.2,400,0,0,1,0.215408,0.138117,23.9229,466061
2206,15,-1.2,400,0,0,1,0.214762,0.135074,23.74028,466461
2207,15,-1.108,36,0,1,0,0.214118,0.140024,23.60681,466498
2208,15,-1.111,37,0,1,0,0.213476,0.156626,23.61574,466536
2209,15,-1.024,8,0,1,0,0.212835,0.210282,23.59948,466545
2210,15,-1.2,400,0,0,1,0.212197,0.131031,23.54067,466945
2211,15,-1.228,76,0,1,0,0.21156,0.14863,23.46876,467022
2212,15,-1.2,400,0,0,1,0.210925,0.131178,23.36965,467422
2213,15,-1.2,400,0,0,1,0.210293,0.132666,23.19575,467822
2214,15,-1.222,74,0,1,0,0.209662,0.148155,23.08913,467897
2215,15,-1.162,54,0,1,0,0.209033,0.13253,23.12993,467952
2216,15,-1.2,400,0,0,1,0.208406,0.130967,22.95176,468352
2217,15,-2.065,355,0,1,0,0.20778,0.128501,22.76216,468708
2218,15,-1.2,400,0,0,1,0.207157,0.13235,22.59627,469108
2219,15,-1.357,119,0,1,0,0.206536,0.133559,22.3836,469228
2220,15,-1.2,400,0,0,1,0.205916,0.133571,22.31402,469628
2221,15,-1.333,111,0,1,0,0.205298,0.125717,22.25068,469740
2222,15,-1.2,400,0,0,1,0.204682,0.121381,22.13337,470140
2223,15,-1.144,48,0,1,0,0.204068,0.138394,22.0009,470189
2224,15,-1.2,400,0,0,1,0.203456,0.123645,21.92906,470589
2225,15,-1.2,400,0,0,1,0.202846,0.118733,21.77062,470989
2226,15,-1.2,400,0,0,1,0.202237,0.128001,21.65438,471389
2227,15,-1.321,107,0,1,0,0.20163,0.098013,21.55045,471497
2228,15,-1.2,400,0,0,1,0.201026,0.115674,21.56874,471897
2229,15,-1.19983,400,0,0,1,0.200422,0.106945,21.43141,472297
2230,15,-1.2,400,0,0,1,0.199821,0.11278,21.33243,472697
2231,15,-1.054,18,0,1,0,0.199222,0.124458,21.23239,472716
2232,15,-1.2,400,0,0,1,0.198624,0.109697,21.29249,473116
2233,15,-1.2,400,0,0,1,0.198028,0.111257,21.23066,473516
2234,15,-1.2,400,0,0,1,0.197434,0.113485,21.15302,473916
2235,15,-1.2,400,0,0,1,0.196842,0.104476,21.05755,474316
2236,15,-1.2,400,0,0,1,0.196251,0.119944,20.97429,474716
2237,15,-1.2,400,0,0,1,0.195663,0.101264,20.87755,475116
2238,15,-1.2,400,0,0,1,0.195076,0.104354,20.79103,475516
2239,15,-1.2,400,0,0,1,0.19449,0.104445,20.70205,475916
2240,15,-1.2,400,0,0,1,0.193907,0.118327,20.57213,476316
2241,15,-1.2,400,0,0,1,0.193325,0.109682,20.50579,476716
2242,15,-1.2,400,0,0,1,0.192745,0.101403,20.3862,477116
2243,15,-1.2,400,0,0,1,0.192167,0.101188,20.27405,477516
2244,15,-1.2,400,0,0,1,0.19159,0.100384,20.12459,477916
2245,15,-1.99,330,0,1,0,0.191016,0.095021,20.01973,478247
2246,15,-1.2,400,0,0,1,0.190443,0.099633,19.90672,478647
2247,15,-1.2,400,0,0,1,0.189871,0.102571,19.77674,479047
2248,15,-1.438,146,0,1,0,0.189302,0.093212,19.67619,479194
2249,15,-1.2,400,0,0,1,0.188734,0.089336,19.60274,479594
2250,15,-1.243,81,0,1,0,0.188168,0.089804,19.56016,479676
2251,15,-1.129,43,0,1,0,0.187603,0.104608,19.41954,479720
2252,15,-1.2,400,0,0,1,0.18704,0.086591,19.4837,480120
2253,15,-1.567,189,0,1,0,0.186479,0.09124,19.40486,480310
2254,15,-1.2,400,0,0,1,0.18592,0.081236,19.2932,480710
2255,15,-1.885,295,0,1,0,0.185362,0.093285,19.14699,481006
2256,15,-1.2,400,0,0,1,0.184806,0.079568,19.03359,481406
2257,15,-1.489,163,0,1,0,0.184251,0.07617,18.99508,481570
2258,15,-1.2,400,0,0,1,0.183699,0.084343,18.83978,481970
2259,15,-1.2,400,0,0,1,0.183148,0.086363,18.71472,482370
2260,15,-1.654,218,0,1,0,0.182598,0.081549,18.60003,482589
2261,15,-2.086,362,0,1,0,0.18205,0.077548,18.50674,482952
2262,15,-1.2,400,0,0,1,0.181504,0.068247,18.35317,483352
2263,15,-1.2,400,0,0,1,0.18096,0.084905,18.19847,483752
2264,15,-1.2,400,0,0,1,0.180417,0.073692,18.07089,484152
2265,15,-1.168,56,0,1,0,0.179876,0.081386,17.92073,484209
2266,15,-1.2,400,0,0,1,0.179336,0.073311,17.8539,484609
2267,15,-1.2,400,0,0,1,0.178798,0.068369,17.7184,485009
2268,15,-1.729,243,0,1,0,0.178262,0.075837,17.59576,485253
2269,15,-1.2,400,0,0,1,0.177727,0.071035,17.42738,485653
2270,15,-1.2,400,0,0,1,0.177194,0.067699,17.24565,486053
2271,15,-1.231,77,0,1,0,0.176662,0.074139,17.12303,486131
2272,15,-1.2,400,0,0,1,0.176132,0.067305,17.02561,486531
2273,15,-1.633,211,0,1,0,0.175604,0.077032,16.90534,486743
2274,15,-1.015,5,0,1,0,0.175077,0.052425,16.72449,486749
2275,15,-1.2,400,0,0,1,0.174552,0.064198,16.74617,487149
2276,15,-1.003,1,0,1,0,0.174028,0.008699,16.65934,487151
2277,15,-1.2,400,0,0,1,0.173506,0.065672,16.5408,487551
2278,15,-2.029,343,0,1,0,0.172985,0.072301,16.34795,487895
2279,15,-1.309,103,0,1,0,0.172466,0.07494,16.23198,487999
2280,15,-1.003,1,0,1,0,0.171949,0.141296,16.19167,488001
2281,15,-1.057,19,0,1,0,0.171433,0.046631,16.19175,488021
2282,15,-1.498,166,0,1,0,0.170919,0.058978,16.17064,488188
2283,15,-1.117,39,0,1,0,0.170406,0.065591,16.08441,488228
2284,15,-1.2,400,0,0,1,0.169895,0.068241,15.98319,488628
2285,15,-2.035,345,0,1,0,0.169385,0.065356,15.78185,488974
2286,15,-1.21,70,0,1,0,0.168877,0.059842,15.67146,489045
2287,15,-1.672,224,0,1,0,0.16837,0.069461,15.59854,489270
2288,15,-2.035,345,0,1,0,0.167865,0.061044,15.43232,489616
2289,15,-1.2,400,0,0,1,0.167362,0.062853,15.24662,490016
2290,15,-1.2,400,0,0,1,0.16686,0.059467,15.04054,490416
2291,15,-1.2,400,0,0,1,0.166359,0.055193,14.82334,490816
2292,15,-1.2,400,0,0,1,0.16586,0.057656,14.60344,491216
2293,15,-1.2,400,0,0,1,0.165362,0.048497,14.39316,491616
2294,15,-1.36,120,0,1,0,0.164866,0.046163,14.26001,491737
2295,15,-2.068,356,0,1,0,0.164372,0.051497,14.12332,492094
2296,15,-1.2,400,0,0,1,0.163879,0.055541,13.92748,492494
2297,15,-1.2,400,0,0,1,0.163387,0.05289,13.73191,492894
2298,15,-1.2,400,0,0,1,0.162897,0.053708,13.52128,493294
2299,15,-2.002,334,0,1,0,0.162408,0.054472,13.35343,493629
2300,15,-1.2,400,0,0,1,0.161921,0.049988,13.16856,494029
2301,15,-1.3,100,0,1,0,0.161435,0.048799,13.05226,494130
2302,15,-1.171,57,0,1,0,0.160951,0.04418,13.03339,494188
2303,15,-1.396,132,0,1,0,0.160468,0.051009,12.9811,494321
2304,15,-1.2,400,0,0,1,0.159986,0.053806,12.85859,494721
2305,15,-1.2,400,0,0,1,0.159507,0.056195,12.6934,495121
2306,15,-1.2,400,0,0,1,0.159028,0.054169,12.53288,495521
2307,15,-1.009,3,0,1,0,0.158551,0.079232,12.41921,495525
2308,15,-1.2,400,0,0,1,0.158075,0.047802,12.39043,495925
2309,15,-1.777,259,0,1,0,0.157601,0.046446,12.26713,496185
2310,15,-1.2,400,0,0,1,0.157128,0.045633,12.15382,496585
2311,15,-1.447,149,0,1,0,0.156657,0.045763,12.07743,496735
2312,15,-1.2,400,0,0,1,0.156187,0.042793,11.97634,497135
2313,15,-1.2,400,0,0,1,0.155718,0.041792,11.83677,497535
2314,15,-1.2,400,0,0,1,0.155251,0.043485,11.69558,497935
2315,15,-1.2,400,0,0,1,0.154785,0.037385,11.54689,498335
2316,15,-1.18391,400,0,0,1,0.154321,0.038749,11.39376,498735
2317,15,-1.381,127,0,1,0,0.153858,0.035604,11.26884,498863
2318,15,-1.336,112,0,1,0,0.153397,0.033661,11.21398,498976
2319,15,-1.072,24,0,1,0,0.152936,0.052701,11.21031,499001
2320,15,-2.002,334,0,1,0,0.152478,0.04875,11.12816,499336
2321,15,-1.2,400,0,0,1,0.15202,0.044603,10.98824,499736
2322,15,-1.2,400,0,0,1,0.151564,0.036373,10.86406,500136
2323,15,-1.2,400,0,0,1,0.151109,0.039097,10.71778,500536
2324,15,-1.2,400,0,0,1,0.150656,0.038224,10.54528,500936
2325,15,-1.2,400,0,0,1,0.150204,0.033231,10.39508,501336
2326,15,-1.2,400,0,0,1,0.149753,0.036183,10.25681,501736
2327,15,-1.2,400,0,0,1,0.149304,0.037364,10.11683,502136
2328,15,-1.2,400,0,0,1,0.148856,0.038488,9.99079,502536
2329,15,-1.2,400,0,0,1,0.14841,0.035992,9.86973,502936
2330,15,-1.2,400,0,0,1,0.147964,0.032386,9.75537,503336
2331,15,-1.2,400,0,0,1,0.147521,0.034134,9.64076,503736
2332,15,-1.2,400,0,0,1,0.147078,0.030648,9.5307,504136
2333,15,-1.2,400,0,0,1,0.146637,0.03237,9.42032,504536
2334,15,-1.2,400,0,0,1,0.146197,0.027189,9.30236,504936
2335,15,-1.2,400,0,0,1,0.145758,0.024307,9.16383,505336
2336,15,-1.2,400,0,0,1,0.145321,0.030426,9.04562,505736
2337,15,-1.2,400,0,0,1,0.144885,0.033275,8.90325,506136
2338,15,-1.2,400,0,0,1,0.14445,0.029791,8.77145,506536
2339,15,-1.2,400,0,0,1,0.144017,0.02982,8.66611,506936
2340,15,-1.2,400,0,0,1,0.143585,0.033982,8.55542,507336
2341,15,-1.2,400,0,0,1,0.143154,0.028098,8.44338,507736
2342,15,-1.2,400,0,0,1,0.142725,0.029001,8.33721,508136
2343,15,-1.228,76,0,1,0,0.142297,0.026227,8.25986,508213
2344,15,-1.2,400,0,0,1,0.14187,0.02867,8.20995,508613
2345,15,-1.2,400,0,0,1,0.141444,0.026303,8.10918,509013
2346,15,-1.2,400,0,0,1,0.14102,0.02724,8.01742,509413
2347,15,-1.0,0,0,1,0,0.140597,0.001973,7.99959,509414
2348,15,9.75692,83,1,0,0,0.140175,0.028751,7.98424,509498
2349,15,-1.2,400,0,0,1,0.139754,0.026281,7.92801,509898
2350,15,-1.2,400,0,0,1,0.139335,0.029175,7.86207,510298
2351,15,-1.2,400,0,0,1,0.138917,0.023983,7.78256,510698
2352,15,-1.2,400,0,0,1,0.1385,0.02704,7.72495,511098
2353,15,-1.2,400,0,0,1,0.138085,0.025629,7.67992,511498
2354,15,-1.945,315,0,1,0,0.137671,0.025696,7.64575,511814
2355,15,-1.2,400,0,0,1,0.137258,0.027249,7.63521,512214
2356,15,-1.2,400,0,0,1,0.136846,0.024557,7.66845,512614
2357,15,-1.2,400,0,0,1,0.136435,0.025317,7.68833,513014
2358,15,-1.2,400,0,0,1,0.136026,0.02655,7.75428,513414
2359,15,-1.069,23,0,1,0,0.135618,0.023561,7.84897,513438
2360,15,-1.2,400,0,0,1,0.135211,0.023994,7.83417,513838
2361,15,-1.2,400,0,0,1,0.134805,0.026501,7.93679,514238
2362,15,-1.2,400,0,0,1,0.134401,0.027242,8.04025,514638
2363,15,-1.2,400,0,0,1,0.133998,0.028161,8.178,515038
2364,15,-1.2,400,0,0,1,0.133596,0.028984,8.35861,515438
2365,15,-1.2,400,0,0,1,0.133195,0.026364,8.51591,515838
2366,15,-1.336,112,0,1,0,0.132795,0.029856,8.57672,515951
2367,15,-1.2,400,0,0,1,0.132397,0.033455,8.61129,516351
2368,15,-1.2,400,0,0,1,0.132,0.02906,8.72336,516751
2369,15,-1.2,400,0,0,1,0.131604,0.027883,8.8075,517151
2370,15,-1.2,400,0,0,1,0.131209,0.032144,8.91492,517551
2371,15,-1.2,400,0,0,1,0.130815,0.031623,8.98062,517951
2372,15,-1.051,17,0,1,0,0.130423,0.017762,9.05402,517969
2373,15,-1.204,68,0,1,0,0.130032,0.035387,9.02929,518038
2374,15,-1.2,400,0,0,1,0.129642,0.035099,9.04767,518438
2375,15,-1.066,22,0,1,0,0.129253,0.02097,9.10236,518461
2376,15,-1.2,400,0,0,1,0.128865,0.03095,9.11881,518861
2377,15,-1.2,400,0,0,1,0.128478,0.035567,9.18948,519261
2378,15,-1.2,400,0,0,1,0.128093,0.033013,9.19133,519661
2379,15,-1.2,400,0,0,1,0.127709,0.026512,9.21542,520061
2380,15,8.97105,345,1,0,0,0.127325,0.03309,9.21328,520407
2381,15,-1.2,400,0,0,1,0.126943,0.029382,9.21383,520807
2382,15,-1.2,400,0,0,1,0.126563,0.029979,9.16879,521207
2383,15,-1.2,400,0,0,1,0.126183,0.027436,9.15358,521607
2384,15,-1.2,400,0,0,1,0.125804,0.027797,9.0939,522007
2385,15,9.66429,114,1,0,0,0.125427,0.032922,9.07452,522122
2386,15,-1.2,400,0,0,1,0.125051,0.030552,9.05535,522522
2387,15,-1.2,400,0,0,1,0.124676,0.027348,8.99276,522922
2388,15,-1.2,400,0,0,1,0.124302,0.031935,8.91533,523322
2389,15,-1.2,400,0,0,1,0.123929,0.026316,8.84783,523722
2390,15,-1.336,112,0,1,0,0.123557,0.024437,8.78559,523835
2391,15,-1.03,10,0,1,0,0.123186,0.01495,8.78807,523846
2392,15,-1.2,400,0,0,1,0.122817,0.026496,8.7454,524246
2393,15,-1.834,278,0,1,0,0.122448,0.026138,8.68536,524525
2394,15,-1.2,400,0,0,1,0.122081,0.028546,8.59718,524925
2395,15,-1.954,318,0,1,0,0.121715,0.0283,8.5201,525244
2396,15,-1.2,400,0,0,1,0.121349,0.02613,8.45225,525644
2397,15,-1.819,273,0,1,0,0.120985,0.025642,8.37693,525918
2398,15,-1.2,400,0,0,1,0.120622,0.025449,8.32198,526318
2399,15,-1.18,60,0,1,0,0.120261,0.014437,8.24839,526379
2400,15,9.57344,144,1,0,0,0.1199,0.025561,8.2215,526524
2401,15,-1.483,161,0,1,0,0.11954,0.024258,8.20492,526686
2402,15,-1.273,91,0,1,0,0.119181,0.025464,8.15738,526778
2403,15,-1.2,400,0,0,1,0.118824,0.022593,8.13349,527178
2404,15,-1.77324,258,0,1,0,0.118467,0.02746,8.06137,527437
2405,15,-1.144,48,0,1,0,0.118112,0.024486,8.0338,527486
2406,15,-1.033,11,0,1,0,0.117758,0.0487,8.01717,527498
2407,15,-1.393,131,0,1,0,0.117404,0.022195,7.98254,527630
2408,15,-1.2,400,0,0,1,0.117052,0.027418,7.93614,528030
2409,15,-1.144,48,0,1,0,0.116701,0.026035,7.89661,528079
2410,15,-1.039,13,0,1,0,0.116351,0.033567,7.90454,528093
2411,15,-1.2,400,0,0,1,0.116002,0.028126,7.84273,528493
2412,15,-1.2,400,0,0,1,0.115654,0.026089,7.76311,528893
2413,15,-1.2,400,0,0,1,0.115307,0.02391,7.66817,529293
2414,15,-1.2,400,0,0,1,0.114961,0.024804,7.59182,529693
2415,15,-1.2,400,0,0,1,0.114616,0.022605,7.51335,530093
2416,15,-1.2,400,0,0,1,0.114272,0.023847,7.41946,530493
2417,15,-1.045,15,0,1,0,0.113929,0.014558,7.36061,530509
2418,15,-1.2,400,0,0,1,0.113588,0.023383,7.31877,530909
2419,15,9.50855,166,1,0,0,0.113247,0.02343,7.246,531076
2420,15,-1.2,400,0,0,1,0.112907,0.026231,7.17302,531476
2421,15,-2.152,384,0,1,0,0.112568,0.020139,7.08277,531861
2422,15,-1.081,27,0,1,0,0.112231,0.029291,7.02644,531889
2423,15,-1.012,4,0,1,0,0.111894,0.001948,6.9939,531894
2424,15,-1.2,400,0,0,1,0.111558,0.023973,6.99219,532294
2425,15,-1.2,400,0,0,1,0.111224,0.024837,6.90034,532694
2426,15,-1.2,400,0,0,1,0.11089,0.020465,6.81304,533094
2427,15,-1.2,400,0,0,1,0.110557,0.021933,6.72618,533494
2428,15,-1.2,400,0,0,1,0.110226,0.022768,6.64578,533894
2429,15,-1.2,400,0,0,1,0.109895,0.021432,6.56246,534294
2430,15,-1.2,400,0,0,1,0.109565,0.021334,6.47937,534694
2431,15,-1.057,19,0,1,0,0.109237,0.029214,6.44502,534714
2432,15,-1.2,400,0,0,1,0.108909,0.020629,6.38504,535114
2433,15,-1.2,400,0,0,1,0.108582,0.020538,6.30437,535514
2434,15,-1.654,218,0,1,0,0.108256,0.017549,6.25706,535733
2435,15,-1.2,400,0,0,1,0.107932,0.019198,6.20961,536133
2436,15,-1.501,167,0,1,0,0.107608,0.020318,6.1546,536301
2437,15,-1.2,400,0,0,1,0.107285,0.01832,6.10828,536701
2438,15,-1.132,44,0,1,0,0.106963,0.018429,6.08507,536746
2439,15,-1.2,400,0,0,1,0.106642,0.018806,6.0408,537146
2440,15,-1.033,11,0,1,0,0.106322,0.025151,6.0205,537158
2441,15,-1.2,400,0,0,1,0.106003,0.019996,5.9732,537558
2442,15,-1.165,55,0,1,0,0.105685,0.017752,5.92975,537614
2443,15,-1.2,400,0,0,1,0.105368,0.019109,5.90497,538014
2444,15,-1.2,400,0,0,1,0.105052,0.017349,5.85343,538414
2445,15,-1.12,40,0,1,0,0.104737,0.012507,5.83118,538455
2446,15,-1.432,144,0,1,0,0.104423,0.017073,5.81084,538600
2447,15,-1.906,302,0,1,0,0.10411,0.017412,5.7789,538903
2448,15,-1.2,400,0,0,1,0.103797,0.016577,5.72902,539303
2449,15,-1.2,400,0,0,1,0.103486,0.018415,5.67265,539703
2450,15,-1.2,400,0,0,1,0.103175,0.016321,5.62257,540103
2451,15,-1.2,400,0,0,1,0.102866,0.016886,5.57192,540503
2452,15,-1.2,400,0,0,1,0.102557,0.017411,5.516,540903
2453,15,-1.651,217,0,1,0,0.10225,0.020045,5.4715,541121
2454,15,-1.546,182,0,1,0,0.101943,0.015939,5.4429,541304
2455,15,9.04298,321,1,0,0,0.101637,0.017188,5.4102,541626
2456,15,-1.636,212,0,1,0,0.101332,0.014687,5.37444,541839
2457,15,-1.19769,400,0,0,1,0.101028,0.017517,5.32337,542239
2458,15,-1.579,193,0,1,0,0.100725,0.018396,5.27024,542433
2459,15,-1.2,400,0,0,1,0.100423,0.016713,5.22983,542833
2460,15,9.81972,62,1,0,0,0.100122,0.017011,5.18856,542896
2461,15,-1.2,400,0,0,1,0.1,0.016802,5.14682,543296
2462,15,9.94883,19,1,0,0,0.1,0.014497,5.11676,543316
2463,15,-1.2,400,0,0,1,0.1,0.015615,5.07658,543716
2464,15,9.70624,100,1,0,0,0.1,0.01527,5.03752,543817
2465,15,-1.174,58,0,1,0,0.1,0.015757,5.02598,543876
2466,15,9.7564,83,1,0,0,0.1,0.014754,5.01517,543960
2467,15,-1.2,400,0,0,1,0.1,0.016216,4.96391,544360
2468,15,-1.2,400,0,0,1,0.1,0.017776,4.90016,544760
2469,15,-1.2,400,0,0,1,0.1,0.013429,4.84107,545160
2470,15,-1.2,400,0,0,1,0.1,0.016191,4.7664,545560
2471,15,-1.2,400,0,0,1,0.1,0.015561,4.69281,545960
2472,15,9.46261,181,1,0,0,0.1,0.012949,4.64739,546142
2473,15,-1.2,400,0,0,1,0.1,0.015829,4.59716,546542
2474,15,9.895,37,1,0,0,0.1,0.011219,4.55766,546580
2475,15,9.50499,167,1,0,0,0.1,0.016216,4.54007,546748
2476,15,9.9398,22,1,0,0,0.1,0.015023,4.5038,546771
2477,15,9.793,71,1,0,0,0.1,0.011724,4.5051,546843
2478,15,-1.2,400,0,0,1,0.1,0.013143,4.47449,547243
2479,15,9.67857,109,1,0,0,0.1,0.01422,4.44139,547353
2480,15,9.70838,99,1,0,0,0.1,0.017717,4.41301,547453
2481,15,-1.2,400,0,0,1,0.1,0.014355,4.37178,547853
2482,15,9.78071,75,1,0,0,0.1,0.014052,4.32079,547929
2483,15,9.73927,89,1,0,0,0.1,0.013547,4.32994,548019
2484,15,-1.2,400,0,0,1,0.1,0.012727,4.2933,548419
2485,15,-1.273,91,0,1,0,0.1,0.011066,4.26193,548511
2486,15,9.77184,78,1,0,0,0.1,0.014157,4.24768,548590
2487,15,9.71231,98,1,0,0,0.1,0.014281,4.24653,548689
2488,15,9.69979,102,1,0,0,0.1,0.013894,4.22438,548792
2489,15,9.90415,34,1,0,0,0.1,0.011576,4.22629,548827
2490,15,9.75108,85,1,0,0,0.1,0.009542,4.22935,548913
2491,15,9.95128,18,1,0,0,0.1,0.009615,4.20854,548932
2492,15,9.67901,109,1,0,0,0.1,0.011364,4.21251,549042
2493,15,9.69669,103,1,0,0,0.1,0.016011,4.19629,549146
2494,15,9.72925,92,1,0,0,0.1,0.013152,4.18198,549239
2495,15,9.27965,242,1,0,0,0.1,0.013683,4.17338,549482
2496,15,-1.147,49,0,1,0,0.1,0.013618,4.15818,549532
2497,15,-1.2,400,0,0,1,0.1,0.014674,4.11721,549932
2498,15,9.86799,46,1,0,0,0.1,0.016927,4.09699,549979
2499,15,-1.684,228,0,1,0,0.1,0.012385,4.08247,550208
2500,15,9.88838,39,1,0,0,0.1,0.014334,4.08015,550248
2501,15,-1.2,400,0,0,1,0.1,0.012642,4.05809,550648
2502,15,9.91919,29,1,0,0,0.1,0.012143,4.0241,550678
2503,15,9.71801,96,1,0,0,0.1,0.01188,4.04078,550775
2504,15,9.85258,51,1,0,0,0.1,0.015296,4.03954,550827
2505,15,-1.015,5,0,1,0,0.1,0.009041,4.05402,550833
2506,15,9.81627,63,1,0,0,0.1,0.01145,4.00238,550897
2507,15,9.67288,111,1,0,0,0.1,0.014623,4.01902,551009
2508,15,-1.027,9,0,1,0,0.1,0.011562,3.97035,551019
2509,15,-1.12,40,0,1,0,0.1,0.015906,4.01394,551060
2510,15,-1.072,24,0,1,0,0.1,0.017501,4.02184,551085
2511,15,9.80834,66,1,0,0,0.1,0.017717,4.00998,551152
2512,15,-1.471,157,0,1,0,0.1,0.01288,4.00962,551310
2513,15,-1.372,124,0,1,0,0.1,0.012994,3.99116,551435
2514,15,-1.297,99,0,1,0,0.1,0.016567,3.99446,551535
2515,15,9.95201,18,1,0,0,0.1,0.013401,3.99901,551554
2516,15,9.84644,53,1,0,0,0.1,0.015133,3.99645,551608
2517,15,9.76594,80,1,0,0,0.1,0.011646,3.97856,551689
2518,15,9.84107,55,1,0,0,0.1,0.012656,3.9785,551745
2519,15,-1.189,63,0,1,0,0.1,0.01212,3.97308,551809
2520,15,9.6394,122,1,0,0,0.1,0.014988,3.98156,551932
2521,15,9.79919,69,1,0,0,0.1,0.010193,3.98653,552002
2522,15,9.82938,59,1,0,0,0.1,0.016716,3.98994,552062
2523,15,9.81725,63,1,0,0,0.1,0.012439,3.99029,552126
2524,15,-1.159,53,0,1,0,0.1,0.015397,3.9855,552180
2525,15,9.82298,61,1,0,0,0.1,0.019829,3.99275,552242
2526,15,9.84161,55,1,0,0,0.1,0.009859,3.97974,552298
2527,15,9.85314,51,1,0,0,0.1,0.013638,3.98868,552350
2528,15,9.90941,32,1,0,0,0.1,0.013658,3.99867,552383
2529,15,9.80452,67,1,0,0,0.1,0.013712,3.96336,552451
2530,15,9.91905,29,1,0,0,0.1,0.017406,3.99736,552481
2531,15,9.71179,98,1,0,0,0.1,0.010589,3.99234,552580
2532,15,9.8109,65,1,0,0,0.1,0.014093,4.00753,552646
2533,15,9.84378,54,1,0,0,0.1,0.01457,4.00025,552701
2534,15,9.84064,55,1,0,0,0.1,0.017252,3.98601,552757
2535,15,9.65426,117,1,0,0,0.1,0.017896,3.99901,552875
2536,15,9.91285,31,1,0,0,0.1,0.015973,4.00125,552907
2537,15,-1.717,239,0,1,0,0.1,0.012504,4.0217,553147
2538,15,9.90705,33,1,0,0,0.1,0.015818,4.02128,553181
2539,15,9.91298,31,1,0,0,0.1,0.011824,4.02212,553213
2540,15,-1.012,4,0,1,0,0.1,0.022562,3.98023,553218
2541,15,9.96045,15,1,0,0,0.1,0.021673,4.05218,553234
2542,15,9.84953,52,1,0,0,0.1,0.014518,4.01255,553287
2543,15,9.8077,66,1,0,0,0.1,0.013231,4.0262,553354
2544,15,8.87432,377,1,0,0,0.1,0.014825,4.04009,553732
2545,15,9.778,76,1,0,0,0.1,0.013425,4.06289,553809
2546,15,9.87396,44,1,0,0,0.1,0.009321,4.09925,553854
2547,15,-1.19928,400,0,0,1,0.1,0.013849,4.08518,554254
2548,15,9.91251,31,1,0,0,0.1,0.009116,4.0988,554286
2549,15,9.83763,56,1,0,0,0.1,0.019216,4.11276,554343
2550,15,9.94869,19,1,0,0,0.1,0.026203,4.11628,554363
2551,15,9.76035,82,1,0,0,0.1,0.01648,4.11489,554446
2552,15,9.78366,74,1,0,0,0.1,0.017257,4.12602,554521
2553,15,9.88339,41,1,0,0,0.1,0.014571,4.14551,554563
2554,15,9.78096,75,1,0,0,0.1,0.01238,4.12867,554639
2555,15,9.83836,56,1,0,0,0.1,0.015152,4.16416,554696
2556,15,9.73896,89,1,0,0,0.1,0.014795,4.19525,554786
2557,15,9.895,37,1,0,0,0.1,0.011211,4.18181,554824
2558,15,9.63711,123,1,0,0,0.1,0.017661,4.21243,554948
2559,15,9.78795,73,1,0,0,0.1,0.01623,4.24678,555022
2560,15,9.91607,30,1,0,0,0.1,0.014343,4.2633,555053
2561,15,9.67743,110,1,0,0,0.1,0.017455,4.26821,555164
2562,15,9.81943,62,1,0,0,0.1,0.015398,4.23311,555227
2563,15,9.62769,126,1,0,0,0.1,0.017074,4.2916,555354
2564,15,9.81668,63,1,0,0,0.1,0.014236,4.27829,555418
2565,15,9.83185,58,1,0,0,0.1,0.009657,4.34416,555477
2566,15,9.72946,92,1,0,0,0.1,0.01246,4.31942,555570
2567,15,9.84102,55,1,0,0,0.1,0.017601,4.35785,555626
2568,15,-1.153,51,0,1,0,0.1,0.013675,4.36697,555678
2569,15,-1.024,8,0,1,0,0.1,0.019125,4.40764,555687
2570,15,9.83716,57,1,0,0,0.1,0.018268,4.40795,555745
2571,15,9.83201,58,1,0,0,0.1,0.014895,4.41329,555804
2572,15,9.80779,66,1,0,0,0.1,0.019134,4.40796,555871
2573,15,9.8231,61,1,0,0,0.1,0.019853,4.42096,555933
2574,15,-1.075,25,0,1,0,0.1,0.017313,4.42204,555959
2575,15,9.76602,80,1,0,0,0.1,0.019267,4.45558,556040
2576,15,9.75386,84,1,0,0,0.1,0.017608,4.45299,556125
2577,15,9.82867,59,1,0,0,0.1,0.02305,4.49048,556185
2578,15,9.77769,76,1,0,0,0.1,0.019263,4.52594,556262
2579,15,9.86241,48,1,0,0,0.1,0.011684,4.48258,556311
2580,15,9.89208,38,1,0,0,0.1,0.017376,4.50759,556350
2581,15,9.87977,42,1,0,0,0.1,0.017516,4.52372,556393
2582,15,9.92201,28,1,0,0,0.1,0.015061,4.61884,556422
2583,15,9.83199,58,1,0,0,0.1,0.017021,4.54856,556481
2584,15,9.82576,60,1,0,0,0.1,0.013222,4.57707,556542
2585,15,9.93951,22,1,0,0,0.1,0.021705,4.64733,556565
2586,15,9.76653,80,1,0,0,0.1,0.016094,4.64021,556646
2587,15,9.79254,71,1,0,0,0.1,0.015534,4.62737,556718
2588,15,9.92208,28,1,0,0,0.1,0.023041,4.68592,556747
2589,15,9.84995,52,1,0,0,0.1,0.023628,4.69144,556800
2590,15,9.7448,87,1,0,0,0.1,0.019677,4.67979,556888
2591,15,9.80186,68,1,0,0,0.1,0.020913,4.70589,556957
2592,15,9.76,82,1,0,0,0.1,0.028881,4.77305,557040
2593,15,9.81734,63,1,0,0,0.1,0.016639,4.77415,557104
2594,15,9.93117,25,1,0,0,0.1,0.018677,4.81419,557130
2595,15,-1.138,46,0,1,0,0.1,0.018753,4.82616,557177
2596,15,9.93729,23,1,0,0,0.1,0.017468,4.7445,557201
2597,15,9.76597,80,1,0,0,0.1,0.019012,4.83316,557282
2598,15,9.72993,92,1,0,0,0.1,0.01978,4.85607,557375
2599,15,9.90684,33,1,0,0,0.1,0.016745,4.86759,557409
2600,2,-1.2,400,0,0,1,0.4995,0.0,0.0,557409
2601,2,-1.2,400,0,0,1,0.499001,0.0,0.0,557409
2602,2,-1.276,92,0,1,0,0.498501,0.0,0.0,557409
2603,2,-1.2,400,0,0,1,0.498003,0.015477,2.90236,557703
2604,2,-1.477,159,0,1,0,0.497505,0.011609,2.92621,557863
2605,2,-1.33,110,0,1,0,0.497007,0.013245,3.13317,557974
2606,2,9.2418,255,1,0,0,0.49651,0.018957,3.55526,558230
2607,2,-1.159,53,0,1,0,0.496014,0.01743,3.96425,558284
2608,2,-1.2,400,0,0,1,0.495518,0.017745,3.98669,558684
2609,2,9.41195,198,1,0,0,0.495022,0.014462,4.06792,558883
2610,2,-1.2,400,0,0,1,0.494527,0.018284,4.11813,559283
2611,2,-1.2,400,0,0,1,0.494033,0.014009,3.99424,559683
2612,2,-1.2,400,0,0,1,0.493539,0.012427,3.85315,560083
2613,2,-1.2,400,0,0,1,0.493045,0.01067,3.71642,560483
2614,2,-1.06,20,0,1,0,0.492552,0.017211,3.64336,560504
2615,2,-1.2,400,0,0,1,0.49206,0.012399,3.57594,560904
2616,2,9.61169,132,1,0,0,0.491568,0.011284,3.60353,561037
2617,2,9.72272,95,1,0,0,0.491076,0.012006,3.72297,561133
2618,2,-1.20425,69,0,1,0,0.490585,0.008492,3.75683,561203
2619,2,9.8195,62,1,0,0,0.490094,0.019547,3.87103,561266
2620,2,-1.2,400,0,0,1,0.489604,0.014819,3.85019,561666
2621,2,9.75669,83,1,0,0,0.489115,0.011829,3.8201,561750
2622,2,9.56308,148,1,0,0,0.488626,0.015625,3.81416,561899
2623,2,-1.489,163,0,1,0,0.488137,0.014762,3.89184,562063
2624,2,9.54706,153,1,0,0,0.487649,0.017122,3.93898,562217
2625,2,9.44758,186,1,0,0,0.487161,0.017377,3.97486,562404
2626,2,-1.114,38,0,1,0,0.486674,0.023083,3.98452,562443
2627,2,-1.81687,273,0,1,0,0.486187,0.017642,4.01614,562717
2628,2,-1.2,400,0,0,1,0.485701,0.016372,4.0093,563117
2629,2,-1.603,201,0,1,0,0.485215,0.013629,3.90374,563319
2630,2,-1.2,400,0,0,1,0.48473,0.017864,3.87015,563719
2631,2,-1.2,400,0,0,1,0.484246,0.014359,3.80082,564119
2632,2,9.79739,70,1,0,0,0.483761,0.011593,3.79646,564190
2633,2,-1.021,7,0,1,0,0.483278,0.012145,3.92551,564198
2634,2,9.85318,51,1,0,0,0.482794,0.013331,3.83831,564250
2635,2,-1.081,27,0,1,0,0.482311,0.018001,3.75496,564278
2636,2,-1.2,400,0,0,1,0.481829,0.018156,3.78501,564678
2637,2,-1.072,24,0,1,0,0.481347,0.015064,3.84877,564703
2638,2,-1.177,59,0,1,0,0.480866,0.012928,3.74249,564763
2639,2,9.82982,59,1,0,0,0.480385,0.01951,3.79576,564823
2640,2,-1.2,400,0,0,1,0.479905,0.01583,3.82273,565223
2641,2,-1.333,111,0,1,0,0.479425,0.015879,3.84863,565335
2642,2,9.66051,115,1,0,0,0.478945,0.019066,3.84977,565451
2643,2,-1.2,400,0,0,1,0.478466,0.017053,3.83681,565851
2644,2,9.8047,67,1,0,0,0.477988,0.020861,3.83925,565919
2645,2,-1.069,23,0,1,0,0.47751,0.014842,3.88742,565943
2646,2,-1.2,400,0,0,1,0.477032,0.018413,3.83519,566343
2647,2,-1.039,13,0,1,0,0.476555,0.010089,3.894,566357
2648,2,-1.183,61,0,1,0,0.476079,0.019799,3.79593,566419
2649,2,-1.2,400,0,0,1,0.475603,0.01852,3.77927,566819
2650,2,-1.14092,48,0,1,0,0.475127,0.015987,3.87358,566868
2651,2,9.52854,159,1,0,0,0.474652,0.020996,3.79877,567028
2652,2,-1.216,72,0,1,0,0.474177,0.017708,3.84441,567101
2653,2,-1.132,44,0,1,0,0.473703,0.013172,3.88388,567146
2654,2,9.74046,89,1,0,0,0.47323,0.020509,3.89106,567236
2655,2,-1.2,400,0,0,1,0.472756,0.019581,3.85744,567636
2656,2,9.60687,133,1,0,0,0.472284,0.017413,3.84522,567770
2657,2,9.76892,79,1,0,0,0.471811,0.016925,3.92633,567850
2658,2,9.82048,62,1,0,0,0.471339,0.013195,3.92023,567913
2659,2,-1.255,85,0,1,0,0.470868,0.018243,3.98963,567999
2660,2,-1.111,37,0,1,0,0.470397,0.019765,3.89948,568037
2661,2,9.81958,62,1,0,0,0.469927,0.014661,3.96619,568100
2662,2,9.66675,113,1,0,0,0.469457,0.019106,3.96395,568214
2663,2,9.79616,70,1,0,0,0.468987,0.022525,4.00179,568285
2664,2,-1.162,54,0,1,0,0.468518,0.01508,4.03985,568340
2665,2,9.78328,74,1,0,0,0.46805,0.025353,4.00623,568415
2666,2,-1.2,400,0,0,1,0.467582,0.019498,3.99722,568815
2667,2,-1.03,10,0,1,0,0.467114,0.009305,3.92368,568826
2668,2,9.9158,30,1,0,0,0.466647,0.029609,3.96454,568857
2669,2,9.61919,129,1,0,0,0.466181,0.023182,4.03377,568987
2670,2,-1.27196,91,0,1,0,0.465714,0.026657,4.08051,569079
2671,2,9.88865,39,1,0,0,0.465249,0.01835,4.002,569119
2672,2,9.60722,133,1,0,0,0.464783,0.022864,4.10491,569253
2673,2,-1.039,13,0,1,0,0.464319,0.024934,4.26215,569267
2674,2,9.80473,67,1,0,0,0.463854,0.020899,4.16247,569335
2675,2,-1.2,400,0,0,1,0.46339,0.024884,4.18491,569735
2676,2,9.65791,116,1,0,0,0.462927,0.026386,4.20882,569852
2677,2,-1.036,12,0,1,0,0.462464,0.02498,4.32705,569865
2678,2,9.83458,57,1,0,0,0.462002,0.025612,4.34869,569923
2679,2,9.82595,60,1,0,0,0.46154,0.02075,4.27732,569984
2680,2,9.77484,77,1,0,0,0.461078,0.023015,4.32012,570062
2681,2,9.5291,159,1,0,0,0.460617,0.019539,4.37073,570222
2682,2,9.79308,71,1,0,0,0.460156,0.019147,4.39789,570294
2683,2,9.76882,79,1,0,0,0.459696,0.024796,4.4125,570374
2684,2,-1.078,26,0,1,0,0.459237,0.022273,4.51738,570401
2685,2,-1.276,92,0,1,0,0.458777,0.021775,4.41029,570494
2686,2,-1.126,42,0,1,0,0.458319,0.029284,4.53542,570537
2687,2,9.69654,103,1,0,0,0.45786,0.020406,4.48085,570641
2688,2,9.75207,85,1,0,0,0.457402,0.02058,4.47105,570727
2689,2,-1.315,105,0,1,0,0.456945,0.024037,4.50876,570833
2690,2,9.77761,76,1,0,0,0.456488,0.028894,4.50013,570910
2691,2,9.61416,131,1,0,0,0.456032,0.026101,4.54101,571042
2692,2,9.8862,40,1,0,0,0.455576,0.022011,4.57115,571083
2693,2,-1.066,22,0,1,0,0.45512,0.028552,4.55109,571106
2694,2,9.89193,38,1,0,0,0.454665,0.023487,4.59822,571145
2695,2,-1.024,8,0,1,0,0.45421,0.034677,4.73506,571154
2696,2,-1.2,400,0,0,1,0.453756,0.024908,4.64715,571554
2697,2,9.88014,42,1,0,0,0.453302,0.028846,4.65662,571597
2698,2,9.86439,47,1,0,0,0.452849,0.026218,4.77077,571645
2699,2,-1.09,30,0,1,0,0.452396,0.03156,4.76962,571676
2700,2,9.65483,117,1,0,0,0.451944,0.028078,4.72202,571794
2701,2,9.86829,46,1,0,0,0.451492,0.021294,4.69746,571841
2702,2,9.81434,64,1,0,0,0.45104,0.024316,4.73343,571906
2703,2,-1.2,400,0,0,1,0.450589,0.027125,4.86933,572306
2704,2,9.86504,47,1,0,0,0.450139,0.02826,4.88221,572354
2705,2,9.70888,99,1,0,0,0.449688,0.023515,4.96885,572454
2706,2,-1.045,15,0,1,0,0.449239,0.022166,4.86212,572470
2707,2,9.83199,58,1,0,0,0.44879,0.03143,4.94554,572529
2708,2,-1.2,400,0,0,1,0.448341,0.027166,4.9963,572929
2709,2,-1.219,73,0,1,0,0.447892,0.027078,5.01345,573003
2710,2,-1.2,400,0,0,1,0.447445,0.027579,5.1033,573403
2711,2,9.35567,217,1,0,0,0.446997,0.022489,5.16185,573621
2712,2,-1.2,400,0,0,1,0.44655,0.026194,5.25401,574021
2713,2,-1.12,40,0,1,0,0.446104,0.03516,5.29331,574062
2714,2,9.9097,32,1,0,0,0.445657,0.033425,5.33136,574095
2715,2,9.69644,103,1,0,0,0.445212,0.027815,5.31607,574199
2716,2,-1.354,118,0,1,0,0.444767,0.02671,5.31289,574318
2717,2,9.73863,89,1,0,0,0.444322,0.027579,5.34587,574408
2718,2,-1.15,50,0,1,0,0.443877,0.031346,5.26862,574459
2719,2,-1.23533,79,0,1,0,0.443434,0.025848,5.32799,574539
2720,2,-1.072,24,0,1,0,0.44299,0.035651,5.31404,574564
2721,2,-1.153,51,0,1,0,0.442547,0.030526,5.35478,574616
2722,2,-1.2,400,0,0,1,0.442105,0.030262,5.40478,575016
2723,2,9.63369,124,1,0,0,0.441663,0.029817,5.44515,575141
2724,2,-1.309,103,0,1,0,0.441221,0.029962,5.47599,575245
2725,2,-1.171,57,0,1,0,0.44078,0.031043,5.46675,575303
2726,2,9.72991,92,1,0,0,0.440339,0.032751,5.42954,575396
2727,2,-1.141,47,0,1,0,0.439899,0.034059,5.38913,575444
2728,2,9.72691,93,1,0,0,0.439459,0.031365,5.46333,575538
2729,2,-1.219,73,0,1,0,0.439019,0.030759,5.52032,575612
2730,2,9.63688,123,1,0,0,0.43858,0.029607,5.5212,575736
2731,2,-1.093,31,0,1,0,0.438142,0.033592,5.62049,575768
2732,2,-1.03,10,0,1,0,0.437703,0.04202,5.53275,575779
2733,2,-1.084,28,0,1,0,0.437266,0.027599,5.56902,575808
2734,2,-1.006,2,0,1,0,0.436828,0.03127,5.47727,575811
2735,2,9.71877,96,1,0,0,0.436392,0.034015,5.50515,575908
2736,2,9.86804,46,1,0,0,0.435955,0.033111,5.54016,575955
2737,2,9.72387,94,1,0,0,0.435519,0.034603,5.55121,576050
2738,2,9.8498,52,1,0,0,0.435084,0.035067,5.58115,576103
2739,2,9.71147,98,1,0,0,0.434649,0.029377,5.56978,576202
2740,2,-1.102,34,0,1,0,0.434214,0.021607,5.56151,576237
2741,2,9.88344,41,1,0,0,0.43378,0.031126,5.60604,576279
2742,2,9.6788,109,1,0,0,0.433346,0.03211,5.56667,576389
2743,2,9.81712,63,1,0,0,0.432913,0.03512,5.56761,576453
2744,2,-1.174,58,0,1,0,0.43248,0.0285,5.614,576512
2745,2,9.60473,134,1,0,0,0.432047,0.028827,5.62248,576647
2746,2,-1.075,25,0,1,0,0.431615,0.028101,5.66488,576673
2747,2,9.67875,109,1,0,0,0.431184,0.031596,5.63307,576783
2748,2,9.88671,40,1,0,0,0.430752,0.029684,5.71009,576824
2749,2,9.68822,106,1,0,0,0.430322,0.026997,5.70951,576931
2750,2,-1.2,400,0,0,1,0.429891,0.031724,5.74177,577331
2751,2,9.78343,74,1,0,0,0.429461,0.030543,5.79243,577406
2752,2,9.71212,98,1,0,0,0.429032,0.034988,5.80906,577505
2753,2,9.85533,50,1,0,0,0.428603,0.034591,5.79755,577556
2754,2,-1.2,400,0,0,1,0.428174,0.032847,5.78375,577956
2755,2,9.84681,53,1,0,0,0.427746,0.027251,5.7681,578010
2756,2,9.66958,112,1,0,0,0.427318,0.031002,5.85013,578123
2757,2,9.82018,62,1,0,0,0.426891,0.031863,5.78793,578186
2758,2,-1.13161,44,0,1,0,0.426464,0.035719,5.83536,578231
2759,2,-1.141,47,0,1,0,0.426038,0.040717,5.80854,578279
2760,2,9.3134,231,1,0,0,0.425612,0.031531,5.86055,578511
2761,2,-1.051,17,0,1,0,0.425186,0.040063,5.86335,578529
2762,2,9.92541,27,1,0,0,0.424761,0.031669,5.88914,578557
2763,2,9.83192,58,1,0,0,0.424336,0.026426,5.82275,578616
2764,2,-1.57,190,0,1,0,0.423912,0.0323,5.91144,578807
2765,2,-1.303,101,0,1,0,0.423488,0.033946,5.90178,578909
2766,2,-1.078,26,0,1,0,0.423064,0.043363,5.93605,578936
2767,2,9.86578,47,1,0,0,0.422641,0.028768,5.90109,578984
2768,2,9.81112,65,1,0,0,0.422219,0.037921,5.93099,579050
2769,2,-1.015,5,0,1,0,0.421797,0.031586,5.93805,579056
2770,2,9.77798,76,1,0,0,0.421375,0.034817,5.91005,579133
2771,2,9.57678,143,1,0,0,0.420953,0.038765,5.954,579277
2772,2,-1.084,28,0,1,0,0.420532,0.031847,5.98886,579306
2773,2,9.69863,103,1,0,0,0.420112,0.037039,6.02964,579410
2774,2,-1.15,50,0,1,0,0.419692,0.038468,6.03586,579461
2775,2,9.76636,80,1,0,0,0.419272,0.03503,6.01395,579542
2776,2,9.73658,90,1,0,0,0.418853,0.036896,6.01015,579633
2777,2,9.75424,84,1,0,0,0.418434,0.032844,6.03934,579718
2778,2,9.76011,82,1,0,0,0.418016,0.031147,6.02434,579801
2779,2,-1.057,19,0,1,0,0.417597,0.033123,6.13994,579821
2780,2,-1.087,29,0,1,0,0.41718,0.033227,6.04348,579851
2781,2,-1.153,51,0,1,0,0.416763,0.036781,6.0734,579903
2782,2,9.92771,26,1,0,0,0.416346,0.036863,6.14078,579930
2783,2,8.8148,397,1,0,0,0.41593,0.035856,6.09257,580328
2784,2,9.62133,128,1,0,0,0.415514,0.035798,6.12027,580457
2785,2,9.81123,65,1,0,0,0.415098,0.031199,6.11469,580523
2786,2,-1.19687,400,0,0,1,0.414683,0.035941,6.17107,580923
2787,2,-1.03,10,0,1,0,0.414268,0.026956,6.19089,580934
2788,2,9.81973,62,1,0,0,0.413854,0.03329,6.22814,580997
2789,2,9.58974,139,1,0,0,0.41344,0.031365,6.21182,581137
2790,2,-1.087,29,0,1,0,0.413027,0.030221,6.1893,581167
2791,2,9.77461,77,1,0,0,0.412614,0.035491,6.23156,581245
2792,2,9.7419,88,1,0,0,0.412201,0.035209,6.27155,581334
2793,2,-1.345,115,0,1,0,0.411789,0.035698,6.29652,581450
2794,2,-1.054,18,0,1,0,0.411377,0.030507,6.31079,581469
2795,2,-1.21,70,0,1,0,0.410966,0.02985,6.2377,581540
2796,2,9.33959,222,1,0,0,0.410555,0.036038,6.29441,581763
2797,2,-1.294,98,0,1,0,0.410144,0.035637,6.32117,581862
2798,2,9.83133,58,1,0,0,0.409734,0.033288,6.33377,581921
2799,2,9.29784,236,1,0,0,0.409324,0.033608,6.34597,582158
2800,2,-1.069,23,0,1,0,0.408915,0.055628,6.3124,582182
2801,2,9.90665,33,1,0,0,0.408506,0.025972,6.37538,582216
2802,2,-1.084,28,0,1,0,0.408098,0.0365,6.33265,582245
2803,2,9.69047,105,1,0,0,0.40769,0.038921,6.34992,582351
2804,2,9.87145,45,1,0,0,0.407282,0.029461,6.38577,582397
2805,2,9.80468,67,1,0,0,0.406875,0.028216,6.35627,582465
2806,2,-1.141,47,0,1,0,0.406468,0.034299,6.36696,582513
2807,2,-1.2,400,0,0,1,0.406061,0.033466,6.37059,582913
2808,2,9.87928,42,1,0,0,0.405655,0.034965,6.37576,582956
2809,2,9.84107,55,1,0,0,0.40525,0.044385,6.36938,583012
2810,2,-1.036,12,0,1,0,0.404844,0.027009,6.43085,583025
2811,2,9.81121,65,1,0,0,0.404439,0.034605,6.40026,583091
2812,2,-1.639,213,0,1,0,0.404035,0.034205,6.41073,583305
2813,2,-1.027,9,0,1,0,0.403631,0.058514,6.43038,583315
2814,2,9.75118,85,1,0,0,0.403227,0.042286,6.44706,583401
2815,2,9.79381,71,1,0,0,0.402824,0.039745,6.46854,583473
2816,2,9.67643,110,1,0,0,0.402421,0.038254,6.43036,583584
2817,2,9.70352,101,1,0,0,0.402019,0.037775,6.45187,583686
2818,2,9.69084,105,1,0,0,0.401617,0.03906,6.45472,583792
2819,2,-1.123,41,0,1,0,0.401215,0.024937,6.52246,583834
2820,2,9.59842,136,1,0,0,0.400814,0.037622,6.48267,583971
2821,2,-1.024,8,0,1,0,0.400413,0.041758,6.52706,583980
2822,2,-1.171,57,0,1,0,0.400013,0.025683,6.45967,584038
2823,2,-1.255,85,0,1,0,0.399613,0.03688,6.49676,584124
2824,2,9.76229,81,1,0,0,0.399213,0.032303,6.42796,584206
2825,2,-1.009,3,0,1,0,0.398814,0.023291,6.60763,584210
2826,2,9.75071,85,1,0,0,0.398415,0.042023,6.5383,584296
2827,2,9.86874,46,1,0,0,0.398017,0.027667,6.49913,584343
2828,2,9.62196,128,1,0,0,0.397619,0.041135,6.49973,584472
2829,2,-1.261,87,0,1,0,0.397221,0.038965,6.54323,584560
2830,2,9.80175,68,1,0,0,0.396824,0.035458,6.55175,584629
2831,2,-1.135,45,0,1,0,0.396427,0.03879,6.51491,584675
2832,2,-1.21,70,0,1,0,0.396031,0.036066,6.5445,584746
2833,2,-1.069,23,0,1,0,0.395635,0.045649,6.52958,584770
2834,2,9.73559,90,1,0,0,0.395239,0.032825,6.54535,584861
2835,2,9.59516,137,1,0,0,0.394844,0.042815,6.54663,584999
2836,2,9.53867,156,1,0,0,0.394449,0.038567,6.54275,585156
2837,2,-1.162,54,0,1,0,0.394054,0.031365,6.53165,585211
2838,2,-1.2,400,0,0,1,0.39366,0.037942,6.57288,585611
2839,2,-1.2,400,0,0,1,0.393267,0.038444,6.59494,586011
2840,2,9.87095,45,1,0,0,0.392873,0.038531,6.65806,586057
2841,2,9.83172,58,1,0,0,0.392481,0.037865,6.65527,586116
2842,2,9.73343,91,1,0,0,0.392088,0.038649,6.63983,586208
2843,2,-1.075,25,0,1,0,0.391696,0.034413,6.6936,586234
2844,2,9.81933,62,1,0,0,0.391304,0.028724,6.63663,586297
2845,2,9.75982,82,1,0,0,0.390913,0.030404,6.66421,586380
2846,2,-1.279,93,0,1,0,0.390522,0.037595,6.68992,586474
2847,2,9.86508,47,1,0,0,0.390132,0.032569,6.71264,586522
2848,2,9.38765,206,1,0,0,0.389741,0.037675,6.67325,586729
2849,2,9.91561,30,1,0,0,0.389352,0.044098,6.6454,586760
2850,2,9.77,79,1,0,0,0.388962,0.030344,6.67587,586840
2851,2,9.70953,99,1,0,0,0.388573,0.040508,6.68877,586940
2852,2,9.71782,96,1,0,0,0.388185,0.038415,6.65997,587037
2853,2,9.8442,54,1,0,0,0.387797,0.035971,6.68903,587092
2854,2,9.72512,94,1,0,0,0.387409,0.037618,6.69672,587187
2855,2,-1.03,10,0,1,0,0.387021,0.025626,6.71153,587198
2856,2,9.85323,51,1,0,0,0.386634,0.03936,6.70693,587250
2857,2,9.75347,84,1,0,0,0.386248,0.031315,6.69326,587335
2858,2,9.84153,55,1,0,0,0.385862,0.03134,6.71169,587391
2859,2,9.89218,38,1,0,0,0.385476,0.034518,6.74887,587430
2860,2,9.78694,73,1,0,0,0.38509,0.033696,6.71926,587504
2861,2,-1.237,79,0,1,0,0.384705,0.03197,6.69734,587584
2862,2,9.89789,36,1,0,0,0.38432,0.033707,6.66811,587621
2863,2,-1.216,72,0,1,0,0.383936,0.03502,6.72968,587694
2864,2,-1.321,107,0,1,0,0.383552,0.038985,6.72686,587802
2865,2,-1.078,26,0,1,0,0.383169,0.046131,6.71106,587829
2866,2,9.88307,41,1,0,0,0.382785,0.039193,6.7227,587871
2867,2,-1.045,15,0,1,0,0.382403,0.041491,6.75247,587887
2868,2,-1.036,12,0,1,0,0.38202,0.047336,6.69473,587900
2869,2,9.82627,60,1,0,0,0.381638,0.029997,6.69943,587961
2870,2,9.71207,98,1,0,0,0.381257,0.040429,6.72444,588060
2871,2,9.68832,106,1,0,0,0.380875,0.028021,6.7331,588167
2872,2,-1.159,53,0,1,0,0.380494,0.038639,6.77921,588221
2873,2,-1.015,5,0,1,0,0.380114,0.02813,6.77707,588227
2874,2,9.86857,46,1,0,0,0.379734,0.041555,6.7243,588274
2875,2,9.8556,50,1,0,0,0.379354,0.037239,6.73512,588325
2876,2,-1.111,37,0,1,0,0.378975,0.035968,6.71266,588363
2877,2,9.87666,43,1,0,0,0.378596,0.039379,6.72948,588407
2878,2,-1.087,29,0,1,0,0.378217,0.027064,6.69946,588437
2879,2,9.82582,60,1,0,0,0.377839,0.030894,6.72635,588498
2880,2,-1.039,13,0,1,0,0.377461,0.031445,6.7476,588512
2881,2,-1.2,400,0,0,1,0.377084,0.0344,6.7257,588912
2882,2,9.91576,30,1,0,0,0.376707,0.033406,6.78404,588943
2883,2,9.65197,118,1,0,0,0.37633,0.036279,6.74453,589062
2884,2,-1.246,82,0,1,0,0.375954,0.033266,6.74192,589145
2885,2,9.89175,38,1,0,0,0.375578,0.043933,6.72075,589184
2886,2,-1.03,10,0,1,0,0.375202,0.028788,6.69396,589195
2887,2,9.73606,90,1,0,0,0.374827,0.03977,6.73921,589286
2888,2,9.64351,121,1,0,0,0.374452,0.03812,6.7494,589408
2889,2,-1.138,46,0,1,0,0.374078,0.035491,6.74439,589455
2890,2,9.86736,46,1,0,0,0.373703,0.026712,6.74353,589502
2891,2,9.80842,66,1,0,0,0.37333,0.03023,6.78228,589569
2892,2,9.90139,35,1,0,0,0.372956,0.043374,6.76268,589605
2893,2,9.74181,88,1,0,0,0.372583,0.033441,6.76784,589694
2894,2,9.86787,46,1,0,0,0.372211,0.041903,6.77393,589741
2895,2,9.6101,132,1,0,0,0.371839,0.034388,6.76208,589874
2896,2,9.12471,294,1,0,0,0.371467,0.03557,6.76255,590169
2897,2,9.82592,60,1,0,0,0.371095,0.041569,6.75488,590230
2898,2,-1.048,16,0,1,0,0.370724,0.049341,6.67915,590247
2899,2,9.43126,192,1,0,0,0.370354,0.038204,6.75817,590440
2900,2,-1.27491,93,0,1,0,0.369983,0.03272,6.78896,590534
2901,2,-1.093,31,0,1,0,0.369613,0.028808,6.76752,590566
2902,2,-1.117,39,0,1,0,0.369244,0.027904,6.74965,590606
2903,2,9.58937,139,1,0,0,0.368874,0.043836,6.76739,590746
2904,2,9.68169,108,1,0,0,0.368505,0.037758,6.7405,590855
2905,2,9.88299,41,1,0,0,0.368137,0.036411,6.73819,590897
2906,2,9.7601,82,1,0,0,0.367769,0.034587,6.72553,590980
2907,2,9.87368,44,1,0,0,0.367401,0.039102,6.76577,591025
2908,2,9.77145,78,1,0,0,0.367034,0.036595,6.76538,591104
2909,2,-1.08943,30,0,1,0,0.366667,0.040079,6.73586,591135
2910,2,9.89194,38,1,0,0,0.3663,0.038549,6.74441,591174
2911,2,9.84956,52,1,0,0,0.365934,0.039334,6.76718,591227
2912,2,9.75397,84,1,0,0,0.365568,0.042638,6.74375,591312
2913,2,-1.087,29,0,1,0,0.365202,0.024301,6.795,591342
2914,2,9.88633,40,1,0,0,0.364837,0.033069,6.7335,591383
2915,2,9.81961,62,1,0,0,0.364472,0.03621,6.79159,591446
2916,2,-1.2,400,0,0,1,0.364108,0.032228,6.76682,591846
2917,2,9.80207,68,1,0,0,0.363744,0.03276,6.76197,591915
2918,2,9.7393,89,1,0,0,0.36338,0.030929,6.82972,592005
2919,2,-1.063,21,0,1,0,0.363016,0.033599,6.76331,592027
2920,2,9.71729,97,1,0,0,0.362653,0.039094,6.78898,592125
2921,2,-1.123,41,0,1,0,0.362291,0.039593,6.72814,592167
2922,2,9.90685,33,1,0,0,0.361928,0.024345,6.77292,592201
2923,2,9.69737,103,1,0,0,0.361567,0.031228,6.75219,592305
2924,2,-1.558,186,0,1,0,0.361205,0.038852,6.76285,592492
2925,2,9.691,105,1,0,0,0.360844,0.030716,6.78478,592598
2926,2,9.76904,79,1,0,0,0.360483,0.032422,6.76944,592678
2927,2,9.61588,130,1,0,0,0.360122,0.036974,6.76659,592809
2928,2,9.87405,44,1,0,0,0.359762,0.044283,6.76667,592854
2929,2,-1.201,67,0,1,0,0.359403,0.044326,6.78348,592922
2930,2,9.75685,83,1,0,0,0.359043,0.033057,6.75809,593006
2931,2,9.91271,31,1,0,0,0.358684,0.037731,6.70773,593038
2932,2,9.84066,55,1,0,0,0.358325,0.037976,6.77499,593094
2933,2,9.71164,98,1,0,0,0.357967,0.038031,6.77476,593193
2934,2,9.8913,38,1,0,0,0.357609,0.036881,6.77941,593232
2935,2,9.8382,56,1,0,0,0.357251,0.041235,6.75254,593289
2936,2,9.81716,63,1,0,0,0.356894,0.03533,6.80927,593353
2937,2,9.78399,74,1,0,0,0.356537,0.03392,6.78081,593428
2938,2,-1.18,60,0,1,0,0.356181,0.035619,6.74434,593489
2939,2,9.8256,60,1,0,0,0.355825,0.03948,6.76741,593550
2940,2,9.74482,87,1,0,0,0.355469,0.029992,6.76584,593638
2941,2,-1.033,11,0,1,0,0.355113,0.02628,6.80686,593650
2942,2,9.80154,68,1,0,0,0.354758,0.03022,6.76646,593719
2943,2,-1.6,200,0,1,0,0.354403,0.039478,6.7878,593920
2944,2,9.90368,34,1,0,0,0.354049,0.030592,6.77486,593955
2945,2,9.84364,54,1,0,0,0.353695,0.034969,6.77985,594010
2946,2,9.7689,79,1,0,0,0.353341,0.02565,6.75294,594090
2947,2,-1.057,19,0,1,0,0.352988,0.03513,6.76401,594110
2948,2,9.70577,100,1,0,0,0.352635,0.03413,6.74045,594211
2949,2,-1.219,73,0,1,0,0.352282,0.029079,6.76316,594285
2950,2,-1.141,47,0,1,0,0.35193,0.038926,6.76784,594333
2951,2,-1.078,26,0,1,0,0.351578,0.03533,6.80091,594360
2952,2,9.84088,55,1,0,0,0.351227,0.038717,6.77714,594416
2953,2,-1.102,34,0,1,0,0.350875,0.032067,6.75971,594451
2954,2,9.89454,37,1,0,0,0.350524,0.027164,6.71896,594489
2955,2,9.83779,56,1,0,0,0.350174,0.039893,6.76818,594546
2956,2,9.91923,29,1,0,0,0.349824,0.03333,6.77264,594576
2957,2,9.79872,69,1,0,0,0.349474,0.03852,6.74248,594646
2958,2,9.72065,95,1,0,0,0.349124,0.033194,6.76217,594742
2959,2,9.92198,28,1,0,0,0.348775,0.027509,6.77451,594771
2960,2,9.82312,61,1,0,0,0.348427,0.037871,6.78507,594833
2961,2,9.79624,70,1,0,0,0.348078,0.039879,6.73943,594904
2962,2,9.83426,57,1,0,0,0.34773,0.041877,6.70883,594962
2963,2,-1.192,64,0,1,0,0.347382,0.046063,6.74039,595027
2964,2,9.88573,40,1,0,0,0.347035,0.036304,6.79912,595068
2965,2,-1.021,7,0,1,0,0.346688,0.050154,6.75629,595076
2966,2,9.76826,79,1,0,0,0.346341,0.047383,6.75211,595156
2967,2,-1.051,17,0,1,0,0.345995,0.029416,6.78775,595174
2968,2,9.75662,83,1,0,0,0.345649,0.026554,6.78801,595258
2969,2,-1.036,12,0,1,0,0.345303,0.037329,6.74323,595271
2970,2,9.8559,50,1,0,0,0.344958,0.03251,6.79602,595322
2971,2,9.85313,51,1,0,0,0.344613,0.043917,6.76851,595374
2972,2,9.81954,62,1,0,0,0.344268,0.037714,6.75236,595437
2973,2,9.84375,54,1,0,0,0.343924,0.043854,6.78765,595492
2974,2,9.82607,60,1,0,0,0.34358,0.044837,6.76328,595553
2975,2,-1.084,28,0,1,0,0.343237,0.036007,6.75402,595582
2976,2,-1.21,70,0,1,0,0.342893,0.035267,6.74452,595653
2977,2,9.79311,71,1,0,0,0.34255,0.028475,6.79263,595725
2978,2,9.70305,101,1,0,0,0.342208,0.040044,6.74443,595827
2979,2,-1.012,4,0,1,0,0.341866,0.022125,6.73096,595832
2980,2,9.84049,55,1,0,0,0.341524,0.030816,6.7417,595888
2981,2,9.7842,74,1,0,0,0.341182,0.036724,6.74069,595963
2982,2,-1.045,15,0,1,0,0.340841,0.037423,6.70147,595979
2983,2,9.87966,42,1,0,0,0.3405,0.02737,6.74811,596022
2984,2,-1.081,27,0,1,0,0.34016,0.027715,6.78062,596050
2985,2,9.91258,31,1,0,0,0.33982,0.034625,6.76815,596082
2986,2,-1.075,25,0,1,0,0.33948,0.042399,6.71912,596108
2987,2,9.66043,115,1,0,0,0.33914,0.035621,6.75803,596224
2988,2,9.87943,42,1,0,0,0.338801,0.033538,6.75309,596267
2989,2,9.79573,70,1,0,0,0.338462,0.028742,6.74645,596338
2990,2,-1.027,9,0,1,0,0.338124,0.029259,6.80293,596348
2991,2,9.8957,37,1,0,0,0.337786,0.045557,6.74733,596386
2992,2,9.80812,66,1,0,0,0.337448,0.035781,6.76517,596453
2993,2,-1.21,70,0,1,0,0.337111,0.045479,6.7423,596524
2994,2,9.82567,60,1,0,0,0.336773,0.03496,6.73383,596585
2995,2,9.87083,45,1,0,0,0.336437,0.040261,6.76986,596631
2996,2,9.90331,34,1,0,0,0.3361,0.050176,6.77869,596666
2997,2,9.77462,77,1,0,0,0.335764,0.038938,6.7953,596744
2998,2,-1.123,41,0,1,0,0.335428,0.036394,6.73425,596786
2999,2,9.78969,72,1,0,0,0.335093,0.028665,6.76401,596859
3000,2,-1.432,144,0,1,0,0.334758,0.037725,6.73927,597004
3001,2,9.77203,78,1,0,0,0.334423,0.033168,6.70553,597083
3002,2,9.68842,106,1,0,0,0.334089,0.035288,6.74581,597190
3003,2,-1.2,400,0,0,1,0.333755,0.028865,6.75235,597590
3004,2,9.82005,62,1,0,0,0.333421,0.032583,6.74485,597653
3005,2,9.80169,68,1,0,0,0.333087,0.033677,6.74465,597722
3006,2,9.89876,36,1,0,0,0.332754,0.051991,6.75023,597759
3007,2,9.88284,41,1,0,0,0.332422,0.036942,6.73313,597801
3008,2,9.84742,53,1,0,0,0.332089,0.042983,6.75538,597855
3009,2,9.85282,51,1,0,0,0.331757,0.029331,6.7165,597907
3010,2,-1.105,35,0,1,0,0.331425,0.026314,6.81483,597943
3011,2,9.89197,38,1,0,0,0.331094,0.036259,6.77792,597982
3012,2,9.79832,69,1,0,0,0.330763,0.028135,6.74292,598052
3013,2,9.8306,59,1,0,0,0.330432,0.044195,6.72645,598112
3014,2,9.8589,49,1,0,0,0.330102,0.038987,6.76714,598162
3015,2,9.84695,53,1,0,0,0.329771,0.027766,6.74774,598216
3016,2,9.89804,36,1,0,0,0.329442,0.039348,6.76002,598253
3017,2,9.75985,82,1,0,0,0.329112,0.037043,6.7637,598336
3018,2,9.86496,47,1,0,0,0.328783,0.033797,6.74286,598384
3019,2,9.80205,68,1,0,0,0.328454,0.035365,6.70578,598453
3020,2,9.8199,62,1,0,0,0.328126,0.040667,6.70891,598516
3021,2,-1.2,400,0,0,1,0.327798,0.037044,6.74774,598916
3022,2,9.8495,52,1,0,0,0.32747,0.036004,6.72456,598969
3023,2,9.73582,90,1,0,0,0.327143,0.036114,6.73409,599060
3024,2,9.80812,66,1,0,0,0.326815,0.034649,6.732,599127
3025,2,9.78098,75,1,0,0,0.326489,0.042442,6.70592,599203
3026,2,9.83173,58,1,0,0,0.326162,0.02803,6.76443,599262
3027,2,-1.027,9,0,1,0,0.325836,0.045683,6.75114,599272
3028,2,9.91268,31,1,0,0,0.32551,0.031559,6.74581,599304
3029,2,-1.06,20,0,1,0,0.325185,0.025312,6.73636,599325
3030,2,9.71478,97,1,0,0,0.324859,0.036651,6.74539,599423
3031,2,9.83805,56,1,0,0,0.324535,0.036512,6.7426,599480
3032,2,-1.054,18,0,1,0,0.32421,0.02873,6.70884,599499
3033,2,9.81073,65,1,0,0,0.323886,0.03647,6.72113,599565
3034,2,9.86733,46,1,0,0,0.323562,0.02943,6.7573,599612
3035,2,-1.2,400,0,0,1,0.323238,0.036137,6.73521,600012
3036,2,9.74801,86,1,0,0,0.322915,0.033755,6.75664,600099
3037,2,9.86192,48,1,0,0,0.322592,0.035599,6.73411,600148
3038,2,9.90088,35,1,0,0,0.32227,0.027101,6.69671,600184
3039,2,9.82009,62,1,0,0,0.321947,0.028976,6.75339,600247
3040,2,9.84376,54,1,0,0,0.321625,0.041284,6.72718,600302
3041,2,9.91601,30,1,0,0,0.321304,0.03594,6.70411,600333
3042,2,-1.282,94,0,1,0,0.320982,0.039651,6.72598,600428
3043,2,9.87372,44,1,0,0,0.320661,0.0381,6.73982,600473
3044,2,-1.144,48,0,1,0,0.320341,0.027745,6.74254,600522
3045,2,9.85337,51,1,0,0,0.32002,0.031971,6.76766,600574
3046,2,9.6729,111,1,0,0,0.3197,0.031234,6.71513,600686
3047,2,9.81394,64,1,0,0,0.319381,0.03604,6.7551,600751
3048,2,9.80818,66,1,0,0,0.319061,0.030068,6.72893,600818
3049,2,9.86797,46,1,0,0,0.318742,0.032617,6.7124,600865
3050,2,9.80192,68,1,0,0,0.318424,0.036241,6.71996,600934
3051,2,9.87644,43,1,0,0,0.318105,0.026072,6.73363,600978
3052,2,9.80788,66,1,0,0,0.317787,0.04037,6.75279,601045
3053,2,9.90996,32,1,0,0,0.317469,0.028577,6.73738,601078
3054,2,9.90934,32,1,0,0,0.317152,0.046181,6.7483,601111
3055,2,9.9071,33,1,0,0,0.316835,0.035024,6.71515,601145
3056,2,9.88054,42,1,0,0,0.316518,0.029024,6.71436,601188
3057,2,9.77775,76,1,0,0,0.316201,0.029018,6.77819,601265
3058,2,9.92114,28,1,0,0,0.315885,0.042518,6.70795,601294
3059,2,9.84975,52,1,0,0,0.315569,0.036809,6.78578,601347
3060,2,-1.2,400,0,0,1,0.315254,0.036767,6.73278,601747
3061,2,9.79633,70,1,0,0,0.314938,0.0397,6.74584,601818
3062,2,-1.045,15,0,1,0,0.314623,0.02834,6.73338,601834
3063,2,9.826,60,1,0,0,0.314309,0.03691,6.69208,601895
3064,2,9.89161,38,1,0,0,0.313994,0.029721,6.78479,601934
3065,2,-1.13372,45,0,1,0,0.31368,0.029311,6.7333,601980
3066,2,-1.06,20,0,1,0,0.313367,0.038044,6.67436,602001
3067,2,9.82894,59,1,0,0,0.313053,0.030331,6.72846,602061
3068,2,9.78662,73,1,0,0,0.31274,0.032964,6.73995,602135
3069,2,9.79888,69,1,0,0,0.312428,0.035833,6.74183,602205
3070,2,9.75951,82,1,0,0,0.312115,0.033156,6.74291,602288
3071,2,9.75742,83,1,0,0,0.311803,0.033356,6.77976,602372
3072,2,9.84758,53,1,0,0,0.311491,0.026757,6.71338,602426
3073,2,9.86219,48,1,0,0,0.31118,0.032717,6.72169,602475
3074,2,-1.147,49,0,1,0,0.310869,0.039294,6.75983,602525
3075,2,9.91337,31,1,0,0,0.310558,0.035951,6.74287,602557
3076,2,9.67679,110,1,0,0,0.310247,0.038124,6.74139,602668
3077,2,9.79292,71,1,0,0,0.309937,0.047658,6.70982,602740
3078,2,-1.204,68,0,1,0,0.309627,0.035218,6.74685,602809
3079,2,-1.2,400,0,0,1,0.309317,0.036776,6.74773,603209
3080,2,-1.192,64,0,1,0,0.309008,0.035016,6.72064,603274
3081,2,-1.144,48,0,1,0,0.308699,0.030055,6.74926,603323
3082,2,9.87071,45,1,0,0,0.30839,0.031183,6.73291,603369
3083,2,9.70266,101,1,0,0,0.308082,0.033552,6.74534,603471
3084,2,9.8026,68,1,0,0,0.307774,0.032425,6.75406,603540
3085,2,9.82555,60,1,0,0,0.307466,0.0286,6.76928,603601
3086,2,9.79619,70,1,0,0,0.307159,0.030787,6.73961,603672
3087,2,9.78477,74,1,0,0,0.306852,0.032602,6.71305,603747
3088,2,9.86794,46,1,0,0,0.306545,0.032233,6.7523,603794
3089,2,9.89488,37,1,0,0,0.306238,0.037495,6.74492,603832
3090,2,9.85259,51,1,0,0,0.305932,0.033228,6.74635,603884
3091,2,-1.069,23,0,1,0,0.305626,0.022962,6.80919,603908
3092,2,9.8979,36,1,0,0,0.30532,0.038694,6.71202,603945
3093,2,-1.162,54,0,1,0,0.305015,0.041409,6.7914,604000
3094,2,9.79588,70,1,0,0,0.30471,0.037765,6.74611,604071
3095,2,9.92796,26,1,0,0,0.304405,0.039378,6.75085,604098
3096,2,9.78321,74,1,0,0,0.304101,0.033881,6.7444,604173
3097,2,-1.2,400,0,0,1,0.303797,0.035608,6.74223,604573
3098,2,-1.102,34,0,1,0,0.303493,0.036879,6.73664,604608
3099,2,-1.123,41,0,1,0,0.303189,0.033925,6.75129,604650
3100,2,-1.147,49,0,1,0,0.302886,0.034818,6.72247,604700
3101,2,9.87072,45,1,0,0,0.302583,0.049409,6.71317,604746
3102,2,-1.21,70,0,1,0,0.302281,0.02683,6.74324,604817
3103,2,-1.135,45,0,1,0,0.301979,0.03821,6.67669,604863
3104,2,9.77268,78,1,0,0,0.301677,0.038822,6.74212,604942
3105,2,9.79289,71,1,0,0,0.301375,0.041716,6.6845,605014
3106,2,9.83152,58,1,0,0,0.301074,0.04018,6.73417,605073
3107,2,9.81691,63,1,0,0,0.300772,0.039612,6.72566,605137
3108,2,9.74482,87,1,0,0,0.300472,0.031106,6.72253,605225
3109,2,9.79839,69,1,0,0,0.300171,0.037375,6.71367,605295
3110,2,9.67271,111,1,0,0,0.299871,0.032829,6.75604,605407
3111,2,9.87979,42,1,0,0,0.299571,0.038161,6.7672,605450
3112,2,9.85628,50,1,0,0,0.299272,0.037304,6.75094,605501
3113,2,-1.096,32,0,1,0,0.298972,0.029578,6.74612,605534
3114,2,9.65809,116,1,0,0,0.298673,0.028181,6.71947,605651
3115,2,9.90393,34,1,0,0,0.298375,0.028823,6.72613,605686
3116,2,9.86216,48,1,0,0,0.298076,0.036541,6.74507,605735
3117,2,-1.216,72,0,1,0,0.297778,0.027441,6.74548,605808
3118,2,-1.51,170,0,1,0,0.29748,0.035507,6.72655,605979
3119,2,9.82825,59,1,0,0,0.297183,0.025814,6.76251,606039
3120,2,9.80215,68,1,0,0,0.296886,0.036454,6.72716,606108
3121,2,-1.072,24,0,1,0,0.296589,0.024495,6.77383,606133
3122,2,9.77766,76,1,0,0,0.296292,0.027491,6.73903,606210
3123,2,9.85002,52,1,0,0,0.295996,0.033745,6.72657,606263
3124,2,-1.162,54,0,1,0,0.2957,0.039316,6.71177,606318
3125,2,9.862,48,1,0,0,0.295404,0.036135,6.70945,606367
3126,2,9.9219,28,1,0,0,0.295109,0.039775,6.70606,606396
3127,2,9.7153,97,1,0,0,0.294814,0.041408,6.75371,606494
3128,2,-1.102,34,0,1,0,0.294519,0.040719,6.71803,606529
3129,2,9.77469,77,1,0,0,0.294224,0.034424,6.7568,606607
3130,2,-1.123,41,0,1,0,0.29393,0.039262,6.71875,606649
3131,2,-1.129,43,0,1,0,0.293636,0.031517,6.77275,606693
3132,2,-1.099,33,0,1,0,0.293343,0.024629,6.78228,606727
3133,2,9.71558,97,1,0,0,0.293049,0.034191,6.71855,606825
3134,2,-1.06,20,0,1,0,0.292756,0.049115,6.71526,606846
3135,2,9.82377,61,1,0,0,0.292464,0.037167,6.71922,606908
3136,2,9.74767,86,1,0,0,0.292171,0.024629,6.71291,606995
3137,2,9.63687,123,1,0,0,0.291879,0.031339,6.72384,607119
3138,2,9.9183,29,1,0,0,0.291587,0.041138,6.79266,607149
3139,2,-1.051,17,0,1,0,0.291295,0.022497,6.70742,607167
3140,2,9.7387,89,1,0,0,0.291004,0.035961,6.71921,607257
3141,2,9.87489,44,1,0,0,0.290713,0.024558,6.77685,607302
3142,2,9.93993,22,1,0,0,0.290422,0.019096,6.7837,607325
3143,2,9.91004,32,1,0,0,0.290132,0.029945,6.74984,607358
3144,2,9.81731,63,1,0,0,0.289842,0.025918,6.68364,607422
3145,2,9.84625,53,1,0,0,0.289552,0.037314,6.73775,607476
3146,2,9.75404,84,1,0,0,0.289262,0.037582,6.71453,607561
3147,2,9.79884,69,1,0,0,0.288973,0.038731,6.71572,607631
3148,2,9.82252,61,1,0,0,0.288684,0.035495,6.71713,607693
3149,2,9.92469,27,1,0,0,0.288396,0.036127,6.69398,607721
3150,2,-1.114,38,0,1,0,0.288107,0.031685,6.75867,607760
3151,2,9.7782,76,1,0,0,0.287819,0.035822,6.74492,607837
3152,2,9.78728,73,1,0,0,0.287531,0.035948,6.74798,607911
3153,2,-1.072,24,0,1,0,0.287244,0.032369,6.69924,607936
3154,2,-1.021,7,0,1,0,0.286956,0.032641,6.74391,607944
3155,2,-1.141,47,0,1,0,0.286669,0.029285,6.74691,607992
3156,2,9.83759,56,1,0,0,0.286383,0.031445,6.76885,608049
3157,2,9.84698,53,1,0,0,0.286096,0.037953,6.75951,608103
3158,2,9.75678,83,1,0,0,0.28581,0.035155,6.74135,608187
3159,2,9.87752,43,1,0,0,0.285525,0.029692,6.6961,608231
3160,2,9.82589,60,1,0,0,0.285239,0.036809,6.74139,608292
3161,2,9.85129,52,1,0,0,0.284954,0.042635,6.72858,608345
3162,2,9.85937,49,1,0,0,0.284669,0.02778,6.73069,608395
3163,2,-1.078,26,0,1,0,0.284384,0.037923,6.75537,608422
3164,2,9.88272,41,1,0,0,0.2841,0.022854,6.70152,608464
3165,2,9.75086,85,1,0,0,0.283816,0.027659,6.74329,608550
3166,2,9.87961,42,1,0,0,0.283532,0.035296,6.79318,608593
3167,2,9.83737,56,1,0,0,0.283248,0.029995,6.75588,608650
3168,2,-1.072,24,0,1,0,0.282965,0.029274,6.74169,608675
3169,2,-1.153,51,0,1,0,0.282682,0.034474,6.73709,608727
3170,2,9.81958,62,1,0,0,0.282399,0.030292,6.76154,608790
3171,2,-1.057,19,0,1,0,0.282117,0.03662,6.74159,608810
3172,2,9.91557,30,1,0,0,0.281835,0.029457,6.76697,608841
3173,2,-1.024,8,0,1,0,0.281553,0.045489,6.77003,608850
3174,2,9.73015,92,1,0,0,0.281272,0.033606,6.76678,608943
3175,2,-1.111,37,0,1,0,0.28099,0.037067,6.77095,608981
3176,2,9.73307,91,1,0,0,0.280709,0.030123,6.76335,609073
3177,2,9.7574,83,1,0,0,0.280429,0.037812,6.73336,609157
3178,2,9.78695,73,1,0,0,0.280148,0.036089,6.75236,609231
3179,2,-1.033,11,0,1,0,0.279868,0.034826,6.80913,609243
3180,2,-1.15,50,0,1,0,0.279588,0.034877,6.76456,609294
3181,2,9.90363,34,1,0,0,0.279308,0.042195,6.77081,609329
3182,2,9.91601,30,1,0,0,0.279029,0.029356,6.80109,609360
3183,2,9.71503,97,1,0,0,0.27875,0.033023,6.7695,609458
3184,2,9.81114,65,1,0,0,0.278471,0.038984,6.78808,609524
3185,2,9.91584,30,1,0,0,0.278193,0.026087,6.78243,609555
3186,2,-1.129,43,0,1,0,0.277915,0.034798,6.8008,609599
3187,2,9.85901,49,1,0,0,0.277637,0.036312,6.80662,609649
3188,2,9.80511,67,1,0,0,0.277359,0.045181,6.79795,609717
3189,2,9.82288,61,1,0,0,0.277082,0.036053,6.80899,609779
3190,2,9.85552,50,1,0,0,0.276805,0.041959,6.7483,609830
3191,2,9.8043,67,1,0,0,0.276528,0.033333,6.79124,609898
3192,2,9.85854,49,1,0,0,0.276251,0.02884,6.80953,609948
3193,2,9.66979,112,1,0,0,0.275975,0.038206,6.78912,610061
3194,2,9.76595,80,1,0,0,0.275699,0.032905,6.79227,610142
3195,2,9.87693,43,1,0,0,0.275423,0.040403,6.79011,610186
3196,2,9.86509,47,1,0,0,0.275148,0.033362,6.79917,610234
3197,2,-1.108,36,0,1,0,0.274873,0.037366,6.81862,610271
3198,2,9.9157,30,1,0,0,0.274598,0.044615,6.79807,610302
3199,2,-1.066,22,0,1,0,0.274323,0.037491,6.81177,610325
3200,2,9.87376,44,1,0,0,0.274049,0.027491,6.81516,610370
3201,2,9.63183,125,1,0,0,0.273775,0.038862,6.81079,610496
3202,2,-1.09,30,0,1,0,0.273501,0.047012,6.80996,610527
3203,2,-1.126,42,0,1,0,0.273228,0.029789,6.85049,610570
3204,2,9.77482,77,1,0,0,0.272955,0.044295,6.83213,610648
3205,2,-1.165,55,0,1,0,0.272682,0.032755,6.85091,610704
3206,2,9.88869,39,1,0,0,0.272409,0.037993,6.85257,610744
3207,2,-1.069,23,0,1,0,0.272137,0.021585,6.82363,610768
3208,2,9.81658,63,1,0,0,0.271864,0.03748,6.87472,610832
3209,2,9.83213,58,1,0,0,0.271593,0.029574,6.83108,610891
3210,2,9.83229,58,1,0,0,0.271321,0.032119,6.84956,610950
3211,2,-1.168,56,0,1,0,0.27105,0.024814,6.8775,611007
3212,2,-1.606,202,0,1,0,0.270779,0.032649,6.84652,611210
3213,2,9.835,57,1,0,0,0.270508,0.046705,6.80812,611268
3214,2,9.62499,127,1,0,0,0.270237,0.034916,6.85196,611396
3215,2,9.81036,65,1,0,0,0.269967,0.036069,6.82671,611462
3216,2,9.91301,31,1,0,0,0.269697,0.039205,6.84334,611494
3217,2,9.79521,70,1,0,0,0.269427,0.041273,6.85623,611565
3218,2,9.81997,62,1,0,0,0.269158,0.03239,6.8877,611628
3219,2,9.91582,30,1,0,0,0.268889,0.032647,6.85572,611659
3220,2,9.68263,108,1,0,0,0.26862,0.037226,6.84902,611768
3221,2,9.86449,47,1,0,0,0.268351,0.043592,6.87457,611816
3222,2,-1.081,27,0,1,0,0.268083,0.034395,6.82864,611844
3223,2,9.75979,82,1,0,0,0.267815,0.031259,6.84015,611927
3224,2,9.67979,109,1,0,0,0.267547,0.033522,6.83936,612037
3225,2,9.80171,68,1,0,0,0.267279,0.033175,6.84993,612106
3226,2,9.79635,70,1,0,0,0.267012,0.039068,6.81319,612177
3227,2,-1.177,59,0,1,0,0.266745,0.039979,6.85329,612237
3228,2,-1.021,7,0,1,0,0.266478,0.033707,6.9203,612245
3229,2,9.72128,95,1,0,0,0.266212,0.034263,6.86159,612341
3230,2,9.88285,41,1,0,0,0.265946,0.039838,6.84842,612383
3231,2,-1.159,53,0,1,0,0.26568,0.039319,6.84833,612437
3232,2,9.9308,25,1,0,0,0.265414,0.033974,6.88646,612463
3233,2,-1.018,6,0,1,0,0.265149,0.027328,6.8451,612470
3234,2,9.85905,49,1,0,0,0.264884,0.036318,6.85196,612520
3235,2,9.83416,57,1,0,0,0.264619,0.033784,6.85636,612578
3236,2,9.77241,78,1,0,0,0.264354,0.039813,6.85057,612657
3237,2,9.8978,36,1,0,0,0.26409,0.035666,6.86316,612694
3238,2,9.87121,45,1,0,0,0.263826,0.032318,6.86255,612740
3239,2,9.77129,78,1,0,0,0.263562,0.039203,6.82724,612819
3240,2,-1.228,76,0,1,0,0.263298,0.036482,6.85029,612896
3241,2,9.81386,64,1,0,0,0.263035,0.039673,6.85428,612961
3242,2,9.74779,86,1,0,0,0.262772,0.039169,6.87199,613048
3243,2,9.92168,28,1,0,0,0.262509,0.03302,6.8383,613077
3244,2,9.84673,53,1,0,0,0.262247,0.037963,6.8784,613131
3245,2,9.7425,88,1,0,0,0.261984,0.034073,6.86867,613220
3246,2,9.89468,37,1,0,0,0.261722,0.040925,6.83628,613258
3247,2,9.87713,43,1,0,0,0.261461,0.031457,6.88966,613302
3248,2,9.84045,55,1,0,0,0.261199,0.033803,6.85315,613358
3249,2,9.90702,33,1,0,0,0.260938,0.049884,6.86724,613392
3250,2,-1.186,62,0,1,0,0.260677,0.040971,6.88135,613455
3251,2,9.88284,41,1,0,0,0.260416,0.027288,6.87482,613497
3252,2,9.88559,40,1,0,0,0.260156,0.033504,6.89429,613538
3253,2,9.90091,35,1,0,0,0.259896,0.045393,6.86798,613574
3254,2,-1.024,8,0,1,0,0.259636,0.014735,6.88275,613583
3255,2,9.8288,59,1,0,0,0.259376,0.041032,6.87599,613643
3256,2,9.89528,37,1,0,0,0.259117,0.032788,6.87042,613681
3257,2,9.88525,40,1,0,0,0.258858,0.030815,6.89534,613722
3258,2,9.91323,31,1,0,0,0.258599,0.031555,6.87347,613754
3259,2,9.86487,47,1,0,0,0.25834,0.033808,6.92035,613802
3260,2,9.82313,61,1,0,0,0.258082,0.039085,6.92395,613864
3261,2,9.85715,50,1,0,0,0.257824,0.034736,6.93584,613915
3262,2,9.90076,35,1,0,0,0.257566,0.029314,6.92977,613951
3263,2,9.89748,36,1,0,0,0.257309,0.035018,6.90725,613988
3264,2,9.75069,85,1,0,0,0.257051,0.029401,6.91436,614074
3265,2,9.93366,24,1,0,0,0.256794,0.027012,6.90893,614099
3266,2,9.89488,37,1,0,0,0.256537,0.022833,6.92387,614137
3267,2,9.79522,70,1,0,0,0.256281,0.03693,6.92901,614208
3268,2,9.85819,49,1,0,0,0.256025,0.038479,6.92516,614258
3269,2,9.81734,63,1,0,0,0.255769,0.030862,6.97253,614322
3270,2,-1.159,53,0,1,0,0.255513,0.029164,6.93697,614376
3271,2,9.934,24,1,0,0,0.255257,0.031473,6.94601,614401
3272,2,-1.078,26,0,1,0,0.255002,0.031922,6.97894,614428
3273,2,-1.069,23,0,1,0,0.254747,0.03448,6.9216,614452
3274,2,-1.105,35,0,1,0,0.254492,0.057548,6.91525,614488
3275,2,9.75401,84,1,0,0,0.254238,0.041659,6.93034,614573
3276,2,9.87375,44,1,0,0,0.253984,0.041039,6.90493,614618
3277,2,9.84457,54,1,0,0,0.25373,0.029978,6.9504,614673
3278,2,-1.165,55,0,1,0,0.253476,0.031683,6.9657,614729
3279,2,9.80468,67,1,0,0,0.253222,0.032775,6.98018,614797
3280,2,9.86434,47,1,0,0,0.252969,0.028932,6.9472,614845
3281,2,9.87961,42,1,0,0,0.252716,0.044482,6.90203,614888
3282,2,9.7536,84,1,0,0,0.252463,0.036405,6.96829,614973
3283,2,9.90706,33,1,0,0,0.252211,0.034944,6.93709,615007
3284,2,9.86791,46,1,0,0,0.251959,0.034128,7.00904,615054
3285,2,9.86559,47,1,0,0,0.251707,0.037268,6.96049,615102
3286,2,9.76883,79,1,0,0,0.251455,0.03788,6.96585,615182
3287,2,9.81959,62,1,0,0,0.251204,0.037479,6.95664,615245
3288,2,9.78997,72,1,0,0,0.250952,0.038616,6.9385,615318
3289,2,9.89806,36,1,0,0,0.250701,0.049469,6.96873,615355
3290,2,9.83473,57,1,0,0,0.250451,0.037705,6.98012,615413
3291,2,9.87638,43,1,0,0,0.2502,0.03977,6.97663,615457
3292,2,-1.117,39,0,1,0,0.24995,0.035233,6.99928,615497
3293,2,9.87966,42,1,0,0,0.2497,0.04075,6.95335,615540
3294,2,-1.045,15,0,1,0,0.24945,0.037508,6.92332,615556
3295,2,9.87709,43,1,0,0,0.249201,0.029324,6.98043,615600
3296,2,9.91578,30,1,0,0,0.248952,0.036663,6.96214,615631
3297,2,9.82325,61,1,0,0,0.248703,0.039542,6.97565,615693
3298,2,9.71758,96,1,0,0,0.248454,0.035014,7.01715,615790
3299,2,9.87984,42,1,0,0,0.248206,0.037771,6.99796,615833
3300,2,9.88867,39,1,0,0,0.247958,0.044459,7.00987,615873
3301,2,9.88567,40,1,0,0,0.24771,0.037837,7.00235,615914
3302,2,9.80158,68,1,0,0,0.247462,0.042419,6.9696,615983
3303,2,9.91322,31,1,0,0,0.247214,0.019766,6.97943,616015
3304,2,9.78129,75,1,0,0,0.246967,0.03995,6.99896,616091
3305,2,9.87025,45,1,0,0,0.24672,0.029802,7.00108,616137
3306,2,9.77533,77,1,0,0,0.246473,0.047283,6.97703,616215
3307,2,9.8976,36,1,0,0,0.246227,0.027526,7.01172,616252
3308,2,9.89772,36,1,0,0,0.245981,0.035472,7.00544,616289
3309,2,9.84957,52,1,0,0,0.245735,0.037036,7.0167,616342
3310,2,9.769,79,1,0,0,0.245489,0.035967,7.01541,616422
3311,2,9.75075,85,1,0,0,0.245244,0.039595,7.03431,616508
3312,2,9.94269,21,1,0,0,0.244998,0.040759,7.01201,616530
3313,2,9.86436,47,1,0,0,0.244753,0.026573,7.01268,616578
3314,2,9.87123,45,1,0,0,0.244509,0.032671,7.04466,616624
3315,2,9.75437,84,1,0,0,0.244264,0.034757,7.0571,616709
3316,2,9.82016,62,1,0,0,0.24402,0.039104,7.0432,616772
3317,2,9.78686,73,1,0,0,0.243776,0.035665,7.09268,616846
3318,2,9.81726,63,1,0,0,0.243532,0.042583,7.07034,616910
3319,2,9.88581,40,1,0,0,0.243288,0.034619,7.09958,616951
3320,2,9.89503,37,1,0,0,0.243045,0.034697,7.027,616989
3321,2,9.84988,52,1,0,0,0.242802,0.041558,7.07795,617042
3322,2,9.72667,93,1,0,0,0.242559,0.038622,7.0616,617136
3323,2,9.84993,52,1,0,0,0.242317,0.032514,7.0774,617189
3324,2,-1.078,26,0,1,0,0.242074,0.032834,7.0773,617216
3325,2,9.73286,91,1,0,0,0.241832,0.027592,7.05314,617308
3326,2,-1.042,14,0,1,0,0.241591,0.032986,7.0193,617323
3327,2,9.88956,39,1,0,0,0.241349,0.031571,7.07525,617363
3328,2,9.86491,47,1,0,0,0.241108,0.031389,7.08585,617411
3329,2,9.83477,57,1,0,0,0.240867,0.040116,7.04653,617469
3330,2,-1.096,32,0,1,0,0.240626,0.036411,7.05499,617502
3331,2,9.87968,42,1,0,0,0.240385,0.049302,7.06509,617545
3332,2,9.8168,63,1,0,0,0.240145,0.033825,7.08744,617609
3333,2,9.89508,37,1,0,0,0.239904,0.043766,7.04907,617647
3334,2,9.80427,67,1,0,0,0.239665,0.037095,7.10794,617715
3335,2,9.74214,88,1,0,0,0.239425,0.032233,7.12395,617804
3336,2,9.88573,40,1,0,0,0.239185,0.027968,7.09507,617845
3337,2,9.75686,83,1,0,0,0.238946,0.035377,7.08152,617929
3338,2,-1.084,28,0,1,0,0.238707,0.032327,7.06079,617958
3339,2,9.90986,32,1,0,0,0.238469,0.038112,7.10912,617991
3340,2,9.8111,65,1,0,0,0.23823,0.032364,7.08319,618057
3341,2,-1.078,26,0,1,0,0.237992,0.030483,7.07991,618084
3342,2,9.84708,53,1,0,0,0.237754,0.035186,7.05577,618138
3343,2,9.91936,29,1,0,0,0.237516,0.028564,7.06878,618168
3344,2,9.78696,73,1,0,0,0.237279,0.04297,7.09582,618242
3345,2,9.72974,92,1,0,0,0.237041,0.040029,7.09507,618335
3346,2,9.69727,103,1,0,0,0.236804,0.040283,7.0683,618439
3347,2,-1.18108,61,0,1,0,0.236568,0.029544,7.10957,618501
3348,2,9.77003,79,1,0,0,0.236331,0.03785,7.10609,618581
3349,2,9.92791,26,1,0,0,0.236095,0.040849,7.09345,618608
3350,2,9.83497,57,1,0,0,0.235859,0.032617,7.12423,618666
3351,2,9.9135,31,1,0,0,0.235623,0.034908,7.11119,618698
3352,2,-1.153,51,0,1,0,0.235387,0.041084,7.09001,618750
3353,2,9.82873,59,1,0,0,0.235152,0.036931,7.1047,618810
3354,2,9.7537,84,1,0,0,0.234917,0.041092,7.10673,618895
3355,2,9.75999,82,1,0,0,0.234682,0.035626,7.10009,618978
3356,2,9.87126,45,1,0,0,0.234447,0.03216,7.06814,619024
3357,2,9.87998,42,1,0,0,0.234213,0.038143,7.09599,619067
3358,2,9.77569,77,1,0,0,0.233978,0.04098,7.11698,619145
3359,2,9.70298,101,1,0,0,0.233744,0.041232,7.10021,619247
3360,2,9.76903,79,1,0,0,0.233511,0.033087,7.12316,619327
3361,2,9.90663,33,1,0,0,0.233277,0.036517,7.06794,619361
3362,2,9.83424,57,1,0,0,0.233044,0.031408,7.09868,619419
3363,2,9.81697,63,1,0,0,0.232811,0.037134,7.13569,619483
3364,2,9.77225,78,1,0,0,0.232578,0.044519,7.11704,619562
3365,2,9.82847,59,1,0,0,0.232345,0.035223,7.13133,619622
3366,2,9.83505,57,1,0,0,0.232113,0.029214,7.14959,619680
3367,2,-1.06,20,0,1,0,0.231881,0.043599,7.14496,619701
3368,2,9.82587,60,1,0,0,0.231649,0.037507,7.17881,619762
3369,2,9.82539,60,1,0,0,0.231417,0.020266,7.14857,619823
3370,2,9.75697,83,1,0,0,0.231186,0.036237,7.13197,619907
3371,2,9.84684,53,1,0,0,0.230955,0.037336,7.15482,619961
3372,2,9.90321,34,1,0,0,0.230724,0.031764,7.10014,619996
3373,2,9.84417,54,1,0,0,0.230493,0.043192,7.18566,620051
3374,2,9.92767,26,1,0,0,0.230263,0.033114,7.13058,620078
3375,2,9.78691,73,1,0,0,0.230032,0.040672,7.12228,620152
3376,2,9.82876,59,1,0,0,0.229802,0.046535,7.10542,620212
3377,2,9.90725,33,1,0,0,0.229572,0.027889,7.16106,620246
3378,2,9.93503,24,1,0,0,0.229343,0.040377,7.12712,620271
3379,2,9.83168,58,1,0,0,0.229114,0.035649,7.13618,620330
3380,2,9.85318,51,1,0,0,0.228884,0.044015,7.15703,620382
3381,2,9.75342,84,1,0,0,0.228656,0.03421,7.15237,620467
3382,2,9.91871,29,1,0,0,0.228427,0.043121,7.16289,620497
3383,2,9.91867,29,1,0,0,0.228198,0.026847,7.17444,620527
3384,2,9.91627,30,1,0,0,0.22797,0.04022,7.10946,620558
3385,2,9.89518,37,1,0,0,0.227742,0.039398,7.12893,620596
3386,2,9.8951,37,1,0,0,0.227515,0.034612,7.16015,620634
3387,2,9.91002,32,1,0,0,0.227287,0.033513,7.13664,620667
3388,2,9.82586,60,1,0,0,0.22706,0.035899,7.15648,620728
3389,2,9.89213,38,1,0,0,0.226833,0.03644,7.15639,620767
3390,2,-1.06,20,0,1,0,0.226606,0.027998,7.14608,620788
3391,2,9.68151,108,1,0,0,0.226379,0.035061,7.17137,620897
3392,2,9.91584,30,1,0,0,0.226153,0.034225,7.14492,620928
3393,2,9.87425,44,1,0,0,0.225927,0.033594,7.15099,620973
3394,2,-1.123,41,0,1,0,0.225701,0.03186,7.1554,621015
3395,2,9.73285,91,1,0,0,0.225475,0.031021,7.1429,621107
3396,2,9.74235,88,1,0,0,0.22525,0.040096,7.15733,621196
3397,2,9.78969,72,1,0,0,0.225024,0.02739,7.14222,621269
3398,2,9.90353,34,1,0,0,0.224799,0.028779,7.17408,621304
3399,2,9.92761,26,1,0,0,0.224575,0.043248,7.13447,621331
3400,2,9.87736,43,1,0,0,0.22435,0.030516,7.16294,621375
3401,2,9.81154,65,1,0,0,0.224126,0.027954,7.14471,621441
3402,2,9.80779,66,1,0,0,0.223902,0.039935,7.19039,621508
3403,2,9.72355,94,1,0,0,0.223678,0.037962,7.17508,621603
3404,2,9.90934,32,1,0,0,0.223454,0.030183,7.14905,621636
3405,2,9.91842,29,1,0,0,0.22323,0.036042,7.1754,621666
3406,2,9.86179,48,1,0,0,0.223007,0.037675,7.15308,621715
3407,2,9.88658,40,1,0,0,0.222784,0.027121,7.14801,621756
3408,2,9.75414,84,1,0,0,0.222561,0.03921,7.17803,621841
3409,2,9.86766,46,1,0,0,0.222339,0.035476,7.20408,621888
3410,2,9.89192,38,1,0,0,0.222117,0.034491,7.14582,621927
3411,2,9.86813,46,1,0,0,0.221894,0.03961,7.15504,621974
3412,2,9.88583,40,1,0,0,0.221673,0.044042,7.18133,622015
3413,2,9.85586,50,1,0,0,0.221451,0.030749,7.15846,622066
3414,2,9.86452,47,1,0,0,0.221229,0.040996,7.17435,622114
3415,2,-1.171,57,0,1,0,0.221008,0.035098,7.18224,622172
3416,2,-1.033,11,0,1,0,0.220787,0.0312,7.24492,622184
3417,2,9.93104,25,1,0,0,0.220566,0.027632,7.20216,622210
3418,2,9.82598,60,1,0,0,0.220346,0.033694,7.19603,622271
3419,2,9.9399,22,1,0,0,0.220125,0.053412,7.18064,622294
3420,2,9.78955,72,1,0,0,0.219905,0.030891,7.19469,622367
3421,2,9.88033,42,1,0,0,0.219685,0.037502,7.17258,622410
3422,2,9.86427,47,1,0,0,0.219466,0.031339,7.19256,622458
3423,2,9.91581,30,1,0,0,0.219246,0.040121,7.20329,622489
3424,2,9.619,129,1,0,0,0.219027,0.033154,7.19094,622619
3425,2,9.90686,33,1,0,0,0.218808,0.040082,7.23321,622653
3426,2,-1.054,18,0,1,0,0.218589,0.042106,7.21269,622672
3427,2,9.8768,43,1,0,0,0.218371,0.034542,7.16365,622716
3428,2,9.86495,47,1,0,0,0.218152,0.033395,7.22841,622764
3429,2,9.92447,27,1,0,0,0.217934,0.026012,7.15022,622792
3430,2,9.77758,76,1,0,0,0.217716,0.037991,7.19423,622869
3431,2,9.84388,54,1,0,0,0.217498,0.033257,7.22292,622924
3432,2,9.87619,43,1,0,0,0.217281,0.037911,7.20117,622968
3433,2,9.63483,124,1,0,0,0.217064,0.030153,7.23752,623093
3434,2,9.81344,64,1,0,0,0.216847,0.033985,7.21473,623158
3435,2,9.84108,55,1,0,0,0.21663,0.025598,7.21517,623214
3436,2,9.81209,65,1,0,0,0.216413,0.027535,7.22363,623280
3437,2,9.90098,35,1,0,0,0.216197,0.03327,7.24852,623316
3438,2,-1.054,18,0,1,0,0.215981,0.016908,7.24203,623335
3439,2,9.80192,68,1,0,0,0.215765,0.033363,7.22674,623404
3440,2,9.80168,68,1,0,0,0.215549,0.034969,7.2392,623473
3441,2,9.86205,48,1,0,0,0.215333,0.030555,7.2537,623522
3442,2,9.74496,87,1,0,0,0.215118,0.029106,7.25221,623610
3443,2,9.82963,59,1,0,0,0.214903,0.036776,7.24346,623670
3444,2,9.85552,50,1,0,0,0.214688,0.026543,7.23383,623721
3445,2,9.90121,35,1,0,0,0.214473,0.027809,7.22255,623757
3446,2,9.83206,58,1,0,0,0.214259,0.03029,7.26091,623816
3447,2,9.87991,42,1,0,0,0.214044,0.04689,7.20826,623859
3448,2,9.92175,28,1,0,0,0.21383,0.035109,7.25982,623888
3449,2,9.84089,55,1,0,0,0.213617,0.039234,7.23199,623944
3450,2,9.67329,111,1,0,0,0.213403,0.037341,7.2556,624056
3451,2,9.85327,51,1,0,0,0.21319,0.03861,7.25369,624108
3452,2,9.82634,60,1,0,0,0.212976,0.037211,7.25769,624169
3453,2,9.85271,51,1,0,0,0.212763,0.037038,7.264,624221
3454,2,9.84953,52,1,0,0,0.212551,0.034236,7.28554,624274
3455,2,9.91617,30,1,0,0,0.212338,0.026923,7.25287,624305
3456,2,9.90095,35,1,0,0,0.212126,0.041973,7.25511,624341
3457,2,9.50811,166,1,0,0,0.211914,0.033424,7.23631,624508
3458,2,-1.075,25,0,1,0,0.211702,0.023156,7.27935,624534
3459,2,9.91266,31,1,0,0,0.21149,0.026634,7.23765,624566
3460,2,9.90627,33,1,0,0,0.211279,0.025255,7.25727,624600
3461,2,-1.018,6,0,1,0,0.211067,0.03022,7.30781,624607
3462,2,9.76305,81,1,0,0,0.210856,0.033187,7.2507,624689
3463,2,9.87379,44,1,0,0,0.210645,0.03243,7.27497,624734
3464,2,9.78983,72,1,0,0,0.210435,0.029408,7.2774,624807
3465,2,-1.16193,54,0,1,0,0.210224,0.031279,7.28845,624862
3466,2,-1.072,24,0,1,0,0.210014,0.030146,7.28891,624887
3467,2,9.85917,49,1,0,0,0.209804,0.019582,7.28302,624937
3468,2,9.87961,42,1,0,0,0.209594,0.019647,7.26202,624980
3469,2,9.73589,90,1,0,0,0.209385,0.035311,7.30505,625071
3470,2,-1.024,8,0,1,0,0.209175,0.040189,7.26969,625080
3471,2,-1.15,50,0,1,0,0.208966,0.034392,7.26125,625131
3472,2,9.90382,34,1,0,0,0.208757,0.028242,7.27618,625166
3473,2,9.78075,75,1,0,0,0.208548,0.029369,7.27696,625242
3474,2,9.75058,85,1,0,0,0.20834,0.034154,7.27836,625328
3475,2,9.85842,49,1,0,0,0.208131,0.032849,7.29488,625378
3476,2,9.87673,43,1,0,0,0.207923,0.043971,7.32398,625422
3477,2,9.88937,39,1,0,0,0.207715,0.033806,7.29263,625462
3478,2,9.85551,50,1,0,0,0.207508,0.034182,7.2642,625513
3479,2,9.86554,47,1,0,0,0.2073,0.028612,7.3093,625561
3480,2,9.71435,97,1,0,0,0.207093,0.039696,7.30748,625659
3481,2,-1.123,41,0,1,0,0.206886,0.030903,7.27846,625701
3482,2,9.79595,70,1,0,0,0.206679,0.034921,7.28891,625772
3483,2,9.8977,36,1,0,0,0.206472,0.030603,7.28698,625809
3484,2,-1.312,104,0,1,0,0.206266,0.038784,7.28644,625914
3485,2,-1.009,3,0,1,0,0.206059,0.009062,7.22863,625918
3486,2,9.92163,28,1,0,0,0.205853,0.031538,7.3205,625947
3487,2,9.90703,33,1,0,0,0.205648,0.021931,7.31689,625981
3488,2,9.87441,44,1,0,0,0.205442,0.032741,7.28086,626026
3489,2,9.83175,58,1,0,0,0.205236,0.023176,7.31894,626085
3490,2,9.89731,36,1,0,0,0.205031,0.028672,7.29531,626122
3491,2,9.88029,42,1,0,0,0.204826,0.030434,7.33655,626165
3492,2,9.91293,31,1,0,0,0.204621,0.028268,7.34233,626197
3493,2,9.93951,22,1,0,0,0.204417,0.030765,7.3222,626220
3494,2,9.87706,43,1,0,0,0.204212,0.029288,7.29056,626264
3495,2,9.81648,63,1,0,0,0.204008,0.033613,7.33434,626328
3496,2,9.70282,101,1,0,0,0.203804,0.031336,7.31229,626430
3497,2,9.93943,22,1,0,0,0.2036,0.035433,7.28017,626453
3498,2,9.85619,50,1,0,0,0.203397,0.028937,7.30727,626504
3499,2,9.89514,37,1,0,0,0.203193,0.028059,7.32827,626542
3500,2,-1.006,2,0,1,0,0.20299,0.066728,7.28441,626545
3501,2,9.92832,26,1,0,0,0.202787,0.041006,7.33793,626572
3502,2,-1.021,7,0,1,0,0.202584,0.039674,7.29828,626580
3503,2,9.92147,28,1,0,0,0.202382,0.032676,7.30148,626609
3504,2,-1.258,86,0,1,0,0.202179,0.03256,7.30138,626696
3505,2,9.79903,69,1,0,0,0.201977,0.03614,7.3079,626766
3506,2,-1.159,53,0,1,0,0.201775,0.03679,7.28467,626820
3507,2,9.89229,38,1,0,0,0.201573,0.027767,7.29899,626859
3508,2,9.9004,35,1,0,0,0.201372,0.026679,7.28178,626895
3509,2,9.78678,73,1,0,0,0.20117,0.032594,7.31027,626969
3510,2,9.86195,48,1,0,0,0.200969,0.027645,7.30599,627018
3511,2,-1.114,38,0,1,0,0.200768,0.032744,7.3118,627057
3512,2,9.89225,38,1,0,0,0.200568,0.034342,7.32787,627096
3513,2,9.84666,53,1,0,0,0.200367,0.024681,7.28661,627150
3514,2,9.7625,81,1,0,0,0.200167,0.025914,7.29386,627232
3515,2,9.77216,78,1,0,0,0.199966,0.022683,7.30795,627311
3516,2,9.91528,30,1,0,0,0.199767,0.034041,7.34063,627342
3517,2,9.91604,30,1,0,0,0.199567,0.033025,7.32831,627373
3518,2,9.89468,37,1,0,0,0.199367,0.037563,7.30661,627411
3519,2,9.70377,101,1,0,0,0.199168,0.033373,7.34978,627513
3520,2,9.78743,73,1,0,0,0.198969,0.02722,7.32274,627587
3521,2,9.88284,41,1,0,0,0.19877,0.040936,7.2838,627629
3522,2,9.87321,44,1,0,0,0.198571,0.042516,7.31149,627674
3523,2,9.88272,41,1,0,0,0.198372,0.041006,7.32163,627716
3524,2,9.88296,41,1,0,0,0.198174,0.034658,7.31787,627758
3525,2,9.74823,86,1,0,0,0.197976,0.027401,7.31702,627845
3526,2,9.8028,68,1,0,0,0.197778,0.027558,7.35944,627914
3527,2,9.88606,40,1,0,0,0.19758,0.034855,7.3851,627955
3528,2,9.92524,27,1,0,0,0.197382,0.024149,7.36777,627983
3529,2,9.92286,28,1,0,0,0.197185,0.027476,7.29986,628012
3530,2,9.90724,33,1,0,0,0.196988,0.038549,7.32461,628046
3531,2,9.79601,70,1,0,0,0.196791,0.034085,7.35446,628117
3532,2,9.85877,49,1,0,0,0.196594,0.031367,7.34717,628167
3533,2,9.84369,54,1,0,0,0.196398,0.031156,7.36342,628222
3534,2,9.91856,29,1,0,0,0.196201,0.032114,7.36297,628252
3535,2,9.84432,54,1,0,0,0.196005,0.031842,7.36417,628307
3536,2,-1.198,66,0,1,0,0.195809,0.031366,7.36855,628374
3537,2,-1.069,23,0,1,0,0.195613,0.029732,7.32606,628398
3538,2,9.77814,76,1,0,0,0.195417,0.033232,7.35146,628475
3539,2,9.92811,26,1,0,0,0.195222,0.044114,7.36854,628502
3540,2,9.82842,59,1,0,0,0.195027,0.03175,7.36811,628562
3541,2,9.83238,58,1,0,0,0.194832,0.034552,7.3825,628621
3542,2,9.89458,37,1,0,0,0.194637,0.036828,7.35538,628659
3543,2,-1.048,16,0,1,0,0.194442,0.030602,7.32242,628676
3544,2,-1.195,65,0,1,0,0.194248,0.027997,7.38015,628742
3545,2,9.87441,44,1,0,0,0.194054,0.029224,7.36593,628787
3546,2,9.86176,48,1,0,0,0.19386,0.036024,7.36954,628836
3547,2,9.90421,34,1,0,0,0.193666,0.038415,7.37462,628871
3548,2,-1.102,34,0,1,0,0.193472,0.03289,7.36416,628906
3549,2,9.77766,76,1,0,0,0.193279,0.034641,7.39329,628983
3550,2,9.83224,58,1,0,0,0.193085,0.038369,7.35019,629042
3551,2,9.72431,94,1,0,0,0.192892,0.032206,7.35239,629137
3552,2,9.9219,28,1,0,0,0.192699,0.021818,7.36202,629166
3553,2,9.70856,99,1,0,0,0.192507,0.027303,7.38983,629266
3554,2,9.86798,46,1,0,0,0.192314,0.034961,7.35562,629313
3555,2,9.88899,39,1,0,0,0.192122,0.039529,7.34078,629353
3556,2,-1.063,21,0,1,0,0.19193,0.037111,7.41715,629375
3557,2,9.79673,70,1,0,0,0.191738,0.023383,7.35742,629446
3558,2,9.77204,78,1,0,0,0.191546,0.02675,7.37139,629525
3559,2,9.74828,86,1,0,0,0.191355,0.036377,7.38057,629612
3560,2,9.90717,33,1,0,0,0.191163,0.025947,7.36526,629646
3561,2,9.86754,46,1,0,0,0.190972,0.031357,7.36166,629693
3562,2,-1.096,32,0,1,0,0.190781,0.02158,7.37694,629726
3563,2,9.6755,110,1,0,0,0.19059,0.029741,7.37325,629837
3564,2,9.841,55,1,0,0,0.1904,0.034153,7.36496,629893
3565,2,9.88562,40,1,0,0,0.190209,0.03128,7.37363,629934
3566,2,9.89781,36,1,0,0,0.190019,0.028312,7.378,629971
3567,2,9.90419,34,1,0,0,0.189829,0.037833,7.40631,630006
3568,2,9.72658,93,1,0,0,0.189639,0.027114,7.4057,630100
3569,2,-1.042,14,0,1,0,0.18945,0.024847,7.42424,630115
3570,2,9.89812,36,1,0,0,0.18926,0.035878,7.38692,630152
3571,2,9.85316,51,1,0,0,0.189071,0.038383,7.42108,630204
3572,2,9.89171,38,1,0,0,0.188882,0.027602,7.385,630243
3573,2,9.73872,89,1,0,0,0.188693,0.035478,7.41608,630333
3574,2,9.89203,38,1,0,0,0.188504,0.028171,7.41448,630372
3575,2,9.86481,47,1,0,0,0.188316,0.022573,7.3681,630420
3576,2,9.90658,33,1,0,0,0.188127,0.030658,7.38835,630454
3577,2,-1.051,17,0,1,0,0.187939,0.021058,7.4634,630472
3578,2,9.78676,73,1,0,0,0.187751,0.02818,7.41045,630546
3579,2,9.89492,37,1,0,0,0.187564,0.029922,7.35603,630584
3580,2,9.8566,50,1,0,0,0.187376,0.031588,7.38068,630635
3581,2,9.7265,93,1,0,0,0.187189,0.035229,7.37996,630729
3582,2,9.8526,51,1,0,0,0.187001,0.027796,7.41279,630781
3583,2,9.88904,39,1,0,0,0.186814,0.038241,7.40548,630821
3584,2,9.71789,96,1,0,0,0.186628,0.032161,7.40549,630918
3585,2,9.88595,40,1,0,0,0.186441,0.022949,7.43427,630959
3586,2,9.85861,49,1,0,0,0.186255,0.028043,7.3863,631009
3587,2,9.89791,36,1,0,0,0.186068,0.026996,7.33728,631046
3588,2,9.87403,44,1,0,0,0.185882,0.030511,7.39869,631091
3589,2,9.80315,68,1,0,0,0.185696,0.032698,7.42268,631160
3590,2,9.72445,94,1,0,0,0.185511,0.028017,7.40035,631255
3591,2,9.8132,64,1,0,0,0.185325,0.025311,7.34359,631320
3592,2,9.86434,47,1,0,0,0.18514,0.039426,7.41011,631368
3593,2,9.86826,46,1,0,0,0.184955,0.036133,7.41757,631415
3594,2,9.79908,69,1,0,0,0.18477,0.028616,7.40535,631485
3595,2,9.78677,73,1,0,0,0.184585,0.034434,7.39158,631559
3596,2,9.757,83,1,0,0,0.1844,0.03067,7.41652,631643
3597,2,9.66989,112,1,0,0,0.184216,0.03146,7.41278,631756
3598,2,9.92206,28,1,0,0,0.184032,0.031686,7.43781,631785
3599,2,9.91603,30,1,0,0,0.183848,0.019827,7.43081,631816
3600,2,9.81421,64,1,0,0,0.183664,0.032064,7.42268,631881
3601,2,9.90084,35,1,0,0,0.18348,0.036412,7.39841,631917
3602,2,9.92154,28,1,0,0,0.183297,0.022471,7.41644,631946
3603,2,9.85887,49,1,0,0,0.183113,0.034295,7.43983,631996
3604,2,-1.255,85,0,1,0,0.18293,0.033404,7.40597,632082
3605,2,9.89468,37,1,0,0,0.182747,0.032485,7.3791,632120
3606,2,9.73052,92,1,0,0,0.182565,0.027318,7.40707,632213
3607,2,9.79608,70,1,0,0,0.182382,0.038099,7.4251,632284
3608,2,9.928,26,1,0,0,0.1822,0.033638,7.45337,632311
3609,2,-1.198,66,0,1,0,0.182017,0.025462,7.40171,632378
3610,2,9.7969,70,1,0,0,0.181835,0.030763,7.4206,632449
3611,2,9.8863,40,1,0,0,0.181654,0.030535,7.39584,632490
3612,2,9.83243,58,1,0,0,0.181472,0.027702,7.41142,632549
3613,2,-1.048,16,0,1,0,0.181291,0.031415,7.43248,632566
3614,2,-1.243,81,0,1,0,0.181109,0.034152,7.43613,632648
3615,2,-1.12,40,0,1,0,0.180928,0.030868,7.43112,632689
3616,2,9.85011,52,1,0,0,0.180747,0.037719,7.43073,632742
3617,2,9.82561,60,1,0,0,0.180566,0.028529,7.43302,632803
3618,2,9.66937,112,1,0,0,0.180386,0.027458,7.45519,632916
3619,2,9.89539,37,1,0,0,0.180205,0.01781,7.45881,632954
3620,2,9.90359,34,1,0,0,0.180025,0.033688,7.43386,632989
3621,2,9.84105,55,1,0,0,0.179845,0.028922,7.45851,633045
3622,2,9.7898,72,1,0,0,0.179665,0.030796,7.43151,633118
3623,2,9.89229,38,1,0,0,0.179486,0.02453,7.4467,633157
3624,2,9.87323,44,1,0,0,0.179306,0.040695,7.49303,633202
3625,2,9.94573,20,1,0,0,0.179127,0.027191,7.46651,633223
3626,2,9.90955,32,1,0,0,0.178948,0.024913,7.46243,633256
3627,2,9.93083,25,1,0,0,0.178769,0.028857,7.44971,633282
3628,2,9.85861,49,1,0,0,0.17859,0.034157,7.42712,633332
3629,2,9.84367,54,1,0,0,0.178412,0.029672,7.4621,633387
3630,2,-1.006,2,0,1,0,0.178233,0.024192,7.56899,633390
3631,2,9.72333,94,1,0,0,0.178055,0.027489,7.44085,633485
3632,2,9.87094,45,1,0,0,0.177877,0.038179,7.47692,633531
3633,2,9.78698,73,1,0,0,0.177699,0.027058,7.47163,633605
3634,2,9.71745,96,1,0,0,0.177521,0.030788,7.44981,633702
3635,2,9.85647,50,1,0,0,0.177344,0.030597,7.43271,633753
3636,2,-1.03,10,0,1,0,0.177166,0.035693,7.48341,633764
3637,2,9.88293,41,1,0,0,0.176989,0.037992,7.4484,633806
3638,2,9.85291,51,1,0,0,0.176812,0.026383,7.4245,633858
3639,2,-1.03,10,0,1,0,0.176635,0.014838,7.48294,633869
3640,2,9.88853,39,1,0,0,0.176459,0.037153,7.44544,633909
3641,2,9.72988,92,1,0,0,0.176282,0.022871,7.49086,634002
3642,2,9.81472,64,1,0,0,0.176106,0.031487,7.43098,634067
3643,2,9.91559,30,1,0,0,0.17593,0.026887,7.47486,634098
3644,2,9.79045,72,1,0,0,0.175754,0.027397,7.45902,634171
3645,2,-1.018,6,0,1,0,0.175578,0.024921,7.5422,634178
3646,2,9.84748,53,1,0,0,0.175403,0.027832,7.45484,634232
3647,2,9.844,54,1,0,0,0.175227,0.026213,7.47342,634287
3648,2,9.81392,64,1,0,0,0.175052,0.040141,7.46305,634352
3649,2,9.74155,88,1,0,0,0.174877,0.020488,7.45497,634441
3650,2,9.79303,71,1,0,0,0.174702,0.030517,7.4757,634513
3651,2,-1.063,21,0,1,0,0.174527,0.027521,7.40946,634535
3652,2,9.83813,56,1,0,0,0.174353,0.026206,7.47019,634592
3653,2,9.7836,74,1,0,0,0.174179,0.035615,7.47233,634667
3654,2,9.83727,56,1,0,0,0.174004,0.030471,7.47327,634724
3655,2,9.85933,49,1,0,0,0.17383,0.020074,7.47989,634774
3656,2,9.86484,47,1,0,0,0.173657,0.026548,7.44468,634822
3657,2,9.83487,57,1,0,0,0.173483,0.02946,7.45617,634880
3658,2,9.76265,81,1,0,0,0.173309,0.028798,7.50333,634962
3659,2,9.90716,33,1,0,0,0.173136,0.032329,7.46262,634996
3660,2,9.7539,84,1,0,0,0.172963,0.033401,7.4926,635081
3661,2,9.87374,44,1,0,0,0.17279,0.026749,7.454,635126
3662,2,9.74127,88,1,0,0,0.172617,0.029981,7.46996,635215
3663,2,9.74781,86,1,0,0,0.172445,0.035648,7.47881,635302
3664,2,9.93077,25,1,0,0,0.172272,0.018238,7.47481,635328
3665,2,-1.123,41,0,1,0,0.1721,0.03123,7.48187,635370
3666,2,9.90736,33,1,0,0,0.171928,0.026206,7.48594,635404
3667,2,9.75984,82,1,0,0,0.171756,0.031545,7.49142,635487
3668,2,9.72375,94,1,0,0,0.171584,0.027335,7.48247,635582
3669,2,-1.639,213,0,1,0,0.171412,0.026759,7.48741,635796
3670,2,9.85248,51,1,0,0,0.171241,0.026029,7.46767,635848
3671,2,9.87995,42,1,0,0,0.17107,0.025666,7.53478,635891
3672,2,9.81079,65,1,0,0,0.170899,0.02277,7.50205,635957
3673,2,9.93083,25,1,0,0,0.170728,0.036131,7.48456,635983
3674,2,9.85294,51,1,0,0,0.170557,0.026895,7.55101,636035
3675,2,-1.165,55,0,1,0,0.170387,0.023236,7.53759,636091
3676,2,9.83799,56,1,0,0,0.170216,0.033386,7.50607,636148
3677,2,9.92147,28,1,0,0,0.170046,0.027674,7.53402,636177
3678,2,9.81102,65,1,0,0,0.169876,0.02426,7.52571,636243
3679,2,9.86784,46,1,0,0,0.169706,0.029811,7.51847,636290
3680,2,9.92764,26,1,0,0,0.169536,0.027189,7.5245,636317
3681,2,9.8735,44,1,0,0,0.169367,0.025525,7.5272,636362
3682,2,-1.015,5,0,1,0,0.169197,0.030406,7.43083,636368
3683,2,9.88826,39,1,0,0,0.169028,0.023732,7.50811,636408
3684,2,-1.213,71,0,1,0,0.168859,0.026867,7.53594,636480
3685,2,9.87632,43,1,0,0,0.16869,0.024542,7.5321,636524
3686,2,9.87696,43,1,0,0,0.168522,0.029063,7.51314,636568
3687,2,9.83247,58,1,0,0,0.168353,0.034343,7.51742,636627
3688,2,9.904,34,1,0,0,0.168185,0.025306,7.53379,636662
3689,2,9.9096,32,1,0,0,0.168017,0.026925,7.51577,636695
3690,2,9.91334,31,1,0,0,0.167849,0.024652,7.55494,636727
3691,2,9.78396,74,1,0,0,0.167681,0.034955,7.52435,636802
3692,2,9.80195,68,1,0,0,0.167513,0.026805,7.52131,636871
3693,2,9.90789,33,1,0,0,0.167346,0.020319,7.54433,636905
3694,2,9.76527,80,1,0,0,0.167178,0.032247,7.5121,636986
3695,2,9.73873,89,1,0,0,0.167011,0.036545,7.52443,637076
3696,2,9.92794,26,1,0,0,0.166844,0.039144,7.46061,637103
3697,2,9.83495,57,1,0,0,0.166677,0.027878,7.52792,637161
3698,2,9.80195,68,1,0,0,0.16651,0.031302,7.52907,637230
3699,2,9.85301,51,1,0,0,0.166344,0.031155,7.51914,637282
3700,2,9.8556,50,1,0,0,0.166178,0.035995,7.52276,637333
3701,2,-1.072,24,0,1,0,0.166011,0.027991,7.51869,637358
3702,2,9.93389,24,1,0,0,0.165845,0.019805,7.52139,637383
3703,2,9.91883,29,1,0,0,0.16568,0.02215,7.53388,637413
3704,2,-1.063,21,0,1,0,0.165514,0.034069,7.52526,637435
3705,2,9.68215,108,1,0,0,0.165348,0.02911,7.51094,637544
3706,2,9.89234,38,1,0,0,0.165183,0.037478,7.4666,637583
3707,2,9.82265,61,1,0,0,0.165018,0.028734,7.48865,637645
3708,2,-1.201,67,0,1,0,0.164853,0.025478,7.52494,637713
3709,2,9.91897,29,1,0,0,0.164688,0.022822,7.52114,637743
3710,2,9.92149,28,1,0,0,0.164523,0.019958,7.51406,637772
3711,2,9.91656,30,1,0,0,0.164359,0.037604,7.53523,637803
3712,2,9.82886,59,1,0,0,0.164194,0.028284,7.55464,637863
3713,2,9.8649,47,1,0,0,0.16403,0.031212,7.55283,637911
3714,2,9.83143,58,1,0,0,0.163866,0.023439,7.52073,637970
3715,2,9.86464,47,1,0,0,0.163702,0.031603,7.56208,638018
3716,2,9.91284,31,1,0,0,0.163539,0.022601,7.54521,638050
3717,2,-1.213,71,0,1,0,0.163375,0.01888,7.5237,638122
3718,2,9.83213,58,1,0,0,0.163212,0.031347,7.55336,638181
3719,2,9.91288,31,1,0,0,0.163049,0.027949,7.5332,638213
3720,2,9.90378,34,1,0,0,0.162885,0.02976,7.56527,638248
3721,2,9.87979,42,1,0,0,0.162723,0.026173,7.53481,638291
3722,2,-1.051,17,0,1,0,0.16256,0.019907,7.54116,638309
3723,2,-1.096,32,0,1,0,0.162397,0.029289,7.51707,638342
3724,2,-1.204,68,0,1,0,0.162235,0.023758,7.53953,638411
3725,2,9.87054,45,1,0,0,0.162073,0.028799,7.52737,638457
3726,2,9.90395,34,1,0,0,0.161911,0.030042,7.50585,638492
3727,2,9.91875,29,1,0,0,0.161749,0.030608,7.57279,638522
3728,2,9.8587,49,1,0,0,0.161587,0.03359,7.56076,638572
3729,2,9.89196,38,1,0,0,0.161425,0.026149,7.53665,638611
3730,2,9.88257,41,1,0,0,0.161264,0.028257,7.53004,638653
3731,2,-1.087,29,0,1,0,0.161103,0.030455,7.53222,638683
3732,2,9.90106,35,1,0,0,0.160942,0.025869,7.56836,638719
3733,2,9.87095,45,1,0,0,0.160781,0.036076,7.56091,638765
3734,2,9.84703,53,1,0,0,0.16062,0.043869,7.52734,638819
3735,2,9.88262,41,1,0,0,0.160459,0.029611,7.53065,638861
3736,2,-1.012,4,0,1,0,0.160299,0.005485,7.58276,638866
3737,2,9.87627,43,1,0,0,0.160138,0.027188,7.54852,638910
3738,2,9.92456,27,1,0,0,0.159978,0.023494,7.53219,638938
3739,2,9.7956,70,1,0,0,0.159818,0.029269,7.54058,639009
3740,2,9.83238,58,1,0,0,0.159659,0.02985,7.53823,639068
3741,2,-1.078,26,0,1,0,0.159499,0.027327,7.58005,639095
3742,2,-1.162,54,0,1,0,0.159339,0.027405,7.56124,639150
3743,2,9.81227,65,1,0,0,0.15918,0.022019,7.56477,639216
3744,2,9.83498,57,1,0,0,0.159021,0.026609,7.54287,639274
3745,2,9.87699,43,1,0,0,0.158862,0.024373,7.5955,639318
3746,2,9.93994,22,1,0,0,0.158703,0.022581,7.5973,639341
3747,2,9.88612,40,1,0,0,0.158544,0.021369,7.57964,639382
3748,2,-1.216,72,0,1,0,0.158386,0.026331,7.55859,639455
3749,2,-1.042,14,0,1,0,0.158227,0.039412,7.59119,639470
3750,2,9.93326,24,1,0,0,0.158069,0.048476,7.608,639495
3751,2,9.90966,32,1,0,0,0.157911,0.032352,7.54037,639528
3752,2,9.84966,52,1,0,0,0.157753,0.019513,7.56296,639581
3753,2,9.93683,23,1,0,0,0.157595,0.028991,7.54522,639605
3754,2,9.82273,61,1,0,0,0.157438,0.031536,7.56469,639667
3755,2,9.78731,73,1,0,0,0.15728,0.036818,7.55775,639741
3756,2,9.87985,42,1,0,0,0.157123,0.028102,7.55311,639784
3757,2,9.86753,46,1,0,0,0.156966,0.022807,7.5551,639831
3758,2,9.89248,38,1,0,0,0.156809,0.03199,7.55069,639870
3759,2,9.86169,48,1,0,0,0.156652,0.031066,7.58106,639919
3760,2,-1.144,48,0,1,0,0.156495,0.021511,7.55893,639968
3761,2,9.85273,51,1,0,0,0.156339,0.031405,7.57188,640020
3762,2,9.9338,24,1,0,0,0.156183,0.018538,7.53525,640045
3763,2,9.88313,41,1,0,0,0.156026,0.029793,7.52514,640087
3764,2,9.73003,92,1,0,0,0.15587,0.027754,7.56082,640180
3765,2,-1.23411,79,0,1,0,0.155715,0.029305,7.56808,640260
3766,2,9.77511,77,1,0,0,0.155559,0.032422,7.56374,640338
3767,2,-1.228,76,0,1,0,0.155403,0.031121,7.58051,640415
3768,2,9.90662,33,1,0,0,0.155248,0.030856,7.57621,640449
3769,2,9.80466,67,1,0,0,0.155093,0.023048,7.55962,640517
3770,2,9.90378,34,1,0,0,0.154938,0.030461,7.57418,640552
3771,2,9.94026,22,1,0,0,0.154783,0.025883,7.5431,640575
3772,2,9.76069,82,1,0,0,0.154628,0.032139,7.58189,640658
3773,2,9.83202,58,1,0,0,0.154473,0.026726,7.55448,640717
3774,2,9.88642,40,1,0,0,0.154319,0.027236,7.55033,640758
3775,2,9.93963,22,1,0,0,0.154164,0.023827,7.57266,640781
3776,2,9.89442,37,1,0,0,0.15401,0.017484,7.5851,640819
3777,2,-1.105,35,0,1,0,0.153856,0.025267,7.61751,640855
3778,2,-1.081,27,0,1,0,0.153702,0.034371,7.59303,640883
3779,2,9.87067,45,1,0,0,0.153549,0.024305,7.5811,640929
3780,2,9.8286,59,1,0,0,0.153395,0.030819,7.54445,640989
3781,2,-1.015,5,0,1,0,0.153242,0.024663,7.48544,640995
3782,2,9.75388,84,1,0,0,0.153089,0.024947,7.57319,641080
3783,2,9.80179,68,1,0,0,0.152935,0.02649,7.56584,641149
3784,2,9.74488,87,1,0,0,0.152782,0.029203,7.58111,641237
3785,2,9.78399,74,1,0,0,0.15263,0.025711,7.57733,641312
3786,2,9.8558,50,1,0,0,0.152477,0.033912,7.55808,641363
3787,2,9.83502,57,1,0,0,0.152325,0.030593,7.57699,641421
3788,2,9.81103,65,1,0,0,0.152172,0.020722,7.56616,641487
3789,2,9.80499,67,1,0,0,0.15202,0.029291,7.56451,641555
3790,2,9.72389,94,1,0,0,0.151868,0.026033,7.55835,641650
3791,2,9.89776,36,1,0,0,0.151716,0.025084,7.60102,641687
3792,2,9.87033,45,1,0,0,0.151564,0.023065,7.55641,641733
3793,2,9.92824,26,1,0,0,0.151413,0.028033,7.58433,641760
3794,2,9.86875,46,1,0,0,0.151262,0.03013,7.55909,641807
3795,2,-1.087,29,0,1,0,0.15111,0.023803,7.54276,641837
3796,2,-1.132,44,0,1,0,0.150959,0.031351,7.56527,641882
3797,2,-1.201,67,0,1,0,0.150808,0.031416,7.56431,641950
3798,2,9.88323,41,1,0,0,0.150657,0.031695,7.53925,641992
3799,2,9.88312,41,1,0,0,0.150507,0.026203,7.5751,642034
3800,2,9.83786,56,1,0,0,0.150356,0.025563,7.57006,642091
3801,2,9.79264,71,1,0,0,0.150206,0.026264,7.56907,642163
3802,2,9.90737,33,1,0,0,0.150056,0.017553,7.59051,642197
3803,2,9.87144,45,1,0,0,0.149906,0.032712,7.55351,642243
3804,2,9.8138,64,1,0,0,0.149756,0.034056,7.56069,642308
3805,2,9.89828,36,1,0,0,0.149606,0.021795,7.5657,642345
3806,2,9.76032,82,1,0,0,0.149456,0.027141,7.57101,642428
3807,2,9.85548,50,1,0,0,0.149307,0.02783,7.58101,642479
3808,2,9.66993,112,1,0,0,0.149158,0.028294,7.58778,642592
3809,2,9.90685,33,1,0,0,0.149008,0.023913,7.56736,642626
3810,2,9.8469,53,1,0,0,0.148859,0.022717,7.57586,642680
3811,2,9.7268,93,1,0,0,0.148711,0.021486,7.57803,642774
3812,2,9.15427,284,1,0,0,0.148562,0.02718,7.57458,643059
3813,2,9.93678,23,1,0,0,0.148413,0.030916,7.58619,643083
3814,2,9.87036,45,1,0,0,0.148265,0.034474,7.60047,643129
3815,2,9.85267,51,1,0,0,0.148117,0.028126,7.55266,643181
3816,2,-1.207,69,0,1,0,0.147968,0.030587,7.58541,643251
3817,2,9.78367,74,1,0,0,0.14782,0.024027,7.56104,643326
3818,2,9.78396,74,1,0,0,0.147673,0.02428,7.57124,643401
3819,2,9.89786,36,1,0,0,0.147525,0.026381,7.55757,643438
3820,2,9.75686,83,1,0,0,0.147377,0.028775,7.52147,643522
3821,2,9.57992,142,1,0,0,0.14723,0.02814,7.54108,643665
3822,2,9.82343,61,1,0,0,0.147083,0.027652,7.56604,643727
3823,2,9.8195,62,1,0,0,0.146936,0.036895,7.55249,643790
3824,2,9.87659,43,1,0,0,0.146789,0.03646,7.56342,643834
3825,2,9.67031,112,1,0,0,0.146642,0.024644,7.56475,643947
3826,2,9.74802,86,1,0,0,0.146495,0.026318,7.52302,644034
3827,2,9.88879,39,1,0,0,0.146349,0.024487,7.60195,644074
3828,2,9.90067,35,1,0,0,0.146203,0.022068,7.56421,644110
3829,2,9.8055,67,1,0,0,0.146056,0.025127,7.53634,644178
3830,2,9.84057,55,1,0,0,0.14591,0.025897,7.51305,644234
3831,2,9.86484,47,1,0,0,0.145764,0.03119,7.55258,644282
3832,2,9.87685,43,1,0,0,0.145619,0.030588,7.58416,644326
3833,2,9.87999,42,1,0,0,0.145473,0.032623,7.57256,644369
3834,2,9.85883,49,1,0,0,0.145328,0.023446,7.56129,644419
3835,2,9.90112,35,1,0,0,0.145182,0.021509,7.58028,644455
3836,2,9.74786,86,1,0,0,0.145037,0.029154,7.54747,644542
3837,2,9.75985,82,1,0,0,0.144892,0.019714,7.56648,644625
3838,2,9.90681,33,1,0,0,0.144747,0.032785,7.57139,644659
3839,2,-1.2,400,0,0,1,0.144602,0.026484,7.54031,645059
3840,2,9.93116,25,1,0,0,0.144458,0.02106,7.53001,645085
3841,2,9.70005,102,1,0,0,0.144313,0.029118,7.51123,645188
3842,2,9.91621,30,1,0,0,0.144169,0.01895,7.55974,645219
3843,2,9.84072,55,1,0,0,0.144025,0.02373,7.5547,645275
3844,2,-1.057,19,0,1,0,0.143881,0.024443,7.5259,645295
3845,2,9.78414,74,1,0,0,0.143737,0.023917,7.53299,645370
3846,2,-1.165,55,0,1,0,0.143593,0.020529,7.52844,645426
3847,2,9.82555,60,1,0,0,0.14345,0.025921,7.53029,645487
3848,2,9.91038,32,1,0,0,0.143306,0.028944,7.53292,645520
3849,2,-1.2,400,0,0,1,0.143163,0.02586,7.53226,645920
3850,2,9.88321,41,1,0,0,0.14302,0.026453,7.565,645962
3851,2,9.79568,70,1,0,0,0.142877,0.027874,7.51375,646033
3852,2,9.89832,36,1,0,0,0.142734,0.016743,7.49739,646070
3853,2,9.92174,28,1,0,0,0.142591,0.025063,7.55634,646099
3854,2,9.91317,31,1,0,0,0.142448,0.038134,7.50646,646131
3855,2,9.83145,58,1,0,0,0.142306,0.020852,7.56293,646190
3856,2,9.93055,25,1,0,0,0.142164,0.017784,7.54847,646216
3857,2,9.94244,21,1,0,0,0.142022,0.018159,7.49917,646238
3858,2,9.86767,46,1,0,0,0.14188,0.019351,7.51992,646285
3859,2,9.8319,58,1,0,0,0.141738,0.024686,7.52442,646344
3860,2,9.865,47,1,0,0,0.141596,0.025975,7.52083,646392
3861,2,9.91607,30,1,0,0,0.141454,0.026613,7.55742,646423
3862,2,9.81681,63,1,0,0,0.141313,0.030301,7.53769,646487
3863,2,9.90723,33,1,0,0,0.141172,0.01791,7.53956,646521
3864,2,9.93974,22,1,0,0,0.14103,0.018387,7.55392,646544
3865,2,9.88599,40,1,0,0,0.140889,0.024382,7.53224,646585
3866,2,9.87127,45,1,0,0,0.140748,0.0206,7.51397,646631
3867,2,9.79596,70,1,0,0,0.140608,0.02876,7.52002,646702
3868,2,9.9336,24,1,0,0,0.140467,0.02411,7.53249,646727
3869,2,-1.141,47,0,1,0,0.140327,0.022962,7.48427,646775
3870,2,9.92196,28,1,0,0,0.140186,0.014381,7.55067,646804
3871,2,9.82887,59,1,0,0,0.140046,0.023275,7.54808,646864
3872,2,9.80544,67,1,0,0,0.139906,0.023523,7.56435,646932
3873,2,9.81133,65,1,0,0,0.139766,0.025698,7.5135,646998
3874,2,-1.15,50,0,1,0,0.139626,0.025097,7.54648,647049
3875,2,9.87086,45,1,0,0,0.139487,0.027223,7.50603,647095
3876,2,9.90362,34,1,0,0,0.139347,0.021894,7.53638,647130
3877,2,9.89439,37,1,0,0,0.139208,0.029145,7.53472,647168
3878,2,9.88875,39,1,0,0,0.139069,0.021681,7.54682,647208
3879,2,9.928,26,1,0,0,0.13893,0.030706,7.53081,647235
3880,2,9.90375,34,1,0,0,0.138791,0.031917,7.56992,647270
3881,2,-1.072,24,0,1,0,0.138652,0.034347,7.55849,647295
3882,2,9.73839,89,1,0,0,0.138513,0.021954,7.53211,647385
3883,2,9.90644,33,1,0,0,0.138375,0.022018,7.58167,647419
3884,2,9.88941,39,1,0,0,0.138236,0.020425,7.55414,647459
3885,2,9.82635,60,1,0,0,0.138098,0.024986,7.54958,647520
3886,2,9.86158,48,1,0,0,0.13796,0.029642,7.56253,647569
3887,2,9.89124,38,1,0,0,0.137822,0.02014,7.58413,647608
3888,2,9.90625,33,1,0,0,0.137684,0.021446,7.55887,647642
3889,2,9.91243,31,1,0,0,0.137547,0.024076,7.58022,647674
3890,2,9.92428,27,1,0,0,0.137409,0.013762,7.60292,647702
3891,2,9.77166,78,1,0,0,0.137272,0.025109,7.54898,647781
3892,2,9.84667,53,1,0,0,0.137134,0.029354,7.56002,647835
3893,2,9.85897,49,1,0,0,0.136997,0.021983,7.58292,647885
3894,2,9.85272,51,1,0,0,0.13686,0.027508,7.55691,647937
3895,2,9.79928,69,1,0,0,0.136723,0.030794,7.58956,648007
3896,2,9.91251,31,1,0,0,0.136587,0.024545,7.53905,648039
3897,2,9.9009,35,1,0,0,0.13645,0.029525,7.59725,648075
3898,2,9.84062,55,1,0,0,0.136314,0.027973,7.54851,648131
3899,2,9.8082,66,1,0,0,0.136177,0.025817,7.58616,648198
3900,2,9.87984,42,1,0,0,0.136041,0.019944,7.52915,648241
3901,2,9.88886,39,1,0,0,0.135905,0.026027,7.58503,648281
3902,2,9.80166,68,1,0,0,0.135769,0.025558,7.56883,648350
3903,2,9.9339,24,1,0,0,0.135633,0.035687,7.57963,648375
3904,2,9.82251,61,1,0,0,0.135498,0.022275,7.56844,648437
3905,2,9.87665,43,1,0,0,0.135362,0.018233,7.56181,648481
3906,2,-1.201,67,0,1,0,0.135227,0.027334,7.54989,648549
3907,2,9.78654,73,1,0,0,0.135092,0.019705,7.56814,648623
3908,2,9.88284,41,1,0,0,0.134957,0.024154,7.52332,648665
3909,2,9.91633,30,1,0,0,0.134822,0.021623,7.56345,648696
3910,2,-1.045,15,0,1,0,0.134687,0.013197,7.63021,648712
3911,2,9.90976,32,1,0,0,0.134552,0.021837,7.56617,648745
3912,2,9.93142,25,1,0,0,0.134418,0.02407,7.56643,648771
3913,2,9.8557,50,1,0,0,0.134283,0.023626,7.60266,648822
3914,2,9.78128,75,1,0,0,0.134149,0.017755,7.57788,648898
3915,2,-1.162,54,0,1,0,0.134015,0.024432,7.62261,648953
3916,2,9.93069,25,1,0,0,0.133881,0.01199,7.60299,648979
3917,2,9.92218,28,1,0,0,0.133747,0.026313,7.58435,649008
3918,2,9.89205,38,1,0,0,0.133613,0.026611,7.58177,649047
3919,2,9.92478,27,1,0,0,0.133479,0.025257,7.56832,649075
3920,2,-1.012,4,0,1,0,0.133346,0.005605,7.58048,649080
3921,2,9.81671,63,1,0,0,0.133213,0.020766,7.57753,649144
3922,2,9.88047,42,1,0,0,0.133079,0.029739,7.62615,649187
3923,2,9.93412,24,1,0,0,0.132946,0.035189,7.57662,649212
3924,2,9.92437,27,1,0,0,0.132813,0.018821,7.60088,649240
3925,2,9.853,51,1,0,0,0.132681,0.019379,7.60513,649292
3926,2,9.79084,72,1,0,0,0.132548,0.026822,7.58371,649365
3927,2,9.88828,39,1,0,0,0.132415,0.024458,7.63872,649405
3928,2,9.87421,44,1,0,0,0.132283,0.023422,7.59837,649450
3929,2,9.8322,58,1,0,0,0.132151,0.01891,7.58736,649509
3930,2,9.78331,74,1,0,0,0.132019,0.030343,7.57493,649584
3931,2,9.78738,73,1,0,0,0.131886,0.027239,7.5843,649658
3932,2,9.81692,63,1,0,0,0.131755,0.035676,7.61493,649722
3933,2,9.85869,49,1,0,0,0.131623,0.028526,7.5855,649772
3934,2,9.87057,45,1,0,0,0.131491,0.020669,7.58535,649818
3935,2,9.8916,38,1,0,0,0.13136,0.021357,7.59547,649857
3936,2,9.86478,47,1,0,0,0.131228,0.028734,7.61115,649905
3937,2,9.36375,214,1,0,0,0.131097,0.026257,7.60669,650120
3938,2,9.94302,21,1,0,0,0.130966,0.039658,7.60962,650142
3939,2,9.76864,79,1,0,0,0.130835,0.029984,7.62226,650222
3940,2,9.82009,62,1,0,0,0.130704,0.030762,7.5847,650285
3941,2,-1.108,36,0,1,0,0.130574,0.020572,7.61391,650322
3942,2,9.84773,53,1,0,0,0.130443,0.027048,7.59574,650376
3943,2,9.9003,35,1,0,0,0.130313,0.038414,7.57604,650412
3944,2,9.77133,78,1,0,0,0.130182,0.027945,7.61415,650491
3945,2,9.68737,106,1,0,0,0.130052,0.024547,7.58791,650598
3946,2,9.84998,52,1,0,0,0.129922,0.026263,7.60932,650651
3947,2,9.91269,31,1,0,0,0.129792,0.014861,7.61945,650683
3948,2,-1.162,54,0,1,0,0.129662,0.03428,7.57264,650738
3949,2,9.83165,58,1,0,0,0.129533,0.025251,7.61153,650797
3950,2,9.87071,45,1,0,0,0.129403,0.027116,7.60948,650843
3951,2,9.94283,21,1,0,0,0.129274,0.012233,7.64991,650865
3952,2,9.92123,28,1,0,0,0.129144,0.019472,7.55615,650894
3953,2,9.80158,68,1,0,0,0.129015,0.02439,7.60176,650963
3954,2,-1.093,31,0,1,0,0.128886,0.02266,7.58938,650995
3955,2,9.90652,33,1,0,0,0.128757,0.023636,7.57273,651029
3956,2,9.78086,75,1,0,0,0.128629,0.026643,7.60809,651105
3957,2,9.92776,26,1,0,0,0.1285,0.019515,7.59642,651132
3958,2,9.87708,43,1,0,0,0.128371,0.022505,7.62315,651176
3959,2,9.86465,47,1,0,0,0.128243,0.024854,7.56166,651224
3960,2,9.83767,56,1,0,0,0.128115,0.022402,7.59796,651281
3961,2,9.87684,43,1,0,0,0.127987,0.024335,7.6187,651325
3962,2,-1.054,18,0,1,0,0.127859,0.01918,7.60429,651344
3963,2,9.79555,70,1,0,0,0.127731,0.025426,7.57953,651415
3964,2,9.81077,65,1,0,0,0.127603,0.0255,7.60112,651481
3965,2,-1.033,11,0,1,0,0.127476,0.031609,7.61129,651493
3966,2,9.85603,50,1,0,0,0.127348,0.020294,7.59946,651544
3967,2,9.92796,26,1,0,0,0.127221,0.02513,7.57164,651571
3968,2,9.75731,83,1,0,0,0.127094,0.026353,7.61367,651655
3969,2,9.80502,67,1,0,0,0.126966,0.039949,7.57462,651723
3970,2,9.86193,48,1,0,0,0.126839,0.032445,7.59519,651772
3971,2,9.87387,44,1,0,0,0.126713,0.02339,7.62146,651817
3972,2,9.86513,47,1,0,0,0.126586,0.023121,7.58539,651865
3973,2,9.886,40,1,0,0,0.126459,0.026642,7.58252,651906
3974,2,9.93948,22,1,0,0,0.126333,0.024908,7.62934,651929
3975,2,-1.285,95,0,1,0,0.126207,0.022633,7.6038,652025
3976,2,9.80787,66,1,0,0,0.12608,0.027362,7.61026,652092
3977,2,9.82342,61,1,0,0,0.125954,0.02212,7.63789,652154
3978,2,9.88824,39,1,0,0,0.125828,0.024423,7.58729,652194
3979,2,9.86174,48,1,0,0,0.125702,0.027746,7.64004,652243
3980,2,9.79953,69,1,0,0,0.125577,0.022374,7.6363,652313
3981,2,9.78968,72,1,0,0,0.125451,0.023989,7.60687,652386
3982,2,-1.192,64,0,1,0,0.125326,0.035119,7.60066,652451
3983,2,-1.279,93,0,1,0,0.1252,0.02499,7.60974,652545
3984,2,9.85256,51,1,0,0,0.125075,0.020965,7.58332,652597
3985,2,9.88604,40,1,0,0,0.12495,0.025593,7.62197,652638
3986,2,9.88023,42,1,0,0,0.124825,0.027425,7.60101,652681
3987,2,9.80472,67,1,0,0,0.1247,0.020167,7.60222,652749
3988,2,9.8737,44,1,0,0,0.124576,0.025002,7.60848,652794
3989,2,-1.096,32,0,1,0,0.124451,0.029304,7.5888,652827
3990,2,9.86759,46,1,0,0,0.124327,0.029623,7.60744,652874
3991,2,9.91247,31,1,0,0,0.124202,0.028681,7.61675,652906
3992,2,9.91281,31,1,0,0,0.124078,0.019852,7.6405,652938
3993,2,9.91272,31,1,0,0,0.123954,0.027127,7.62311,652970
3994,2,9.78744,73,1,0,0,0.12383,0.027862,7.6385,653044
3995,2,9.83828,56,1,0,0,0.123706,0.024516,7.5955,653101
3996,2,9.88348,41,1,0,0,0.123583,0.025491,7.59409,653143
3997,2,-1.438,146,0,1,0,0.123459,0.024037,7.65513,653290
3998,2,-1.096,32,0,1,0,0.123335,0.023035,7.66015,653323
3999,2,9.82031,62,1,0,0,0.123212,0.025871,7.59077,653386
4000,2,9.89154,38,1,0,0,0.123089,0.034423,7.66401,653425
4001,2,-1.063,21,0,1,0,0.122966,0.029551,7.64371,653447
4002,2,9.75046,85,1,0,0,0.122843,0.024265,7.63394,653533
4003,2,9.81083,65,1,0,0,0.12272,0.028793,7.64064,653599
4004,2,9.89455,37,1,0,0,0.122597,0.034717,7.67539,653637
4005,2,9.84391,54,1,0,0,0.122475,0.031738,7.62762,653692
4006,2,9.81428,64,1,0,0,0.122352,0.02168,7.6449,653757
4007,2,-1.051,17,0,1,0,0.12223,0.021821,7.64202,653775
4008,2,9.92471,27,1,0,0,0.122108,0.028073,7.61821,653803
4009,2,9.81654,63,1,0,0,0.121986,0.028078,7.62483,653867
4010,2,9.89477,37,1,0,0,0.121864,0.024656,7.62619,653905
4011,2,9.84402,54,1,0,0,0.121742,0.022782,7.6313,653960
4012,2,9.79593,70,1,0,0,0.12162,0.027016,7.6237,654031
4013,2,9.78932,72,1,0,0,0.121498,0.021178,7.61828,654104
4014,2,-1.267,89,0,1,0,0.121377,0.026639,7.60289,654194
4015,2,-1.036,12,0,1,0,0.121255,0.037461,7.58635,654207
4016,2,9.81995,62,1,0,0,0.121134,0.024525,7.63302,654270
4017,2,9.86786,46,1,0,0,0.121013,0.035912,7.61743,654317
4018,2,9.86423,47,1,0,0,0.120892,0.021872,7.62303,654365
4019,2,9.78659,73,1,0,0,0.120771,0.022561,7.64675,654439
4020,2,9.88856,39,1,0,0,0.12065,0.022319,7.63808,654479
4021,2,9.94258,21,1,0,0,0.12053,0.028725,7.61767,654501
4022,2,9.93657,23,1,0,0,0.120409,0.034273,7.66645,654525
4023,2,9.90396,34,1,0,0,0.120289,0.028649,7.64437,654560
4024,2,-1.11218,38,0,1,0,0.120169,0.01594,7.6345,654599
4025,2,-1.012,4,0,1,0,0.120048,0.040214,7.71536,654604
4026,2,-1.153,51,0,1,0,0.119928,0.020289,7.61191,654656
4027,2,9.89789,36,1,0,0,0.119808,0.027389,7.6677,654693
4028,2,9.8053,67,1,0,0,0.119689,0.022654,7.66888,654761
4029,2,9.86773,46,1,0,0,0.119569,0.028057,7.65703,654808
4030,2,9.84927,52,1,0,0,0.119449,0.020853,7.6647,654861
4031,2,9.84965,52,1,0,0,0.11933,0.024167,7.65264,654914
4032,2,9.75102,85,1,0,0,0.119211,0.025373,7.66635,655000
4033,2,9.85902,49,1,0,0,0.119091,0.017447,7.65307,655050
4034,2,9.73924,89,1,0,0,0.118972,0.024571,7.6604,655140
4035,2,9.85248,51,1,0,0,0.118853,0.021564,7.65344,655192
4036,2,-1.015,5,0,1,0,0.118734,0.039832,7.68494,655198
4037,2,9.91857,29,1,0,0,0.118616,0.025002,7.65182,655228
4038,2,9.89785,36,1,0,0,0.118497,0.027139,7.65172,655265
4039,2,9.93403,24,1,0,0,0.118379,0.021398,7.66038,655290
4040,2,9.8619,48,1,0,0,0.11826,0.026337,7.65944,655339
4041,2,9.89169,38,1,0,0,0.118142,0.023205,7.67454,655378
4042,2,9.87368,44,1,0,0,0.118024,0.016709,7.65041,655423
4043,2,-1.102,34,0,1,0,0.117906,0.025207,7.63452,655458
4044,2,9.82849,59,1,0,0,0.117788,0.027214,7.6454,655518
4045,2,9.86814,46,1,0,0,0.11767,0.023301,7.65852,655565
4046,2,9.86479,47,1,0,0,0.117552,0.022939,7.66635,655613
4047,2,9.86175,48,1,0,0,0.117435,0.01725,7.65889,655662
4048,2,-1.024,8,0,1,0,0.117317,0.057178,7.71153,655671
4049,2,9.87398,44,1,0,0,0.1172,0.026793,7.65166,655716
4050,2,9.92493,27,1,0,0,0.117083,0.019748,7.65124,655744
4051,2,9.92544,27,1,0,0,0.116966,0.040291,7.65953,655772
4052,2,9.86769,46,1,0,0,0.116849,0.01965,7.65429,655819
4053,2,9.86496,47,1,0,0,0.116732,0.02645,7.66828,655867
4054,2,9.8856,40,1,0,0,0.116615,0.034184,7.67133,655908
4055,2,9.88003,42,1,0,0,0.116499,0.028862,7.68993,655951
4056,2,9.86533,47,1,0,0,0.116382,0.023295,7.66405,655999
4057,2,9.91271,31,1,0,0,0.116266,0.021898,7.66679,656031
4058,2,9.90069,35,1,0,0,0.116149,0.021256,7.67154,656067
4059,2,9.85601,50,1,0,0,0.116033,0.017504,7.72668,656118
4060,2,9.82272,61,1,0,0,0.115917,0.028285,7.67239,656180
4061,2,9.78972,72,1,0,0,0.115801,0.023866,7.68555,656253
4062,2,9.80729,66,1,0,0,0.115686,0.02088,7.67599,656320
4063,2,9.84375,54,1,0,0,0.11557,0.02698,7.69073,656375
4064,2,9.89759,36,1,0,0,0.115454,0.027903,7.71422,656412
4065,2,9.8948,37,1,0,0,0.115339,0.024929,7.74686,656450
4066,2,9.87701,43,1,0,0,0.115224,0.027673,7.67767,656494
4067,2,9.89834,36,1,0,0,0.115108,0.022276,7.71088,656531
4068,2,9.81092,65,1,0,0,0.114993,0.018177,7.68046,656597
4069,2,9.90959,32,1,0,0,0.114878,0.016941,7.68763,656630
4070,2,-1.045,15,0,1,0,0.114763,0.018509,7.7119,656646
4071,2,9.83442,57,1,0,0,0.114649,0.022452,7.663,656704
4072,2,9.86503,47,1,0,0,0.114534,0.034592,7.68869,656752
4073,2,9.90084,35,1,0,0,0.114419,0.022233,7.72267,656788
4074,2,9.82298,61,1,0,0,0.114305,0.021479,7.67979,656850
4075,2,9.87384,44,1,0,0,0.114191,0.02231,7.73306,656895
4076,2,9.89802,36,1,0,0,0.114076,0.016492,7.68802,656932
4077,2,9.88285,41,1,0,0,0.113962,0.026812,7.72265,656974
4078,2,9.79286,71,1,0,0,0.113848,0.030374,7.7206,657046
4079,2,-1.165,55,0,1,0,0.113735,0.024373,7.69712,657102
4080,2,9.8229,61,1,0,0,0.113621,0.02965,7.70552,657164
4081,2,-1.15,50,0,1,0,0.113507,0.032204,7.70428,657215
4082,2,9.93978,22,1,0,0,0.113394,0.017814,7.64387,657238
4083,2,9.89835,36,1,0,0,0.11328,0.023463,7.70574,657275
4084,2,9.81707,63,1,0,0,0.113167,0.022229,7.69245,657339
4085,2,9.77776,76,1,0,0,0.113054,0.022936,7.64312,657416
4086,2,9.91342,31,1,0,0,0.112941,0.034433,7.65255,657448
4087,2,9.10017,302,1,0,0,0.112828,0.027219,7.69074,657751
4088,2,9.91304,31,1,0,0,0.112715,0.017087,7.69356,657783
4089,2,-1.033,11,0,1,0,0.112602,0.030077,7.68489,657795
4090,2,9.93961,22,1,0,0,0.11249,0.02935,7.69557,657818
4091,2,9.80787,66,1,0,0,0.112377,0.022159,7.66,657885
4092,2,9.83168,58,1,0,0,0.112265,0.024441,7.67643,657944
4093,2,9.79304,71,1,0,0,0.112153,0.021825,7.66638,658016
4094,2,9.78101,75,1,0,0,0.11204,0.021619,7.6652,658092
4095,2,9.91625,30,1,0,0,0.111928,0.024194,7.65421,658123
4096,2,9.81703,63,1,0,0,0.111816,0.027343,7.66143,658187
4097,2,9.88308,41,1,0,0,0.111705,0.034437,7.68138,658229
4098,2,-1.12,40,0,1,0,0.111593,0.025737,7.6694,658270
4099,2,9.90078,35,1,0,0,0.111481,0.01536,7.6848,658306
4100,2,9.83219,58,1,0,0,0.11137,0.023155,7.6881,658365
4101,2,9.72449,94,1,0,0,0.111259,0.026203,7.65656,658460
4102,2,9.82895,59,1,0,0,0.111147,0.018958,7.67427,658520
4103,2,9.82273,61,1,0,0,0.111036,0.022597,7.65432,658582
4104,2,9.91019,32,1,0,0,0.110925,0.029711,7.68091,658615
4105,2,-1.027,9,0,1,0,0.110814,0.02924,7.68667,658625
4106,2,9.92174,28,1,0,0,0.110703,0.033572,7.67087,658654
4107,2,9.81655,63,1,0,0,0.110593,0.028906,7.67861,658718
4108,2,-1.147,49,0,1,0,0.110482,0.03116,7.67487,658768
4109,2,9.85624,50,1,0,0,0.110372,0.027241,7.68791,658819
4110,2,9.91566,30,1,0,0,0.110261,0.025364,7.66132,658850
4111,2,9.81955,62,1,0,0,0.110151,0.020312,7.65051,658913
4112,2,9.9099,32,1,0,0,0.110041,0.01897,7.59062,658946
4113,2,9.84076,55,1,0,0,0.109931,0.03104,7.66801,659002
4114,2,-1.114,38,0,1,0,0.109821,0.020419,7.65534,659041
4115,2,9.84044,55,1,0,0,0.109711,0.031185,7.68538,659097
4116,2,9.93068,25,1,0,0,0.109601,0.023596,7.67983,659123
4117,2,9.83758,56,1,0,0,0.109492,0.023456,7.67908,659180
4118,2,9.91294,31,1,0,0,0.109382,0.025603,7.68457,659212
4119,2,9.89815,36,1,0,0,0.109273,0.015,7.68774,659249
4120,2,9.77752,76,1,0,0,0.109164,0.02367,7.67446,659326
4121,2,9.8168,63,1,0,0,0.109054,0.019844,7.68581,659390
4122,2,9.84401,54,1,0,0,0.108945,0.022169,7.71051,659445
4123,2,9.7957,70,1,0,0,0.108836,0.02462,7.66576,659516
4124,2,9.85891,49,1,0,0,0.108728,0.030556,7.64174,659566
4125,2,9.91254,31,1,0,0,0.108619,0.025729,7.66036,659598
4126,2,9.92192,28,1,0,0,0.10851,0.022944,7.67449,659627
4127,2,9.88303,41,1,0,0,0.108402,0.023597,7.69971,659669
4128,2,9.81645,63,1,0,0,0.108293,0.017009,7.68666,659733
4129,2,9.81988,62,1,0,0,0.108185,0.014968,7.68239,659796
4130,2,9.92506,27,1,0,0,0.108077,0.020857,7.65261,659824
4131,2,-1.0829,28,0,1,0,0.107969,0.03172,7.73876,659853
4132,2,9.92216,28,1,0,0,0.107861,0.025105,7.67798,659882
4133,2,9.88899,39,1,0,0,0.107753,0.026649,7.65425,659922
4134,2,9.81052,65,1,0,0,0.107645,0.018563,7.66367,659988
4135,2,9.91912,29,1,0,0,0.107537,0.024348,7.70205,660018
4136,2,9.79933,69,1,0,0,0.10743,0.027104,7.68188,660088
4137,2,9.87085,45,1,0,0,0.107323,0.016998,7.70834,660134
4138,2,9.92784,26,1,0,0,0.107215,0.014256,7.69595,660161
4139,2,9.93354,24,1,0,0,0.107108,0.020591,7.63418,660186
4140,2,-1.03,10,0,1,0,0.107001,0.010174,7.7062,660197
4141,2,9.82633,60,1,0,0,0.106894,0.022228,7.68317,660258
4142,2,9.77781,76,1,0,0,0.106787,0.025067,7.70238,660335
4143,2,9.87374,44,1,0,0,0.10668,0.030602,7.67854,660380
4144,2,-1.153,51,0,1,0,0.106574,0.02519,7.69084,660432
4145,2,9.94612,20,1,0,0,0.106467,0.012677,7.72063,660453
4146,2,9.94246,21,1,0,0,0.10636,0.014666,7.64048,660475
4147,2,9.865,47,1,0,0,0.106254,0.024938,7.69319,660523
4148,2,9.89501,37,1,0,0,0.106148,0.017988,7.686,660561
4149,2,9.9009,35,1,0,0,0.106042,0.032723,7.65066,660597
4150,2,9.84939,52,1,0,0,0.105936,0.021491,7.68212,660650
4151,2,9.8893,39,1,0,0,0.10583,0.01896,7.68589,660690
4152,2,9.93146,25,1,0,0,0.105724,0.015614,7.69021,660716
4153,2,9.87381,44,1,0,0,0.105618,0.014897,7.71217,660761
4154,2,9.79873,69,1,0,0,0.105513,0.021337,7.69465,660831
4155,2,9.9067,33,1,0,0,0.105407,0.018633,7.6977,660865
4156,2,9.93628,23,1,0,0,0.105302,0.019267,7.71065,660889
4157,2,9.87685,43,1,0,0,0.105196,0.025165,7.69586,660933
4158,2,9.91596,30,1,0,0,0.105091,0.026023,7.67452,660964
4159,2,9.80827,66,1,0,0,0.104986,0.027978,7.68928,661031
4160,2,9.90986,32,1,0,0,0.104881,0.027443,7.66861,661064
4161,2,-1.31049,104,0,1,0,0.104776,0.02442,7.70254,661169
4162,2,9.87918,42,1,0,0,0.104671,0.028193,7.68797,661212
4163,2,9.94903,19,1,0,0,0.104567,0.031546,7.66531,661232
4164,2,9.73065,92,1,0,0,0.104462,0.020179,7.7123,661325
4165,2,9.9218,28,1,0,0,0.104358,0.010735,7.71126,661354
4166,2,9.84082,55,1,0,0,0.104253,0.02146,7.68804,661410
4167,2,9.8346,57,1,0,0,0.104149,0.029061,7.72455,661468
4168,2,9.9192,29,1,0,0,0.104045,0.02951,7.68189,661498
4169,2,9.84695,53,1,0,0,0.103941,0.017834,7.69407,661552
4170,2,9.9366,23,1,0,0,0.103837,0.023191,7.72774,661576
4171,2,-1.117,39,0,1,0,0.103733,0.024283,7.71653,661616
4172,2,9.88549,40,1,0,0,0.103629,0.022625,7.71996,661657
4173,2,9.82827,59,1,0,0,0.103526,0.023536,7.69408,661717
4174,2,9.92784,26,1,0,0,0.103422,0.02598,7.70692,661744
4175,2,9.78399,74,1,0,0,0.103319,0.028418,7.70214,661819
4176,2,9.87983,42,1,0,0,0.103216,0.017911,7.69996,661862
4177,2,9.87083,45,1,0,0,0.103112,0.016252,7.73732,661908
4178,2,-1.066,22,0,1,0,0.103009,0.029794,7.71222,661931
4179,2,9.75968,82,1,0,0,0.102906,0.025943,7.72608,662014
4180,2,9.93089,25,1,0,0,0.102803,0.041156,7.69502,662040
4181,2,9.80516,67,1,0,0,0.1027,0.023445,7.7277,662108
4182,2,9.87356,44,1,0,0,0.102598,0.030954,7.70665,662153
4183,2,9.79567,70,1,0,0,0.102495,0.029699,7.70635,662224
4184,2,9.76038,82,1,0,0,0.102393,0.022636,7.69286,662307
4185,2,9.89785,36,1,0,0,0.10229,0.020511,7.68981,662344
4186,2,9.81138,65,1,0,0,0.102188,0.013898,7.69345,662410
4187,2,9.89752,36,1,0,0,0.102086,0.017504,7.70187,662447
4188,2,9.84378,54,1,0,0,0.101984,0.02113,7.6956,662502
4189,2,9.90988,32,1,0,0,0.101882,0.020008,7.74424,662535
4190,2,9.8646,47,1,0,0,0.10178,0.020221,7.66399,662583
4191,2,-1.135,45,0,1,0,0.101678,0.017896,7.73324,662629
4192,2,9.91869,29,1,0,0,0.101576,0.013497,7.71564,662659
4193,2,9.85595,50,1,0,0,0.101475,0.026247,7.69472,662710
4194,2,9.93689,23,1,0,0,0.101373,0.013168,7.68148,662734
4195,2,-1.153,51,0,1,0,0.101272,0.020178,7.72234,662786
4196,2,9.92418,27,1,0,0,0.101171,0.023158,7.73831,662814
4197,2,9.87664,43,1,0,0,0.10107,0.026811,7.73097,662858
4198,2,9.86458,47,1,0,0,0.100968,0.014461,7.72035,662906
4199,2,9.90958,32,1,0,0,0.100867,0.02435,7.72718,662939
4200,2,9.8529,51,1,0,0,0.100767,0.022169,7.70842,662991
4201,2,9.9279,26,1,0,0,0.100666,0.015744,7.70669,663018
4202,2,9.87973,42,1,0,0,0.100565,0.019809,7.72093,663061
4203,2,9.91881,29,1,0,0,0.100465,0.024803,7.74451,663091
4204,2,9.83133,58,1,0,0,0.100364,0.030753,7.71391,663150
4205,2,9.8744,44,1,0,0,0.100264,0.014698,7.73837,663195
4206,2,-1.09766,33,0,1,0,0.100164,0.023268,7.68541,663229
4207,2,9.86778,46,1,0,0,0.100063,0.024195,7.72676,663276
4208,2,9.83492,57,1,0,0,0.1,0.018789,7.75705,663334
4209,2,9.93411,24,1,0,0,0.1,0.047801,7.7284,663359
4210,2,-1.045,15,0,1,0,0.1,0.020308,7.74199,663375
4211,2,9.94896,19,1,0,0,0.1,0.012559,7.76437,663395
4212,2,9.90367,34,1,0,0,0.1,0.024144,7.69212,663430
4213,2,9.93051,25,1,0,0,0.1,0.037269,7.70718,663456
4214,2,9.91897,29,1,0,0,0.1,0.018632,7.66896,663486
4215,2,9.93103,25,1,0,0,0.1,0.022282,7.68659,663512
4216,2,9.83762,56,1,0,0,0.1,0.033018,7.73512,663569
4217,2,9.89737,36,1,0,0,0.1,0.028934,7.74802,663606
4218,2,9.84128,55,1,0,0,0.1,0.029153,7.7087,663662
4219,2,9.90071,35,1,0,0,0.1,0.026993,7.70346,663698
4220,2,9.87468,44,1,0,0,0.1,0.016052,7.71867,663743
4221,2,9.9274,26,1,0,0,0.1,0.019824,7.70586,663770
4222,2,-1.066,22,0,1,0,0.1,0.026553,7.77139,663793
4223,2,9.78073,75,1,0,0,0.1,0.025938,7.72861,663869
4224,2,-1.06976,24,0,1,0,0.1,0.019613,7.75291,663894
4225,2,9.931,25,1,0,0,0.1,0.038717,7.75465,663920
4226,2,9.92476,27,1,0,0,0.1,0.022859,7.67786,663948
4227,2,9.91003,32,1,0,0,0.1,0.025502,7.67708,663981
4228,2,9.78417,74,1,0,0,0.1,0.022187,7.73265,664056
4229,2,9.94278,21,1,0,0,0.1,0.027198,7.7354,664078
4230,2,9.799,69,1,0,0,0.1,0.026657,7.73487,664148
4231,2,9.93958,22,1,0,0,0.1,0.033709,7.6653,664171
4232,2,9.91618,30,1,0,0,0.1,0.023012,7.67194,664202
4233,2,9.83195,58,1,0,0,0.1,0.023378,7.71301,664261
4234,2,9.91826,29,1,0,0,0.1,0.021335,7.67975,664291
4235,2,-1.06,20,0,1,0,0.1,0.049776,7.70867,664312
4236,2,9.91845,29,1,0,0,0.1,0.022207,7.7063,664342
4237,2,9.81074,65,1,0,0,0.1,0.023378,7.72873,664408
4238,2,9.89478,37,1,0,0,0.1,0.026902,7.723,664446
4239,2,9.87968,42,1,0,0,0.1,0.017999,7.72918,664489
4240,2,9.92557,27,1,0,0,0.1,0.021533,7.72179,664517
4241,2,9.90683,33,1,0,0,0.1,0.026571,7.74816,664551
4242,2,9.86469,47,1,0,0,0.1,0.014796,7.73781,664599
4243,2,9.92742,26,1,0,0,0.1,0.021952,7.70162,664626
4244,2,9.88657,40,1,0,0,0.1,0.031445,7.66232,664667
4245,2,9.77506,77,1,0,0,0.1,0.01677,7.72578,664745
4246,2,9.78741,73,1,0,0,0.1,0.019535,7.71579,664819
4247,2,9.86496,47,1,0,0,0.1,0.017435,7.7152,664867
4248,2,9.83794,56,1,0,0,0.1,0.025986,7.72546,664924
4249,2,9.84347,54,1,0,0,0.1,0.021937,7.72749,664979
4250,2,9.87388,44,1,0,0,0.1,0.020963,7.73956,665024
4251,2,9.90128,35,1,0,0,0.1,0.019212,7.67699,665060
4252,2,9.82631,60,1,0,0,0.1,0.022715,7.72271,665121
4253,2,9.87991,42,1,0,0,0.1,0.023752,7.71291,665164
4254,2,9.90931,32,1,0,0,0.1,0.030163,7.7024,665197
4255,2,9.88896,39,1,0,0,0.1,0.023445,7.72296,665237
4256,2,9.76567,80,1,0,0,0.1,0.023845,7.71609,665318
4257,2,9.80455,67,1,0,0,0.1,0.027728,7.72577,665386
4258,2,9.76956,79,1,0,0,0.1,0.020359,7.72548,665466
4259,2,-1.162,54,0,1,0,0.1,0.022345,7.71818,665521
4260,2,9.82878,59,1,0,0,0.1,0.020244,7.71512,665581
4261,2,9.8677,46,1,0,0,0.1,0.019387,7.73281,665628
4262,2,9.82895,59,1,0,0,0.1,0.022817,7.68834,665688
4263,2,9.8771,43,1,0,0,0.1,0.01983,7.70183,665732
4264,2,9.94604,20,1,0,0,0.1,0.023396,7.6776,665753
4265,2,9.7238,94,1,0,0,0.1,0.025018,7.70267,665848
4266,2,9.84407,54,1,0,0,0.1,0.026454,7.68085,665903
4267,2,9.90963,32,1,0,0,0.1,0.021867,7.69666,665936
4268,2,9.87674,43,1,0,0,0.1,0.015069,7.7142,665980
4269,2,9.80452,67,1,0,0,0.1,0.024014,7.70525,666048
4270,2,9.93684,23,1,0,0,0.1,0.021396,7.73173,666072
4271,2,-1.036,12,0,1,0,0.1,0.021493,7.67583,666085
4272,2,9.8916,38,1,0,0,0.1,0.029991,7.72261,666124
4273,2,9.90111,35,1,0,0,0.1,0.02826,7.7064,666160
4274,2,9.86523,47,1,0,0,0.1,0.014215,7.68033,666208
4275,2,9.90393,34,1,0,0,0.1,0.019988,7.69306,666243
4276,2,9.85605,50,1,0,0,0.1,0.019222,7.73359,666294
4277,2,9.94027,22,1,0,0,0.1,0.024121,7.72533,666317
4278,2,9.78087,75,1,0,0,0.1,0.024307,7.71993,666393
4279,2,9.93727,23,1,0,0,0.1,0.018674,7.72408,666417
4280,2,9.91002,32,1,0,0,0.1,0.015534,7.72827,666450
4281,2,9.76326,81,1,0,0,0.1,0.029928,7.70395,666532
4282,2,9.84156,55,1,0,0,0.1,0.025284,7.73694,666588
4283,2,9.83529,57,1,0,0,0.1,0.015722,7.69395,666646
4284,2,9.73942,89,1,0,0,0.1,0.019787,7.7149,666736
4285,2,9.89523,37,1,0,0,0.1,0.018065,7.7128,666774
4286,2,9.83192,58,1,0,0,0.1,0.026085,7.70468,666833
4287,2,9.8979,36,1,0,0,0.1,0.019581,7.73407,666870
4288,2,9.93064,25,1,0,0,0.1,0.014945,7.73688,666896
4289,2,-1.177,59,0,1,0,0.1,0.025754,7.70888,666956
4290,2,9.88624,40,1,0,0,0.1,0.015926,7.69735,666997
4291,2,9.90065,35,1,0,0,0.1,0.015609,7.6978,667033
4292,2,9.88828,39,1,0,0,0.1,0.028646,7.69579,667073
4293,2,9.7986,69,1,0,0,0.1,0.019184,7.7343,667143
4294,2,9.92818,26,1,0,0,0.1,0.02093,7.68066,667170
4295,2,9.84684,53,1,0,0,0.1,0.021336,7.72331,667224
4296,2,9.89802,36,1,0,0,0.1,0.022916,7.73008,667261
4297,2,9.89829,36,1,0,0,0.1,0.022281,7.69274,667298
4298,2,-1.027,9,0,1,0,0.1,0.051661,7.68568,667308
4299,2,9.77284,78,1,0,0,0.1,0.024549,7.71589,667387
4300,2,9.91599,30,1,0,0,0.1,0.021849,7.73179,667418
4301,2,9.85876,49,1,0,0,0.1,0.024123,7.73404,667468
4302,2,9.6853,107,1,0,0,0.1,0.026679,7.72046,667576
4303,2,9.88583,40,1,0,0,0.1,0.019851,7.72793,667617
4304,2,-1.069,23,0,1,0,0.1,0.025262,7.71417,667641
4305,2,9.84728,53,1,0,0,0.1,0.013055,7.74235,667695
4306,2,-1.084,28,0,1,0,0.1,0.014736,7.70662,667724
4307,2,9.79293,71,1,0,0,0.1,0.024536,7.72009,667796
4308,2,9.83817,56,1,0,0,0.1,0.018802,7.73812,667853
4309,2,9.78055,75,1,0,0,0.1,0.018755,7.71811,667929
4310,2,9.90359,34,1,0,0,0.1,0.017139,7.71455,667964
4311,2,9.84435,54,1,0,0,0.1,0.022732,7.72738,668019
4312,2,9.88587,40,1,0,0,0.1,0.021297,7.70502,668060
4313,2,9.76321,81,1,0,0,0.1,0.018532,7.73612,668142
4314,2,9.92843,26,1,0,0,0.1,0.021803,7.69391,668169
4315,2,9.70898,99,1,0,0,0.1,0.017885,7.70063,668269
4316,2,9.78973,72,1,0,0,0.1,0.026425,7.70959,668342
4317,2,9.79884,69,1,0,0,0.1,0.019825,7.69173,668412
4318,2,9.89186,38,1,0,0,0.1,0.018123,7.71748,668451
4319,2,-1.117,39,0,1,0,0.1,0.014588,7.74267,668491
4320,2,9.90701,33,1,0,0,0.1,0.0161,7.69333,668525
4321,2,9.92777,26,1,0,0,0.1,0.024254,7.71981,668552
4322,2,-1.072,24,0,1,0,0.1,0.023379,7.73318,668577
4323,2,9.81705,63,1,0,0,0.1,0.021282,7.74751,668641
4324,2,9.93398,24,1,0,0,0.1,0.021869,7.72812,668666
4325,2,9.92168,28,1,0,0,0.1,0.019267,7.7027,668695
4326,2,9.80189,68,1,0,0,0.1,0.028794,7.72783,668764
4327,2,-1.288,96,0,1,0,0.1,0.024638,7.71567,668861
4328,2,9.83174,58,1,0,0,0.1,0.019703,7.70112,668920
4329,2,9.94348,21,1,0,0,0.1,0.024555,7.70404,668942
4330,2,9.7719,78,1,0,0,0.1,0.016757,7.67825,669021
4331,2,9.86188,48,1,0,0,0.1,0.035348,7.6769,669070
4332,2,9.80213,68,1,0,0,0.1,0.018809,7.72384,669139
4333,2,9.80803,66,1,0,0,0.1,0.022691,7.72947,669206
4334,2,9.86183,48,1,0,0,0.1,0.027239,7.7572,669255
4335,2,9.90369,34,1,0,0,0.1,0.024924,7.7282,669290
4336,2,9.84342,54,1,0,0,0.1,0.033626,7.71986,669345
4337,2,9.91577,30,1,0,0,0.1,0.02374,7.70664,669376
4338,2,9.9368,23,1,0,0,0.1,0.027473,7.69275,669400
4339,2,9.9164,30,1,0,0,0.1,0.022701,7.75346,669431
4340,2,9.86757,46,1,0,0,0.1,0.025417,7.68831,669478
4341,2,9.84118,55,1,0,0,0.1,0.025889,7.71563,669534
4342,2,9.78712,73,1,0,0,0.1,0.016318,7.71779,669608
4343,2,9.89527,37,1,0,0,0.1,0.017701,7.70176,669646
4344,2,9.92466,27,1,0,0,0.1,0.016408,7.71766,669674
4345,2,9.82896,59,1,0,0,0.1,0.022045,7.69177,669734
4346,2,9.92808,26,1,0,0,0.1,0.016171,7.68925,669761
4347,2,9.94887,19,1,0,0,0.1,0.028962,7.73353,669781
4348,2,9.84731,53,1,0,0,0.1,0.027311,7.70591,669835
4349,2,9.80504,67,1,0,0,0.1,0.021483,7.72563,669903
4350,2,9.81427,64,1,0,0,0.1,0.015162,7.71467,669968
4351,2,9.91246,31,1,0,0,0.1,0.030059,7.7251,670000
4352,2,9.84512,54,1,0,0,0.1,0.026732,7.6956,670055
4353,2,9.82278,61,1,0,0,0.1,0.020312,7.71388,670117
4354,2,9.77222,78,1,0,0,0.1,0.019583,7.6991,670196
4355,2,9.82643,60,1,0,0,0.1,0.030152,7.73042,670257
4356,2,9.94587,20,1,0,0,0.1,0.021907,7.69671,670278
4357,2,9.79873,69,1,0,0,0.1,0.025089,7.73606,670348
4358,2,9.90702,33,1,0,0,0.1,0.025731,7.70081,670382
4359,2,9.91849,29,1,0,0,0.1,0.033227,7.73303,670412
4360,2,9.91572,30,1,0,0,0.1,0.018596,7.70601,670443
4361,2,9.91278,31,1,0,0,0.1,0.021077,7.71966,670475
4362,2,9.79622,70,1,0,0,0.1,0.021727,7.66742,670546
4363,2,9.84957,52,1,0,0,0.1,0.034926,7.70431,670599
4364,2,9.45424,184,1,0,0,0.1,0.022884,7.70942,670784
4365,2,9.82852,59,1,0,0,0.1,0.019778,7.69852,670844
4366,2,9.81988,62,1,0,0,0.1,0.019072,7.71078,670907
4367,2,9.8051,67,1,0,0,0.1,0.021277,7.73039,670975
4368,2,9.90051,35,1,0,0,0.1,0.02207,7.77032,671011
4369,2,9.8238,61,1,0,0,0.1,0.021376,7.69971,671073
4370,2,9.87398,44,1,0,0,0.1,0.020123,7.67558,671118
4371,2,9.89213,38,1,0,0,0.1,0.026053,7.71106,671157
4372,2,9.93624,23,1,0,0,0.1,0.032166,7.72651,671181
4373,2,9.87356,44,1,0,0,0.1,0.025875,7.68424,671226
4374,2,9.85222,51,1,0,0,0.1,0.02324,7.72503,671278
4375,2,9.77203,78,1,0,0,0.1,0.021848,7.71246,671357
4376,2,9.88028,42,1,0,0,0.1,0.012437,7.72107,671400
4377,2,9.90968,32,1,0,0,0.1,0.022936,7.71911,671433
4378,2,9.91559,30,1,0,0,0.1,0.029579,7.73256,671464
4379,2,-1.012,4,0,1,0,0.1,0.029453,7.7477,671469
4380,2,9.88617,40,1,0,0,0.1,0.021222,7.67502,671510
4381,2,9.907,33,1,0,0,0.1,0.021999,7.70788,671544
4382,2,9.94283,21,1,0,0,0.1,0.017493,7.68032,671566
4383,2,9.86757,46,1,0,0,0.1,0.020358,7.70951,671613
4384,2,9.84397,54,1,0,0,0.1,0.021,7.70108,671668
4385,2,9.90358,34,1,0,0,0.1,0.022856,7.74692,671703
4386,2,9.91576,30,1,0,0,0.1,0.012144,7.74366,671734
4387,2,9.84996,52,1,0,0,0.1,0.01745,7.70354,671787
4388,2,9.86801,46,1,0,0,0.1,0.022495,7.71207,671834
4389,2,9.89488,37,1,0,0,0.1,0.02076,7.7427,671872
4390,2,9.89788,36,1,0,0,0.1,0.020472,7.70875,671909
4391,2,9.89516,37,1,0,0,0.1,0.024704,7.68862,671947
4392,2,-1.111,37,0,1,0,0.1,0.029267,7.70256,671985
4393,2,9.87999,42,1,0,0,0.1,0.019686,7.7344,672028
4394,2,9.84704,53,1,0,0,0.1,0.014438,7.6765,672082
4395,2,9.77822,76,1,0,0,0.1,0.017655,7.70868,672159
4396,2,9.86425,47,1,0,0,0.1,0.021189,7.69035,672207
4397,2,9.89535,37,1,0,0,0.1,0.013644,7.69784,672245
4398,2,9.80214,68,1,0,0,0.1,0.017785,7.71473,672314
4399,2,9.80777,66,1,0,0,0.1,0.024278,7.72748,672381
4400,2,9.89732,36,1,0,0,0.1,0.019236,7.70282,672418
4401,2,9.90369,34,1,0,0,0.1,0.013831,7.73835,672453
4402,2,9.85918,49,1,0,0,0.1,0.023617,7.72264,672503
4403,2,9.93122,25,1,0,0,0.1,0.015004,7.71645,672529
4404,2,9.89486,37,1,0,0,0.1,0.021682,7.70973,672567
4405,2,9.80775,66,1,0,0,0.1,0.029201,7.71547,672634
4406,2,9.81388,64,1,0,0,0.1,0.023797,7.72052,672699
4407,2,9.91029,32,1,0,0,0.1,0.016662,7.72079,672732
4408,2,-1.099,33,0,1,0,0.1,0.021766,7.69236,672766
4409,2,9.89508,37,1,0,0,0.1,0.025949,7.70365,672804
4410,2,9.12403,294,1,0,0,0.1,0.022699,7.70787,673099
4411,2,9.89745,36,1,0,0,0.1,0.021822,7.6908,673136
4412,2,9.92489,27,1,0,0,0.1,0.029249,7.73293,673164
4413,2,9.79267,71,1,0,0,0.1,0.01997,7.71186,673236
4414,2,9.82023,62,1,0,0,0.1,0.02316,7.70147,673299
4415,2,9.81408,64,1,0,0,0.1,0.025332,7.70673,673364
4416,2,9.86499,47,1,0,0,0.1,0.026051,7.71062,673412
4417,2,9.93682,23,1,0,0,0.1,0.014703,7.70031,673436
4418,2,9.8167,63,1,0,0,0.1,0.014275,7.71904,673500
4419,2,9.86522,47,1,0,0,0.1,0.022955,7.7158,673548
4420,2,9.92806,26,1,0,0,0.1,0.016836,7.71516,673575
4421,2,9.84705,53,1,0,0,0.1,0.032067,7.71259,673629
4422,2,9.85549,50,1,0,0,0.1,0.020207,7.69912,673680
4423,2,9.85037,52,1,0,0,0.1,0.02132,7.71629,673733
4424,2,9.79903,69,1,0,0,0.1,0.026084,7.71164,673803
4425,2,9.79868,69,1,0,0,0.1,0.023715,7.69111,673873
4426,2,-1.117,39,0,1,0,0.1,0.016954,7.67169,673913
4427,2,9.88269,41,1,0,0,0.1,0.015618,7.70866,673955
4428,2,9.93938,22,1,0,0,0.1,0.013178,7.65714,673978
4429,2,9.89214,38,1,0,0,0.1,0.019375,7.67932,674017
4430,2,9.82949,59,1,0,0,0.1,0.017143,7.67816,674077
4431,2,9.86237,48,1,0,0,0.1,0.018511,7.72146,674126
4432,2,9.81952,62,1,0,0,0.1,0.016996,7.66566,674189
4433,2,9.901,35,1,0,0,0.1,0.020681,7.73221,674225
4434,2,9.89853,36,1,0,0,0.1,0.015661,7.71901,674262
4435,2,9.91607,30,1,0,0,0.1,0.021049,7.67099,674293
4436,2,-1.228,76,0,1,0,0.1,0.020064,7.69971,674370
4437,2,9.79259,71,1,0,0,0.1,0.022841,7.70919,674442
4438,2,9.84427,54,1,0,0,0.1,0.014089,7.71314,674497
4439,2,-1.126,42,0,1,0,0.1,0.02256,7.71172,674540
4440,2,-1.063,21,0,1,0,0.1,0.013069,7.73997,674562
4441,2,9.80806,66,1,0,0,0.1,0.022946,7.68597,674629
4442,2,9.88263,41,1,0,0,0.1,0.019683,7.72365,674671
4443,2,9.80826,66,1,0,0,0.1,0.022977,7.71968,674738
4444,2,9.84702,53,1,0,0,0.1,0.020797,7.70631,674792
4445,2,9.85282,51,1,0,0,0.1,0.024809,7.6843,674844
4446,2,9.92783,26,1,0,0,0.1,0.025363,7.70482,674871
4447,2,9.87923,42,1,0,0,0.1,0.020368,7.74923,674914
4448,2,9.91885,29,1,0,0,0.1,0.022824,7.74242,674944
4449,2,9.83133,58,1,0,0,0.1,0.027151,7.71191,675003
4450,2,9.87349,44,1,0,0,0.1,0.02538,7.69876,675048
4451,2,-1.09766,33,0,1,0,0.1,0.013791,7.67262,675082
4452,2,9.88612,40,1,0,0,0.1,0.02855,7.67332,675123
4453,2,9.78348,74,1,0,0,0.1,0.028809,7.73103,675198
4454,2,9.8591,49,1,0,0,0.1,0.024556,7.70077,675248
4455,2,9.80193,68,1,0,0,0.1,0.021779,7.71747,675317
4456,2,9.85624,50,1,0,0,0.1,0.020325,7.7219,675368
4457,2,9.92206,28,1,0,0,0.1,0.02285,7.723,675397
4458,2,9.85554,50,1,0,0,0.1,0.023801,7.73176,675448
4459,2,9.81052,65,1,0,0,0.1,0.017916,7.72635,675514
4460,2,9.92753,26,1,0,0,0.1,0.018404,7.68728,675541
4461,2,9.81101,65,1,0,0,0.1,0.017902,7.68884,675607
4462,2,9.84687,53,1,0,0,0.1,0.024144,7.73127,675661
4463,2,9.91569,30,1,0,0,0.1,0.031241,7.73107,675692
4464,2,9.8291,59,1,0,0,0.1,0.012914,7.71338,675752
4465,2,9.81986,62,1,0,0,0.1,0.018853,7.70246,675815
4466,2,9.85913,49,1,0,0,0.1,0.02279,7.70344,675865
4467,2,-1.117,39,0,1,0,0.1,0.039616,7.68355,675905
4468,2,-1.045,15,0,1,0,0.1,0.008938,7.68654,675921
4469,2,9.86185,48,1,0,0,0.1,0.021583,7.71855,675970
4470,2,9.90945,32,1,0,0,0.1,0.024063,7.70471,676003
4471,2,9.81366,64,1,0,0,0.1,0.018404,7.73876,676068
4472,2,9.92151,28,1,0,0,0.1,0.021501,7.69268,676097
4473,2,9.72362,94,1,0,0,0.1,0.019236,7.71822,676192
4474,2,9.76875,79,1,0,0,0.1,0.022319,7.65614,676272
4475,2,9.84416,54,1,0,0,0.1,0.015542,7.7045,676327
4476,2,9.87061,45,1,0,0,0.1,0.01659,7.70343,676373
4477,2,9.90379,34,1,0,0,0.1,0.017265,7.67603,676408
4478,2,9.93955,22,1,0,0,0.1,0.010486,7.67369,676431
4479,2,9.83543,57,1,0,0,0.1,0.024391,7.6977,676489
4480,2,9.84434,54,1,0,0,0.1,0.020104,7.72661,676544
4481,2,9.93066,25,1,0,0,0.1,0.020475,7.70556,676570
4482,2,9.88269,41,1,0,0,0.1,0.024626,7.70684,676612
4483,2,9.89869,36,1,0,0,0.1,0.020663,7.6953,676649
4484,2,9.75728,83,1,0,0,0.1,0.024505,7.70474,676733
4485,2,9.79238,71,1,0,0,0.1,0.02341,7.7218,676805
4486,2,9.79267,71,1,0,0,0.1,0.018259,7.71357,676877
4487,2,9.83201,58,1,0,0,0.1,0.025919,7.70422,676936
4488,2,9.89897,36,1,0,0,0.1,0.017882,7.69632,676973
4489,2,9.72388,94,1,0,0,0.1,0.018145,7.71305,677068
4490,2,9.88,42,1,0,0,0.1,0.020215,7.7181,677111
4491,2,9.80733,66,1,0,0,0.1,0.023538,7.71076,677178
4492,2,9.7956,70,1,0,0,0.1,0.02833,7.67881,677249
4493,2,9.37004,212,1,0,0,0.1,0.021439,7.7117,677462
4494,2,9.92432,27,1,0,0,0.1,0.017206,7.66282,677490
4495,2,-1.447,149,0,1,0,0.1,0.020108,7.70563,677640
4496,2,9.88258,41,1,0,0,0.1,0.021564,7.72143,677682
4497,2,9.92228,28,1,0,0,0.1,0.022413,7.68348,677711
4498,2,9.82888,59,1,0,0,0.1,0.028967,7.71456,677771
4499,2,9.94288,21,1,0,0,0.1,0.027074,7.71312,677793
4500,2,9.8769,43,1,0,0,0.1,0.021438,7.71564,677837
4501,2,9.89809,36,1,0,0,0.1,0.01459,7.67986,677874
4502,2,9.76292,81,1,0,0,0.1,0.019487,7.69903,677956
4503,2,-1.171,57,0,1,0,0.1,0.020742,7.66598,678014
4504,2,9.90087,35,1,0,0,0.1,0.022573,7.70941,678050
4505,2,9.80467,67,1,0,0,0.1,0.023724,7.68792,678118
4506,2,9.90682,33,1,0,0,0.1,0.024204,7.7187,678152
4507,2,9.84142,55,1,0,0,0.1,0.029608,7.68483,678208
4508,2,9.84387,54,1,0,0,0.1,0.02524,7.71383,678263
4509,2,9.88027,42,1,0,0,0.1,0.019648,7.68328,678306
4510,2,9.85653,50,1,0,0,0.1,0.017049,7.70182,678357
4511,2,9.89477,37,1,0,0,0.1,0.019026,7.69945,678395
4512,2,-1.132,44,0,1,0,0.1,0.019074,7.69345,678440
4513,2,9.90992,32,1,0,0,0.1,0.016698,7.67445,678473
4514,2,9.79579,70,1,0,0,0.1,0.023429,7.67853,678544
4515,2,9.88557,40,1,0,0,0.1,0.025509,7.69283,678585
4516,2,9.87976,42,1,0,0,0.1,0.021209,7.6896,678628
4517,2,9.82587,60,1,0,0,0.1,0.022398,7.68139,678689
4518,2,9.86502,47,1,0,0,0.1,0.020051,7.67275,678737
4519,2,9.90084,35,1,0,0,0.1,0.020667,7.70054,678773
4520,2,9.81118,65,1,0,0,0.1,0.02222,7.67694,678839
4521,2,9.84073,55,1,0,0,0.1,0.022053,7.70024,678895
4522,2,9.78975,72,1,0,0,0.1,0.024336,7.69572,678968
4523,2,9.88615,40,1,0,0,0.1,0.013418,7.6651,679009
4524,2,9.85003,52,1,0,0,0.1,0.013215,7.67173,679062
4525,2,9.85555,50,1,0,0,0.1,0.02036,7.69412,679113
4526,2,9.69131,105,1,0,0,0.1,0.021918,7.70078,679219
4527,2,9.90657,33,1,0,0,0.1,0.016638,7.69638,679253
4528,2,9.90346,34,1,0,0,0.1,0.022252,7.71743,679288
4529,2,9.92837,26,1,0,0,0.1,0.022918,7.70514,679315
4530,2,-1.024,8,0,1,0,0.1,0.031554,7.73574,679324
4531,2,9.92169,28,1,0,0,0.1,0.031597,7.69893,679353
4532,2,9.85621,50,1,0,0,0.1,0.020046,7.72211,679404
4533,2,9.85631,50,1,0,0,0.1,0.014895,7.68669,679455
4534,2,9.90628,33,1,0,0,0.1,0.014627,7.73944,679489
4535,2,9.84652,53,1,0,0,0.1,0.017919,7.70217,679543
4536,2,9.85327,51,1,0,0,0.1,0.014427,7.70409,679595
4537,2,9.91544,30,1,0,0,0.1,0.025976,7.72205,679626
4538,2,9.9278,26,1,0,0,0.1,0.025138,7.71801,679653
4539,2,9.90129,35,1,0,0,0.1,0.018752,7.73765,679689
4540,2,9.9192,29,1,0,0,0.1,0.017565,7.71745,679719
4541,2,9.81719,63,1,0,0,0.1,0.024612,7.71453,679783
4542,2,9.85283,51,1,0,0,0.1,0.018464,7.7069,679835
4543,2,-1.273,91,0,1,0,0.1,0.020767,7.68971,679927
4544,2,9.90048,35,1,0,0,0.1,0.018702,7.71607,679963
4545,2,9.93032,25,1,0,0,0.1,0.01774,7.65897,679989
4546,2,9.76269,81,1,0,0,0.1,0.020544,7.73342,680071
4547,2,9.94883,19,1,0,0,0.1,0.021422,7.71956,680091
4548,2,9.83159,58,1,0,0,0.1,0.02475,7.7087,680150
4549,2,9.76583,80,1,0,0,0.1,0.017657,7.70637,680231
4550,2,9.92778,26,1,0,0,0.1,0.02668,7.71667,680258
4551,2,9.84987,52,1,0,0,0.1,0.027669,7.73602,680311
4552,2,9.826,60,1,0,0,0.1,0.021289,7.74019,680372
4553,2,9.93994,22,1,0,0,0.1,0.019532,7.69651,680395
4554,2,9.9187,29,1,0,0,0.1,0.021661,7.71088,680425
4555,2,9.83473,57,1,0,0,0.1,0.020661,7.70728,680483
4556,2,9.93076,25,1,0,0,0.1,0.013096,7.73302,680509
4557,2,9.87651,43,1,0,0,0.1,0.01289,7.72257,680553
4558,2,9.93045,25,1,0,0,0.1,0.036016,7.6982,680579
4559,2,9.90701,33,1,0,0,0.1,0.011257,7.70451,680613
4560,2,9.91934,29,1,0,0,0.1,0.01945,7.71797,680643
4561,2,9.85272,51,1,0,0,0.1,0.014581,7.73793,680695
4562,2,9.92183,28,1,0,0,0.1,0.015298,7.71535,680724
4563,2,9.86153,48,1,0,0,0.1,0.020562,7.72194,680773
4564,2,-1.027,9,0,1,0,0.1,0.01813,7.67383,680783
4565,2,9.81068,65,1,0,0,0.1,0.020282,7.72645,680849
4566,2,9.92813,26,1,0,0,0.1,0.019458,7.70958,680876
4567,2,9.89115,38,1,0,0,0.1,0.021148,7.74845,680915
4568,2,9.82313,61,1,0,0,0.1,0.013349,7.73074,680977
4569,2,9.89492,37,1,0,0,0.1,0.021504,7.68834,681015
4570,2,9.76855,79,1,0,0,0.1,0.01993,7.70628,681095
4571,2,9.90103,35,1,0,0,0.1,0.011087,7.73228,681131
4572,2,9.86185,48,1,0,0,0.1,0.026016,7.72493,681180
4573,2,9.90403,34,1,0,0,0.1,0.017119,7.69974,681215
4574,2,-1.021,7,0,1,0,0.1,0.019466,7.71115,681223
4575,2,9.92756,26,1,0,0,0.1,0.016956,7.73009,681250
4576,2,9.94007,22,1,0,0,0.1,0.017398,7.72136,681273
4577,2,9.87645,43,1,0,0,0.1,0.011497,7.71213,681317
4578,2,9.85227,51,1,0,0,0.1,0.023117,7.69958,681369
4579,2,9.81082,65,1,0,0,0.1,0.02288,7.73067,681435
4580,2,-1.102,34,0,1,0,0.1,0.024813,7.76306,681470
4581,2,9.8346,57,1,0,0,0.1,0.018821,7.71912,681528
4582,2,9.9338,24,1,0,0,0.1,0.022517,7.74918,681553
4583,2,9.94567,20,1,0,0,0.1,0.026234,7.71282,681574
4584,2,9.84683,53,1,0,0,0.1,0.030257,7.71566,681628
4585,2,9.91003,32,1,0,0,0.1,0.019108,7.70125,681661
4586,2,9.89469,37,1,0,0,0.1,0.017994,7.72939,681699
4587,2,9.86481,47,1,0,0,0.1,0.01906,7.70711,681747
4588,2,9.93101,25,1,0,0,0.1,0.01304,7.68924,681773
4589,2,9.8862,40,1,0,0,0.1,0.023856,7.70549,681814
4590,2,9.91001,32,1,0,0,0.1,0.017882,7.72242,681847
4591,2,9.6964,103,1,0,0,0.1,0.02401,7.71911,681951
4592,2,9.7902,72,1,0,0,0.1,0.022957,7.73902,682024
4593,2,9.93406,24,1,0,0,0.1,0.028863,7.74368,682049
4594,2,9.93955,22,1,0,0,0.1,0.018609,7.7502,682072
4595,2,9.84957,52,1,0,0,0.1,0.027536,7.71458,682125
4596,2,9.84716,53,1,0,0,0.1,0.022049,7.73873,682179
4597,2,9.93375,24,1,0,0,0.1,0.024697,7.67823,682204
4598,2,9.87688,43,1,0,0,0.1,0.023652,7.71788,682248
4599,2,9.93058,25,1,0,0,0.1,0.024703,7.66818,682274
4600,2,9.88315,41,1,0,0,0.1,0.021447,7.71781,682316
4601,2,9.79643,70,1,0,0,0.1,0.022611,7.71337,682387
4602,2,9.76303,81,1,0,0,0.1,0.01616,7.70678,682469
4603,2,9.81995,62,1,0,0,0.1,0.017927,7.71054,682532
4604,2,9.87419,44,1,0,0,0.1,0.018366,7.68888,682577
4605,2,9.51121,165,1,0,0,0.1,0.020621,7.71032,682743
4606,2,9.89803,36,1,0,0,0.1,0.015628,7.70155,682780
4607,2,9.89187,38,1,0,0,0.1,0.022061,7.72148,682819
4608,2,9.90653,33,1,0,0,0.1,0.020605,7.70233,682853
4609,2,9.79287,71,1,0,0,0.1,0.020271,7.71245,682925
4610,2,9.88907,39,1,0,0,0.1,0.015519,7.70837,682965
4611,2,9.90476,34,1,0,0,0.1,0.012189,7.68737,683000
4612,2,-1.021,7,0,1,0,0.1,0.030067,7.66347,683008
4613,2,9.81445,64,1,0,0,0.1,0.027049,7.74032,683073
4614,2,9.85289,51,1,0,0,0.1,0.017888,7.71843,683125
4615,2,9.92811,26,1,0,0,0.1,0.0133,7.76071,683152
4616,2,9.85303,51,1,0,0,0.1,0.021776,7.71168,683204
4617,2,9.92465,27,1,0,0,0.1,0.023541,7.71823,683232
4618,2,9.82319,61,1,0,0,0.1,0.019823,7.70714,683294
4619,2,9.81669,63,1,0,0,0.1,0.020401,7.6744,683358
4620,2,9.72984,92,1,0,0,0.1,0.029443,7.70574,683451
4621,2,9.81743,63,1,0,0,0.1,0.019725,7.69793,683515
4622,2,9.943,21,1,0,0,0.1,0.018455,7.70172,683537
4623,2,9.82869,59,1,0,0,0.1,0.022749,7.71097,683597
4624,2,9.54396,154,1,0,0,0.1,0.017263,7.71049,683752
4625,2,9.94602,20,1,0,0,0.1,0.013473,7.70949,683773
4626,2,9.91242,31,1,0,0,0.1,0.028206,7.7648,683805
4627,2,9.84103,55,1,0,0,0.1,0.020224,7.7445,683861
4628,2,9.94903,19,1,0,0,0.1,0.026613,7.63637,683881
4629,2,9.81074,65,1,0,0,0.1,0.016321,7.69048,683947
4630,2,9.85569,50,1,0,0,0.1,0.02384,7.72228,683998
4631,2,9.90955,32,1,0,0,0.1,0.024838,7.7019,684031
4632,2,-1.342,114,0,1,0,0.1,0.022373,7.7106,684146
4633,2,9.86463,47,1,0,0,0.1,0.016666,7.70492,684194
4634,2,9.85556,50,1,0,0,0.1,0.016794,7.70813,684245
4635,2,9.889,39,1,0,0,0.1,0.025377,7.72342,684285
4636,2,9.88927,39,1,0,0,0.1,0.011831,7.66579,684325
4637,2,9.7656,80,1,0,0,0.1,0.017645,7.694,684406
4638,2,9.82594,60,1,0,0,0.1,0.025368,7.71,684467
4639,2,9.84402,54,1,0,0,0.1,0.019217,7.7108,684522
4640,2,9.89718,36,1,0,0,0.1,0.015001,7.72444,684559
4641,2,9.87043,45,1,0,0,0.1,0.015353,7.71518,684605
4642,2,9.94869,19,1,0,0,0.1,0.018461,7.71766,684625
4643,2,9.8648,47,1,0,0,0.1,0.017425,7.72408,684673
4644,2,9.91038,32,1,0,0,0.1,0.024155,7.73283,684706
4645,2,9.84102,55,1,0,0,0.1,0.014371,7.70371,684762
4646,2,9.87979,42,1,0,0,0.1,0.021173,7.70928,684805
4647,2,9.90108,35,1,0,0,0.1,0.011967,7.74304,684841
4648,2,9.85853,49,1,0,0,0.1,0.013695,7.71387,684891
4649,2,9.85353,51,1,0,0,0.1,0.016711,7.74828,684943
4650,2,9.92775,26,1,0,0,0.1,0.015427,7.66878,684970
4651,2,9.89487,37,1,0,0,0.1,0.025218,7.72168,685008
4652,2,9.86492,47,1,0,0,0.1,0.015503,7.71417,685056
4653,2,9.877,43,1,0,0,0.1,0.011941,7.70991,685100
4654,2,9.91324,31,1,0,0,0.1,0.022233,7.72118,685132
4655,2,9.90407,34,1,0,0,0.1,0.016096,7.73852,685167
4656,2,9.84928,52,1,0,0,0.1,0.024388,7.72869,685220
4657,2,9.86501,47,1,0,0,0.1,0.016564,7.71377,685268
4658,2,9.85964,49,1,0,0,0.1,0.017853,7.74234,685318
4659,2,9.85643,50,1,0,0,0.1,0.018518,7.7109,685369
4660,2,9.8266,60,1,0,0,0.1,0.028728,7.73917,685430
4661,2,-1.045,15,0,1,0,0.1,0.015997,7.73873,685446
4662,2,9.91618,30,1,0,0,0.1,0.022345,7.72142,685477
4663,2,9.90966,32,1,0,0,0.1,0.021276,7.7365,685510
4664,2,9.85248,51,1,0,0,0.1,0.020949,7.7372,685562
4665,2,9.93697,23,1,0,0,0.1,0.018501,7.71955,685586
4666,2,9.92755,26,1,0,0,0.1,0.032008,7.73096,685613
4667,2,-1.111,37,0,1,0,0.1,0.016019,7.71665,685651
4668,2,9.91063,32,1,0,0,0.1,0.017228,7.72573,685684
4669,2,9.90703,33,1,0,0,0.1,0.021856,7.7351,685718
4670,2,9.92209,28,1,0,0,0.1,0.02142,7.70606,685747
4671,2,9.84995,52,1,0,0,0.1,0.013207,7.75953,685800
4672,2,9.84948,52,1,0,0,0.1,0.025444,7.7346,685853
4673,2,9.81438,64,1,0,0,0.1,0.024328,7.72415,685918
4674,2,-1.033,11,0,1,0,0.1,0.015814,7.73246,685930
4675,2,9.69065,105,1,0,0,0.1,0.023432,7.73674,686036
4676,2,9.85573,50,1,0,0,0.1,0.013333,7.71543,686087
4677,2,-1.069,23,0,1,0,0.1,0.030048,7.69725,686111
4678,2,9.87046,45,1,0,0,0.1,0.020683,7.76926,686157
4679,2,9.85926,49,1,0,0,0.1,0.015373,7.71936,686207
4680,2,9.79618,70,1,0,0,0.1,0.021199,7.72505,686278
4681,2,9.89233,38,1,0,0,0.1,0.013096,7.74542,686317
4682,2,9.87066,45,1,0,0,0.1,0.019124,7.77115,686363
4683,2,9.80752,66,1,0,0,0.1,0.022759,7.7527,686430
4684,2,-1.117,39,0,1,0,0.1,0.02301,7.6951,686470
4685,2,9.895,37,1,0,0,0.1,0.01475,7.71842,686508
4686,2,9.85915,49,1,0,0,0.1,0.020435,7.73421,686558
4687,2,9.91001,32,1,0,0,0.1,0.023129,7.72937,686591
4688,2,9.78082,75,1,0,0,0.1,0.023602,7.71518,686667
4689,2,9.87997,42,1,0,0,0.1,0.013908,7.73412,686710
4690,2,-1.021,7,0,1,0,0.1,0.012515,7.69107,686718
4691,2,9.94255,21,1,0,0,0.1,0.017081,7.7382,686740
4692,2,9.83751,56,1,0,0,0.1,0.021377,7.71114,686797
4693,2,9.93686,23,1,0,0,0.1,0.013582,7.70947,686821
4694,2,9.80778,66,1,0,0,0.1,0.021043,7.73905,686888
4695,2,9.94933,19,1,0,0,0.1,0.009991,7.74793,686908
4696,2,9.93965,22,1,0,0,0.1,0.01323,7.76603,686931
4697,2,9.88889,39,1,0,0,0.1,0.017938,7.70541,686971
4698,2,9.88286,41,1,0,0,0.1,0.020287,7.72578,687013
4699,2,9.89448,37,1,0,0,0.1,0.014607,7.80691,687051
4700,2,9.93063,25,1,0,0,0.1,0.015122,7.75724,687077
4701,2,9.60708,133,1,0,0,0.1,0.019884,7.72142,687211
4702,2,9.90663,33,1,0,0,0.1,0.014424,7.74691,687245
4703,2,9.94003,22,1,0,0,0.1,0.031364,7.67625,687268
4704,2,9.8735,44,1,0,0,0.1,0.013884,7.73762,687313
4705,2,9.86176,48,1,0,0,0.1,0.020113,7.74977,687362
4706,2,9.86497,47,1,0,0,0.1,0.019309,7.72935,687410
4707,2,9.91003,32,1,0,0,0.1,0.019816,7.70858,687443
4708,2,9.91941,29,1,0,0,0.1,0.023527,7.74842,687473
4709,2,9.84381,54,1,0,0,0.1,0.02018,7.76447,687528
4710,2,9.88292,41,1,0,0,0.1,0.021043,7.73336,687570
4711,2,9.9034,34,1,0,0,0.1,0.0074,7.74597,687605
4712,2,9.88581,40,1,0,0,0.1,0.020125,7.72834,687646
4713,2,9.89191,38,1,0,0,0.1,0.01843,7.73977,687685
4714,2,9.84997,52,1,0,0,0.1,0.018495,7.77539,687738
4715,2,9.82633,60,1,0,0,0.1,0.030443,7.75443,687799
4716,2,9.9366,23,1,0,0,0.1,0.013441,7.71412,687823
4717,2,9.86796,46,1,0,0,0.1,0.020345,7.72089,687870
4718,2,9.85276,51,1,0,0,0.1,0.017769,7.70717,687922
4719,2,9.8735,44,1,0,0,0.1,0.029454,7.74936,687967
4720,2,-1.165,55,0,1,0,0.1,0.026397,7.75725,688023
4721,2,9.77172,78,1,0,0,0.1,0.020491,7.73402,688102
4722,2,9.88269,41,1,0,0,0.1,0.015729,7.74619,688144
4723,2,9.81109,65,1,0,0,0.1,0.017952,7.75651,688210
4724,2,9.89757,36,1,0,0,0.1,0.03048,7.76066,688247
4725,2,9.82898,59,1,0,0,0.1,0.01309,7.76192,688307
4726,2,9.86514,47,1,0,0,0.1,0.018853,7.73327,688355
4727,2,9.9456,20,1,0,0,0.1,0.009562,7.72873,688376
4728,2,9.92835,26,1,0,0,0.1,0.017736,7.69565,688403
4729,2,9.92803,26,1,0,0,0.1,0.024391,7.73265,688430
4730,2,9.92482,27,1,0,0,0.1,0.020589,7.71919,688458
4731,2,9.89227,38,1,0,0,0.1,0.022453,7.7562,688497
4732,2,9.931,25,1,0,0,0.1,0.028516,7.74708,688523
4733,2,9.83304,58,1,0,0,0.1,0.014305,7.73757,688582
4734,2,9.84983,52,1,0,0,0.1,0.011695,7.74461,688635
4735,2,9.92788,26,1,0,0,0.1,0.018468,7.75135,688662
4736,2,9.87388,44,1,0,0,0.1,0.024019,7.7297,688707
4737,2,9.9009,35,1,0,0,0.1,0.017979,7.73195,688743
4738,2,9.94242,21,1,0,0,0.1,0.012416,7.78245,688765
4739,2,9.93994,22,1,0,0,0.1,0.020412,7.70705,688788
4740,2,9.8226,61,1,0,0,0.1,0.017262,7.77156,688850
4741,2,9.85638,50,1,0,0,0.1,0.017954,7.754,688901
4742,2,-1.054,18,0,1,0,0.1,0.021013,7.73128,688920
4743,2,9.91872,29,1,0,0,0.1,0.027425,7.7604,688950
4744,2,9.85318,51,1,0,0,0.1,0.015032,7.73789,689002
4745,2,9.82911,59,1,0,0,0.1,0.018359,7.70278,689062
4746,2,9.87347,44,1,0,0,0.1,0.015346,7.70129,689107
4747,2,9.91,32,1,0,0,0.1,0.010612,7.78064,689140
4748,2,9.84059,55,1,0,0,0.1,0.013952,7.71635,689196
4749,2,9.90683,33,1,0,0,0.1,0.011007,7.72747,689230
4750,2,9.73884,89,1,0,0,0.1,0.013161,7.74617,689320
4751,2,-1.144,48,0,1,0,0.1,0.023967,7.76006,689369
4752,2,9.94293,21,1,0,0,0.1,0.014976,7.71997,689391
4753,2,9.91304,31,1,0,0,0.1,0.020015,7.726,689423
4754,2,-1.165,55,0,1,0,0.1,0.013057,7.73435,689479
4755,2,-1.093,31,0,1,0,0.1,0.018506,7.76296,689511
4756,2,9.80794,66,1,0,0,0.1,0.023217,7.7261,689578
4757,2,-1.108,36,0,1,0,0.1,0.025057,7.76338,689615
4758,2,9.82007,62,1,0,0,0.1,0.025333,7.72089,689678
4759,2,-1.096,32,0,1,0,0.1,0.013638,7.74512,689711
4760,2,9.87982,42,1,0,0,0.1,0.010304,7.73326,689754
4761,2,9.78705,73,1,0,0,0.1,0.016508,7.73685,689828
4762,2,9.93643,23,1,0,0,0.1,0.013726,7.73012,689852
4763,2,9.8884,39,1,0,0,0.1,0.018008,7.71553,689892
4764,2,9.93059,25,1,0,0,0.1,0.013734,7.7173,689918
4765,2,9.89815,36,1,0,0,0.1,0.016401,7.74717,689955
4766,2,9.87678,43,1,0,0,0.1,0.022143,7.70117,689999
4767,2,9.87658,43,1,0,0,0.1,0.016726,7.71388,690043
4768,2,9.83228,58,1,0,0,0.1,0.021153,7.74274,690102
4769,2,9.84703,53,1,0,0,0.1,0.016227,7.71047,690156
4770,2,-1.81979,274,0,1,0,0.1,0.020363,7.72146,690431
4771,2,9.87433,44,1,0,0,0.1,0.008907,7.69738,690476
4772,2,9.88903,39,1,0,0,0.1,0.017299,7.72731,690516
4773,2,9.88864,39,1,0,0,0.1,0.016936,7.75866,690556
4774,2,-1.027,9,0,1,0,0.1,0.026015,7.75175,690566
4775,2,9.80502,67,1,0,0,0.1,0.017906,7.70933,690634
4776,2,9.85278,51,1,0,0,0.1,0.022268,7.74811,690686
4777,2,9.88932,39,1,0,0,0.1,0.018218,7.73167,690726
4778,2,9.87682,43,1,0,0,0.1,0.03251,7.72485,690770
4779,2,9.93724,23,1,0,0,0.1,0.017079,7.75423,690794
4780,2,9.83139,58,1,0,0,0.1,0.01466,7.74426,690853
4781,2,9.89501,37,1,0,0,0.1,0.014536,7.71327,690891
4782,2,9.93038,25,1,0,0,0.1,0.005999,7.76544,690917
4783,2,9.8773,43,1,0,0,0.1,0.015429,7.74442,690961
4784,2,9.87697,43,1,0,0,0.1,0.020451,7.7263,691005
4785,2,9.91303,31,1,0,0,0.1,0.013227,7.73869,691037
4786,2,9.88283,41,1,0,0,0.1,0.019311,7.74375,691079
4787,2,-1.036,12,0,1,0,0.1,0.015095,7.73159,691092
4788,2,9.90388,34,1,0,0,0.1,0.020255,7.76832,691127
4789,2,9.89798,36,1,0,0,0.1,0.017404,7.74886,691164
4790,2,9.74756,86,1,0,0,0.1,0.019156,7.7492,691251
4791,2,9.94869,19,1,0,0,0.1,0.016644,7.76985,691271
4792,2,9.88232,41,1,0,0,0.1,0.018936,7.71604,691313
4793,2,9.83822,56,1,0,0,0.1,0.018018,7.71301,691370
4794,2,9.84081,55,1,0,0,0.1,0.01832,7.71903,691426
4795,2,9.76283,81,1,0,0,0.1,0.015578,7.75114,691508
4796,2,9.93403,24,1,0,0,0.1,0.018348,7.76147,691533
4797,2,9.8984,36,1,0,0,0.1,0.013278,7.73138,691570
4798,2,9.91279,31,1,0,0,0.1,0.027488,7.74811,691602
4799,2,9.84061,55,1,0,0,0.1,0.018247,7.72528,691658
4800,2,9.94025,22,1,0,0,0.1,0.026737,7.78169,691681
4801,2,9.81043,65,1,0,0,0.1,0.021373,7.74916,691747
4802,2,-1.06,20,0,1,0,0.1,0.02152,7.72676,691768
4803,2,9.83499,57,1,0,0,0.1,0.018815,7.74401,691826
4804,2,9.94284,21,1,0,0,0.1,0.020034,7.7605,691848
4805,2,9.79269,71,1,0,0,0.1,0.020331,7.74685,691920
4806,2,-1.08208,28,0,1,0,0.1,0.014774,7.77291,691949
4807,2,9.90368,34,1,0,0,0.1,0.013972,7.73617,691984
4808,2,9.88011,42,1,0,0,0.1,0.021227,7.74774,692027
4809,2,9.90405,34,1,0,0,0.1,0.012412,7.75685,692062
4810,2,9.92262,28,1,0,0,0.1,0.013522,7.75014,692091
4811,2,9.88569,40,1,0,0,0.1,0.015757,7.77253,692132
4812,2,9.79284,71,1,0,0,0.1,0.015713,7.74197,692204
4813,2,9.86754,46,1,0,0,0.1,0.017471,7.73797,692251
4814,2,9.92507,27,1,0,0,0.1,0.015273,7.75361,692279
4815,2,9.90719,33,1,0,0,0.1,0.01584,7.76854,692313
4816,2,9.87104,45,1,0,0,0.1,0.018708,7.78024,692359
4817,2,9.88618,40,1,0,0,0.1,0.015543,7.77039,692400
4818,2,9.89784,36,1,0,0,0.1,0.022486,7.74064,692437
4819,2,9.83551,57,1,0,0,0.1,0.018741,7.75542,692495
4820,2,9.85,52,1,0,0,0.1,0.01668,7.75266,692548
4821,2,9.93369,24,1,0,0,0.1,0.016396,7.75126,692573
4822,2,9.86483,47,1,0,0,0.1,0.026682,7.76647,692621
4823,2,9.91323,31,1,0,0,0.1,0.012989,7.78652,692653
4824,2,9.84357,54,1,0,0,0.1,0.017731,7.75626,692708
4825,2,9.94268,21,1,0,0,0.1,0.015383,7.71883,692730
4826,2,9.87656,43,1,0,0,0.1,0.015129,7.75645,692774
4827,2,9.75385,84,1,0,0,0.1,0.02027,7.75543,692859
4828,2,9.904,34,1,0,0,0.1,0.022863,7.77987,692894
4829,2,-1.141,47,0,1,0,0.1,0.014625,7.75731,692942
4830,2,9.9402,22,1,0,0,0.1,0.015155,7.78039,692965
4831,2,9.78966,72,1,0,0,0.1,0.02131,7.75363,693038
4832,2,-1.087,29,0,1,0,0.1,0.021382,7.77196,693068
4833,2,9.90977,32,1,0,0,0.1,0.017726,7.78223,693101
4834,2,9.92494,27,1,0,0,0.1,0.018578,7.79287,693129
4835,2,-1.123,41,0,1,0,0.1,0.016667,7.75741,693171
4836,2,-1.21,70,0,1,0,0.1,0.016383,7.74307,693242
4837,2,9.87383,44,1,0,0,0.1,0.020925,7.75632,693287
4838,2,9.79605,70,1,0,0,0.1,0.02294,7.76827,693358
4839,2,9.85302,51,1,0,0,0.1,0.017385,7.77601,693410
4840,2,9.91608,30,1,0,0,0.1,0.020144,7.77075,693441
4841,2,9.90728,33,1,0,0,0.1,0.022079,7.79156,693475
4842,2,9.80851,66,1,0,0,0.1,0.019771,7.77817,693542
4843,2,9.93958,22,1,0,0,0.1,0.020689,7.74374,693565
4844,2,9.84408,54,1,0,0,0.1,0.016579,7.78671,693620
4845,2,9.90084,35,1,0,0,0.1,0.026167,7.73136,693656
4846,2,-1.108,36,0,1,0,0.1,0.023025,7.79114,693693
4847,2,9.86199,48,1,0,0,0.1,0.020016,7.75201,693742
4848,2,9.92473,27,1,0,0,0.1,0.017621,7.71943,693770
4849,2,9.83509,57,1,0,0,0.1,0.021425,7.77497,693828
4850,2,9.85928,49,1,0,0,0.1,0.011944,7.75977,693878
4851,2,9.84724,53,1,0,0,0.1,0.013726,7.75504,693932
4852,2,9.90088,35,1,0,0,0.1,0.017521,7.7752,693968
4853,2,9.82295,61,1,0,0,0.1,0.017832,7.75522,694030
4854,2,9.91258,31,1,0,0,0.1,0.02224,7.74012,694062
4855,2,9.88899,39,1,0,0,0.1,0.02064,7.72633,694102
4856,2,-1.141,47,0,1,0,0.1,0.013533,7.78519,694150
4857,2,9.8616,48,1,0,0,0.1,0.014848,7.7865,694199
4858,2,9.85287,51,1,0,0,0.1,0.024056,7.7735,694251
4859,2,9.76301,81,1,0,0,0.1,0.021681,7.7658,694333
4860,2,9.90103,35,1,0,0,0.1,0.009691,7.77005,694369
4861,2,9.90087,35,1,0,0,0.1,0.018059,7.76724,694405
4862,2,9.90095,35,1,0,0,0.1,0.01641,7.73951,694441
4863,2,9.82577,60,1,0,0,0.1,0.022281,7.79836,694502
4864,2,9.88864,39,1,0,0,0.1,0.015909,7.78156,694542
4865,2,9.82601,60,1,0,0,0.1,0.015614,7.78273,694603
4866,2,9.88284,41,1,0,0,0.1,0.018359,7.78096,694645
4867,2,-1.03,10,0,1,0,0.1,0.030539,7.78336,694656
4868,2,9.89499,37,1,0,0,0.1,0.019147,7.74369,694694
4869,2,9.91577,30,1,0,0,0.1,0.025736,7.79379,694725
4870,2,9.92214,28,1,0,0,0.1,0.022101,7.7512,694754
4871,2,9.92425,27,1,0,0,0.1,0.012626,7.74957,694782
4872,2,9.91352,31,1,0,0,0.1,0.023346,7.74336,694814
4873,2,9.80175,68,1,0,0,0.1,0.0229,7.7816,694883
4874,2,9.78388,74,1,0,0,0.1,0.019657,7.77727,694958
4875,2,9.93381,24,1,0,0,0.1,0.023983,7.82453,694983
4876,2,9.89154,38,1,0,0,0.1,0.018069,7.79152,695022
4877,2,9.91026,32,1,0,0,0.1,0.019966,7.74463,695055
4878,2,9.91539,30,1,0,0,0.1,0.015807,7.81659,695086
4879,2,9.91883,29,1,0,0,0.1,0.013174,7.83661,695116
4880,2,9.928,26,1,0,0,0.1,0.011054,7.79759,695143
4881,2,9.83494,57,1,0,0,0.1,0.018865,7.79813,695201
4882,2,9.93069,25,1,0,0,0.1,0.021262,7.85873,695227
4883,2,-1.093,31,0,1,0,0.1,0.021518,7.8757,695259
4884,2,9.84947,52,1,0,0,0.1,0.022436,7.81123,695312
4885,2,9.74497,87,1,0,0,0.1,0.016551,7.79106,695400
4886,2,9.87362,44,1,0,0,0.1,0.02788,7.78512,695445
4887,2,9.84659,53,1,0,0,0.1,0.020957,7.79843,695499
4888,2,9.86802,46,1,0,0,0.1,0.020893,7.8053,695546
4889,2,9.82527,60,1,0,0,0.1,0.017613,7.79051,695607
4890,2,9.89464,37,1,0,0,0.1,0.016682,7.79969,695645
4891,2,9.88886,39,1,0,0,0.1,0.022996,7.80237,695685
4892,2,-1.012,4,0,1,0,0.1,0.027822,7.8302,695690
4893,2,9.8979,36,1,0,0,0.1,0.020271,7.8193,695727
4894,2,-1.093,31,0,1,0,0.1,0.015734,7.75487,695759
4895,2,9.84073,55,1,0,0,0.1,0.01189,7.79289,695815
4896,2,-1.105,35,0,1,0,0.1,0.018849,7.80671,695851
4897,2,9.8346,57,1,0,0,0.1,0.022503,7.80096,695909
4898,2,9.84776,53,1,0,0,0.1,0.0213,7.79977,695963
4899,2,9.93659,23,1,0,0,0.1,0.014592,7.86598,695987
4900,2,9.9191,29,1,0,0,0.1,0.010805,7.77842,696017
4901,2,9.90702,33,1,0,0,0.1,0.017355,7.81997,696051
4902,2,9.92181,28,1,0,0,0.1,0.017185,7.82325,696080
4903,2,9.83597,57,1,0,0,0.1,0.022148,7.82229,696138
4904,2,9.9039,34,1,0,0,0.1,0.01657,7.8099,696173
4905,2,9.87953,42,1,0,0,0.1,0.014815,7.80263,696216
4906,2,9.85997,49,1,0,0,0.1,0.016836,7.82009,696266
4907,2,-1.126,42,0,1,0,0.1,0.011447,7.82891,696309
4908,2,-1.048,16,0,1,0,0.1,0.022097,7.822,696326
4909,2,9.83795,56,1,0,0,0.1,0.01873,7.8442,696383
4910,2,9.89781,36,1,0,0,0.1,0.016892,7.80095,696420
4911,2,9.85022,52,1,0,0,0.1,0.020828,7.80525,696473
4912,2,-1.054,18,0,1,0,0.1,0.016272,7.82225,696492
4913,2,9.871,45,1,0,0,0.1,0.015526,7.79923,696538
4914,2,9.79926,69,1,0,0,0.1,0.025529,7.82272,696608
4915,2,9.83797,56,1,0,0,0.1,0.019615,7.81589,696665
4916,2,-1.114,38,0,1,0,0.1,0.02055,7.80847,696704
4917,2,9.79643,70,1,0,0,0.1,0.016424,7.82372,696775
4918,2,9.79929,69,1,0,0,0.1,0.029035,7.81713,696845
4919,2,9.80183,68,1,0,0,0.1,0.022821,7.82258,696914
4920,2,9.87126,45,1,0,0,0.1,0.024366,7.79834,696960
4921,2,9.91615,30,1,0,0,0.1,0.015894,7.80993,696991
4922,2,9.87979,42,1,0,0,0.1,0.022355,7.8036,697034
4923,2,9.898,36,1,0,0,0.1,0.031633,7.8159,697071
4924,2,9.92497,27,1,0,0,0.1,0.012187,7.83715,697099
4925,2,9.8594,49,1,0,0,0.1,0.016125,7.79489,697149
4926,2,9.78033,75,1,0,0,0.1,0.019902,7.82114,697225
4927,2,9.83169,58,1,0,0,0.1,0.021852,7.81522,697284
4928,2,9.89191,38,1,0,0,0.1,0.016436,7.81553,697323
4929,2,-1.099,33,0,1,0,0.1,0.031618,7.80304,697357
4930,2,9.84957,52,1,0,0,0.1,0.029156,7.77515,697410
4931,2,9.94621,20,1,0,0,0.1,0.0251,7.8207,697431
4932,2,9.86506,47,1,0,0,0.1,0.014617,7.81362,697479
4933,2,9.77182,78,1,0,0,0.1,0.019487,7.82045,697558
4934,2,9.93403,24,1,0,0,0.1,0.019405,7.83895,697583
4935,2,9.85279,51,1,0,0,0.1,0.016061,7.80711,697635
4936,2,9.92461,27,1,0,0,0.1,0.035891,7.83847,697663
4937,2,9.89254,38,1,0,0,0.1,0.019382,7.79756,697702
4938,2,9.84975,52,1,0,0,0.1,0.010287,7.82862,697755
4939,2,9.94569,20,1,0,0,0.1,0.013533,7.89084,697776
4940,2,9.9191,29,1,0,0,0.1,0.022393,7.82837,697806
4941,2,9.9036,34,1,0,0,0.1,0.01341,7.85953,697841
4942,2,9.82553,60,1,0,0,0.1,0.021412,7.81089,697902
4943,2,9.84137,55,1,0,0,0.1,0.020415,7.79307,697958
4944,2,9.91328,31,1,0,0,0.1,0.021998,7.83025,697990
4945,2,9.86845,46,1,0,0,0.1,0.01885,7.81229,698037
4946,2,9.82077,62,1,0,0,0.1,0.025703,7.77176,698100
4947,2,9.93064,25,1,0,0,0.1,0.011061,7.82108,698126
4948,2,9.92829,26,1,0,0,0.1,0.011774,7.7923,698153
4949,2,9.77468,77,1,0,0,0.1,0.016994,7.81151,698231
4950,2,9.89857,36,1,0,0,0.1,0.016413,7.78536,698268
4951,2,9.91257,31,1,0,0,0.1,0.02513,7.80887,698300
4952,2,9.88272,41,1,0,0,0.1,0.019543,7.82503,698342
4953,2,9.92765,26,1,0,0,0.1,0.008829,7.80513,698369
4954,2,9.88909,39,1,0,0,0.1,0.019289,7.80945,698409
4955,2,9.93057,25,1,0,0,0.1,0.016891,7.79382,698435
4956,2,9.74858,86,1,0,0,0.1,0.014109,7.83124,698522
4957,2,9.80526,67,1,0,0,0.1,0.019209,7.78981,698590
4958,2,9.90057,35,1,0,0,0.1,0.021254,7.83339,698626
4959,2,9.90992,32,1,0,0,0.1,0.020087,7.82066,698659
4960,2,9.87726,43,1,0,0,0.1,0.026426,7.76537,698703
4961,2,9.86798,46,1,0,0,0.1,0.016477,7.80329,698750
4962,2,9.83517,57,1,0,0,0.1,0.017902,7.83413,698808
4963,2,9.84966,52,1,0,0,0.1,0.022832,7.8233,698861
4964,2,9.90421,34,1,0,0,0.1,0.02286,7.82401,698896
4965,2,9.89744,36,1,0,0,0.1,0.020262,7.81398,698933
4966,2,9.8867,40,1,0,0,0.1,0.022982,7.84334,698974
4967,2,9.93402,24,1,0,0,0.1,0.020801,7.7842,698999
4968,2,9.90643,33,1,0,0,0.1,0.015369,7.82509,699033
4969,2,9.90435,34,1,0,0,0.1,0.017966,7.81275,699068
4970,2,9.87343,44,1,0,0,0.1,0.015617,7.80628,699113
4971,2,9.91002,32,1,0,0,0.1,0.01745,7.82595,699146
4972,2,-1.105,35,0,1,0,0.1,0.017942,7.83454,699182
4973,2,9.83137,58,1,0,0,0.1,0.02883,7.82306,699241
4974,2,-1.045,15,0,1,0,0.1,0.020152,7.79638,699257
4975,2,9.9068,33,1,0,0,0.1,0.024149,7.82149,699291
4976,2,9.85928,49,1,0,0,0.1,0.011752,7.82406,699341
4977,2,9.8953,37,1,0,0,0.1,0.024011,7.82921,699379
4978,2,9.9129,31,1,0,0,0.1,0.026309,7.79505,699411
4979,2,9.81955,62,1,0,0,0.1,0.026527,7.79602,699474
4980,2,9.8947,37,1,0,0,0.1,0.020196,7.80872,699512
4981,2,9.90689,33,1,0,0,0.1,0.020932,7.8299,699546
4982,2,9.81686,63,1,0,0,0.1,0.017679,7.82672,699610
4983,2,9.823,61,1,0,0,0.1,0.024315,7.84569,699672
4984,2,9.86503,47,1,0,0,0.1,0.017516,7.82897,699720
4985,2,9.78432,74,1,0,0,0.1,0.01851,7.83045,699795
4986,2,9.89803,36,1,0,0,0.1,0.019084,7.80795,699832
4987,2,9.79597,70,1,0,0,0.1,0.015825,7.78941,699903
4988,2,-1.033,11,0,1,0,0.1,0.021997,7.8287,699915
4989,2,9.75116,85,1,0,0,0.1,0.0192,7.81033,700001
4990,2,9.83159,58,1,0,0,0.1,0.012003,7.82874,700060
4991,2,9.86201,48,1,0,0,0.1,0.014552,7.833,700109
4992,2,9.91544,30,1,0,0,0.1,0.027194,7.83665,700140
4993,2,-1.063,21,0,1,0,0.1,0.027084,7.78165,700162
4994,2,9.90657,33,1,0,0,0.1,0.016185,7.84205,700196
4995,2,9.93403,24,1,0,0,0.1,0.016192,7.80873,700221
4996,2,9.80202,68,1,0,0,0.1,0.020234,7.8207,700290
4997,2,9.89194,38,1,0,0,0.1,0.011916,7.84417,700329
4998,2,9.82025,62,1,0,0,0.1,0.024069,7.83278,700392
4999,2,9.78415,74,1,0,0,0.1,0.012492,7.80185,700467
5000,2,9.78144,75,1,0,0,0.1,0.013778,7.82659,700543
5001,2,9.93426,24,1,0,0,0.1,0.019483,7.86005,700568
5002,2,-1.072,24,0,1,0,0.1,0.016873,7.82745,700593
5003,2,9.91613,30,1,0,0,0.1,0.015714,7.84877,700624
5004,2,9.91561,30,1,0,0,0.1,0.027163,7.82276,700655
5005,2,-1.096,32,0,1,0,0.1,0.008826,7.80123,700688
5006,2,-1.153,51,0,1,0,0.1,0.017451,7.84978,700740
5007,2,9.89492,37,1,0,0,0.1,0.01822,7.81144,700778
5008,2,9.89155,38,1,0,0,0.1,0.024883,7.8327,700817
5009,2,9.8528,51,1,0,0,0.1,0.026354,7.82371,700869
5010,2,9.92818,26,1,0,0,0.1,0.02344,7.79652,700896
5011,2,9.82257,61,1,0,0,0.1,0.020472,7.84614,700958
5012,2,9.93672,23,1,0,0,0.1,0.014689,7.85414,700982
5013,2,9.93658,23,1,0,0,0.1,0.009949,7.83193,701006
5014,2,9.93359,24,1,0,0,0.1,0.021142,7.82326,701031
5015,2,9.82592,60,1,0,0,0.1,0.013049,7.81664,701092
5016,2,9.84701,53,1,0,0,0.1,0.013836,7.81499,701146
5017,2,9.88332,41,1,0,0,0.1,0.018743,7.83988,701188
5018,2,9.90659,33,1,0,0,0.1,0.01619,7.79684,701222
5019,2,9.89788,36,1,0,0,0.1,0.016789,7.82553,701259
5020,2,-1.057,19,0,1,0,0.1,0.015699,7.8544,701279
5021,2,9.90102,35,1,0,0,0.1,0.017039,7.8626,701315
5022,2,-1.042,14,0,1,0,0.1,0.031283,7.86601,701330
5023,2,9.93396,24,1,0,0,0.1,0.018575,7.81951,701355
5024,2,9.94311,21,1,0,0,0.1,0.01594,7.81077,701377
5025,2,9.85589,50,1,0,0,0.1,0.017977,7.83469,701428
5026,2,9.83201,58,1,0,0,0.1,0.022746,7.8142,701487
5027,2,9.92812,26,1,0,0,0.1,0.016805,7.79541,701514
5028,2,9.80799,66,1,0,0,0.1,0.018505,7.8548,701581
5029,2,-1.093,31,0,1,0,0.1,0.020173,7.83392,701613
5030,2,-1.042,14,0,1,0,0.1,0.024586,7.8418,701628
5031,2,9.86765,46,1,0,0,0.1,0.016419,7.81541,701675
5032,2,9.87701,43,1,0,0,0.1,0.016977,7.83343,701719
5033,2,9.86768,46,1,0,0,0.1,0.013223,7.83337,701766
5034,2,9.77153,78,1,0,0,0.1,0.020269,7.83889,701845
5035,2,9.79937,69,1,0,0,0.1,0.019422,7.83781,701915
5036,2,9.82113,62,1,0,0,0.1,0.017348,7.86081,701978
5037,2,9.85607,50,1,0,0,0.1,0.027592,7.8626,702029
5038,2,9.80244,68,1,0,0,0.1,0.017066,7.83977,702098
5039,2,9.89822,36,1,0,0,0.1,0.012956,7.84918,702135
5040,2,9.87069,45,1,0,0,0.1,0.010638,7.8558,702181
5041,2,9.82577,60,1,0,0,0.1,0.01709,7.82791,702242
5042,2,9.86766,46,1,0,0,0.1,0.018348,7.86023,702289
5043,2,9.73302,91,1,0,0,0.1,0.017405,7.84815,702381
5044,2,9.72065,95,1,0,0,0.1,0.026615,7.85193,702477
5045,2,9.91035,32,1,0,0,0.1,0.012646,7.83214,702510
5046,2,9.80792,66,1,0,0,0.1,0.020432,7.81597,702577
5047,2,9.90067,35,1,0,0,0.1,0.011125,7.82526,702613
5048,2,9.82303,61,1,0,0,0.1,0.013069,7.81766,702675
5049,2,-1.57,190,0,1,0,0.1,0.01843,7.83335,702866
5050,2,9.91929,29,1,0,0,0.1,0.01441,7.82424,702896
5051,2,9.81693,63,1,0,0,0.1,0.021435,7.84475,702960
5052,2,9.83186,58,1,0,0,0.1,0.017623,7.85776,703019
5053,2,9.90414,34,1,0,0,0.1,0.018139,7.85153,703054
5054,2,9.94633,20,1,0,0,0.1,0.022962,7.82204,703075
5055,2,-1.117,39,0,1,0,0.1,0.031023,7.85065,703115
5056,2,9.91591,30,1,0,0,0.1,0.020971,7.84717,703146
5057,2,9.91528,30,1,0,0,0.1,0.01905,7.8331,703177
5058,2,9.90083,35,1,0,0,0.1,0.015581,7.80426,703213
5059,2,9.78099,75,1,0,0,0.1,0.021403,7.81786,703289
5060,2,9.91331,31,1,0,0,0.1,0.012224,7.83457,703321
5061,2,9.90974,32,1,0,0,0.1,0.022862,7.87081,703354
5062,2,-1.231,77,0,1,0,0.1,0.012142,7.83448,703432
5063,2,-1.081,27,0,1,0,0.1,0.018435,7.83151,703460
5064,2,9.90965,32,1,0,0,0.1,0.0165,7.84275,703493
5065,2,9.83506,57,1,0,0,0.1,0.019641,7.83386,703551
5066,2,9.86257,48,1,0,0,0.1,0.017964,7.84566,703600
5067,2,9.91285,31,1,0,0,0.1,0.013983,7.8722,703632
5068,2,-1.129,43,0,1,0,0.1,0.025357,7.84231,703676
5069,2,9.86203,48,1,0,0,0.1,0.026795,7.83549,703725
5070,2,9.90065,35,1,0,0,0.1,0.014728,7.83787,703761
5071,2,-1.039,13,0,1,0,0.1,0.011857,7.8353,703775
5072,2,9.89757,36,1,0,0,0.1,0.023437,7.83766,703812
5073,2,9.93421,24,1,0,0,0.1,0.027843,7.82267,703837
5074,2,9.85525,50,1,0,0,0.1,0.015067,7.87529,703888
5075,2,9.88291,41,1,0,0,0.1,0.024756,7.82456,703930
5076,2,-1.033,11,0,1,0,0.1,0.003525,7.80588,703942
5077,2,9.88543,40,1,0,0,0.1,0.016564,7.81716,703983
5078,2,9.91565,30,1,0,0,0.1,0.015501,7.82829,704014
5079,2,9.83459,57,1,0,0,0.1,0.020851,7.8329,704072
5080,2,9.92798,26,1,0,0,0.1,0.015527,7.87832,704099
5081,2,9.89512,37,1,0,0,0.1,0.024207,7.85803,704137
5082,2,9.83165,58,1,0,0,0.1,0.014296,7.85397,704196
5083,2,9.86775,46,1,0,0,0.1,0.012753,7.84048,704243
5084,2,9.9248,27,1,0,0,0.1,0.031634,7.7935,704271
5085,2,9.92503,27,1,0,0,0.1,0.022679,7.86458,704299
5086,2,9.90425,34,1,0,0,0.1,0.019632,7.85791,704334
5087,2,9.86181,48,1,0,0,0.1,0.023166,7.8491,704383
5088,2,9.9395,22,1,0,0,0.1,0.013767,7.88565,704406
5089,2,-1.042,14,0,1,0,0.1,0.02645,7.80701,704421
5090,2,9.93978,22,1,0,0,0.1,0.010846,7.85054,704444
5091,2,9.78668,73,1,0,0,0.1,0.020766,7.82646,704518
5092,2,9.90361,34,1,0,0,0.1,0.033192,7.84344,704553
5093,2,9.84431,54,1,0,0,0.1,0.019995,7.87081,704608
5094,2,9.91559,30,1,0,0,0.1,0.022895,7.83252,704639
5095,2,9.9368,23,1,0,0,0.1,0.015556,7.87018,704663
5096,2,-1.006,2,0,1,0,0.1,0.02872,7.85401,704666
5097,2,9.67878,109,1,0,0,0.1,0.018416,7.8607,704776
5098,2,9.80513,67,1,0,0,0.1,0.017153,7.84478,704844
5099,2,9.88626,40,1,0,0,0.1,0.021686,7.81452,704885
5100,2,9.90638,33,1,0,0,0.1,0.024357,7.83667,704919
5101,2,9.93636,23,1,0,0,0.1,0.020724,7.82881,704943
5102,2,9.93667,23,1,0,0,0.1,0.014523,7.8163,704967
5103,2,9.90326,34,1,0,0,0.1,0.015334,7.80959,705002
5104,2,9.93099,25,1,0,0,0.1,0.023535,7.84324,705028
5105,2,-1.075,25,0,1,0,0.1,0.017308,7.86294,705054
5106,2,9.92771,26,1,0,0,0.1,0.013352,7.84991,705081
5107,2,9.82252,61,1,0,0,0.1,0.017596,7.83834,705143
5108,2,9.87638,43,1,0,0,0.1,0.00827,7.83111,705187
5109,2,9.93045,25,1,0,0,0.1,0.021519,7.84258,705213
5110,2,9.8768,43,1,0,0,0.1,0.016256,7.83074,705257
5111,2,9.89832,36,1,0,0,0.1,0.021209,7.83803,705294
5112,2,-1.03,10,0,1,0,0.1,0.020105,7.81544,705305
5113,2,9.9432,21,1,0,0,0.1,0.016334,7.82233,705327
5114,2,9.78936,72,1,0,0,0.1,0.019698,7.85814,705400
5115,2,9.82603,60,1,0,0,0.1,0.024229,7.82948,705461
5116,2,9.78422,74,1,0,0,0.1,0.022513,7.81942,705536
5117,2,9.90433,34,1,0,0,0.1,0.024931,7.82882,705571
5118,2,9.92183,28,1,0,0,0.1,0.004738,7.87026,705600
5119,2,9.91257,31,1,0,0,0.1,0.019779,7.80931,705632
5120,2,9.87959,42,1,0,0,0.1,0.01829,7.8317,705675
5121,2,9.88845,39,1,0,0,0.1,0.022022,7.87365,705715
5122,2,-1.171,57,0,1,0,0.1,0.016546,7.85715,705773
5123,2,9.87073,45,1,0,0,0.1,0.017535,7.84745,705819
5124,2,9.90069,35,1,0,0,0.1,0.017147,7.83331,705855
5125,2,9.87956,42,1,0,0,0.1,0.021368,7.84746,705898
5126,2,9.9186,29,1,0,0,0.1,0.009719,7.80599,705928
5127,2,9.82302,61,1,0,0,0.1,0.025664,7.85764,705990
5128,2,9.9373,23,1,0,0,0.1,0.015814,7.84486,706014
5129,2,9.86504,47,1,0,0,0.1,0.019839,7.80782,706062
5130,2,9.82237,61,1,0,0,0.1,0.019941,7.86108,706124
5131,2,9.87657,43,1,0,0,0.1,0.0137,7.85477,706168
5132,2,-1.114,38,0,1,0,0.1,0.021301,7.85449,706207
5133,2,9.93959,22,1,0,0,0.1,0.013765,7.83861,706230
5134,2,9.94824,19,1,0,0,0.1,0.012958,7.81434,706250
5135,2,9.83802,56,1,0,0,0.1,0.017663,7.81233,706307
5136,2,9.87691,43,1,0,0,0.1,0.017806,7.8583,706351
5137,2,9.85003,52,1,0,0,0.1,0.013785,7.82891,706404
5138,2,9.92212,28,1,0,0,0.1,0.013896,7.82941,706433
5139,2,9.90365,34,1,0,0,0.1,0.024265,7.87918,706468
5140,2,9.83203,58,1,0,0,0.1,0.024365,7.88283,706527
5141,2,-1.081,27,0,1,0,0.1,0.017851,7.8141,706555
5142,2,9.85288,51,1,0,0,0.1,0.016448,7.82637,706607
5143,2,9.87369,44,1,0,0,0.1,0.017567,7.86092,706652
5144,2,-1.033,11,0,1,0,0.1,0.023206,7.80284,706664
5145,2,9.90697,33,1,0,0,0.1,0.028899,7.82954,706698
5146,2,9.79601,70,1,0,0,0.1,0.026934,7.82378,706769
5147,2,-1.084,28,0,1,0,0.1,0.012269,7.84234,706798
5148,2,9.93669,23,1,0,0,0.1,0.027138,7.83033,706822
5149,2,9.77565,77,1,0,0,0.1,0.021464,7.84011,706900
5150,2,9.86528,47,1,0,0,0.1,0.02478,7.83927,706948
5151,2,9.9123,31,1,0,0,0.1,0.012077,7.80756,706980
5152,2,-1.054,18,0,1,0,0.1,0.01681,7.84857,706999
5153,2,9.91857,29,1,0,0,0.1,0.014858,7.84619,707029
5154,2,9.93033,25,1,0,0,0.1,0.017206,7.81396,707055
5155,2,9.78746,73,1,0,0,0.1,0.022065,7.84198,707129
5156,2,9.811,65,1,0,0,0.1,0.026465,7.83611,707195
5157,2,9.83458,57,1,0,0,0.1,0.019114,7.82968,707253
5158,2,9.91867,29,1,0,0,0.1,0.018305,7.85607,707283
5159,2,9.93984,22,1,0,0,0.1,0.019487,7.82703,707306
5160,2,9.81757,63,1,0,0,0.1,0.020325,7.84308,707370
5161,2,9.89161,38,1,0,0,0.1,0.016665,7.83588,707409
5162,2,9.78779,73,1,0,0,0.1,0.020541,7.83044,707483
5163,2,9.93099,25,1,0,0,0.1,0.01827,7.8825,707509
5164,2,9.91906,29,1,0,0,0.1,0.014241,7.82777,707539
5165,2,9.90103,35,1,0,0,0.1,0.019336,7.86726,707575
5166,2,9.86844,46,1,0,0,0.1,0.019185,7.85329,707622
5167,2,9.8617,48,1,0,0,0.1,0.018169,7.87575,707671
5168,2,9.84654,53,1,0,0,0.1,0.02469,7.83173,707725
5169,2,9.93634,23,1,0,0,0.1,0.012869,7.8469,707749
5170,2,9.82907,59,1,0,0,0.1,0.034998,7.85011,707809
5171,2,9.87368,44,1,0,0,0.1,0.01976,7.86009,707854
5172,2,9.86532,47,1,0,0,0.1,0.011572,7.85395,707902
5173,2,-1.105,35,0,1,0,0.1,0.021607,7.8449,707938
5174,2,-1.066,22,0,1,0,0.1,0.019739,7.88838,707961
5175,2,9.88232,41,1,0,0,0.1,0.01101,7.85566,708003
5176,2,9.85893,49,1,0,0,0.1,0.02054,7.85908,708053
5177,2,9.75683,83,1,0,0,0.1,0.023577,7.86461,708137
5178,2,9.77445,77,1,0,0,0.1,0.022424,7.84082,708215
5179,2,9.91022,32,1,0,0,0.1,0.02276,7.85774,708248
5180,2,9.93078,25,1,0,0,0.1,0.025116,7.82844,708274
5181,2,9.91329,31,1,0,0,0.1,0.03291,7.8536,708306
5182,2,9.781,75,1,0,0,0.1,0.013566,7.86411,708382
5183,2,9.88579,40,1,0,0,0.1,0.023814,7.87618,708423
5184,2,9.80509,67,1,0,0,0.1,0.012571,7.85712,708491
5185,2,9.88566,40,1,0,0,0.1,0.024547,7.87773,708532
5186,2,-1.075,25,0,1,0,0.1,0.012962,7.84454,708558
5187,2,9.9313,25,1,0,0,0.1,0.024224,7.86318,708584
5188,2,-1.108,36,0,1,0,0.1,0.027271,7.83449,708621
5189,2,9.86829,46,1,0,0,0.1,0.027179,7.83893,708668
5190,2,-1.03,10,0,1,0,0.1,0.003633,7.86322,708679
5191,2,9.85561,50,1,0,0,0.1,0.016811,7.8576,708730
5192,2,9.85595,50,1,0,0,0.1,0.017105,7.86697,708781
5193,2,9.94264,21,1,0,0,0.1,0.02527,7.91027,708803
5194,2,-1.138,46,0,1,0,0.1,0.016025,7.85437,708850
5195,2,9.94287,21,1,0,0,0.1,0.012297,7.81404,708872
5196,2,9.925,27,1,0,0,0.1,0.033926,7.87814,708900
5197,2,9.84968,52,1,0,0,0.1,0.016315,7.85387,708953
5198,2,9.86432,47,1,0,0,0.1,0.013008,7.88208,709001
5199,2,9.87675,43,1,0,0,0.1,0.017079,7.87812,709045
5200,2,-1.084,28,0,1,0,0.1,0.009383,7.8839,709074
5201,2,9.8526,51,1,0,0,0.1,0.017238,7.87607,709126
5202,2,9.82002,62,1,0,0,0.1,0.021545,7.83066,709189
5203,2,9.92118,28,1,0,0,0.1,0.016114,7.87163,709218
5204,2,9.9132,31,1,0,0,0.1,0.016641,7.85585,709250
5205,2,9.87357,44,1,0,0,0.1,0.02201,7.85669,709295
5206,2,-1.057,19,0,1,0,0.1,0.010564,7.83237,709315
5207,2,9.86455,47,1,0,0,0.1,0.021686,7.85943,709363
5208,2,9.90926,32,1,0,0,0.1,0.014702,7.84927,709396
5209,2,9.7806,75,1,0,0,0.1,0.017641,7.8513,709472
5210,2,9.84955,52,1,0,0,0.1,0.019297,7.84142,709525
5211,2,-1.123,41,0,1,0,0.1,0.013583,7.87129,709567
5212,2,9.89849,36,1,0,0,0.1,0.018273,7.85764,709604
5213,2,9.86757,46,1,0,0,0.1,0.020739,7.86048,709651
5214,2,9.86455,47,1,0,0,0.1,0.020955,7.85665,709699
5215,2,9.84398,54,1,0,0,0.1,0.012767,7.88512,709754
5216,2,-1.024,8,0,1,0,0.1,0.034042,7.79803,709763
5217,2,9.88303,41,1,0,0,0.1,0.031936,7.85273,709805
5218,2,9.91302,31,1,0,0,0.1,0.015549,7.8475,709837
5219,2,9.41452,197,1,0,0,0.1,0.021707,7.84659,710035
5220,2,9.88582,40,1,0,0,0.1,0.023983,7.85066,710076
5221,2,9.90085,35,1,0,0,0.1,0.02653,7.84954,710112
5222,2,9.86197,48,1,0,0,0.1,0.023555,7.8573,710161
5223,2,9.86181,48,1,0,0,0.1,0.019565,7.86241,710210
5224,2,-1.033,11,0,1,0,0.1,0.014927,7.8873,710222
5225,2,9.84356,54,1,0,0,0.1,0.020092,7.84981,710277
5226,2,9.88569,40,1,0,0,0.1,0.019288,7.88435,710318
5227,2,9.88252,41,1,0,0,0.1,0.011667,7.83938,710360
5228,2,9.92478,27,1,0,0,0.1,0.018137,7.88656,710388
5229,2,9.88869,39,1,0,0,0.1,0.026108,7.86785,710428
5230,2,9.89767,36,1,0,0,0.1,0.024722,7.82797,710465
5231,2,9.90697,33,1,0,0,0.1,0.024536,7.85858,710499
5232,2,9.92191,28,1,0,0,0.1,0.027339,7.85518,710528
5233,2,9.90132,35,1,0,0,0.1,0.018716,7.86515,710564
5234,2,9.75369,84,1,0,0,0.1,0.020705,7.85382,710649
5235,2,9.72983,92,1,0,0,0.1,0.022428,7.83097,710742
5236,2,9.7085,99,1,0,0,0.1,0.018629,7.8667,710842
5237,2,9.82862,59,1,0,0,0.1,0.022326,7.86121,710902
5238,2,-1.27,90,0,1,0,0.1,0.01997,7.83605,710993
5239,2,9.73875,89,1,0,0,0.1,0.017393,7.84261,711083
5240,2,9.93428,24,1,0,0,0.1,0.018729,7.80881,711108
5241,2,-1.105,35,0,1,0,0.1,0.011133,7.81148,711144
5242,2,9.78025,75,1,0,0,0.1,0.020811,7.82519,711220
5243,2,9.90049,35,1,0,0,0.1,0.010252,7.83792,711256
5244,2,9.93983,22,1,0,0,0.1,0.012251,7.86145,711279
5245,2,-1.03,10,0,1,0,0.1,0.019633,7.87418,711290
5246,2,-1.144,48,0,1,0,0.1,0.013188,7.84807,711339
5247,2,9.9399,22,1,0,0,0.1,0.010907,7.88206,711362
5248,2,-1.06,20,0,1,0,0.1,0.021696,7.83223,711383
5249,2,9.86732,46,1,0,0,0.1,0.021054,7.83421,711430
5250,2,9.93062,25,1,0,0,0.1,0.012056,7.86799,711456
5251,2,9.91601,30,1,0,0,0.1,0.022025,7.83806,711487
5252,2,9.91629,30,1,0,0,0.1,0.021427,7.84437,711518
5253,2,9.92823,26,1,0,0,0.1,0.01622,7.84344,711545
5254,2,9.85271,51,1,0,0,0.1,0.021882,7.86037,711597
5255,2,9.91297,31,1,0,0,0.1,0.019854,7.83792,711629
5256,2,9.93708,23,1,0,0,0.1,0.014561,7.81316,711653
5257,2,9.85043,52,1,0,0,0.1,0.016679,7.86917,711706
5258,2,9.88283,41,1,0,0,0.1,0.022089,7.84295,711748
5259,2,9.93427,24,1,0,0,0.1,0.019881,7.84798,711773
5260,2,9.8075,66,1,0,0,0.1,0.022626,7.85285,711840
5261,2,9.94268,21,1,0,0,0.1,0.029842,7.81356,711862
5262,2,9.8765,43,1,0,0,0.1,0.018526,7.85593,711906
5263,2,9.86154,48,1,0,0,0.1,0.017454,7.85717,711955
5264,2,9.93378,24,1,0,0,0.1,0.025788,7.8223,711980
5265,2,9.88833,39,1,0,0,0.1,0.011364,7.84798,712020
5266,2,9.93059,25,1,0,0,0.1,0.022567,7.82276,712046
5267,2,9.90113,35,1,0,0,0.1,0.013037,7.81367,712082
5268,2,9.87968,42,1,0,0,0.1,0.009864,7.84409,712125
5269,2,9.88892,39,1,0,0,0.1,0.022538,7.83558,712165
5270,2,-1.084,28,0,1,0,0.1,0.017497,7.83293,712194
5271,2,9.84111,55,1,0,0,0.1,0.022372,7.8456,712250
5272,2,9.90713,33,1,0,0,0.1,0.022122,7.87662,712284
5273,2,9.94243,21,1,0,0,0.1,0.031841,7.84368,712306
5274,2,9.91028,32,1,0,0,0.1,0.022881,7.83238,712339
5275,2,-1.042,14,0,1,0,0.1,0.018061,7.81814,712354
5276,2,9.89427,37,1,0,0,0.1,0.027449,7.85217,712392
5277,2,9.94252,21,1,0,0,0.1,0.021079,7.828,712414
5278,2,9.8766,43,1,0,0,0.1,0.017662,7.81813,712458
5279,2,9.88891,39,1,0,0,0.1,0.023906,7.84691,712498
5280,2,9.91006,32,1,0,0,0.1,0.024538,7.87477,712531
5281,2,9.94826,19,1,0,0,0.1,0.009908,7.86627,712551
5282,2,9.7537,84,1,0,0,0.1,0.018272,7.85125,712636
5283,2,9.88927,39,1,0,0,0.1,0.016818,7.84114,712676
5284,2,9.71439,97,1,0,0,0.1,0.017667,7.85496,712774
5285,2,9.88056,42,1,0,0,0.1,0.01986,7.83912,712817
5286,2,9.91278,31,1,0,0,0.1,0.024287,7.85076,712849
5287,2,9.91301,31,1,0,0,0.1,0.023735,7.85588,712881
5288,2,9.8682,46,1,0,0,0.1,0.017991,7.87772,712928
5289,2,9.93098,25,1,0,0,0.1,0.021464,7.84038,712954
5290,2,9.92213,28,1,0,0,0.1,0.019446,7.84314,712983
5291,2,9.79555,70,1,0,0,0.1,0.01641,7.85441,713054
5292,2,9.91936,29,1,0,0,0.1,0.016162,7.87476,713084
5293,2,9.94304,21,1,0,0,0.1,0.011179,7.90719,713106
5294,2,9.87048,45,1,0,0,0.1,0.016371,7.87253,713152
5295,2,9.91927,29,1,0,0,0.1,0.01518,7.84511,713182
5296,2,9.91258,31,1,0,0,0.1,0.023632,7.87028,713214
5297,2,9.91868,29,1,0,0,0.1,0.017714,7.84442,713244
5298,2,9.86769,46,1,0,0,0.1,0.01336,7.84902,713291
5299,2,9.85642,50,1,0,0,0.1,0.022395,7.85585,713342
5300,2,-1.054,18,0,1,0,0.1,0.024814,7.91018,713361
5301,2,9.9456,20,1,0,0,0.1,0.023894,7.88116,713382
5302,2,9.93427,24,1,0,0,0.1,0.016285,7.85981,713407
5303,2,9.82273,61,1,0,0,0.1,0.01721,7.8555,713469
5304,2,9.93403,24,1,0,0,0.1,0.023371,7.82635,713494
5305,2,9.89757,36,1,0,0,0.1,0.027327,7.83763,713531
5306,2,9.91279,31,1,0,0,0.1,0.009143,7.81,713563
5307,2,9.84659,53,1,0,0,0.1,0.01839,7.85401,713617
5308,2,9.90648,33,1,0,0,0.1,0.013147,7.842,713651
5309,2,9.81388,64,1,0,0,0.1,0.017668,7.84166,713716
5310,2,9.81697,63,1,0,0,0.1,0.016822,7.84077,713780
5311,2,9.93988,22,1,0,0,0.1,0.017095,7.8423,713803
5312,2,9.88881,39,1,0,0,0.1,0.021984,7.85337,713843
5313,2,9.84728,53,1,0,0,0.1,0.017525,7.85377,713897
5314,2,9.67307,111,1,0,0,0.1,0.020447,7.85201,714009
5315,2,9.89225,38,1,0,0,0.1,0.020317,7.88021,714048
5316,2,9.90382,34,1,0,0,0.1,0.02706,7.85048,714083
5317,2,9.81079,65,1,0,0,0.1,0.023973,7.83477,714149
5318,2,-1.036,12,0,1,0,0.1,0.015935,7.8634,714162
5319,2,9.86844,46,1,0,0,0.1,0.024756,7.83704,714209
5320,2,-1.042,14,0,1,0,0.1,0.013763,7.81684,714224
5321,2,9.81417,64,1,0,0,0.1,0.015906,7.86046,714289
5322,2,9.89484,37,1,0,0,0.1,0.021711,7.89171,714327
5323,2,9.87433,44,1,0,0,0.1,0.017815,7.86108,714372
5324,2,9.91024,32,1,0,0,0.1,0.019406,7.83791,714405
5325,2,9.84085,55,1,0,0,0.1,0.019095,7.86751,714461
5326,2,9.75381,84,1,0,0,0.1,0.018043,7.86376,714546
5327,2,9.74202,88,1,0,0,0.1,0.021217,7.84987,714635
5328,2,9.77489,77,1,0,0,0.1,0.023296,7.84951,714713
5329,2,9.91603,30,1,0,0,0.1,0.017327,7.81505,714744
5330,2,-1.039,13,0,1,0,0.1,0.023918,7.87184,714758
5331,2,9.83787,56,1,0,0,0.1,0.023133,7.838,714815
5332,2,-1.033,11,0,1,0,0.1,0.026807,7.92831,714827
5333,2,-1.18,60,0,1,0,0.1,0.019109,7.84902,714888
5334,2,9.9159,30,1,0,0,0.1,0.019466,7.82296,714919
5335,2,9.88827,39,1,0,0,0.1,0.019269,7.83136,714959
5336,2,9.78151,75,1,0,0,0.1,0.019368,7.84527,715035
5337,2,9.78049,75,1,0,0,0.1,0.017382,7.86066,715111
5338,2,-1.20325,68,0,1,0,0.1,0.016659,7.82803,715180
5339,2,9.83727,56,1,0,0,0.1,0.015333,7.8258,715237
5340,2,9.86819,46,1,0,0,0.1,0.019657,7.85835,715284
5341,2,9.92201,28,1,0,0,0.1,0.021154,7.85063,715313
5342,2,9.77745,76,1,0,0,0.1,0.019677,7.85005,715390
5343,2,9.90995,32,1,0,0,0.1,0.019992,7.84119,715423
5344,2,9.8858,40,1,0,0,0.1,0.02178,7.81113,715464
5345,2,9.87393,44,1,0,0,0.1,0.022397,7.84477,715509
5346,2,9.9366,23,1,0,0,0.1,0.017481,7.85135,715533
5347,2,9.8799,42,1,0,0,0.1,0.017782,7.87288,715576
5348,2,9.84084,55,1,0,0,0.1,0.022229,7.84306,715632
5349,2,9.88629,40,1,0,0,0.1,0.020276,7.8504,715673
5350,2,9.8466,53,1,0,0,0.1,0.021177,7.87406,715727
5351,2,9.80199,68,1,0,0,0.1,0.019838,7.84209,715796
5352,2,9.78027,75,1,0,0,0.1,0.020703,7.83688,715872
5353,2,9.87978,42,1,0,0,0.1,0.022957,7.83545,715915
5354,2,-1.216,72,0,1,0,0.1,0.015782,7.83568,715988
5355,2,9.92771,26,1,0,0,0.1,0.01976,7.85627,716015
5356,2,9.81983,62,1,0,0,0.1,0.019167,7.83049,716078
5357,2,9.87998,42,1,0,0,0.1,0.016852,7.83528,716121
5358,2,9.90723,33,1,0,0,0.1,0.014101,7.84543,716155
5359,2,9.93405,24,1,0,0,0.1,0.027842,7.83317,716180
5360,2,9.85372,51,1,0,0,0.1,0.018342,7.84985,716232
5361,2,9.85288,51,1,0,0,0.1,0.015835,7.83968,716284
5362,2,-1.35932,120,0,1,0,0.1,0.020861,7.84382,716405
5363,2,9.91875,29,1,0,0,0.1,0.026627,7.81037,716435
5364,2,9.9156,30,1,0,0,0.1,0.016799,7.82214,716466
5365,2,9.91031,32,1,0,0,0.1,0.021224,7.79576,716499
5366,2,-1.141,47,0,1,0,0.1,0.020721,7.85801,716547
5367,2,9.84088,55,1,0,0,0.1,0.015148,7.8505,716603
5368,2,9.87952,42,1,0,0,0.1,0.026696,7.83795,716646
5369,2,9.90104,35,1,0,0,0.1,0.024048,7.8787,716682
5370,2,9.86485,47,1,0,0,0.1,0.017841,7.84563,716730
5371,2,9.93725,23,1,0,0,0.1,0.016062,7.8265,716754
5372,2,9.92766,26,1,0,0,0.1,0.024513,7.85953,716781
5373,2,9.88298,41,1,0,0,0.1,0.010795,7.85552,716823
5374,2,9.81414,64,1,0,0,0.1,0.01748,7.83848,716888
5375,2,9.81415,64,1,0,0,0.1,0.020781,7.86721,716953
5376,2,9.89483,37,1,0,0,0.1,0.028062,7.84216,716991
5377,2,9.86498,47,1,0,0,0.1,0.023407,7.84178,717039
5378,2,9.89244,38,1,0,0,0.1,0.016322,7.87058,717078
5379,2,9.82642,60,1,0,0,0.1,0.017601,7.85154,717139
5380,2,-1.03,10,0,1,0,0.1,0.003305,7.87236,717150
5381,2,9.84644,53,1,0,0,0.1,0.021271,7.85993,717204
5382,2,9.92815,26,1,0,0,0.1,0.028374,7.84692,717231
5383,2,9.9308,25,1,0,0,0.1,0.016411,7.82115,717257
5384,2,9.81738,63,1,0,0,0.1,0.017693,7.86308,717321
5385,2,9.8202,62,1,0,0,0.1,0.01113,7.81384,717384
5386,2,9.84974,52,1,0,0,0.1,0.026292,7.84887,717437
5387,2,9.84392,54,1,0,0,0.1,0.021518,7.88755,717492
5388,2,9.8714,45,1,0,0,0.1,0.019408,7.82355,717538
5389,2,9.84622,53,1,0,0,0.1,0.018986,7.85567,717592
5390,2,9.93688,23,1,0,0,0.1,0.029794,7.85856,717616
5391,2,9.91016,32,1,0,0,0.1,0.031479,7.83773,717649
5392,2,9.87676,43,1,0,0,0.1,0.021329,7.81068,717693
5393,2,9.89779,36,1,0,0,0.1,0.024155,7.89249,717730
5394,2,9.86835,46,1,0,0,0.1,0.017825,7.86248,717777
5395,2,9.92753,26,1,0,0,0.1,0.014532,7.86186,717804
5396,2,9.8105,65,1,0,0,0.1,0.020873,7.85753,717870
5397,2,9.8712,45,1,0,0,0.1,0.025136,7.88433,717916
5398,2,9.9279,26,1,0,0,0.1,0.014772,7.83035,717943
5399,2,9.93353,24,1,0,0,0.1,0.017668,7.85501,717968
5400,2,-1.11115,38,0,1,0,0.1,0.011832,7.83523,718007
5401,2,9.86736,46,1,0,0,0.1,0.025847,7.8752,718054
5402,2,9.88561,40,1,0,0,0.1,0.029176,7.85605,718095
5403,2,9.89172,38,1,0,0,0.1,0.020671,7.85346,718134
5404,2,9.82273,61,1,0,0,0.1,0.020117,7.86266,718196
5405,2,9.88855,39,1,0,0,0.1,0.015885,7.86896,718236
5406,2,9.93068,25,1,0,0,0.1,0.022025,7.84495,718262
5407,2,9.81082,65,1,0,0,0.1,0.019102,7.85516,718328
5408,2,9.94558,20,1,0,0,0.1,0.025804,7.87007,718349
5409,2,9.86464,47,1,0,0,0.1,0.025601,7.84721,718397
5410,2,9.87386,44,1,0,0,0.1,0.017554,7.84349,718442
5411,2,9.94626,20,1,0,0,0.1,0.011051,7.89824,718463
5412,2,9.91281,31,1,0,0,0.1,0.030689,7.86845,718495
5413,2,9.89777,36,1,0,0,0.1,0.018215,7.89309,718532
5414,2,9.9161,30,1,0,0,0.1,0.016287,7.88939,718563
5415,2,9.8352,57,1,0,0,0.1,0.019087,7.85151,718621
5416,2,9.89185,38,1,0,0,0.1,0.03337,7.85755,718660
5417,2,9.84992,52,1,0,0,0.1,0.019798,7.85398,718713
5418,2,9.93022,25,1,0,0,0.1,0.030504,7.8448,718739
5419,2,9.87372,44,1,0,0,0.1,0.031495,7.88275,718784
5420,2,9.87114,45,1,0,0,0.1,0.01181,7.86259,718830
5421,2,9.72733,93,1,0,0,0.1,0.020315,7.86626,718924
5422,2,9.89229,38,1,0,0,0.1,0.011992,7.87256,718963
5423,2,9.85893,49,1,0,0,0.1,0.021572,7.8735,719013
5424,2,9.72352,94,1,0,0,0.1,0.019731,7.86338,719108
5425,2,9.87394,44,1,0,0,0.1,0.017973,7.86063,719153
5426,2,9.85306,51,1,0,0,0.1,0.025264,7.86978,719205
5427,2,9.8617,48,1,0,0,0.1,0.025811,7.84835,719254
5428,2,9.78711,73,1,0,0,0.1,0.016663,7.87443,719328
5429,2,9.9307,25,1,0,0,0.1,0.009391,7.87122,719354
5430,2,9.70901,99,1,0,0,0.1,0.017069,7.86218,719454
5431,2,9.87717,43,1,0,0,0.1,0.019544,7.85405,719498
5432,2,9.89171,38,1,0,0,0.1,0.015483,7.85674,719537
5433,2,9.82019,62,1,0,0,0.1,0.026867,7.83993,719600
5434,2,9.8946,37,1,0,0,0.1,0.017501,7.85478,719638
5435,2,9.81069,65,1,0,0,0.1,0.015388,7.85418,719704
5436,2,9.94577,20,1,0,0,0.1,0.014508,7.88439,719725
5437,2,9.72085,95,1,0,0,0.1,0.017538,7.87668,719821
5438,2,9.922,28,1,0,0,0.1,0.022794,7.86465,719850
5439,2,9.81381,64,1,0,0,0.1,0.019706,7.86085,719915
5440,2,-1.033,11,0,1,0,0.1,0.026891,7.86483,719927
5441,2,9.87969,42,1,0,0,0.1,0.011224,7.88106,719970
5442,2,9.86783,46,1,0,0,0.1,0.014055,7.87731,720017
5443,2,9.81102,65,1,0,0,0.1,0.014879,7.8961,720083
5444,2,9.85324,51,1,0,0,0.1,0.020029,7.83743,720135
5445,2,9.90353,34,1,0,0,0.1,0.018128,7.85708,720170
5446,2,9.89499,37,1,0,0,0.1,0.015251,7.88723,720208
5447,2,9.85633,50,1,0,0,0.1,0.020484,7.86342,720259
5448,2,9.75652,83,1,0,0,0.1,0.016768,7.85692,720343
5449,2,9.88317,41,1,0,0,0.1,0.014377,7.87445,720385
5450,2,-1.261,87,0,1,0,0.1,0.018837,7.85481,720473
5451,2,9.87996,42,1,0,0,0.1,0.022207,7.86394,720516
5452,2,9.77203,78,1,0,0,0.1,0.018405,7.87139,720595
5453,2,9.79239,71,1,0,0,0.1,0.02042,7.87243,720667
5454,2,9.91228,31,1,0,0,0.1,0.012938,7.8746,720699
5455,2,9.88898,39,1,0,0,0.1,0.02575,7.87267,720739
5456,2,9.90933,32,1,0,0,0.1,0.033674,7.85647,720772
5457,2,9.86463,47,1,0,0,0.1,0.014621,7.8646,720820
5458,2,9.84948,52,1,0,0,0.1,0.016439,7.85899,720873
5459,2,9.86457,47,1,0,0,0.1,0.02232,7.86074,720921
5460,2,9.75125,85,1,0,0,0.1,0.020938,7.87736,721007
5461,2,9.84327,54,1,0,0,0.1,0.026004,7.8595,721062
5462,2,9.90363,34,1,0,0,0.1,0.020442,7.89052,721097
5463,2,9.814,64,1,0,0,0.1,0.023505,7.86167,721162
5464,2,9.87989,42,1,0,0,0.1,0.024068,7.86145,721205
5465,2,9.87084,45,1,0,0,0.1,0.012829,7.88834,721251
5466,2,9.89539,37,1,0,0,0.1,0.022154,7.88671,721289
5467,2,9.922,28,1,0,0,0.1,0.013467,7.85527,721318
5468,2,9.84088,55,1,0,0,0.1,0.020178,7.85741,721374
5469,2,9.92127,28,1,0,0,0.1,0.027345,7.90276,721403
5470,2,9.89169,38,1,0,0,0.1,0.022353,7.86873,721442
5471,2,9.86503,47,1,0,0,0.1,0.023842,7.85039,721490
5472,2,9.8046,67,1,0,0,0.1,0.022825,7.86786,721558
5473,2,9.82003,62,1,0,0,0.1,0.02064,7.85253,721621
5474,2,9.90979,32,1,0,0,0.1,0.028316,7.84315,721654
5475,2,9.91596,30,1,0,0,0.1,0.013397,7.83981,721685
5476,2,9.83143,58,1,0,0,0.1,0.020577,7.86692,721744
5477,2,9.85625,50,1,0,0,0.1,0.014898,7.87197,721795
5478,2,9.91331,31,1,0,0,0.1,0.022126,7.87917,721827
5479,2,9.80444,67,1,0,0,0.1,0.021314,7.85301,721895
5480,2,9.88619,40,1,0,0,0.1,0.016405,7.85733,721936
5481,2,9.84063,55,1,0,0,0.1,0.020228,7.85862,721992
5482,2,9.72326,94,1,0,0,0.1,0.015649,7.85118,722087
5483,2,9.83492,57,1,0,0,0.1,0.019404,7.8621,722145
5484,2,9.82303,61,1,0,0,0.1,0.02062,7.8269,722207
5485,2,9.92782,26,1,0,0,0.1,0.008335,7.87161,722234
5486,2,9.82903,59,1,0,0,0.1,0.013619,7.88295,722294
5487,2,9.86475,47,1,0,0,0.1,0.016431,7.87617,722342
5488,2,9.93994,22,1,0,0,0.1,0.023385,7.83593,722365
5489,2,9.81375,64,1,0,0,0.1,0.017929,7.84679,722430
5490,2,9.8583,49,1,0,0,0.1,0.022788,7.85564,722480
5491,2,9.76859,79,1,0,0,0.1,0.02332,7.86701,722560
5492,2,9.91055,32,1,0,0,0.1,0.02289,7.86075,722593
5493,2,9.94025,22,1,0,0,0.1,0.019715,7.8789,722616
5494,2,9.82003,62,1,0,0,0.1,0.013559,7.84889,722679
5495,2,9.7812,75,1,0,0,0.1,0.017322,7.85552,722755
5496,2,9.8857,40,1,0,0,0.1,0.02083,7.87286,722796
5497,2,9.91642,30,1,0,0,0.1,0.021702,7.85487,722827
5498,2,9.88309,41,1,0,0,0.1,0.015044,7.87749,722869
5499,2,9.91324,31,1,0,0,0.1,0.025249,7.86663,722901
5500,2,-1.036,12,0,1,0,0.1,0.016075,7.8339,722914
5501,2,9.94567,20,1,0,0,0.1,0.024035,7.87559,722935
5502,2,9.84123,55,1,0,0,0.1,0.019688,7.85549,722991
5503,2,9.89803,36,1,0,0,0.1,0.015982,7.85456,723028
5504,2,9.86756,46,1,0,0,0.1,0.025073,7.8771,723075
5505,2,9.8853,40,1,0,0,0.1,0.020034,7.86122,723116
5506,2,9.94844,19,1,0,0,0.1,0.012033,7.87102,723136
5507,2,9.91602,30,1,0,0,0.1,0.017727,7.91265,723167
5508,2,-1.03,10,0,1,0,0.1,0.018758,7.85708,723178
5509,2,9.89746,36,1,0,0,0.1,0.018052,7.86944,723215
5510,2,9.88325,41,1,0,0,0.1,0.020743,7.87453,723257
5511,2,9.79856,69,1,0,0,0.1,0.020233,7.87488,723327
5512,2,9.82877,59,1,0,0,0.1,0.021932,7.88374,723387
5513,2,9.87127,45,1,0,0,0.1,0.014263,7.88993,723433
5514,2,9.93923,22,1,0,0,0.1,0.025345,7.89488,723456
5515,2,9.69398,104,1,0,0,0.1,0.014639,7.84632,723561
5516,2,9.93654,23,1,0,0,0.1,0.014743,7.87807,723585
5517,2,9.88527,40,1,0,0,0.1,0.015146,7.87873,723626
5518,2,-1.102,34,0,1,0,0.1,0.024489,7.84798,723661
5519,2,9.84373,54,1,0,0,0.1,0.02238,7.87142,723716
5520,2,-1.048,16,0,1,0,0.1,0.015829,7.9087,723733
5521,2,9.82539,60,1,0,0,0.1,0.024874,7.88424,723794
5522,2,9.93369,24,1,0,0,0.1,0.013145,7.85844,723819
5523,2,9.94301,21,1,0,0,0.1,0.018547,7.87661,723841
5524,2,9.85313,51,1,0,0,0.1,0.026035,7.8641,723893
5525,2,9.83128,58,1,0,0,0.1,0.020745,7.8515,723952
5526,2,9.91001,32,1,0,0,0.1,0.025759,7.87481,723985
5527,2,9.9313,25,1,0,0,0.1,0.017464,7.91037,724011
5528,2,9.83839,56,1,0,0,0.1,0.021404,7.89253,724068
5529,2,9.94859,19,1,0,0,0.1,0.021953,7.86927,724088
5530,2,9.90998,32,1,0,0,0.1,0.016871,7.87185,724121
5531,2,9.87078,45,1,0,0,0.1,0.014862,7.88504,724167
5532,2,9.85924,49,1,0,0,0.1,0.014337,7.88438,724217
5533,2,9.87978,42,1,0,0,0.1,0.021593,7.87054,724260
5534,2,9.74542,87,1,0,0,0.1,0.020597,7.8796,724348
5535,2,9.7659,80,1,0,0,0.1,0.019968,7.8796,724429
5536,2,-1.051,17,0,1,0,0.1,0.009917,7.87794,724447
5537,2,9.91902,29,1,0,0,0.1,0.009518,7.88295,724477
5538,2,9.84108,55,1,0,0,0.1,0.021149,7.87397,724533
5539,2,9.83169,58,1,0,0,0.1,0.01174,7.89377,724592
5540,2,9.76542,80,1,0,0,0.1,0.020561,7.88128,724673
5541,2,9.931,25,1,0,0,0.1,0.018484,7.86605,724699
5542,2,9.85263,51,1,0,0,0.1,0.012367,7.87648,724751
5543,2,-1.081,27,0,1,0,0.1,0.014616,7.89536,724779
5544,2,9.92201,28,1,0,0,0.1,0.026057,7.8987,724808
5545,2,9.916,30,1,0,0,0.1,0.024505,7.89792,724839
5546,2,9.92812,26,1,0,0,0.1,0.017343,7.89931,724866
5547,2,9.84967,52,1,0,0,0.1,0.021518,7.86729,724919
5548,2,9.85912,49,1,0,0,0.1,0.021859,7.85468,724969
5549,2,9.82017,62,1,0,0,0.1,0.015808,7.86675,725032
5550,2,9.93085,25,1,0,0,0.1,0.015597,7.90598,725058
5551,2,9.82924,59,1,0,0,0.1,0.020205,7.85326,725118
5552,2,9.87135,45,1,0,0,0.1,0.012279,7.86928,725164
5553,2,-1.105,35,0,1,0,0.1,0.021216,7.86941,725200
5554,2,9.73297,91,1,0,0,0.1,0.016733,7.87032,725292
5555,2,-1.084,28,0,1,0,0.1,0.024651,7.85383,725321
5556,2,9.86502,47,1,0,0,0.1,0.017794,7.86085,725369
5557,2,9.8406,55,1,0,0,0.1,0.018522,7.87494,725425
5558,2,9.81684,63,1,0,0,0.1,0.021687,7.8593,725489
5559,2,-1.042,14,0,1,0,0.1,0.014633,7.85364,725504
5560,2,9.8382,56,1,0,0,0.1,0.025971,7.8821,725561
5561,2,9.89921,36,1,0,0,0.1,0.027183,7.87647,725598
5562,2,9.83166,58,1,0,0,0.1,0.014702,7.84937,725657
5563,2,9.8921,38,1,0,0,0.1,0.021527,7.8749,725696
5564,2,9.95428,17,1,0,0,0.1,0.019782,7.85081,725714
5565,2,9.78987,72,1,0,0,0.1,0.01964,7.88341,725787
5566,2,9.86176,48,1,0,0,0.1,0.016702,7.89481,725836
5567,2,9.87133,45,1,0,0,0.1,0.020918,7.84662,725882
5568,2,9.88898,39,1,0,0,0.1,0.020271,7.87187,725922
5569,2,9.89843,36,1,0,0,0.1,0.01327,7.89412,725959
5570,2,9.91303,31,1,0,0,0.1,0.022608,7.88221,725991
5571,2,9.82284,61,1,0,0,0.1,0.019078,7.86197,726053
5572,2,9.87996,42,1,0,0,0.1,0.020877,7.88182,726096
5573,2,-1.057,19,0,1,0,0.1,0.021416,7.95088,726116
5574,2,9.8346,57,1,0,0,0.1,0.023608,7.85444,726174
5575,2,9.86509,47,1,0,0,0.1,0.019054,7.87276,726222
5576,2,9.90097,35,1,0,0,0.1,0.021912,7.86143,726258
5577,2,9.85538,50,1,0,0,0.1,0.027353,7.90008,726309
5578,2,9.87975,42,1,0,0,0.1,0.013474,7.89993,726352
5579,2,9.92142,28,1,0,0,0.1,0.013988,7.85698,726381
5580,2,9.83269,58,1,0,0,0.1,0.020387,7.86212,726440
5581,2,9.89768,36,1,0,0,0.1,0.010021,7.88797,726477
5582,2,9.87143,45,1,0,0,0.1,0.018232,7.87412,726523
5583,2,9.80495,67,1,0,0,0.1,0.024067,7.88499,726591
5584,2,9.86785,46,1,0,0,0.1,0.016262,7.85418,726638
5585,2,9.92516,27,1,0,0,0.1,0.008393,7.84425,726666
5586,2,9.79626,70,1,0,0,0.1,0.017292,7.8952,726737
5587,2,9.94934,19,1,0,0,0.1,0.015907,7.86104,726757
5588,2,9.85312,51,1,0,0,0.1,0.02649,7.87644,726809
5589,2,9.85028,52,1,0,0,0.1,0.018504,7.89719,726862
5590,2,9.92532,27,1,0,0,0.1,0.015243,7.89593,726890
5591,2,9.82323,61,1,0,0,0.1,0.020024,7.84922,726952
5592,2,9.86782,46,1,0,0,0.1,0.024715,7.90022,726999
5593,2,9.80806,66,1,0,0,0.1,0.016676,7.88569,727066
5594,2,9.8323,58,1,0,0,0.1,0.018057,7.89768,727125
5595,2,9.75707,83,1,0,0,0.1,0.0186,7.89796,727209
5596,2,9.87958,42,1,0,0,0.1,0.023282,7.86601,727252
5597,2,9.90128,35,1,0,0,0.1,0.016468,7.8933,727288
5598,2,9.87681,43,1,0,0,0.1,0.021317,7.86077,727332
5599,2,-1.03,10,0,1,0,0.1,0.017653,7.83331,727343
