episode,phase,total_reward,steps,success,collision,timeout,epsilon,avg_loss,avg_q,global_train_steps
0,0,-1.2,400,0,0,1,0.997,0.0,0.0,0
1,0,-1.2,400,0,0,1,0.994009,0.0,0.0,0
2,0,-1.2,400,0,0,1,0.991027,0.318833,-0.27068,201
3,0,-1.2,400,0,0,1,0.988054,0.141259,-0.36824,601
4,0,-1.2,400,0,0,1,0.98509,0.008701,-0.35677,1001
5,0,-1.2,400,0,0,1,0.982134,0.001917,-0.30479,1401
6,0,-1.2,400,0,0,1,0.979188,0.000599,-0.27726,1801
7,0,-1.2,400,0,0,1,0.97625,0.000319,-0.25697,2201
8,0,-1.2,400,0,0,1,0.973322,0.000216,-0.24075,2601
9,0,-1.2,400,0,0,1,0.970402,0.000168,-0.21967,3001
10,0,-1.2,400,0,0,1,0.967491,0.000151,-0.19824,3401
11,0,-1.2,400,0,0,1,0.964588,0.000162,-0.18379,3801
12,0,-1.2,400,0,0,1,0.961694,0.000149,-0.16789,4201
13,0,-1.2,400,0,0,1,0.958809,0.000112,-0.1499,4601
14,0,-1.2,400,0,0,1,0.955933,9.7e-05,-0.13442,5001
15,0,-1.2,400,0,0,1,0.953065,7.2e-05,-0.11967,5401
16,0,-1.2,400,0,0,1,0.950206,6.9e-05,-0.10523,5801
17,0,-1.2,400,0,0,1,0.947355,6e-05,-0.09259,6201
18,0,-1.2,400,0,0,1,0.944513,5.3e-05,-0.08089,6601
19,0,-1.2,400,0,0,1,0.94168,4.8e-05,-0.06947,7001
20,0,-1.2,400,0,0,1,0.938855,4.5e-05,-0.05997,7401
21,0,-1.2,400,0,0,1,0.936038,4.2e-05,-0.04983,7801
22,0,-1.2,400,0,0,1,0.93323,4.9e-05,-0.03997,8201
23,0,-1.2,400,0,0,1,0.93043,4.5e-05,-0.03214,8601
24,0,-1.2,400,0,0,1,0.927639,4e-05,-0.02358,9001
25,0,-1.2,400,0,0,1,0.924856,5.3e-05,-0.01424,9401
26,0,-1.2,400,0,0,1,0.922081,9.1e-05,-0.00507,9801
27,0,-1.2,400,0,0,1,0.919315,5.8e-05,0.00512,10201
28,0,-1.2,400,0,0,1,0.916557,5.8e-05,0.01664,10601
29,0,-1.2,400,0,0,1,0.913808,8.6e-05,0.02458,11001
30,0,-1.2,400,0,0,1,0.911066,0.000109,0.0289,11401
31,0,-1.2,400,0,0,1,0.908333,7.8e-05,0.04096,11801
32,0,-1.2,400,0,0,1,0.905608,0.000106,0.052,12201
33,0,-1.2,400,0,0,1,0.902891,0.000135,0.06268,12601
34,0,-1.2,400,0,0,1,0.900182,0.000123,0.07044,13001
35,0,-1.2,400,0,0,1,0.897482,0.000138,0.07842,13401
36,0,-1.2,400,0,0,1,0.894789,0.00015,0.08746,13801
37,0,-1.2,400,0,0,1,0.892105,0.000125,0.09906,14201
38,0,-1.2,400,0,0,1,0.889429,0.000205,0.11041,14601
39,0,-1.2,400,0,0,1,0.88676,0.000208,0.12729,15001
40,0,-1.2,400,0,0,1,0.8841,0.000253,0.13553,15401
41,0,-1.2,400,0,0,1,0.881448,0.000217,0.14425,15801
42,0,-1.2,400,0,0,1,0.878804,0.000218,0.1546,16201
43,0,-1.2,400,0,0,1,0.876167,0.000222,0.16879,16601
44,0,-1.2,400,0,0,1,0.873539,0.000229,0.17726,17001
45,0,-1.2,400,0,0,1,0.870918,0.000301,0.18489,17401
46,0,-1.2,400,0,0,1,0.868305,0.000308,0.19436,17801
47,0,-1.2,400,0,0,1,0.8657,0.000233,0.20384,18201
48,0,-1.2,400,0,0,1,0.863103,0.000315,0.21307,18601
49,0,-1.2,400,0,0,1,0.860514,0.000374,0.23284,19001
50,0,-1.2,400,0,0,1,0.857932,0.000414,0.24459,19401
51,0,-1.2,400,0,0,1,0.855359,0.000426,0.26067,19801
52,0,-1.2,400,0,0,1,0.852793,0.00053,0.2759,20201
53,0,-1.2,400,0,0,1,0.850234,0.000607,0.29175,20601
54,0,-1.2,400,0,0,1,0.847683,0.000701,0.30828,21001
55,0,-1.2,400,0,0,1,0.84514,0.000606,0.32556,21401
56,0,-1.2,400,0,0,1,0.842605,0.000775,0.34574,21801
57,0,-1.2,400,0,0,1,0.840077,0.000961,0.36243,22201
58,0,-1.2,400,0,0,1,0.837557,0.00102,0.38628,22601
59,0,-1.2,400,0,0,1,0.835044,0.00092,0.40377,23001
60,0,-1.2,400,0,0,1,0.832539,0.001138,0.42795,23401
61,0,-1.2,400,0,0,1,0.830042,0.001208,0.4544,23801
62,0,-1.2,400,0,0,1,0.827551,0.001285,0.47122,24201
63,0,-1.2,400,0,0,1,0.825069,0.00153,0.49719,24601
64,0,-1.2,400,0,0,1,0.822594,0.001359,0.50913,25001
65,0,-1.2,400,0,0,1,0.820126,0.001535,0.5379,25401
66,0,-1.2,400,0,0,1,0.817665,0.001651,0.55365,25801
67,0,-1.2,400,0,0,1,0.815212,0.001283,0.57385,26201
68,0,-1.2,400,0,0,1,0.812767,0.001706,0.59709,26601
69,0,-1.2,400,0,0,1,0.810328,0.00135,0.6289,27001
70,0,-1.2,400,0,0,1,0.807897,0.001652,0.65564,27401
71,0,-1.2,400,0,0,1,0.805474,0.001799,0.67959,27801
72,0,-1.2,400,0,0,1,0.803057,0.00201,0.7055,28201
73,0,-1.2,400,0,0,1,0.800648,0.001945,0.74027,28601
74,0,-1.2,400,0,0,1,0.798246,0.001735,0.77649,29001
75,0,-1.2,400,0,0,1,0.795851,0.002577,0.81599,29401
76,0,-1.2,400,0,0,1,0.793464,0.001988,0.85003,29801
77,0,-1.2,400,0,0,1,0.791084,0.001785,0.88115,30201
78,0,-1.2,400,0,0,1,0.78871,0.002632,0.91778,30601
79,0,-1.2,400,0,0,1,0.786344,0.002189,0.95843,31001
80,0,-1.2,400,0,0,1,0.783985,0.002272,0.9976,31401
81,0,-1.2,400,0,0,1,0.781633,0.00254,1.03816,31801
82,0,-1.2,400,0,0,1,0.779288,0.002599,1.0709,32201
83,0,-1.2,400,0,0,1,0.77695,0.002615,1.11067,32601
84,0,-1.2,400,0,0,1,0.77462,0.002816,1.14515,33001
85,0,-1.2,400,0,0,1,0.772296,0.002859,1.18393,33401
86,0,-1.2,400,0,0,1,0.769979,0.00291,1.21493,33801
87,0,-1.2,400,0,0,1,0.767669,0.002975,1.25356,34201
88,0,-1.2,400,0,0,1,0.765366,0.002879,1.28988,34601
89,0,-1.2,400,0,0,1,0.76307,0.002758,1.32043,35001
90,0,-1.2,400,0,0,1,0.760781,0.00333,1.35683,35401
91,0,-1.2,400,0,0,1,0.758498,0.003458,1.39252,35801
92,0,-1.2,400,0,0,1,0.756223,0.003083,1.41945,36201
93,0,-1.2,400,0,0,1,0.753954,0.0036,1.46005,36601
94,0,-1.2,400,0,0,1,0.751692,0.003715,1.49295,37001
95,0,-1.2,400,0,0,1,0.749437,0.003594,1.52466,37401
96,0,-1.2,400,0,0,1,0.747189,0.003263,1.55464,37801
97,0,-1.2,400,0,0,1,0.744947,0.004009,1.5867,38201
98,0,-1.2,400,0,0,1,0.742712,0.004125,1.61608,38601
99,0,-1.2,400,0,0,1,0.740484,0.004025,1.63537,39001
100,0,-1.2,400,0,0,1,0.738263,0.003919,1.66839,39401
101,0,-1.2,400,0,0,1,0.736048,0.003837,1.69595,39801
102,0,-1.2,400,0,0,1,0.73384,0.003778,1.71563,40201
103,0,-1.2,400,0,0,1,0.731638,0.004044,1.7439,40601
104,0,-1.2,400,0,0,1,0.729443,0.003468,1.76411,41001
105,0,-1.2,400,0,0,1,0.727255,0.003804,1.78743,41401
106,0,-1.2,400,0,0,1,0.725073,0.00438,1.8044,41801
107,0,-1.2,400,0,0,1,0.722898,0.003779,1.82404,42201
108,0,-1.2,400,0,0,1,0.720729,0.004241,1.83895,42601
109,0,-1.2,400,0,0,1,0.718567,0.003525,1.85878,43001
110,0,-1.2,400,0,0,1,0.716412,0.004477,1.87476,43401
111,0,-1.2,400,0,0,1,0.714262,0.00323,1.89412,43801
112,0,-1.2,400,0,0,1,0.71212,0.00414,1.90938,44201
113,0,-1.2,400,0,0,1,0.709983,0.003713,1.92015,44601
114,0,-1.2,400,0,0,1,0.707853,0.004266,1.93208,45001
115,0,-1.2,400,0,0,1,0.70573,0.004574,1.94206,45401
116,0,-1.2,400,0,0,1,0.703612,0.004225,1.95556,45801
117,0,-1.2,400,0,0,1,0.701502,0.003859,1.96242,46201
118,0,-1.2,400,0,0,1,0.699397,0.003887,1.97616,46601
119,0,-1.2,400,0,0,1,0.697299,0.003958,1.98426,47001
120,0,-1.2,400,0,0,1,0.695207,0.004994,1.98541,47401
121,0,-1.2,400,0,0,1,0.693121,0.004581,1.99076,47801
122,0,-1.2,400,0,0,1,0.691042,0.004465,1.99986,48201
123,0,8.83589,390,1,0,0,0.688969,0.004568,2.00539,48592
124,0,-1.2,400,0,0,1,0.686902,0.003956,2.01329,48992
125,0,-1.2,400,0,0,1,0.684841,0.004581,2.01881,49392
126,0,-1.2,400,0,0,1,0.682787,0.004515,2.03196,49792
127,0,-1.2,400,0,0,1,0.680738,0.0045,2.0334,50192
128,0,-1.2,400,0,0,1,0.678696,0.005085,2.03836,50592
129,0,-1.2,400,0,0,1,0.67666,0.004717,2.04555,50992
130,0,-1.19903,400,0,0,1,0.67463,0.004908,2.05206,51392
131,0,-1.19668,400,0,0,1,0.672606,0.004876,2.06767,51792
132,0,-1.2,400,0,0,1,0.670588,0.004343,2.07773,52192
133,0,-1.2,400,0,0,1,0.668577,0.004906,2.0942,52592
134,0,-1.2,400,0,0,1,0.666571,0.00514,2.11381,52992
135,0,-1.2,400,0,0,1,0.664571,0.004826,2.13017,53392
136,0,-1.19838,400,0,0,1,0.662578,0.005216,2.14984,53792
137,0,8.9772,343,1,0,0,0.66059,0.004514,2.15605,54136
138,0,-1.2,400,0,0,1,0.658608,0.006149,2.16922,54536
139,0,9.19393,271,1,0,0,0.656632,0.004731,2.17578,54808
140,0,9.3124,231,1,0,0,0.654662,0.005124,2.19416,55040
141,0,8.82044,396,1,0,0,0.652698,0.005837,2.20687,55437
142,0,-1.19563,400,0,0,1,0.65074,0.004772,2.23556,55837
143,0,-1.19408,400,0,0,1,0.648788,0.005061,2.26992,56237
144,0,-1.19513,400,0,0,1,0.646842,0.005542,2.30134,56637
145,0,-1.19758,400,0,0,1,0.644901,0.005981,2.3319,57037
146,0,-1.19424,400,0,0,1,0.642966,0.006117,2.3635,57437
147,0,8.90799,368,1,0,0,0.641037,0.006916,2.4001,57806
148,0,-1.2,400,0,0,1,0.639114,0.005796,2.42769,58206
149,0,9.43827,189,1,0,0,0.637197,0.005582,2.4408,58396
150,0,8.94121,356,1,0,0,0.635285,0.006647,2.45889,58753
151,0,8.91528,364,1,0,0,0.63338,0.006522,2.48439,59118
152,0,9.15733,284,1,0,0,0.631479,0.006404,2.5117,59403
153,0,9.17639,277,1,0,0,0.629585,0.005463,2.53574,59681
154,0,9.2347,257,1,0,0,0.627696,0.007427,2.54291,59939
155,0,9.06375,314,1,0,0,0.625813,0.005327,2.56151,60254
156,0,9.17896,276,1,0,0,0.623936,0.006571,2.57276,60531
157,0,9.19574,270,1,0,0,0.622064,0.005847,2.59932,60802
158,0,9.04328,321,1,0,0,0.620198,0.00661,2.60674,61124
159,0,9.26476,247,1,0,0,0.618337,0.006776,2.632,61372
160,0,9.26485,247,1,0,0,0.616482,0.007606,2.64186,61620
161,0,-1.19725,400,0,0,1,0.614633,0.007568,2.66524,62020
162,0,-1.19775,400,0,0,1,0.612789,0.007491,2.68259,62420
163,0,9.24661,254,1,0,0,0.61095,0.006558,2.701,62675
164,0,8.85185,386,1,0,0,0.609118,0.007656,2.72301,63062
165,0,9.24685,253,1,0,0,0.60729,0.005995,2.73813,63316
166,0,9.31966,229,1,0,0,0.605468,0.007647,2.75348,63546
167,0,9.16102,282,1,0,0,0.603652,0.006641,2.76092,63829
168,0,9.24994,252,1,0,0,0.601841,0.007492,2.76974,64082
169,0,-1.19433,400,0,0,1,0.600035,0.00759,2.78745,64482
170,0,9.01346,331,1,0,0,0.598235,0.00663,2.81484,64814
171,0,9.06776,313,1,0,0,0.596441,0.006722,2.83377,65128
172,0,9.16256,281,1,0,0,0.594651,0.007474,2.84865,65410
173,0,8.91946,363,1,0,0,0.592867,0.006999,2.85866,65774
174,0,9.26047,249,1,0,0,0.591089,0.007313,2.88367,66024
175,0,9.30413,234,1,0,0,0.589315,0.006927,2.89717,66259
176,0,8.8149,398,1,0,0,0.587548,0.007993,2.89678,66658
177,0,9.18877,273,1,0,0,0.585785,0.007297,2.9379,66932
178,0,9.34091,222,1,0,0,0.584028,0.007858,2.94261,67155
179,0,9.31594,230,1,0,0,0.582275,0.006882,2.94397,67386
180,0,9.43874,189,1,0,0,0.580529,0.006536,2.96421,67576
181,0,9.42392,194,1,0,0,0.578787,0.007416,2.97331,67771
182,0,9.30841,233,1,0,0,0.577051,0.00668,2.98386,68005
183,0,9.26484,247,1,0,0,0.57532,0.008268,2.99305,68253
184,0,9.5229,161,1,0,0,0.573594,0.006159,3.00165,68415
185,0,9.40548,201,1,0,0,0.571873,0.006231,3.01582,68617
186,0,9.23874,256,1,0,0,0.570157,0.006883,3.03316,68874
187,0,9.23518,257,1,0,0,0.568447,0.00789,3.0359,69132
188,0,9.3495,219,1,0,0,0.566741,0.007785,3.07219,69352
189,0,9.35831,216,1,0,0,0.565041,0.005766,3.07207,69569
190,0,9.52595,160,1,0,0,0.563346,0.006786,3.07581,69730
191,0,9.43242,191,1,0,0,0.561656,0.006243,3.1025,69922
192,0,9.10287,301,1,0,0,0.559971,0.007883,3.11983,70224
193,0,9.22831,259,1,0,0,0.558291,0.006439,3.13301,70484
194,0,9.4693,179,1,0,0,0.556616,0.006087,3.15504,70664
195,0,9.15142,285,1,0,0,0.554946,0.006755,3.15863,70950
196,0,9.56801,146,1,0,0,0.553282,0.006684,3.19205,71097
197,0,9.54416,154,1,0,0,0.551622,0.006259,3.18505,71252
198,0,9.39397,204,1,0,0,0.549967,0.007752,3.20608,71457
199,0,9.50541,167,1,0,0,0.548317,0.006273,3.20275,71625
200,0,9.26456,247,1,0,0,0.546672,0.006886,3.21527,71873
201,0,9.54972,152,1,0,0,0.545032,0.005904,3.22134,72026
202,0,9.47807,176,1,0,0,0.543397,0.007084,3.24101,72203
203,0,9.36318,215,1,0,0,0.541767,0.006515,3.27809,72419
204,0,9.56136,148,1,0,0,0.540141,0.004984,3.28093,72568
205,0,9.49014,172,1,0,0,0.538521,0.006014,3.29512,72741
206,0,9.59216,139,1,0,0,0.536905,0.005072,3.30477,72881
207,0,9.54995,152,1,0,0,0.535295,0.007557,3.33735,73034
208,0,9.41135,198,1,0,0,0.533689,0.006101,3.33534,73233
209,0,9.37396,211,1,0,0,0.532088,0.007219,3.34604,73445
210,0,9.53192,158,1,0,0,0.530491,0.00614,3.37001,73604
211,0,9.10312,301,1,0,0,0.5289,0.00565,3.40749,73906
212,0,9.46875,179,1,0,0,0.527313,0.00559,3.4144,74086
213,0,9.42521,194,1,0,0,0.525731,0.006774,3.42613,74281
214,0,9.49841,169,1,0,0,0.524154,0.006763,3.44564,74451
215,0,9.46866,179,1,0,0,0.522582,0.006243,3.49256,74631
216,0,9.57689,143,1,0,0,0.521014,0.006379,3.49712,74775
217,0,9.58289,141,1,0,0,0.519451,0.005678,3.49226,74917
218,0,9.46834,179,1,0,0,0.517893,0.007073,3.5099,75097
219,0,9.52585,160,1,0,0,0.516339,0.006229,3.52484,75258
220,0,9.48988,172,1,0,0,0.51479,0.006823,3.5198,75431
221,0,9.58254,141,1,0,0,0.513245,0.006165,3.5578,75573
222,0,9.47448,177,1,0,0,0.511706,0.005393,3.58835,75751
223,0,9.50771,166,1,0,0,0.510171,0.005299,3.58596,75918
224,0,9.52829,160,1,0,0,0.50864,0.006395,3.61973,76079
225,0,9.45636,183,1,0,0,0.507114,0.005675,3.61742,76263
226,0,9.36102,215,1,0,0,0.505593,0.007559,3.63861,76479
227,0,9.62795,126,1,0,0,0.504076,0.006861,3.6542,76606
228,0,9.56787,146,1,0,0,0.502564,0.006352,3.68819,76753
229,0,9.49374,171,1,0,0,0.501056,0.007578,3.69788,76925
230,0,9.60356,134,1,0,0,0.499553,0.007078,3.69175,77060
231,0,9.54661,153,1,0,0,0.498054,0.006903,3.70167,77214
232,0,9.61309,131,1,0,0,0.49656,0.006181,3.70656,77346
233,0,9.34009,222,1,0,0,0.49507,0.006428,3.76525,77569
234,0,9.52275,161,1,0,0,0.493585,0.005906,3.76479,77731
235,0,9.6127,131,1,0,0,0.492105,0.00739,3.81175,77863
236,0,9.54998,152,1,0,0,0.490628,0.005992,3.82294,78016
237,0,9.50509,167,1,0,0,0.489156,0.00675,3.83157,78184
238,0,9.52456,161,1,0,0,0.487689,0.005306,3.83709,78346
239,0,9.42475,194,1,0,0,0.486226,0.005238,3.8889,78541
240,0,9.53763,156,1,0,0,0.484767,0.007686,3.92034,78698
241,0,9.59811,136,1,0,0,0.483313,0.006081,3.91596,78835
242,0,9.46804,180,1,0,0,0.481863,0.005536,3.93505,79016
243,0,9.61657,130,1,0,0,0.480417,0.003859,3.95432,79147
244,0,9.52917,159,1,0,0,0.478976,0.004502,3.99916,79307
245,0,9.57962,142,1,0,0,0.477539,0.003143,3.97241,79450
246,0,8.84462,387,1,0,0,0.476106,0.005853,4.06186,79838
247,0,9.58614,140,1,0,0,0.474678,0.005601,4.11744,79979
248,0,9.51662,163,1,0,0,0.473254,0.004596,4.1308,80143
249,0,9.47258,178,1,0,0,0.471834,0.005028,4.15413,80322
250,0,9.46005,182,1,0,0,0.470419,0.006298,4.1649,80505
251,0,9.54625,153,1,0,0,0.469008,0.006798,4.18524,80659
252,0,9.16866,279,1,0,0,0.467601,0.004307,4.27169,80939
253,0,9.53498,157,1,0,0,0.466198,0.005485,4.29998,81097
254,0,9.52324,161,1,0,0,0.464799,0.006737,4.30025,81259
255,0,9.57374,144,1,0,0,0.463405,0.006026,4.37758,81404
256,0,-1.19646,400,0,0,1,0.462015,0.005211,4.39568,81804
257,0,9.17257,278,1,0,0,0.460629,0.006802,4.47423,82083
258,0,9.394,204,1,0,0,0.459247,0.004929,4.53555,82288
259,0,9.59552,137,1,0,0,0.457869,0.006699,4.52367,82426
260,0,9.4928,171,1,0,0,0.456495,0.004957,4.60466,82598
261,0,9.32849,226,1,0,0,0.455126,0.006341,4.60895,82825
262,0,8.99462,337,1,0,0,0.45376,0.006739,4.65473,83163
263,0,-1.19566,400,0,0,1,0.452399,0.005197,4.7517,83563
264,0,9.52248,161,1,0,0,0.451042,0.00491,4.76613,83725
265,0,9.33979,222,1,0,0,0.449689,0.005254,4.78913,83948
266,0,9.36016,215,1,0,0,0.44834,0.005602,4.85707,84164
267,0,9.34943,219,1,0,0,0.446995,0.006105,4.90797,84384
268,0,9.40391,201,1,0,0,0.445654,0.006963,4.92476,84586
269,0,9.25902,249,1,0,0,0.444317,0.005113,4.93161,84836
270,0,9.206,267,1,0,0,0.442984,0.005998,5.01519,85104
271,0,9.39648,203,1,0,0,0.441655,0.0074,5.04754,85308
272,0,9.53851,156,1,0,0,0.44033,0.00571,5.07696,85465
273,0,9.61937,129,1,0,0,0.439009,0.004099,5.07181,85595
274,0,9.39944,202,1,0,0,0.437692,0.005454,5.09222,85798
275,0,9.57411,144,1,0,0,0.436379,0.009604,5.17255,85943
276,0,9.59497,137,1,0,0,0.43507,0.007574,5.16881,86081
277,0,9.68154,108,1,0,0,0.433765,0.004105,5.20433,86190
278,0,9.5714,145,1,0,0,0.432463,0.005123,5.21131,86336
279,0,9.49307,171,1,0,0,0.431166,0.004086,5.25541,86508
280,0,9.5254,160,1,0,0,0.429872,0.004706,5.22122,86669
281,0,9.56752,146,1,0,0,0.428583,0.007696,5.24515,86816
282,0,9.54677,153,1,0,0,0.427297,0.005539,5.282,86970
283,0,9.63377,124,1,0,0,0.426015,0.007131,5.31708,87095
284,0,9.63481,124,1,0,0,0.424737,0.009119,5.35569,87220
285,0,9.62587,127,1,0,0,0.423463,0.005566,5.40515,87348
286,0,9.49883,169,1,0,0,0.422192,0.007669,5.35008,87518
287,0,9.4839,174,1,0,0,0.420926,0.007031,5.38985,87693
288,0,9.60538,134,1,0,0,0.419663,0.005036,5.41508,87828
289,0,9.45079,185,1,0,0,0.418404,0.008481,5.42975,88014
290,0,9.46747,180,1,0,0,0.417149,0.0059,5.46905,88195
291,0,9.66353,114,1,0,0,0.415897,0.005595,5.47633,88310
292,0,9.54398,154,1,0,0,0.41465,0.005014,5.51184,88465
293,0,9.70059,102,1,0,0,0.413406,0.007282,5.50444,88568
294,0,9.66141,115,1,0,0,0.412166,0.003625,5.52334,88684
295,0,9.6749,111,1,0,0,0.410929,0.007127,5.54199,88796
296,0,9.56633,147,1,0,0,0.409696,0.008646,5.57233,88944
297,0,8.89004,372,1,0,0,0.408467,0.005256,5.58864,89317
298,0,9.22579,260,1,0,0,0.407242,0.00654,5.66511,89578
299,0,9.00856,333,1,0,0,0.40602,0.006127,5.7274,89912
300,0,9.62522,127,1,0,0,0.404802,0.003553,5.76766,90040
301,0,9.57974,142,1,0,0,0.403588,0.006442,5.7542,90183
302,0,9.64264,121,1,0,0,0.402377,0.004904,5.79003,90305
303,0,9.52934,159,1,0,0,0.40117,0.006455,5.80656,90465
304,0,9.60771,133,1,0,0,0.399966,0.005656,5.84927,90599
305,0,9.37619,210,1,0,0,0.398766,0.007191,5.86376,90810
306,0,9.58417,141,1,0,0,0.39757,0.007023,5.87399,90952
307,0,9.03097,325,1,0,0,0.396377,0.005216,5.92537,91278
308,0,9.68744,106,1,0,0,0.395188,0.004371,5.93803,91385
309,0,9.53252,158,1,0,0,0.394003,0.005697,5.98453,91544
310,0,9.46855,179,1,0,0,0.392821,0.004786,6.02489,91724
311,0,9.39522,204,1,0,0,0.391642,0.005532,6.05335,91929
312,0,9.65883,116,1,0,0,0.390467,0.006244,6.06764,92046
313,0,9.5588,149,1,0,0,0.389296,0.005266,6.08636,92196
314,0,9.17932,276,1,0,0,0.388128,0.003783,6.13799,92473
315,0,9.23797,256,1,0,0,0.386964,0.005982,6.16871,92730
316,0,9.45989,182,1,0,0,0.385803,0.004569,6.2126,92913
317,0,9.42363,194,1,0,0,0.384645,0.004181,6.23893,93108
318,0,9.58559,140,1,0,0,0.383491,0.005732,6.26017,93249
319,0,9.61601,130,1,0,0,0.382341,0.007958,6.30681,93380
320,0,9.62182,128,1,0,0,0.381194,0.005921,6.2847,93509
321,0,9.58258,141,1,0,0,0.38005,0.004304,6.28467,93651
322,0,9.59757,136,1,0,0,0.37891,0.005706,6.31925,93788
323,0,9.63666,123,1,0,0,0.377773,0.007504,6.35727,93912
324,0,9.60644,133,1,0,0,0.37664,0.007213,6.35913,94046
325,0,9.69366,104,1,0,0,0.37551,0.006689,6.36135,94151
326,0,9.70418,101,1,0,0,0.374384,0.005023,6.38307,94253
327,0,9.65176,118,1,0,0,0.37326,0.004338,6.45243,94372
328,0,9.64872,119,1,0,0,0.372141,0.003763,6.4091,94492
329,0,9.6723,111,1,0,0,0.371024,0.004401,6.41998,94604
330,0,9.70591,100,1,0,0,0.369911,0.005153,6.45509,94705
331,0,9.67001,112,1,0,0,0.368801,0.003072,6.43808,94818
332,0,9.64654,120,1,0,0,0.367695,0.004109,6.4859,94939
333,0,9.61273,131,1,0,0,0.366592,0.006134,6.54029,95071
334,0,9.67619,110,1,0,0,0.365492,0.004668,6.53721,95182
335,0,9.65504,117,1,0,0,0.364396,0.007575,6.54214,95300
336,0,9.63543,124,1,0,0,0.363302,0.005594,6.54211,95425
337,0,9.68855,106,1,0,0,0.362213,0.007879,6.56781,95532
338,0,9.64882,119,1,0,0,0.361126,0.007032,6.60273,95652
339,0,9.59491,137,1,0,0,0.360043,0.006411,6.64777,95790
340,0,9.7027,101,1,0,0,0.358962,0.005292,6.62668,95892
341,0,9.66389,114,1,0,0,0.357886,0.00681,6.67957,96007
342,0,9.67307,111,1,0,0,0.356812,0.007074,6.63003,96119
343,0,9.66953,112,1,0,0,0.355741,0.003937,6.66186,96232
344,0,9.52303,161,1,0,0,0.354674,0.007406,6.68664,96394
345,0,9.56858,146,1,0,0,0.35361,0.00221,6.71975,96541
346,0,9.358,216,1,0,0,0.352549,0.004663,6.74898,96758
347,0,9.61284,131,1,0,0,0.351492,0.006874,6.7506,96890
348,0,8.85372,384,1,0,0,0.350437,0.004668,6.81659,97275
349,0,9.59442,137,1,0,0,0.349386,0.006475,6.86036,97413
350,0,9.66036,115,1,0,0,0.348338,0.005237,6.88618,97529
351,0,9.04635,320,1,0,0,0.347293,0.006077,6.93711,97850
352,0,9.53207,158,1,0,0,0.346251,0.004135,6.96744,98009
353,0,9.6967,103,1,0,0,0.345212,0.003333,7.00258,98113
354,0,9.17523,277,1,0,0,0.344176,0.003861,6.99816,98391
355,0,9.60375,134,1,0,0,0.343144,0.004862,7.02585,98526
356,0,9.6965,103,1,0,0,0.342115,0.003803,7.03647,98630
357,0,9.66475,114,1,0,0,0.341088,0.00391,7.02397,98745
358,0,9.34895,219,1,0,0,0.340065,0.003024,7.06862,98965
359,0,8.94735,353,1,0,0,0.339045,0.005233,7.0684,99319
360,0,9.65827,116,1,0,0,0.338028,0.006086,7.16173,99436
361,0,9.56514,147,1,0,0,0.337014,0.004753,7.12695,99584
362,0,9.59564,137,1,0,0,0.336002,0.005652,7.15227,99722
363,0,9.47892,176,1,0,0,0.334994,0.00352,7.18486,99899
364,0,9.30843,233,1,0,0,0.333989,0.00528,7.20307,100133
365,0,9.43351,191,1,0,0,0.332988,0.005228,7.24326,100325
366,0,9.6618,115,1,0,0,0.331989,0.004418,7.24073,100441
367,0,9.55675,150,1,0,0,0.330993,0.006231,7.2805,100592
368,0,9.67862,109,1,0,0,0.33,0.002085,7.25601,100702
369,0,9.47738,176,1,0,0,0.32901,0.004277,7.27057,100879
370,0,9.7,102,1,0,0,0.328023,0.00314,7.29708,100982
371,0,9.77478,77,1,0,0,0.327039,0.005301,7.28192,101060
372,0,9.68545,107,1,0,0,0.326057,0.002644,7.28509,101168
373,0,9.7264,93,1,0,0,0.325079,0.003758,7.28692,101262
374,0,9.72359,94,1,0,0,0.324104,0.005509,7.30033,101357
375,0,9.68779,106,1,0,0,0.323132,0.002548,7.27731,101464
376,0,9.70593,100,1,0,0,0.322162,0.002769,7.33413,101565
377,0,9.73277,91,1,0,0,0.321196,0.005549,7.32957,101657
378,0,9.68792,106,1,0,0,0.320232,0.009417,7.31409,101764
379,0,9.69333,104,1,0,0,0.319272,0.003934,7.32278,101869
380,0,9.67471,111,1,0,0,0.318314,0.003246,7.34662,101981
381,0,9.76841,79,1,0,0,0.317359,0.004286,7.33414,102061
382,0,9.65731,116,1,0,0,0.316407,0.003223,7.35771,102178
383,0,9.70855,99,1,0,0,0.315457,0.00127,7.3293,102278
384,0,9.67594,110,1,0,0,0.314511,0.003782,7.30915,102389
385,0,9.67584,110,1,0,0,0.313568,0.003543,7.34136,102500
386,0,9.63381,124,1,0,0,0.312627,0.001959,7.31606,102625
387,0,9.72688,93,1,0,0,0.311689,0.002596,7.35779,102719
388,0,9.69692,103,1,0,0,0.310754,0.002622,7.36308,102823
389,0,9.75087,85,1,0,0,0.309822,0.00301,7.35683,102909
390,0,9.66425,114,1,0,0,0.308892,0.003585,7.37828,103024
391,0,9.72979,92,1,0,0,0.307965,0.003755,7.40556,103117
392,0,9.67301,111,1,0,0,0.307042,0.002955,7.38899,103229
393,0,9.7058,100,1,0,0,0.30612,0.003966,7.41747,103330
394,0,9.69645,103,1,0,0,0.305202,0.002503,7.40079,103434
395,0,9.72998,92,1,0,0,0.304287,0.002145,7.39407,103527
396,0,9.69726,103,1,0,0,0.303374,0.004562,7.4199,103631
397,0,9.76259,81,1,0,0,0.302464,0.002076,7.41095,103713
398,0,9.71281,98,1,0,0,0.301556,0.004105,7.40079,103812
399,0,9.73284,91,1,0,0,0.300651,0.00207,7.40473,103904
400,0,9.74446,87,1,0,0,0.29975,0.002011,7.44886,103992
401,0,9.75352,84,1,0,0,0.29885,0.001342,7.45165,104077
402,0,9.77485,77,1,0,0,0.297954,0.005218,7.40942,104155
403,0,9.72672,93,1,0,0,0.29706,0.002619,7.41687,104249
404,0,9.7865,73,1,0,0,0.296169,0.00045,7.43635,104323
405,0,-1.19209,400,0,0,1,0.29528,0.002167,7.4476,104723
406,0,9.70296,101,1,0,0,0.294394,0.003239,7.48887,104825
407,0,9.74749,86,1,0,0,0.293511,0.004023,7.48822,104912
408,0,9.74195,88,1,0,0,0.292631,0.003887,7.48915,105001
409,0,9.76228,81,1,0,0,0.291753,0.002879,7.45826,105083
410,0,9.76285,81,1,0,0,0.290877,0.008365,7.46476,105165
411,0,9.72063,95,1,0,0,0.290005,0.003745,7.50997,105261
412,0,9.68478,107,1,0,0,0.289135,0.003033,7.47433,105369
413,0,9.76559,80,1,0,0,0.288267,0.00225,7.47398,105450
414,0,9.76551,80,1,0,0,0.287403,0.003065,7.49989,105531
415,0,9.68781,106,1,0,0,0.28654,0.002305,7.49656,105638
416,0,9.72405,94,1,0,0,0.285681,0.002607,7.4752,105733
417,0,9.72982,92,1,0,0,0.284824,0.004703,7.49088,105826
418,0,9.75406,84,1,0,0,0.283969,0.004086,7.48604,105911
419,0,9.77532,77,1,0,0,0.283117,0.002221,7.49736,105989
420,0,9.73024,92,1,0,0,0.282268,0.002717,7.4859,106082
421,0,9.75052,85,1,0,0,0.281421,0.003123,7.50443,106168
422,0,9.72066,95,1,0,0,0.280577,0.00191,7.49835,106264
423,0,9.74752,86,1,0,0,0.279735,0.002146,7.50275,106351
424,0,9.7208,95,1,0,0,0.278896,0.001789,7.52487,106447
425,0,9.69388,104,1,0,0,0.278059,0.001751,7.50259,106552
426,0,9.70277,101,1,0,0,0.277225,0.001125,7.4941,106654
427,0,9.76557,80,1,0,0,0.276393,0.002137,7.49237,106735
428,0,9.70973,99,1,0,0,0.275564,0.003282,7.48021,106835
429,0,9.74203,88,1,0,0,0.274738,0.002018,7.49271,106924
430,0,9.72399,94,1,0,0,0.273913,0.002538,7.49084,107019
431,0,9.72091,95,1,0,0,0.273092,0.002769,7.50232,107115
432,0,9.73613,90,1,0,0,0.272272,0.001915,7.49665,107206
433,0,9.73559,90,1,0,0,0.271456,0.001903,7.47445,107297
434,0,9.69663,103,1,0,0,0.270641,0.002573,7.50579,107401
435,0,9.74762,86,1,0,0,0.269829,0.003106,7.51736,107488
436,0,9.74799,86,1,0,0,0.26902,0.003834,7.49843,107575
437,0,9.73311,91,1,0,0,0.268213,0.000332,7.49432,107667
438,0,9.74739,86,1,0,0,0.267408,0.000324,7.5268,107754
439,0,9.69999,102,1,0,0,0.266606,0.003241,7.47671,107857
440,0,9.73557,90,1,0,0,0.265806,0.001182,7.50915,107948
441,0,9.76255,81,1,0,0,0.265009,0.00133,7.53388,108030
442,0,9.76273,81,1,0,0,0.264214,0.001192,7.49325,108112
443,0,9.73876,89,1,0,0,0.263421,0.000317,7.48346,108202
444,0,9.7413,88,1,0,0,0.262631,0.001982,7.51077,108291
445,0,9.7627,81,1,0,0,0.261843,0.00128,7.49329,108373
446,0,9.70553,100,1,0,0,0.261057,0.000309,7.49442,108474
447,0,9.73269,91,1,0,0,0.260274,0.000352,7.52712,108566
448,0,9.75975,82,1,0,0,0.259493,0.002143,7.52906,108649
449,0,9.72946,92,1,0,0,0.258715,0.000312,7.50649,108742
450,0,9.7774,76,1,0,0,0.257939,0.002284,7.49991,108819
451,0,9.76844,79,1,0,0,0.257165,0.001231,7.51507,108899
452,0,9.74177,88,1,0,0,0.256393,0.00112,7.50267,108988
453,0,9.74561,87,1,0,0,0.255624,0.002822,7.4939,109076
454,0,9.74833,86,1,0,0,0.254857,0.002084,7.48466,109163
455,0,9.6893,106,1,0,0,0.254093,0.00388,7.53032,109270
456,0,9.75414,84,1,0,0,0.25333,0.002998,7.50724,109355
457,0,9.72402,94,1,0,0,0.25257,0.001909,7.52681,109450
458,0,9.78662,73,1,0,0,0.251813,0.00041,7.50086,109524
459,0,9.74199,88,1,0,0,0.251057,0.001934,7.51921,109613
460,0,9.69101,105,1,0,0,0.250304,0.000376,7.53221,109719
461,0,9.7775,76,1,0,0,0.249553,0.004276,7.52125,109796
462,0,9.74187,88,1,0,0,0.248805,0.001197,7.508,109885
463,0,-1.18908,400,0,0,1,0.248058,0.00107,7.52069,110285
464,0,9.77149,78,1,0,0,0.247314,0.001297,7.53296,110364
465,0,9.76896,79,1,0,0,0.246572,0.000352,7.54398,110444
466,0,9.73601,90,1,0,0,0.245832,0.000279,7.5336,110535
467,0,9.75374,84,1,0,0,0.245095,0.001178,7.53208,110620
468,0,9.78687,73,1,0,0,0.24436,0.000307,7.5451,110694
469,0,9.76001,82,1,0,0,0.243626,0.001262,7.544,110777
470,0,9.75422,84,1,0,0,0.242896,0.001271,7.56124,110862
471,0,9.71177,98,1,0,0,0.242167,0.000344,7.54246,110961
472,0,9.7566,83,1,0,0,0.24144,0.00303,7.54551,111045
473,0,9.76914,79,1,0,0,0.240716,0.001301,7.55584,111125
474,0,9.76542,80,1,0,0,0.239994,0.002211,7.53539,111206
475,0,9.76612,80,1,0,0,0.239274,0.002174,7.56119,111287
476,0,9.77203,78,1,0,0,0.238556,0.001236,7.53475,111366
477,0,9.78085,75,1,0,0,0.23784,0.003262,7.54214,111442
478,0,9.73254,91,1,0,0,0.237127,0.001107,7.54797,111534
479,0,9.76299,81,1,0,0,0.236416,0.000288,7.54441,111616
480,0,9.76305,81,1,0,0,0.235706,0.000258,7.53263,111698
481,0,9.75418,84,1,0,0,0.234999,0.002084,7.53983,111783
482,0,9.76253,81,1,0,0,0.234294,0.00214,7.5438,111865
483,0,9.71501,97,1,0,0,0.233591,0.001063,7.5211,111963
484,0,9.67322,111,1,0,0,0.232891,0.002267,7.54451,112075
485,0,9.79252,71,1,0,0,0.232192,0.000268,7.54987,112147
486,0,9.76544,80,1,0,0,0.231495,0.001153,7.54978,112228
487,0,8.91198,365,1,0,0,0.230801,0.000906,7.54416,112594
488,0,9.76287,81,1,0,0,0.230108,0.000325,7.53341,112676
489,0,9.76293,81,1,0,0,0.229418,0.000302,7.55768,112758
490,0,9.78376,74,1,0,0,0.22873,0.002294,7.52747,112833
491,0,9.71493,97,1,0,0,0.228044,0.001132,7.5412,112931
492,0,9.76314,81,1,0,0,0.227359,0.001167,7.5212,113013
493,0,9.7652,80,1,0,0,0.226677,0.000288,7.53991,113094
494,0,9.78334,74,1,0,0,0.225997,0.000274,7.54441,113169
495,0,9.75677,83,1,0,0,0.225319,0.002925,7.5376,113253
496,0,9.72415,94,1,0,0,0.224643,0.001057,7.53032,113348
497,0,9.72674,93,1,0,0,0.223969,0.000243,7.55096,113442
498,0,9.7722,78,1,0,0,0.223298,0.003105,7.52282,113521
499,0,9.7721,78,1,0,0,0.222628,0.001158,7.52157,113600
500,0,9.77157,78,1,0,0,0.22196,0.000222,7.50787,113679
501,0,9.78969,72,1,0,0,0.221294,0.000228,7.51735,113752
502,0,9.73616,90,1,0,0,0.22063,0.001104,7.54209,113843
503,0,9.76308,81,1,0,0,0.219968,0.000245,7.54318,113925
504,0,9.7299,92,1,0,0,0.219308,0.001893,7.52882,114018
505,0,9.79001,72,1,0,0,0.21865,0.000208,7.53988,114091
506,0,9.75956,82,1,0,0,0.217994,0.00115,7.55742,114174
507,0,9.78055,75,1,0,0,0.21734,0.00026,7.52717,114250
508,0,9.73298,91,1,0,0,0.216688,0.000217,7.52423,114342
509,0,9.79831,69,1,0,0,0.216038,0.001288,7.53167,114412
510,0,9.76273,81,1,0,0,0.21539,0.000226,7.54542,114494
511,0,9.70873,99,1,0,0,0.214744,0.000982,7.52665,114594
512,0,9.76577,80,1,0,0,0.2141,0.001137,7.53227,114675
513,0,9.70301,101,1,0,0,0.213457,0.000237,7.52003,114777
514,0,9.74509,87,1,0,0,0.212817,0.001192,7.52531,114865
515,0,9.7716,78,1,0,0,0.212179,0.000258,7.52798,114944
516,0,9.74783,86,1,0,0,0.211542,0.00023,7.54684,115031
517,0,9.79226,71,1,0,0,0.210907,0.000272,7.52818,115103
518,0,9.78081,75,1,0,0,0.210275,0.000208,7.51387,115179
519,0,9.77561,77,1,0,0,0.209644,0.002109,7.5372,115257
520,0,9.77417,77,1,0,0,0.209015,0.000295,7.51111,115335
521,0,9.72699,93,1,0,0,0.208388,0.000252,7.54089,115429
522,0,9.73321,91,1,0,0,0.207763,0.001819,7.54418,115521
523,0,9.78152,75,1,0,0,0.20714,0.003136,7.50751,115597
524,0,9.74249,88,1,0,0,0.206518,0.000275,7.53276,115686
525,0,9.76558,80,1,0,0,0.205899,0.00024,7.52563,115767
526,0,9.78965,72,1,0,0,0.205281,0.000231,7.50842,115840
527,0,9.78381,74,1,0,0,0.204665,0.002127,7.50934,115915
528,0,9.74161,88,1,0,0,0.204051,0.000242,7.53886,116004
529,0,9.74165,88,1,0,0,0.203439,0.0011,7.53649,116093
530,0,9.78048,75,1,0,0,0.202829,0.000281,7.52693,116169
531,0,9.74154,88,1,0,0,0.20222,0.000272,7.53722,116258
532,0,9.72974,92,1,0,0,0.201613,0.000245,7.51057,116351
533,0,9.73251,91,1,0,0,0.201009,0.000232,7.54365,116443
534,0,9.73981,89,1,0,0,0.200406,0.001106,7.52117,116533
535,0,9.61271,131,1,0,0,0.199804,0.001404,7.51217,116665
536,0,9.69164,105,1,0,0,0.199205,0.000205,7.5323,116771
537,0,9.75945,82,1,0,0,0.198607,0.001125,7.53165,116854
538,0,9.77188,78,1,0,0,0.198011,0.000234,7.55151,116933
539,0,9.74122,88,1,0,0,0.197417,0.001034,7.53393,117022
540,0,9.72404,94,1,0,0,0.196825,0.001701,7.52501,117117
541,0,9.74447,87,1,0,0,0.196235,0.000262,7.50977,117205
542,0,9.73569,90,1,0,0,0.195646,0.004945,7.5235,117296
543,0,9.77775,76,1,0,0,0.195059,0.000243,7.50635,117373
544,0,9.59786,136,1,0,0,0.194474,0.001802,7.51631,117510
545,0,9.73859,89,1,0,0,0.19389,0.001829,7.48489,117600
546,0,9.77475,77,1,0,0,0.193309,0.000228,7.52376,117678
547,0,9.75993,82,1,0,0,0.192729,0.003619,7.53517,117761
548,0,9.78667,73,1,0,0,0.192151,0.000246,7.51586,117835
549,0,9.72566,94,1,0,0,0.191574,0.00171,7.54585,117930
550,0,9.71742,96,1,0,0,0.190999,0.001777,7.52905,118027
551,0,9.76074,82,1,0,0,0.190427,0.001102,7.51073,118110
552,0,9.76601,80,1,0,0,0.189855,0.000247,7.53744,118191
553,0,9.73303,91,1,0,0,0.189286,0.000275,7.54567,118283
554,0,9.79362,71,1,0,0,0.188718,0.000215,7.54054,118355
555,0,9.78053,75,1,0,0,0.188152,0.001204,7.51347,118431
556,0,9.7394,89,1,0,0,0.187587,0.001049,7.51308,118521
557,0,9.80502,67,1,0,0,0.187024,0.000285,7.52807,118589
558,0,9.8252,60,1,0,0,0.186463,0.00024,7.53814,118650
559,0,9.76591,80,1,0,0,0.185904,0.001142,7.55162,118731
560,0,9.73027,92,1,0,0,0.185346,0.001031,7.5429,118824
561,0,9.76639,80,1,0,0,0.18479,0.005476,7.49832,118905
562,0,9.72978,92,1,0,0,0.184236,0.000237,7.52883,118998
563,0,9.75968,82,1,0,0,0.183683,0.001964,7.55225,119081
564,0,9.76587,80,1,0,0,0.183132,0.001117,7.52474,119162
565,0,9.76041,82,1,0,0,0.182583,0.001098,7.53408,119245
566,0,9.71435,97,1,0,0,0.182035,0.000934,7.52774,119343
567,0,9.73549,90,1,0,0,0.181489,0.001027,7.53409,119434
568,0,9.76842,79,1,0,0,0.180944,0.001151,7.54871,119514
569,0,9.77577,77,1,0,0,0.180402,0.000217,7.5297,119592
570,0,9.76856,79,1,0,0,0.17986,0.000206,7.53683,119672
571,0,9.76571,80,1,0,0,0.179321,0.001985,7.52797,119753
572,0,9.72638,93,1,0,0,0.178783,0.000231,7.52072,119847
573,0,9.73616,90,1,0,0,0.178246,0.000198,7.53321,119938
574,0,9.72413,94,1,0,0,0.177712,0.000318,7.53583,120033
575,0,9.74757,86,1,0,0,0.177179,0.00179,7.55907,120120
576,0,9.73896,89,1,0,0,0.176647,0.000311,7.54411,120210
577,0,9.76621,80,1,0,0,0.176117,0.002074,7.54846,120291
578,0,9.77466,77,1,0,0,0.175589,0.00025,7.55426,120369
579,0,9.77145,78,1,0,0,0.175062,0.000238,7.54571,120448
580,0,9.72677,93,1,0,0,0.174537,0.000232,7.55796,120542
581,0,9.76594,80,1,0,0,0.174013,0.000246,7.5702,120623
582,0,9.78344,74,1,0,0,0.173491,0.002191,7.53839,120698
583,0,9.75957,82,1,0,0,0.172971,0.001127,7.5327,120781
584,0,9.76563,80,1,0,0,0.172452,0.000241,7.53348,120862
585,0,9.78363,74,1,0,0,0.171934,0.001144,7.58488,120937
586,0,9.79273,71,1,0,0,0.171419,0.001186,7.57025,121009
587,0,9.7743,77,1,0,0,0.170904,0.003822,7.56186,121087
588,0,9.77149,78,1,0,0,0.170392,0.000246,7.55262,121166
589,0,9.79271,71,1,0,0,0.16988,0.002158,7.54557,121238
590,0,9.77286,78,1,0,0,0.169371,0.001171,7.55611,121317
591,0,9.76255,81,1,0,0,0.168863,0.000253,7.55023,121399
592,0,9.76919,79,1,0,0,0.168356,0.00114,7.5703,121479
593,0,9.78063,75,1,0,0,0.167851,0.001207,7.58354,121555
594,0,9.80721,66,1,0,0,0.167347,0.000296,7.56563,121622
595,0,9.81084,65,1,0,0,0.166845,0.000226,7.54594,121688
596,0,9.78375,74,1,0,0,0.166345,0.003055,7.60817,121763
597,0,9.79259,71,1,0,0,0.165846,0.001241,7.53381,121835
598,0,9.77201,78,1,0,0,0.165348,0.000278,7.56117,121914
599,0,9.7864,73,1,0,0,0.164852,0.000252,7.58843,121988
600,0,9.77809,76,1,0,0,0.164358,0.001259,7.56284,122065
601,0,9.79897,69,1,0,0,0.163865,0.000261,7.6005,122135
602,0,9.78758,73,1,0,0,0.163373,0.001141,7.57652,122209
603,0,9.79843,69,1,0,0,0.162883,0.000263,7.55654,122279
604,0,9.76615,80,1,0,0,0.162394,0.000281,7.58785,122360
605,0,9.7668,80,1,0,0,0.161907,0.002823,7.59507,122441
606,0,9.78419,74,1,0,0,0.161421,0.00117,7.58594,122516
607,0,9.78372,74,1,0,0,0.160937,0.000312,7.57129,122591
608,0,9.77839,76,1,0,0,0.160454,0.002059,7.55885,122668
609,0,9.75225,85,1,0,0,0.159973,0.000279,7.55753,122754
610,0,9.80795,66,1,0,0,0.159493,0.000234,7.55818,122821
611,0,9.79612,70,1,0,0,0.159015,0.001253,7.60558,122892
612,0,9.77839,76,1,0,0,0.158538,0.000253,7.60942,122969
613,0,9.78339,74,1,0,0,0.158062,0.000254,7.58374,123044
614,0,9.81389,64,1,0,0,0.157588,0.001361,7.57966,123109
615,0,9.81655,63,1,0,0,0.157115,0.000279,7.59201,123173
616,0,9.76861,79,1,0,0,0.156644,0.000292,7.60186,123253
617,0,9.79756,70,1,0,0,0.156174,0.000296,7.61013,123324
618,0,9.80173,68,1,0,0,0.155705,0.000286,7.59697,123393
619,0,9.76,82,1,0,0,0.155238,0.001092,7.60713,123476
620,0,9.8166,63,1,0,0,0.154772,0.001421,7.61205,123540
621,0,9.76945,79,1,0,0,0.154308,0.00032,7.56919,123620
622,0,9.81999,62,1,0,0,0.153845,0.000324,7.60581,123683
623,0,9.80144,68,1,0,0,0.153384,0.000268,7.61413,123752
624,0,9.79238,71,1,0,0,0.152923,0.000247,7.61211,123824
625,0,9.80502,67,1,0,0,0.152465,0.000249,7.61352,123892
626,0,9.80177,68,1,0,0,0.152007,0.000261,7.61459,123961
627,0,9.79591,70,1,0,0,0.151551,0.002232,7.62383,124032
628,0,9.7807,75,1,0,0,0.151097,0.000329,7.62661,124108
629,0,9.7863,73,1,0,0,0.150643,0.000301,7.62801,124182
630,0,9.80758,66,1,0,0,0.150191,0.001337,7.62807,124249
631,0,9.76867,79,1,0,0,0.149741,0.000282,7.6345,124329
632,0,9.76546,80,1,0,0,0.149292,0.001086,7.62752,124410
633,0,9.78421,74,1,0,0,0.148844,0.000307,7.64703,124485
634,0,9.79286,71,1,0,0,0.148397,0.002194,7.64329,124557
635,0,9.80778,66,1,0,0,0.147952,0.001319,7.65071,124624
636,0,9.80187,68,1,0,0,0.147508,0.001321,7.6051,124693
637,0,9.81648,63,1,0,0,0.147066,0.000275,7.60744,124757
638,0,9.80146,68,1,0,0,0.146624,0.001304,7.62953,124826
639,0,9.81111,65,1,0,0,0.146184,0.000249,7.64092,124892
640,0,9.81046,65,1,0,0,0.145746,0.000241,7.64233,124958
641,0,9.81386,64,1,0,0,0.145309,0.000309,7.61844,125023
642,0,9.78698,73,1,0,0,0.144873,0.001228,7.63579,125097
643,0,9.80476,67,1,0,0,0.144438,0.000238,7.62189,125165
644,0,9.7659,80,1,0,0,0.144005,0.000256,7.6613,125246
645,0,9.81978,62,1,0,0,0.143573,0.000308,7.67597,125309
646,0,9.79269,71,1,0,0,0.143142,0.00026,7.64111,125381
647,0,9.76652,80,1,0,0,0.142713,0.001108,7.66587,125462
648,0,9.7989,69,1,0,0,0.142285,0.000257,7.66901,125532
649,0,9.79554,70,1,0,0,0.141858,0.001219,7.63634,125603
650,0,9.78727,73,1,0,0,0.141432,0.001245,7.65133,125677
651,0,9.79557,70,1,0,0,0.141008,0.003252,7.6545,125748
652,0,9.79587,70,1,0,0,0.140585,0.000288,7.66317,125819
653,0,9.80774,66,1,0,0,0.140163,0.001451,7.67262,125886
654,0,9.77527,77,1,0,0,0.139743,0.002079,7.67335,125964
655,0,9.81398,64,1,0,0,0.139323,0.000259,7.65508,126029
656,0,9.78984,72,1,0,0,0.138905,0.000216,7.67433,126102
657,0,9.81057,65,1,0,0,0.138489,0.000228,7.69227,126168
658,0,9.79886,69,1,0,0,0.138073,0.001151,7.65422,126238
659,0,9.80226,68,1,0,0,0.137659,0.000244,7.67019,126307
660,0,9.82557,60,1,0,0,0.137246,0.000226,7.6789,126368
661,0,9.81329,64,1,0,0,0.136834,0.000249,7.70891,126433
662,0,9.80456,67,1,0,0,0.136424,0.001269,7.67751,126501
663,0,9.82554,60,1,0,0,0.136014,0.00025,7.68387,126562
664,0,9.80486,67,1,0,0,0.135606,0.000231,7.71614,126630
665,0,9.76886,79,1,0,0,0.1352,0.000233,7.67908,126710
666,0,9.79626,70,1,0,0,0.134794,0.000224,7.6968,126781
667,0,9.82523,60,1,0,0,0.13439,0.00027,7.69073,126842
668,0,9.81054,65,1,0,0,0.133986,0.000322,7.71485,126908
669,0,9.77757,76,1,0,0,0.133584,0.000213,7.70866,126985
670,0,9.7928,71,1,0,0,0.133184,0.002211,7.71151,127057
671,0,9.7986,69,1,0,0,0.132784,0.000236,7.6899,127127
672,0,9.81386,64,1,0,0,0.132386,0.000221,7.7329,127192
673,0,9.8136,64,1,0,0,0.131989,0.001258,7.69331,127257
674,0,9.82326,61,1,0,0,0.131593,0.000258,7.72784,127319
675,0,9.82257,61,1,0,0,0.131198,0.000235,7.69497,127381
676,0,9.81391,64,1,0,0,0.130804,0.000234,7.71133,127446
677,0,9.80757,66,1,0,0,0.130412,0.001298,7.73587,127513
678,0,9.80169,68,1,0,0,0.130021,0.000208,7.73534,127582
679,0,9.77757,76,1,0,0,0.129631,0.000207,7.72594,127659
680,0,9.79885,69,1,0,0,0.129242,0.000225,7.73091,127729
681,0,9.80825,66,1,0,0,0.128854,0.000254,7.73252,127796
682,0,9.80197,68,1,0,0,0.128467,0.000253,7.73498,127865
683,0,9.81057,65,1,0,0,0.128082,0.000229,7.73628,127931
684,0,9.82252,61,1,0,0,0.127698,0.000261,7.7288,127993
685,0,9.81357,64,1,0,0,0.127315,0.001354,7.74817,128058
686,0,9.81422,64,1,0,0,0.126933,0.000251,7.73802,128123
687,0,9.80484,67,1,0,0,0.126552,0.001198,7.7525,128191
688,0,9.80118,68,1,0,0,0.126172,0.00128,7.72117,128260
689,0,9.81379,64,1,0,0,0.125794,0.000216,7.77705,128325
690,0,9.81983,62,1,0,0,0.125416,0.00024,7.7506,128388
691,0,9.81657,63,1,0,0,0.12504,0.002393,7.72304,128452
692,0,9.8226,61,1,0,0,0.124665,0.001308,7.74476,128514
693,0,9.81724,63,1,0,0,0.124291,0.002451,7.73653,128578
694,0,9.80758,66,1,0,0,0.123918,0.001327,7.7482,128645
695,0,9.7986,69,1,0,0,0.123546,0.000259,7.73106,128715
696,0,9.79622,70,1,0,0,0.123176,0.001132,7.7629,128786
697,0,9.7986,69,1,0,0,0.122806,0.001132,7.75988,128856
698,0,9.8023,68,1,0,0,0.122438,0.000225,7.77359,128925
699,0,9.79534,70,1,0,0,0.122071,0.000198,7.77338,128996
700,0,9.77231,78,1,0,0,0.121704,0.001137,7.76144,129075
701,0,9.80757,66,1,0,0,0.121339,0.003144,7.74534,129142
702,0,9.82025,62,1,0,0,0.120975,0.000275,7.73953,129205
703,0,9.82586,60,1,0,0,0.120612,0.000203,7.75846,129266
704,0,9.79619,70,1,0,0,0.12025,0.001207,7.77123,129337
705,0,9.82928,59,1,0,0,0.11989,0.001327,7.72689,129397
706,0,9.82028,62,1,0,0,0.11953,0.002415,7.75431,129460
707,0,9.81986,62,1,0,0,0.119171,0.003597,7.77635,129523
708,0,9.81425,64,1,0,0,0.118814,0.001321,7.77179,129588
709,0,9.79552,70,1,0,0,0.118457,0.001119,7.78526,129659
710,0,9.81099,65,1,0,0,0.118102,0.000223,7.76633,129725
711,0,9.79573,70,1,0,0,0.117748,0.000202,7.76868,129796
712,0,9.82027,62,1,0,0,0.117395,0.001255,7.78053,129859
713,0,9.79587,70,1,0,0,0.117042,0.000212,7.76029,129930
714,0,9.81998,62,1,0,0,0.116691,0.001343,7.76307,129993
715,0,9.82582,60,1,0,0,0.116341,0.001357,7.75971,130054
716,0,9.82026,62,1,0,0,0.115992,0.000204,7.76421,130117
717,0,9.80828,66,1,0,0,0.115644,0.000182,7.78201,130184
718,0,9.8233,61,1,0,0,0.115297,0.00021,7.77739,130246
719,0,9.80501,67,1,0,0,0.114951,0.000205,7.76526,130314
720,0,9.81404,64,1,0,0,0.114606,0.000198,7.80745,130379
721,0,9.79615,70,1,0,0,0.114263,0.001186,7.75556,130450
722,0,9.79536,70,1,0,0,0.11392,0.000219,7.79831,130521
723,0,9.81146,65,1,0,0,0.113578,0.000202,7.79455,130587
724,0,9.82627,60,1,0,0,0.113237,0.002456,7.78322,130648
725,0,9.81986,62,1,0,0,0.112898,0.000201,7.78059,130711
726,0,9.80232,68,1,0,0,0.112559,0.001174,7.78612,130780
727,0,9.80797,66,1,0,0,0.112221,0.000228,7.76785,130847
728,0,9.83161,58,1,0,0,0.111885,0.001333,7.79521,130906
729,0,9.81927,62,1,0,0,0.111549,0.000239,7.78517,130969
730,0,9.81088,65,1,0,0,0.111214,0.001301,7.76536,131035
731,0,9.80761,66,1,0,0,0.110881,0.000234,7.79504,131102
732,0,9.82298,61,1,0,0,0.110548,0.000256,7.77716,131164
733,0,9.80187,68,1,0,0,0.110216,0.001245,7.78602,131233
734,0,9.83221,58,1,0,0,0.109886,0.001417,7.76919,131292
735,0,9.83187,58,1,0,0,0.109556,0.000215,7.79343,131351
736,0,9.79887,69,1,0,0,0.109227,0.001133,7.75146,131421
737,0,9.80755,66,1,0,0,0.1089,0.000205,7.77264,131488
738,0,9.82623,60,1,0,0,0.108573,0.001373,7.77862,131549
739,0,9.80531,67,1,0,0,0.108247,0.000204,7.78618,131617
740,0,9.79929,69,1,0,0,0.107923,0.001215,7.80636,131687
741,0,9.80757,66,1,0,0,0.107599,0.000173,7.78772,131754
742,0,9.8013,68,1,0,0,0.107276,0.001159,7.783,131823
743,0,9.78995,72,1,0,0,0.106954,0.000262,7.79365,131896
744,0,9.8226,61,1,0,0,0.106633,0.000197,7.80275,131958
745,0,9.79258,71,1,0,0,0.106313,0.001099,7.79194,132030
746,0,9.81966,62,1,0,0,0.105994,0.000201,7.7672,132093
747,0,9.82294,61,1,0,0,0.105676,0.000214,7.76781,132155
748,0,9.81131,65,1,0,0,0.105359,0.001282,7.78288,132221
749,0,9.81692,63,1,0,0,0.105043,0.000178,7.79301,132285
750,0,9.8166,63,1,0,0,0.104728,0.000186,7.80481,132349
751,0,9.82035,62,1,0,0,0.104414,0.000194,7.76974,132412
752,0,9.82254,61,1,0,0,0.104101,0.00022,7.81211,132474
753,0,9.82035,62,1,0,0,0.103789,0.00126,7.78717,132537
754,0,9.81367,64,1,0,0,0.103477,0.002182,7.76695,132602
755,0,9.80512,67,1,0,0,0.103167,0.002259,7.78916,132670
756,0,9.81732,63,1,0,0,0.102857,0.00129,7.80003,132734
757,0,9.81095,65,1,0,0,0.102549,0.000189,7.75572,132800
758,0,9.81338,64,1,0,0,0.102241,0.000168,7.77382,132865
759,0,9.81995,62,1,0,0,0.101934,0.000192,7.78329,132928
760,0,9.82631,60,1,0,0,0.101628,0.000179,7.79158,132989
761,0,9.83166,58,1,0,0,0.101324,0.00019,7.78027,133048
762,0,9.79256,71,1,0,0,0.10102,0.000213,7.77056,133120
763,0,9.81977,62,1,0,0,0.100717,0.00132,7.74092,133183
764,0,9.81695,63,1,0,0,0.100414,0.001222,7.76395,133247
765,0,9.81125,65,1,0,0,0.100113,0.001272,7.7801,133313
766,0,9.81713,63,1,0,0,0.1,0.000181,7.77034,133377
767,0,9.81933,62,1,0,0,0.1,0.000187,7.8074,133440
768,0,9.81699,63,1,0,0,0.1,0.000177,7.78757,133504
769,0,9.81432,64,1,0,0,0.1,0.001171,7.76606,133569
770,0,9.81394,64,1,0,0,0.1,0.000181,7.79468,133634
771,0,9.838,56,1,0,0,0.1,0.000198,7.78291,133691
772,0,9.82572,60,1,0,0,0.1,0.000184,7.79255,133752
773,0,9.84076,55,1,0,0,0.1,0.000165,7.72792,133808
774,0,9.80213,68,1,0,0,0.1,0.000153,7.78395,133877
775,0,9.78135,75,1,0,0,0.1,0.00106,7.76225,133953
776,0,9.8149,64,1,0,0,0.1,0.000166,7.77304,134018
777,0,9.8256,60,1,0,0,0.1,0.000179,7.78334,134079
778,0,9.82541,60,1,0,0,0.1,0.000155,7.81494,134140
779,0,9.80833,66,1,0,0,0.1,0.000168,7.76361,134207
780,0,9.84665,53,1,0,0,0.1,0.00014,7.74028,134261
781,0,9.78698,73,1,0,0,0.1,0.000174,7.76125,134335
782,0,9.8076,66,1,0,0,0.1,0.002127,7.76872,134402
783,0,9.82264,61,1,0,0,0.1,0.000267,7.75792,134464
784,0,9.80426,67,1,0,0,0.1,0.002101,7.77388,134532
785,0,9.81712,63,1,0,0,0.1,0.003213,7.76917,134596
786,0,9.81618,63,1,0,0,0.1,0.00021,7.78085,134660
787,0,9.83832,56,1,0,0,0.1,0.000205,7.75934,134717
788,0,9.81721,63,1,0,0,0.1,0.002228,7.78345,134781
789,0,9.8286,59,1,0,0,0.1,0.000174,7.78198,134841
790,0,9.82877,59,1,0,0,0.1,0.000155,7.77612,134901
791,0,9.84729,53,1,0,0,0.1,0.001366,7.76273,134955
792,0,9.83451,57,1,0,0,0.1,0.000151,7.78366,135013
793,0,9.84372,54,1,0,0,0.1,0.001326,7.75029,135068
794,0,9.83222,58,1,0,0,0.1,0.000183,7.74578,135127
795,0,9.82327,61,1,0,0,0.1,0.000159,7.76775,135189
796,0,9.82289,61,1,0,0,0.1,0.000162,7.75863,135251
797,0,9.82329,61,1,0,0,0.1,0.000163,7.79221,135313
798,0,9.83781,56,1,0,0,0.1,0.000188,7.7851,135370
799,0,9.82879,59,1,0,0,0.1,0.001265,7.77728,135430
800,1,9.33691,223,1,0,0,0.3988,0.00117,7.75083,135654
801,1,-1.06,20,0,1,0,0.397604,0.000392,7.79295,135675
802,1,-1.075,25,0,1,0,0.396411,0.002805,7.77275,135701
803,1,9.67877,109,1,0,0,0.395222,0.000308,7.76273,135811
804,1,9.73285,91,1,0,0,0.394036,0.001524,7.75512,135903
805,1,9.71793,96,1,0,0,0.392854,0.000898,7.78586,136000
806,1,9.64246,121,1,0,0,0.391675,0.000553,7.7583,136122
807,1,9.69969,102,1,0,0,0.3905,0.000968,7.76293,136225
808,1,9.70282,101,1,0,0,0.389329,0.001063,7.75242,136327
809,1,9.7023,101,1,0,0,0.388161,0.002069,7.77439,136429
810,1,-1.126,42,0,1,0,0.386996,0.000822,7.73736,136472
811,1,-1.108,36,0,1,0,0.385835,0.001877,7.74722,136509
812,1,9.7538,84,1,0,0,0.384678,0.00274,7.75156,136594
813,1,9.71454,97,1,0,0,0.383524,0.000685,7.76124,136692
814,1,9.70579,100,1,0,0,0.382373,0.002131,7.75481,136793
815,1,9.62596,127,1,0,0,0.381226,0.001225,7.75386,136921
816,1,9.71501,97,1,0,0,0.380082,0.0018,7.72896,137019
817,1,9.67577,110,1,0,0,0.378942,0.001293,7.76284,137130
818,1,9.69042,105,1,0,0,0.377805,0.00147,7.74646,137236
819,1,9.6248,127,1,0,0,0.376672,0.002498,7.74212,137364
820,1,9.67557,110,1,0,0,0.375542,0.001752,7.74691,137475
821,1,9.69655,103,1,0,0,0.374415,0.001461,7.77361,137579
822,1,9.65166,118,1,0,0,0.373292,0.001788,7.76697,137698
823,1,9.71168,98,1,0,0,0.372172,0.002922,7.75528,137797
824,1,9.65733,116,1,0,0,0.371056,0.002389,7.7585,137914
825,1,9.71436,97,1,0,0,0.369942,0.001643,7.74859,138012
826,1,9.68025,109,1,0,0,0.368833,0.002496,7.75204,138122
827,1,9.67853,109,1,0,0,0.367726,0.001309,7.736,138232
828,1,9.72126,95,1,0,0,0.366623,0.000748,7.7223,138328
829,1,9.67588,110,1,0,0,0.365523,0.001505,7.74588,138439
830,1,9.64824,119,1,0,0,0.364426,0.000716,7.73685,138559
831,1,9.71238,98,1,0,0,0.363333,0.001839,7.74814,138658
832,1,9.70312,101,1,0,0,0.362243,0.000686,7.73118,138760
833,1,9.72358,94,1,0,0,0.361156,0.001031,7.71651,138855
834,1,9.72981,92,1,0,0,0.360073,0.001067,7.77334,138948
835,1,9.68222,108,1,0,0,0.358993,0.001163,7.74455,139057
836,1,9.71805,96,1,0,0,0.357916,0.000634,7.73205,139154
837,1,9.70559,100,1,0,0,0.356842,0.000965,7.72209,139255
838,1,9.69085,105,1,0,0,0.355772,0.001177,7.73654,139361
839,1,9.74261,88,1,0,0,0.354704,0.001162,7.74036,139450
840,1,9.70912,99,1,0,0,0.35364,0.00218,7.73643,139550
841,1,9.72114,95,1,0,0,0.352579,0.001227,7.72952,139646
842,1,9.66368,114,1,0,0,0.351521,0.000631,7.7168,139761
843,1,9.61303,131,1,0,0,0.350467,0.001523,7.71422,139893
844,1,9.77501,77,1,0,0,0.349415,0.000614,7.70013,139971
845,1,9.70881,99,1,0,0,0.348367,0.00189,7.72507,140071
846,1,9.67264,111,1,0,0,0.347322,0.00299,7.71348,140183
847,1,9.71438,97,1,0,0,0.34628,0.00064,7.71808,140281
848,1,9.5891,139,1,0,0,0.345241,0.002042,7.71251,140421
849,1,9.73626,90,1,0,0,0.344206,0.001368,7.73258,140512
850,1,9.69629,103,1,0,0,0.343173,0.000578,7.71773,140616
851,1,9.73552,90,1,0,0,0.342143,0.000554,7.70523,140707
852,1,9.68533,107,1,0,0,0.341117,0.001879,7.73419,140815
853,1,9.75107,85,1,0,0,0.340094,0.001973,7.70871,140901
854,1,9.67345,111,1,0,0,0.339073,0.00097,7.70133,141013
855,1,9.72373,94,1,0,0,0.338056,0.001817,7.71873,141108
856,1,9.74143,88,1,0,0,0.337042,0.001687,7.69611,141197
857,1,9.69075,105,1,0,0,0.336031,0.001021,7.70046,141303
858,1,9.74431,87,1,0,0,0.335023,0.002423,7.69826,141391
859,1,9.73851,89,1,0,0,0.334018,0.002466,7.70396,141481
860,1,9.68481,107,1,0,0,0.333016,0.000589,7.70182,141589
861,1,9.73035,92,1,0,0,0.332017,0.001255,7.6964,141682
862,1,-1.12,40,0,1,0,0.331021,0.000665,7.69105,141723
863,1,9.7154,97,1,0,0,0.330027,0.001843,7.71983,141821
864,1,9.75383,84,1,0,0,0.329037,0.00065,7.69819,141906
865,1,9.70958,99,1,0,0,0.32805,0.001628,7.70767,142006
866,1,9.69997,102,1,0,0,0.327066,0.001573,7.70395,142109
867,1,9.73326,91,1,0,0,0.326085,0.001116,7.6982,142201
868,1,-1.165,55,0,1,0,0.325107,0.000629,7.72455,142257
869,1,9.75632,83,1,0,0,0.324131,0.002594,7.70826,142341
870,1,9.67888,109,1,0,0,0.323159,0.002055,7.68771,142451
871,1,9.70563,100,1,0,0,0.32219,0.002227,7.7134,142552
872,1,9.73945,89,1,0,0,0.321223,0.001866,7.67259,142642
873,1,9.71486,97,1,0,0,0.320259,0.002291,7.68522,142740
874,1,9.69934,102,1,0,0,0.319298,0.001246,7.68304,142843
875,1,9.78364,74,1,0,0,0.318341,0.002955,7.69356,142918
876,1,9.76227,81,1,0,0,0.317386,0.002996,7.69174,143000
877,1,9.56821,146,1,0,0,0.316433,0.000924,7.70223,143147
878,1,9.71184,98,1,0,0,0.315484,0.001153,7.69857,143246
879,1,9.65146,118,1,0,0,0.314538,0.001964,7.68382,143365
880,1,9.73307,91,1,0,0,0.313594,0.000618,7.68836,143457
881,1,-1.138,46,0,1,0,0.312653,0.000509,7.67765,143504
882,1,-1.15,50,0,1,0,0.311715,0.003744,7.69171,143555
883,1,9.74473,87,1,0,0,0.31078,0.001798,7.68,143643
884,1,9.75097,85,1,0,0,0.309848,0.003844,7.66574,143729
885,1,9.53529,157,1,0,0,0.308918,0.00302,7.66181,143887
886,1,9.74794,86,1,0,0,0.307992,0.000536,7.65656,143974
887,1,9.74449,87,1,0,0,0.307068,0.001223,7.6855,144062
888,1,9.79032,72,1,0,0,0.306146,0.000524,7.68146,144135
889,1,9.7688,79,1,0,0,0.305228,0.001854,7.68325,144215
890,1,9.71795,96,1,0,0,0.304312,0.001007,7.68299,144312
891,1,9.73557,90,1,0,0,0.303399,0.002242,7.67547,144403
892,1,9.73228,91,1,0,0,0.302489,0.002883,7.6998,144495
893,1,9.75688,83,1,0,0,0.301582,0.002361,7.70211,144579
894,1,9.78703,73,1,0,0,0.300677,0.00122,7.69129,144653
895,1,9.74731,86,1,0,0,0.299775,0.004355,7.68916,144740
896,1,9.7358,90,1,0,0,0.298876,0.002171,7.67537,144831
897,1,9.66814,113,1,0,0,0.297979,0.000536,7.69379,144945
898,1,9.67591,110,1,0,0,0.297085,0.000987,7.69772,145056
899,1,9.72734,93,1,0,0,0.296194,0.001622,7.69006,145150
900,1,9.60692,133,1,0,0,0.295305,0.001025,7.68484,145284
901,1,9.65804,116,1,0,0,0.294419,0.000928,7.6984,145401
902,1,9.75411,84,1,0,0,0.293536,0.000514,7.69959,145486
903,1,9.799,69,1,0,0,0.292655,0.001345,7.68561,145556
904,1,9.72629,93,1,0,0,0.291777,0.001253,7.69073,145650
905,1,9.68207,108,1,0,0,0.290902,0.001446,7.68187,145759
906,1,9.70915,99,1,0,0,0.290029,0.001482,7.68872,145859
907,1,9.69063,105,1,0,0,0.289159,0.003409,7.68622,145965
908,1,9.75658,83,1,0,0,0.288292,0.00253,7.67881,146049
909,1,9.79838,69,1,0,0,0.287427,0.002949,7.68853,146119
910,1,9.7687,79,1,0,0,0.286565,0.000999,7.70133,146199
911,1,9.77778,76,1,0,0,0.285705,0.001168,7.68981,146276
912,1,9.7086,99,1,0,0,0.284848,0.001692,7.68953,146376
913,1,9.77808,76,1,0,0,0.283993,0.004658,7.68972,146453
914,1,9.77827,76,1,0,0,0.283141,0.003486,7.68988,146530
915,1,9.77814,76,1,0,0,0.282292,0.001896,7.68429,146607
916,1,9.76587,80,1,0,0,0.281445,0.001132,7.684,146688
917,1,9.78427,74,1,0,0,0.280601,0.003141,7.68615,146763
918,1,9.76866,79,1,0,0,0.279759,0.002565,7.671,146843
919,1,9.76339,81,1,0,0,0.27892,0.001634,7.69469,146925
920,1,9.7358,90,1,0,0,0.278083,0.003298,7.69999,147016
921,1,9.75501,84,1,0,0,0.277249,0.001075,7.68217,147101
922,1,9.78426,74,1,0,0,0.276417,0.002525,7.68233,147176
923,1,9.81042,65,1,0,0,0.275588,0.001936,7.67878,147242
924,1,9.75088,85,1,0,0,0.274761,0.00043,7.69537,147328
925,1,9.75968,82,1,0,0,0.273937,0.001626,7.65544,147411
926,1,9.8054,67,1,0,0,0.273115,0.001939,7.67482,147479
927,1,9.79872,69,1,0,0,0.272295,0.00121,7.67647,147549
928,1,9.79644,70,1,0,0,0.271478,0.001116,7.68882,147620
929,1,9.80747,66,1,0,0,0.270664,0.001955,7.68548,147687
930,1,9.78343,74,1,0,0,0.269852,0.001745,7.69141,147762
931,1,9.81035,65,1,0,0,0.269042,0.001781,7.68868,147828
932,1,9.78077,75,1,0,0,0.268235,0.001769,7.69714,147904
933,1,9.75815,83,1,0,0,0.267431,0.003603,7.68381,147988
934,1,-1.057,19,0,1,0,0.266628,0.000717,7.69795,148008
935,1,-1.081,27,0,1,0,0.265828,0.002995,7.64224,148036
936,1,9.78057,75,1,0,0,0.265031,0.001907,7.68509,148112
937,1,9.79584,70,1,0,0,0.264236,0.002643,7.68375,148183
938,1,-1.081,27,0,1,0,0.263443,0.000388,7.69747,148211
939,1,9.763,81,1,0,0,0.262653,0.0038,7.68017,148293
940,1,9.78626,73,1,0,0,0.261865,0.001172,7.707,148367
941,1,9.76318,81,1,0,0,0.261079,0.002372,7.64075,148449
942,1,9.77494,77,1,0,0,0.260296,0.003552,7.67931,148527
943,1,9.77494,77,1,0,0,0.259515,0.003081,7.66948,148605
944,1,9.78936,72,1,0,0,0.258737,0.002411,7.66619,148678
945,1,9.76646,80,1,0,0,0.25796,0.001092,7.67157,148759
946,1,9.79027,72,1,0,0,0.257187,0.00263,7.68799,148832
947,1,-1.129,43,0,1,0,0.256415,0.003196,7.66371,148876
948,1,9.80203,68,1,0,0,0.255646,0.00117,7.67321,148945
949,1,9.77823,76,1,0,0,0.254879,0.001989,7.69127,149022
950,1,9.67279,111,1,0,0,0.254114,0.001973,7.68724,149134
951,1,9.76567,80,1,0,0,0.253352,0.004271,7.66049,149215
952,1,9.79298,71,1,0,0,0.252592,0.001395,7.67274,149287
953,1,9.78683,73,1,0,0,0.251834,0.004034,7.66548,149361
954,1,9.81978,62,1,0,0,0.251079,0.000412,7.67203,149424
955,1,9.75984,82,1,0,0,0.250325,0.002041,7.66268,149507
956,1,9.81725,63,1,0,0,0.249574,0.003115,7.67453,149571
957,1,9.7901,72,1,0,0,0.248826,0.00114,7.68294,149644
958,1,9.74151,88,1,0,0,0.248079,0.003157,7.66066,149733
959,1,9.75094,85,1,0,0,0.247335,0.002212,7.6609,149819
960,1,9.79325,71,1,0,0,0.246593,0.003294,7.67636,149891
961,1,9.80224,68,1,0,0,0.245853,0.002901,7.67587,149960
962,1,9.75411,84,1,0,0,0.245116,0.002906,7.64993,150045
963,1,9.76548,80,1,0,0,0.24438,0.002666,7.65329,150126
964,1,9.80169,68,1,0,0,0.243647,0.003345,7.65391,150195
965,1,9.78456,74,1,0,0,0.242916,0.003266,7.67132,150270
966,1,9.80844,66,1,0,0,0.242187,0.002331,7.67086,150337
967,1,9.77567,77,1,0,0,0.241461,0.0031,7.67375,150415
968,1,9.81814,63,1,0,0,0.240736,0.002292,7.65409,150479
969,1,9.78936,72,1,0,0,0.240014,0.00177,7.64634,150552
970,1,9.8199,62,1,0,0,0.239294,0.00214,7.66919,150615
971,1,9.78115,75,1,0,0,0.238576,0.000402,7.64192,150691
972,1,9.82258,61,1,0,0,0.237861,0.002095,7.65832,150753
973,1,9.77195,78,1,0,0,0.237147,0.00347,7.65111,150832
974,1,9.77503,77,1,0,0,0.236436,0.00802,7.66651,150910
975,1,9.79905,69,1,0,0,0.235726,0.001763,7.67985,150980
976,1,9.81416,64,1,0,0,0.235019,0.003466,7.67703,151045
977,1,9.82262,61,1,0,0,0.234314,0.002426,7.65366,151107
978,1,9.78393,74,1,0,0,0.233611,0.002235,7.66805,151182
979,1,9.81703,63,1,0,0,0.23291,0.001987,7.64262,151246
980,1,9.78731,73,1,0,0,0.232211,0.004903,7.66699,151320
981,1,9.80197,68,1,0,0,0.231515,0.002869,7.63251,151389
982,1,9.76658,80,1,0,0,0.23082,0.003488,7.63985,151470
983,1,9.82526,60,1,0,0,0.230128,0.001298,7.68604,151531
984,1,9.7896,72,1,0,0,0.229437,0.001688,7.67537,151604
985,1,9.81652,63,1,0,0,0.228749,0.001178,7.65982,151668
986,1,9.81364,64,1,0,0,0.228063,0.001981,7.6673,151733
987,1,9.80464,67,1,0,0,0.227379,0.001084,7.65713,151801
988,1,9.81672,63,1,0,0,0.226697,0.002662,7.66811,151865
989,1,9.79893,69,1,0,0,0.226016,0.001767,7.67491,151935
990,1,9.78117,75,1,0,0,0.225338,0.0011,7.66481,152011
991,1,9.80278,68,1,0,0,0.224662,0.002347,7.6655,152080
992,1,9.82602,60,1,0,0,0.223988,0.003322,7.65415,152141
993,1,9.7746,77,1,0,0,0.223316,0.00044,7.66885,152219
994,1,9.80618,67,1,0,0,0.222646,0.001942,7.69155,152287
995,1,9.79606,70,1,0,0,0.221979,0.002797,7.66361,152358
996,1,9.8139,64,1,0,0,0.221313,0.003622,7.68383,152423
997,1,9.84103,55,1,0,0,0.220649,0.001339,7.67434,152479
998,1,9.78703,73,1,0,0,0.219987,0.0041,7.67687,152553
999,1,9.7998,69,1,0,0,0.219327,0.001114,7.66076,152623
1000,1,9.82335,61,1,0,0,0.218669,0.002342,7.68258,152685
1001,1,9.83207,58,1,0,0,0.218013,0.000363,7.65753,152744
1002,1,9.76268,81,1,0,0,0.217359,0.001707,7.67013,152826
1003,1,9.82579,60,1,0,0,0.216707,0.002915,7.65755,152887
1004,1,9.81383,64,1,0,0,0.216057,0.004999,7.66018,152952
1005,1,9.7806,75,1,0,0,0.215408,0.001087,7.65258,153028
1006,1,9.82043,62,1,0,0,0.214762,0.000404,7.65053,153091
1007,1,9.82251,61,1,0,0,0.214118,0.003776,7.66888,153153
1008,1,9.8442,54,1,0,0,0.213476,0.000434,7.68481,153208
1009,1,9.80503,67,1,0,0,0.212835,0.002839,7.6614,153276
1010,1,9.80784,66,1,0,0,0.212197,0.001893,7.64362,153343
1011,1,9.81691,63,1,0,0,0.21156,0.000366,7.69559,153407
1012,1,9.82275,61,1,0,0,0.210925,0.001224,7.6687,153469
1013,1,9.81099,65,1,0,0,0.210293,0.003821,7.68737,153535
1014,1,9.78054,75,1,0,0,0.209662,0.004188,7.66243,153611
1015,1,9.82526,60,1,0,0,0.209033,0.000379,7.69667,153672
1016,1,9.81661,63,1,0,0,0.208406,0.001151,7.67528,153736
1017,1,9.82272,61,1,0,0,0.20778,0.001939,7.6923,153798
1018,1,9.83443,57,1,0,0,0.207157,0.001233,7.68093,153856
1019,1,9.79887,69,1,0,0,0.206536,0.00182,7.67246,153926
1020,1,9.78996,72,1,0,0,0.205916,0.00446,7.65857,153999
1021,1,9.78149,75,1,0,0,0.205298,0.001812,7.67787,154075
1022,1,9.83209,58,1,0,0,0.204682,0.001093,7.67708,154134
1023,1,9.78138,75,1,0,0,0.204068,0.001862,7.69896,154210
1024,1,9.80283,68,1,0,0,0.203456,0.004675,7.66152,154279
1025,1,9.76909,79,1,0,0,0.202846,0.001034,7.66843,154359
1026,1,9.79577,70,1,0,0,0.202237,0.002738,7.65683,154430
1027,1,9.77427,77,1,0,0,0.20163,0.001055,7.68582,154508
1028,1,9.82247,61,1,0,0,0.201026,0.002592,7.6619,154570
1029,1,9.79949,69,1,0,0,0.200422,0.002396,7.6445,154640
1030,1,9.79301,71,1,0,0,0.199821,0.00198,7.67263,154712
1031,1,9.84974,52,1,0,0,0.199222,0.000343,7.68185,154765
1032,1,9.82302,61,1,0,0,0.198624,0.005934,7.6875,154827
1033,1,9.81711,63,1,0,0,0.198028,0.001696,7.68616,154891
1034,1,9.81702,63,1,0,0,0.197434,0.000337,7.66139,154955
1035,1,9.82282,61,1,0,0,0.196842,0.000372,7.6678,155017
1036,1,9.82282,61,1,0,0,0.196251,0.000321,7.69754,155079
1037,1,9.84352,54,1,0,0,0.195663,0.002204,7.65345,155134
1038,1,9.827,60,1,0,0,0.195076,0.001855,7.67499,155195
1039,1,9.79871,69,1,0,0,0.19449,0.002822,7.66675,155265
1040,1,9.82674,60,1,0,0,0.193907,0.003234,7.66967,155326
1041,1,9.81695,63,1,0,0,0.193325,0.000949,7.65597,155390
1042,1,9.79569,70,1,0,0,0.192745,0.001822,7.69232,155461
1043,1,9.82279,61,1,0,0,0.192167,0.001169,7.68066,155523
1044,1,9.78986,72,1,0,0,0.19159,0.000325,7.67449,155596
1045,1,9.81094,65,1,0,0,0.191016,0.001195,7.65365,155662
1046,1,9.80482,67,1,0,0,0.190443,0.000349,7.64301,155730
1047,1,9.81957,62,1,0,0,0.189871,0.00035,7.66321,155793
1048,1,9.7983,69,1,0,0,0.189302,0.000355,7.67124,155863
1049,1,9.81088,65,1,0,0,0.188734,0.000424,7.71091,155929
1050,1,9.83481,57,1,0,0,0.188168,0.003012,7.68036,155987
1051,1,9.81405,64,1,0,0,0.187603,0.001107,7.67672,156052
1052,1,9.80173,68,1,0,0,0.18704,0.002666,7.68269,156121
1053,1,9.82902,59,1,0,0,0.186479,0.003715,7.65514,156181
1054,1,9.81051,65,1,0,0,0.18592,0.001974,7.65373,156247
1055,1,9.76923,79,1,0,0,0.185362,0.002163,7.6533,156327
1056,1,9.79905,69,1,0,0,0.184806,0.002582,7.69737,156397
1057,1,9.82282,61,1,0,0,0.184251,0.002704,7.69423,156459
1058,1,9.80558,67,1,0,0,0.183699,0.002254,7.67014,156527
1059,1,9.81694,63,1,0,0,0.183148,0.002664,7.66768,156591
1060,1,9.82337,61,1,0,0,0.182598,0.003551,7.65512,156653
1061,1,9.79286,71,1,0,0,0.18205,0.000378,7.6979,156725
1062,1,9.82042,62,1,0,0,0.181504,0.005267,7.67028,156788
1063,1,9.81994,62,1,0,0,0.18096,0.002085,7.6723,156851
1064,1,9.8168,63,1,0,0,0.180417,0.002418,7.63735,156915
1065,1,9.80127,68,1,0,0,0.179876,0.001827,7.67068,156984
1066,1,9.81403,64,1,0,0,0.179336,0.002948,7.67171,157049
1067,1,9.81683,63,1,0,0,0.178798,0.002816,7.68285,157113
1068,1,9.76671,80,1,0,0,0.178262,0.003506,7.67535,157194
1069,1,9.79907,69,1,0,0,0.177727,0.000416,7.65237,157264
1070,1,9.81947,62,1,0,0,0.177194,0.002202,7.66044,157327
1071,1,9.79911,69,1,0,0,0.176662,0.002862,7.68439,157397
1072,1,9.80781,66,1,0,0,0.176132,0.001325,7.68718,157464
1073,1,9.83128,58,1,0,0,0.175604,0.003012,7.66401,157523
1074,1,9.8017,68,1,0,0,0.175077,0.002708,7.68101,157592
1075,1,9.82303,61,1,0,0,0.174552,0.005786,7.67162,157654
1076,1,9.83208,58,1,0,0,0.174028,0.003773,7.69236,157713
1077,1,9.83208,58,1,0,0,0.173506,0.00143,7.65103,157772
1078,1,9.81376,64,1,0,0,0.172985,0.002668,7.67002,157837
1079,1,9.79642,70,1,0,0,0.172466,0.001157,7.67364,157908
1080,1,9.83808,56,1,0,0,0.171949,0.000432,7.67915,157965
1081,1,9.78972,72,1,0,0,0.171433,0.00166,7.67217,158038
1082,1,9.83496,57,1,0,0,0.170919,0.002033,7.69785,158096
1083,1,9.82922,59,1,0,0,0.170406,0.002058,7.68201,158156
1084,1,9.80171,68,1,0,0,0.169895,0.002559,7.66514,158225
1085,1,9.82231,61,1,0,0,0.169385,0.001569,7.68789,158287
1086,1,9.81028,65,1,0,0,0.168877,0.00294,7.69018,158353
1087,1,9.81981,62,1,0,0,0.16837,0.002374,7.65986,158416
1088,1,9.82582,60,1,0,0,0.167865,0.001679,7.68423,158477
1089,1,9.82268,61,1,0,0,0.167362,0.002209,7.65416,158539
1090,1,9.80826,66,1,0,0,0.16686,0.00045,7.66917,158606
1091,1,9.84383,54,1,0,0,0.166359,0.003056,7.67883,158661
1092,1,9.83485,57,1,0,0,0.16586,0.001281,7.69715,158719
1093,1,9.82828,59,1,0,0,0.165362,0.003769,7.68029,158779
1094,1,9.80779,66,1,0,0,0.164866,0.000474,7.68098,158846
1095,1,9.83193,58,1,0,0,0.164372,0.002183,7.69472,158905
1096,1,9.84083,55,1,0,0,0.163879,0.002155,7.66535,158961
1097,1,9.81981,62,1,0,0,0.163387,0.002028,7.69971,159024
1098,1,9.82532,60,1,0,0,0.162897,0.002195,7.68242,159085
1099,1,9.81118,65,1,0,0,0.162408,0.002048,7.69027,159151
1100,1,9.83542,57,1,0,0,0.161921,0.002203,7.68738,159209
1101,1,9.82918,59,1,0,0,0.161435,0.001341,7.68449,159269
1102,1,9.83503,57,1,0,0,0.160951,0.001446,7.69729,159327
1103,1,9.82847,59,1,0,0,0.160468,0.002667,7.68228,159387
1104,1,9.84124,55,1,0,0,0.159986,0.002599,7.69072,159443
1105,1,9.83176,58,1,0,0,0.159507,0.001317,7.70104,159502
1106,1,9.82568,60,1,0,0,0.159028,0.004551,7.66863,159563
1107,1,9.83481,57,1,0,0,0.158551,0.003863,7.68554,159621
1108,1,9.79598,70,1,0,0,0.158075,0.000449,7.67113,159692
1109,1,9.81375,64,1,0,0,0.157601,0.001214,7.66442,159757
1110,1,9.79326,71,1,0,0,0.157128,0.002573,7.66864,159829
1111,1,9.82267,61,1,0,0,0.156657,0.00332,7.6691,159891
1112,1,9.82942,59,1,0,0,0.156187,0.001853,7.71248,159951
1113,1,9.79827,69,1,0,0,0.155718,0.001725,7.68487,160021
1114,1,9.81677,63,1,0,0,0.155251,0.003022,7.66886,160085
1115,1,9.82528,60,1,0,0,0.154785,0.001888,7.67284,160146
1116,1,9.81367,64,1,0,0,0.154321,0.002824,7.66979,160211
1117,1,9.82293,61,1,0,0,0.153858,0.002156,7.66182,160273
1118,1,9.81701,63,1,0,0,0.153397,0.003708,7.70408,160337
1119,1,9.83793,56,1,0,0,0.152936,0.00264,7.69465,160394
1120,1,9.81384,64,1,0,0,0.152478,0.002455,7.65328,160459
1121,1,9.83486,57,1,0,0,0.15202,0.002626,7.69152,160517
1122,1,9.838,56,1,0,0,0.151564,0.00224,7.67963,160574
1123,1,9.83184,58,1,0,0,0.151109,0.002179,7.68014,160633
1124,1,9.84675,53,1,0,0,0.150656,0.000495,7.71668,160687
1125,1,9.84683,53,1,0,0,0.150204,0.002477,7.66612,160741
1126,1,9.81074,65,1,0,0,0.149753,0.000486,7.67878,160807
1127,1,9.83469,57,1,0,0,0.149304,0.001758,7.6808,160865
1128,1,9.83203,58,1,0,0,0.148856,0.001774,7.6742,160924
1129,1,9.83433,57,1,0,0,0.14841,0.002247,7.66887,160982
1130,1,9.83237,58,1,0,0,0.147964,0.002059,7.65418,161041
1131,1,9.82558,60,1,0,0,0.147521,0.000379,7.69057,161102
1132,1,9.82908,59,1,0,0,0.147078,0.000963,7.66597,161162
1133,1,9.82898,59,1,0,0,0.146637,0.003591,7.67815,161222
1134,1,9.80805,66,1,0,0,0.146197,0.003572,7.68489,161289
1135,1,9.81111,65,1,0,0,0.145758,0.000487,7.69817,161355
1136,1,9.82908,59,1,0,0,0.145321,0.00168,7.6754,161415
1137,1,9.82645,60,1,0,0,0.144885,0.000402,7.6667,161476
1138,1,9.83577,57,1,0,0,0.14445,0.002491,7.6794,161534
1139,1,9.83487,57,1,0,0,0.144017,0.003542,7.68494,161592
1140,1,9.82819,59,1,0,0,0.143585,0.002255,7.68387,161652
1141,1,9.83538,57,1,0,0,0.143154,0.001277,7.66163,161710
1142,1,9.84989,52,1,0,0,0.142725,0.002919,7.65675,161763
1143,1,9.82865,59,1,0,0,0.142297,0.001299,7.67279,161823
1144,1,9.83776,56,1,0,0,0.14187,0.001268,7.67118,161880
1145,1,9.82899,59,1,0,0,0.141444,0.002132,7.67887,161940
1146,1,9.81717,63,1,0,0,0.14102,0.00202,7.65451,162004
1147,1,9.83477,57,1,0,0,0.140597,0.001317,7.65966,162062
1148,1,9.79897,69,1,0,0,0.140175,0.00312,7.68422,162132
1149,1,9.81984,62,1,0,0,0.139754,0.002778,7.6589,162195
1150,1,9.82267,61,1,0,0,0.139335,0.000415,7.68394,162257
1151,1,9.82848,59,1,0,0,0.138917,0.00045,7.68364,162317
1152,1,9.83467,57,1,0,0,0.1385,0.003166,7.67049,162375
1153,1,9.82281,61,1,0,0,0.138085,0.001782,7.68263,162437
1154,1,9.82903,59,1,0,0,0.137671,0.001317,7.68218,162497
1155,1,9.83557,57,1,0,0,0.137258,0.000477,7.67673,162555
1156,1,9.82264,61,1,0,0,0.136846,0.000339,7.66023,162617
1157,1,9.83457,57,1,0,0,0.136435,0.000351,7.67803,162675
1158,1,9.82288,61,1,0,0,0.136026,0.002118,7.67058,162737
1159,1,9.83503,57,1,0,0,0.135618,0.002774,7.67363,162795
1160,1,9.83182,58,1,0,0,0.135211,0.001193,7.66751,162854
1161,1,9.83128,58,1,0,0,0.134805,0.001362,7.68143,162913
1162,1,9.80167,68,1,0,0,0.134401,0.001149,7.66975,162982
1163,1,9.84099,55,1,0,0,0.133998,0.005945,7.67397,163038
1164,1,9.83826,56,1,0,0,0.133596,0.001276,7.65913,163095
1165,1,9.84395,54,1,0,0,0.133195,0.003259,7.6565,163150
1166,1,9.82078,62,1,0,0,0.132795,0.002756,7.65378,163213
1167,1,9.84374,54,1,0,0,0.132397,0.000351,7.66821,163268
1168,1,9.8319,58,1,0,0,0.132,0.004807,7.66066,163327
1169,1,9.82298,61,1,0,0,0.131604,0.002701,7.63426,163389
1170,1,9.81126,65,1,0,0,0.131209,0.001923,7.65229,163455
1171,1,9.83515,57,1,0,0,0.130815,0.002878,7.6748,163513
1172,1,9.82557,60,1,0,0,0.130423,0.001161,7.65749,163574
1173,1,9.83523,57,1,0,0,0.130032,0.003418,7.67602,163632
1174,1,9.81397,64,1,0,0,0.129642,0.00162,7.67353,163697
1175,1,9.82584,60,1,0,0,0.129253,0.00044,7.69076,163758
1176,1,9.82833,59,1,0,0,0.128865,0.001249,7.68949,163818
1177,1,9.829,59,1,0,0,0.128478,0.003846,7.65699,163878
1178,1,9.84369,54,1,0,0,0.128093,0.002296,7.65628,163933
1179,1,9.80822,66,1,0,0,0.127709,0.001969,7.66564,164000
1180,1,9.84699,53,1,0,0,0.127325,0.003771,7.66515,164054
1181,1,9.82003,62,1,0,0,0.126943,0.00254,7.65005,164117
1182,1,9.84726,53,1,0,0,0.126563,0.001418,7.68984,164171
1183,1,9.82903,59,1,0,0,0.126183,0.001244,7.66276,164231
1184,1,9.79328,71,1,0,0,0.125804,0.000875,7.67927,164303
1185,1,9.85257,51,1,0,0,0.125427,0.000388,7.66287,164355
1186,1,9.82658,60,1,0,0,0.125051,0.003828,7.68374,164416
1187,1,9.83162,58,1,0,0,0.124676,0.001245,7.67776,164475
1188,1,9.84047,55,1,0,0,0.124302,0.000344,7.68022,164531
1189,1,9.8227,61,1,0,0,0.123929,0.004391,7.66222,164593
1190,1,9.83505,57,1,0,0,0.123557,0.001236,7.69573,164651
1191,1,9.84024,55,1,0,0,0.123186,0.003036,7.66981,164707
1192,1,9.85304,51,1,0,0,0.122817,0.001294,7.67579,164759
1193,1,9.82933,59,1,0,0,0.122448,0.002009,7.65052,164819
1194,1,9.83128,58,1,0,0,0.122081,0.003249,7.6875,164878
1195,1,9.84403,54,1,0,0,0.121715,0.002219,7.66447,164933
1196,1,9.82905,59,1,0,0,0.121349,0.002238,7.69265,164993
1197,1,9.83201,58,1,0,0,0.120985,0.002981,7.64581,165052
1198,1,9.838,56,1,0,0,0.120622,0.001207,7.69246,165109
1199,1,9.82594,60,1,0,0,0.120261,0.000333,7.66682,165170
1200,1,9.84374,54,1,0,0,0.1199,0.002006,7.65851,165225
1201,1,9.83177,58,1,0,0,0.11954,0.001141,7.65273,165284
1202,1,9.84683,53,1,0,0,0.119181,0.002407,7.68641,165338
1203,1,9.81695,63,1,0,0,0.118824,0.002956,7.67438,165402
1204,1,9.83183,58,1,0,0,0.118467,0.00369,7.67998,165461
1205,1,9.83827,56,1,0,0,0.118112,0.000968,7.65156,165518
1206,1,9.76905,79,1,0,0,0.117758,0.002229,7.65206,165598
1207,1,9.83493,57,1,0,0,0.117404,0.000385,7.66156,165656
1208,1,9.83442,57,1,0,0,0.117052,0.002263,7.66938,165714
1209,1,9.83559,57,1,0,0,0.116701,0.000789,7.64825,165772
1210,1,9.82565,60,1,0,0,0.116351,0.002588,7.65295,165833
1211,1,9.82552,60,1,0,0,0.116002,0.001209,7.68775,165894
1212,1,9.8077,66,1,0,0,0.115654,0.002279,7.66803,165961
1213,1,9.83469,57,1,0,0,0.115307,0.001363,7.68097,166019
1214,1,9.83488,57,1,0,0,0.114961,0.001901,7.66415,166077
1215,1,9.84024,55,1,0,0,0.114616,0.001344,7.67344,166133
1216,1,9.80833,66,1,0,0,0.114272,0.001174,7.66157,166200
1217,1,9.82606,60,1,0,0,0.113929,0.003605,7.66893,166261
1218,1,9.84096,55,1,0,0,0.113588,0.004367,7.65208,166317
1219,1,9.85295,51,1,0,0,0.113247,0.000908,7.66914,166369
1220,1,9.83203,58,1,0,0,0.112907,0.002189,7.67623,166428
1221,1,9.84691,53,1,0,0,0.112568,0.001972,7.67233,166482
1222,1,9.84143,55,1,0,0,0.112231,0.002602,7.65349,166538
1223,1,9.81999,62,1,0,0,0.111894,0.00126,7.68179,166601
1224,1,9.84703,53,1,0,0,0.111558,0.002939,7.67845,166655
1225,1,9.83,59,1,0,0,0.111224,0.000346,7.67486,166715
1226,1,9.84622,53,1,0,0,0.11089,0.002322,7.64729,166769
1227,1,9.82899,59,1,0,0,0.110557,0.002085,7.68005,166829
1228,1,9.84334,54,1,0,0,0.110226,0.001659,7.63613,166884
1229,1,9.81723,63,1,0,0,0.109895,0.001215,7.65104,166948
1230,1,9.85301,51,1,0,0,0.109565,0.003393,7.6697,167000
1231,1,9.82595,60,1,0,0,0.109237,0.001123,7.68123,167061
1232,1,9.82624,60,1,0,0,0.108909,0.001883,7.68327,167122
1233,1,9.83489,57,1,0,0,0.108582,0.00183,7.66631,167180
1234,1,9.82902,59,1,0,0,0.108256,0.002047,7.66633,167240
1235,1,9.84381,54,1,0,0,0.107932,0.00299,7.67614,167295
1236,1,9.81683,63,1,0,0,0.107608,0.000374,7.66023,167359
1237,1,9.82653,60,1,0,0,0.107285,0.002121,7.64038,167420
1238,1,9.82872,59,1,0,0,0.106963,0.00036,7.65806,167480
1239,1,9.85603,50,1,0,0,0.106642,0.002297,7.66417,167531
1240,1,9.84082,55,1,0,0,0.106322,0.00036,7.67658,167587
1241,1,9.83539,57,1,0,0,0.106003,0.001238,7.64488,167645
1242,1,9.83203,58,1,0,0,0.105685,0.001269,7.66489,167704
1243,1,9.82881,59,1,0,0,0.105368,0.001142,7.66077,167764
1244,1,9.84328,54,1,0,0,0.105052,0.000345,7.6824,167819
1245,1,9.84743,53,1,0,0,0.104737,0.001084,7.63459,167873
1246,1,9.85601,50,1,0,0,0.104423,0.001528,7.65819,167924
1247,1,9.85227,51,1,0,0,0.10411,0.001896,7.64365,167976
1248,1,9.85001,52,1,0,0,0.103797,0.002905,7.67216,168029
1249,1,9.8259,60,1,0,0,0.103486,0.001909,7.67309,168090
1250,1,9.83858,56,1,0,0,0.103175,0.000368,7.69978,168147
1251,1,9.84096,55,1,0,0,0.102866,0.001967,7.65078,168203
1252,1,9.83444,57,1,0,0,0.102557,0.00039,7.67749,168261
1253,1,9.84384,54,1,0,0,0.10225,0.000346,7.67747,168316
1254,1,9.77208,78,1,0,0,0.101943,0.002097,7.64879,168395
1255,1,9.82593,60,1,0,0,0.101637,0.000873,7.65275,168456
1256,1,9.83159,58,1,0,0,0.101332,0.000377,7.67588,168515
1257,1,9.8199,62,1,0,0,0.101028,0.001196,7.65919,168578
1258,1,9.84633,53,1,0,0,0.100725,0.001204,7.64551,168632
1259,1,9.84709,53,1,0,0,0.100423,0.001221,7.67034,168686
1260,1,9.81971,62,1,0,0,0.100122,0.000968,7.66274,168749
1261,1,9.82008,62,1,0,0,0.1,0.001181,7.64137,168812
1262,1,9.84701,53,1,0,0,0.1,0.00411,7.67079,168866
1263,1,9.82976,59,1,0,0,0.1,0.000435,7.6628,168926
1264,1,9.84676,53,1,0,0,0.1,0.001288,7.68653,168980
1265,1,9.84395,54,1,0,0,0.1,0.002685,7.64238,169035
1266,1,9.8499,52,1,0,0,0.1,0.001236,7.67193,169088
1267,1,9.83194,58,1,0,0,0.1,0.000722,7.66449,169147
1268,1,9.82886,59,1,0,0,0.1,0.001886,7.67083,169207
1269,1,9.81088,65,1,0,0,0.1,0.000998,7.68382,169273
1270,1,9.84394,54,1,0,0,0.1,0.001343,7.66019,169328
1271,1,9.84125,55,1,0,0,0.1,0.002241,7.6522,169384
1272,1,9.84403,54,1,0,0,0.1,0.001642,7.64962,169439
1273,1,9.80503,67,1,0,0,0.1,0.000311,7.66123,169507
1274,1,9.84727,53,1,0,0,0.1,0.003226,7.67586,169561
1275,1,9.83203,58,1,0,0,0.1,0.001374,7.67253,169620
1276,1,9.817,63,1,0,0,0.1,0.002906,7.67025,169684
1277,1,9.84983,52,1,0,0,0.1,0.001877,7.6667,169737
1278,1,9.84703,53,1,0,0,0.1,0.000829,7.66662,169791
1279,1,9.85003,52,1,0,0,0.1,0.004224,7.66147,169844
1280,1,9.82903,59,1,0,0,0.1,0.000336,7.68263,169904
1281,1,9.84103,55,1,0,0,0.1,0.003157,7.68833,169960
1282,1,9.73306,91,1,0,0,0.1,0.001338,7.68758,170052
1283,1,9.85003,52,1,0,0,0.1,0.002642,7.66918,170105
1284,1,9.84624,53,1,0,0,0.1,0.001102,7.67527,170159
1285,1,9.82606,60,1,0,0,0.1,0.002633,7.66658,170220
1286,1,9.84728,53,1,0,0,0.1,0.00169,7.68028,170274
1287,1,9.82603,60,1,0,0,0.1,0.001225,7.65634,170335
1288,1,9.84397,54,1,0,0,0.1,0.00137,7.67878,170390
1289,1,9.84994,52,1,0,0,0.1,0.000754,7.64639,170443
1290,1,9.85299,51,1,0,0,0.1,0.002144,7.67061,170495
1291,1,9.84994,52,1,0,0,0.1,0.000342,7.68576,170548
1292,1,9.8409,55,1,0,0,0.1,0.002003,7.67635,170604
1293,1,9.82219,61,1,0,0,0.1,0.001059,7.67598,170666
1294,1,9.85224,51,1,0,0,0.1,0.001275,7.66999,170718
1295,1,9.83728,56,1,0,0,0.1,0.001499,7.66148,170775
1296,1,9.85264,51,1,0,0,0.1,0.001219,7.685,170827
1297,1,9.84422,54,1,0,0,0.1,0.001254,7.68369,170882
1298,1,9.82594,60,1,0,0,0.1,0.002631,7.67715,170943
1299,1,9.8468,53,1,0,0,0.1,0.001283,7.67174,170997
1300,1,9.81685,63,1,0,0,0.1,0.00113,7.66553,171061
1301,1,9.81027,65,1,0,0,0.1,0.000307,7.65978,171127
1302,1,9.83476,57,1,0,0,0.1,0.002048,7.69651,171185
1303,1,9.79528,70,1,0,0,0.1,0.00165,7.68605,171256
1304,1,9.81413,64,1,0,0,0.1,0.000898,7.67354,171321
1305,1,9.79847,69,1,0,0,0.1,0.003424,7.66406,171391
1306,1,9.84099,55,1,0,0,0.1,0.000352,7.66002,171447
1307,1,9.81383,64,1,0,0,0.1,0.001185,7.66349,171512
1308,1,9.81431,64,1,0,0,0.1,0.000397,7.67753,171577
1309,1,9.80242,68,1,0,0,0.1,0.002513,7.68579,171646
1310,1,9.84425,54,1,0,0,0.1,0.001649,7.67708,171701
1311,1,9.82608,60,1,0,0,0.1,0.00129,7.6526,171762
1312,1,9.83778,56,1,0,0,0.1,0.000596,7.66261,171819
1313,1,9.82598,60,1,0,0,0.1,0.004407,7.69132,171880
1314,1,9.83789,56,1,0,0,0.1,0.003612,7.66667,171937
1315,1,9.81928,62,1,0,0,0.1,0.001232,7.68159,172000
1316,1,9.7806,75,1,0,0,0.1,0.001219,7.66956,172076
1317,1,9.83475,57,1,0,0,0.1,0.00036,7.67978,172134
1318,1,9.81401,64,1,0,0,0.1,0.001798,7.67465,172199
1319,1,9.8107,65,1,0,0,0.1,0.001563,7.66897,172265
1320,1,9.81677,63,1,0,0,0.1,0.001162,7.67803,172329
1321,1,9.82283,61,1,0,0,0.1,0.000444,7.68809,172391
1322,1,9.79918,69,1,0,0,0.1,0.002464,7.67852,172461
1323,1,9.82832,59,1,0,0,0.1,0.000358,7.67206,172521
1324,1,9.82308,61,1,0,0,0.1,0.001366,7.64987,172583
1325,1,9.83514,57,1,0,0,0.1,0.002261,7.68585,172641
1326,1,9.82005,62,1,0,0,0.1,0.001528,7.68102,172704
1327,1,9.8138,64,1,0,0,0.1,0.002108,7.67567,172769
1328,1,9.79859,69,1,0,0,0.1,0.000733,7.70035,172839
1329,1,9.83203,58,1,0,0,0.1,0.000421,7.69395,172898
1330,1,9.79879,69,1,0,0,0.1,0.00332,7.67387,172968
1331,1,9.81027,65,1,0,0,0.1,0.001574,7.65604,173034
1332,1,9.72352,94,1,0,0,0.1,0.002341,7.67835,173129
1333,1,9.80453,67,1,0,0,0.1,0.000681,7.67795,173197
1334,1,9.82903,59,1,0,0,0.1,0.000794,7.698,173257
1335,1,9.784,74,1,0,0,0.1,0.002189,7.67886,173332
1336,1,9.84403,54,1,0,0,0.1,0.001394,7.70515,173387
1337,1,9.85275,51,1,0,0,0.1,0.00142,7.69514,173439
1338,1,9.79282,71,1,0,0,0.1,0.001881,7.68219,173511
1339,1,9.82337,61,1,0,0,0.1,0.001656,7.66979,173573
1340,1,9.83203,58,1,0,0,0.1,0.000407,7.6702,173632
1341,1,9.85303,51,1,0,0,0.1,0.001241,7.67753,173684
1342,1,9.84081,55,1,0,0,0.1,0.000718,7.67286,173740
1343,1,9.82643,60,1,0,0,0.1,0.003074,7.65926,173801
1344,1,9.79883,69,1,0,0,0.1,0.000484,7.65608,173871
1345,1,9.82003,62,1,0,0,0.1,0.002626,7.66547,173934
1346,1,9.79001,72,1,0,0,0.1,0.00181,7.68462,174007
1347,1,9.7475,86,1,0,0,0.1,0.001716,7.70096,174094
1348,1,9.70934,99,1,0,0,0.1,0.001454,7.6714,174194
1349,1,9.79887,69,1,0,0,0.1,0.001287,7.67322,174264
1350,1,9.82838,59,1,0,0,0.1,0.003621,7.68751,174324
1351,1,9.82591,60,1,0,0,0.1,0.002008,7.65038,174385
1352,1,9.81658,63,1,0,0,0.1,0.001521,7.68696,174449
1353,1,9.84928,52,1,0,0,0.1,0.001525,7.66302,174502
1354,1,9.84397,54,1,0,0,0.1,0.000472,7.66364,174557
1355,1,9.84091,55,1,0,0,0.1,0.001199,7.64723,174613
1356,1,9.817,63,1,0,0,0.1,0.002668,7.687,174677
1357,1,9.82529,60,1,0,0,0.1,0.001254,7.6776,174738
1358,1,9.85001,52,1,0,0,0.1,0.001485,7.6811,174791
1359,1,9.83498,57,1,0,0,0.1,0.001312,7.66488,174849
1360,1,9.79603,70,1,0,0,0.1,0.000497,7.68009,174920
1361,1,9.84027,55,1,0,0,0.1,0.000485,7.68161,174976
1362,1,9.81384,64,1,0,0,0.1,0.001528,7.68524,175041
1363,1,9.835,57,1,0,0,0.1,0.002498,7.65537,175099
1364,1,9.77155,78,1,0,0,0.1,0.000759,7.65671,175178
1365,1,-1.069,23,0,1,0,0.1,0.002819,7.65547,175202
1366,1,9.84699,53,1,0,0,0.1,0.001611,7.68574,175256
1367,1,9.81725,63,1,0,0,0.1,0.005076,7.67542,175320
1368,1,9.81375,64,1,0,0,0.1,0.001224,7.69616,175385
1369,1,9.84099,55,1,0,0,0.1,0.003329,7.7012,175441
1370,1,9.82528,60,1,0,0,0.1,0.000709,7.6716,175502
1371,1,9.84403,54,1,0,0,0.1,0.002417,7.66152,175557
1372,1,9.83203,58,1,0,0,0.1,0.003144,7.67851,175616
1373,1,9.80169,68,1,0,0,0.1,0.00127,7.68076,175685
1374,1,9.84624,53,1,0,0,0.1,0.003563,7.67493,175739
1375,1,9.84401,54,1,0,0,0.1,0.003648,7.68141,175794
1376,1,9.81419,64,1,0,0,0.1,0.001483,7.69037,175859
1377,1,9.80199,68,1,0,0,0.1,0.0013,7.69261,175928
1378,1,9.82296,61,1,0,0,0.1,0.001688,7.67531,175990
1379,1,9.84703,53,1,0,0,0.1,0.000608,7.67589,176044
1380,1,9.83203,58,1,0,0,0.1,0.001206,7.68142,176103
1381,1,9.82238,61,1,0,0,0.1,0.000843,7.69498,176165
1382,1,9.82626,60,1,0,0,0.1,0.002265,7.68731,176226
1383,1,9.84124,55,1,0,0,0.1,0.001359,7.68201,176282
1384,1,9.82548,60,1,0,0,0.1,0.001286,7.68265,176343
1385,1,9.83803,56,1,0,0,0.1,0.001528,7.65263,176400
1386,1,9.82071,62,1,0,0,0.1,0.001142,7.68274,176463
1387,1,9.83454,57,1,0,0,0.1,0.001698,7.70581,176521
1388,1,9.84401,54,1,0,0,0.1,0.002432,7.69715,176576
1389,1,9.84099,55,1,0,0,0.1,0.003698,7.68601,176632
1390,1,9.83795,56,1,0,0,0.1,0.001634,7.6874,176689
1391,1,9.85001,52,1,0,0,0.1,0.001665,7.67731,176742
1392,1,9.84328,54,1,0,0,0.1,0.00195,7.68987,176797
1393,1,9.82022,62,1,0,0,0.1,0.002929,7.6632,176860
1394,1,9.84082,55,1,0,0,0.1,0.002313,7.67178,176916
1395,1,9.84051,55,1,0,0,0.1,0.001056,7.68441,176972
1396,1,9.82594,60,1,0,0,0.1,0.001421,7.6853,177033
1397,1,9.83204,58,1,0,0,0.1,0.000504,7.68824,177092
1398,1,9.84701,53,1,0,0,0.1,0.002649,7.68307,177146
1399,1,9.82523,60,1,0,0,0.1,0.002758,7.66939,177207
1400,1,9.81073,65,1,0,0,0.1,0.001337,7.68791,177273
1401,1,9.83771,56,1,0,0,0.1,0.001361,7.69403,177330
1402,1,9.84403,54,1,0,0,0.1,0.001413,7.68084,177385
1403,1,9.82303,61,1,0,0,0.1,0.000687,7.67391,177447
1404,1,9.84703,53,1,0,0,0.1,0.002354,7.67706,177501
1405,1,9.80834,66,1,0,0,0.1,0.000632,7.69531,177568
1406,1,9.82864,59,1,0,0,0.1,0.002225,7.69633,177628
1407,1,9.80466,67,1,0,0,0.1,0.000599,7.67828,177696
1408,1,9.84328,54,1,0,0,0.1,0.001766,7.68175,177751
1409,1,9.84033,55,1,0,0,0.1,0.002204,7.6833,177807
1410,1,9.81944,62,1,0,0,0.1,0.000506,7.6942,177870
1411,1,9.83823,56,1,0,0,0.1,0.001391,7.67103,177927
1412,1,9.81998,62,1,0,0,0.1,0.003584,7.66668,177990
1413,1,9.81692,63,1,0,0,0.1,0.000488,7.68158,178054
1414,1,9.83526,57,1,0,0,0.1,0.001488,7.68845,178112
1415,1,9.84427,54,1,0,0,0.1,0.004355,7.67312,178167
1416,1,9.82906,59,1,0,0,0.1,0.001233,7.69652,178227
1417,1,9.84084,55,1,0,0,0.1,0.001297,7.6788,178283
1418,1,9.83176,58,1,0,0,0.1,0.000831,7.67041,178342
1419,1,9.82569,60,1,0,0,0.1,0.002442,7.67609,178403
1420,1,9.83174,58,1,0,0,0.1,0.001165,7.68792,178462
1421,1,9.83851,56,1,0,0,0.1,0.00053,7.67925,178519
1422,1,9.83524,57,1,0,0,0.1,0.001674,7.69167,178577
1423,1,9.8375,56,1,0,0,0.1,0.001296,7.67747,178634
1424,1,9.84624,53,1,0,0,0.1,0.001997,7.70562,178688
1425,1,9.82617,60,1,0,0,0.1,0.001196,7.69616,178749
1426,1,9.84103,55,1,0,0,0.1,0.003419,7.67909,178805
1427,1,9.85301,51,1,0,0,0.1,0.002588,7.69105,178857
1428,1,9.83728,56,1,0,0,0.1,0.002218,7.65522,178914
1429,1,9.8318,58,1,0,0,0.1,0.000726,7.68134,178973
1430,1,9.85003,52,1,0,0,0.1,0.001312,7.68373,179026
1431,1,9.82303,61,1,0,0,0.1,0.002097,7.67358,179088
1432,1,9.84024,55,1,0,0,0.1,0.002405,7.67373,179144
1433,1,9.83184,58,1,0,0,0.1,0.001566,7.67887,179203
1434,1,9.83506,57,1,0,0,0.1,0.00218,7.66095,179261
1435,1,9.83792,56,1,0,0,0.1,0.001267,7.67679,179318
1436,1,9.84384,54,1,0,0,0.1,0.001289,7.67955,179373
1437,1,9.82601,60,1,0,0,0.1,0.000691,7.69093,179434
1438,1,9.835,57,1,0,0,0.1,0.003312,7.68054,179492
1439,1,9.84392,54,1,0,0,0.1,0.004088,7.67051,179547
1440,1,9.82561,60,1,0,0,0.1,0.002794,7.7034,179608
1441,1,9.81957,62,1,0,0,0.1,0.002811,7.64665,179671
1442,1,9.84083,55,1,0,0,0.1,0.000522,7.67996,179727
1443,1,9.79281,71,1,0,0,0.1,0.001791,7.68167,179799
1444,1,9.84383,54,1,0,0,0.1,0.000506,7.68333,179854
1445,1,9.84403,54,1,0,0,0.1,0.001526,7.67339,179909
1446,1,9.83485,57,1,0,0,0.1,0.001513,7.67881,179967
1447,1,9.83463,57,1,0,0,0.1,0.002469,7.6642,180025
1448,1,9.85303,51,1,0,0,0.1,0.00129,7.66496,180077
1449,1,9.84627,53,1,0,0,0.1,0.001966,7.66763,180131
1450,1,9.8408,55,1,0,0,0.1,0.000498,7.672,180187
1451,1,9.82637,60,1,0,0,0.1,0.001844,7.67541,180248
1452,1,9.81973,62,1,0,0,0.1,0.001476,7.70596,180311
1453,1,9.81669,63,1,0,0,0.1,0.001249,7.69667,180375
1454,1,9.83503,57,1,0,0,0.1,0.001214,7.68556,180433
1455,1,9.8447,54,1,0,0,0.1,0.001148,7.69194,180488
1456,1,9.80058,69,1,0,0,0.1,0.001412,7.65429,180558
1457,1,9.82834,59,1,0,0,0.1,0.001442,7.66422,180618
1458,1,9.84103,55,1,0,0,0.1,0.001724,7.68903,180674
1459,1,9.84101,55,1,0,0,0.1,0.001848,7.69087,180730
1460,1,9.84695,53,1,0,0,0.1,0.001463,7.69667,180784
1461,1,9.84403,54,1,0,0,0.1,0.000529,7.69316,180839
1462,1,9.85003,52,1,0,0,0.1,0.000406,7.68562,180892
1463,1,9.82013,62,1,0,0,0.1,0.002926,7.69649,180955
1464,1,9.84119,55,1,0,0,0.1,0.001395,7.65776,181011
1465,1,9.84401,54,1,0,0,0.1,0.001501,7.69296,181066
1466,1,9.83773,56,1,0,0,0.1,0.002076,7.67555,181123
1467,1,9.83174,58,1,0,0,0.1,0.002084,7.68543,181182
1468,1,9.84678,53,1,0,0,0.1,0.000483,7.68352,181236
1469,1,9.84083,55,1,0,0,0.1,0.001461,7.6838,181292
1470,1,9.84696,53,1,0,0,0.1,0.001371,7.67391,181346
1471,1,9.84928,52,1,0,0,0.1,0.000967,7.66837,181399
1472,1,9.84378,54,1,0,0,0.1,0.001536,7.68115,181454
1473,1,9.81628,63,1,0,0,0.1,0.001968,7.69788,181518
1474,1,9.82603,60,1,0,0,0.1,0.001998,7.67522,181579
1475,1,9.84682,53,1,0,0,0.1,0.001439,7.68189,181633
1476,1,9.84702,53,1,0,0,0.1,0.000455,7.67548,181687
1477,1,9.84103,55,1,0,0,0.1,0.001404,7.70391,181743
1478,1,9.84401,54,1,0,0,0.1,0.00038,7.69451,181798
1479,1,9.8435,54,1,0,0,0.1,0.003239,7.69031,181853
1480,1,9.83787,56,1,0,0,0.1,0.004024,7.69555,181910
1481,1,9.81997,62,1,0,0,0.1,0.001332,7.71449,181973
1482,1,9.82528,60,1,0,0,0.1,0.001416,7.69289,182034
1483,1,9.81831,63,1,0,0,0.1,0.00278,7.67506,182098
1484,1,9.84075,55,1,0,0,0.1,0.002646,7.68595,182154
1485,1,9.84695,53,1,0,0,0.1,0.001475,7.69004,182208
1486,1,9.8353,57,1,0,0,0.1,0.001371,7.69725,182266
1487,1,9.84978,52,1,0,0,0.1,0.001223,7.69921,182319
1488,1,9.82557,60,1,0,0,0.1,0.001138,7.6725,182380
1489,1,9.85003,52,1,0,0,0.1,0.002006,7.6804,182433
1490,1,9.84403,54,1,0,0,0.1,0.002094,7.70263,182488
1491,1,9.83157,58,1,0,0,0.1,0.000771,7.70401,182547
1492,1,9.83496,57,1,0,0,0.1,0.001247,7.6826,182605
1493,1,9.84381,54,1,0,0,0.1,0.001596,7.66665,182660
1494,1,9.84683,53,1,0,0,0.1,0.001467,7.672,182714
1495,1,9.84928,52,1,0,0,0.1,0.002431,7.70275,182767
1496,1,9.81642,63,1,0,0,0.1,0.000346,7.68563,182831
1497,1,9.84695,53,1,0,0,0.1,0.002264,7.68633,182885
1498,1,9.84401,54,1,0,0,0.1,0.001457,7.66468,182940
1499,1,9.84691,53,1,0,0,0.1,0.00163,7.69088,182994
1500,1,9.821,62,1,0,0,0.1,0.001137,7.6701,183057
1501,1,9.83508,57,1,0,0,0.1,0.00054,7.70219,183115
1502,1,9.84926,52,1,0,0,0.1,0.000441,7.6776,183168
1503,1,9.82891,59,1,0,0,0.1,0.00215,7.66864,183228
1504,1,9.83475,57,1,0,0,0.1,0.001284,7.69987,183286
1505,1,9.84685,53,1,0,0,0.1,0.001232,7.71689,183340
1506,1,9.84386,54,1,0,0,0.1,0.001559,7.68608,183395
1507,1,9.84691,53,1,0,0,0.1,0.001412,7.66602,183449
1508,1,9.83503,57,1,0,0,0.1,0.000418,7.68942,183507
1509,1,9.81376,64,1,0,0,0.1,0.00036,7.67637,183572
1510,1,9.82918,59,1,0,0,0.1,0.00047,7.69082,183632
1511,1,9.83179,58,1,0,0,0.1,0.000382,7.67956,183691
1512,1,9.83481,57,1,0,0,0.1,0.00037,7.69532,183749
1513,1,9.82528,60,1,0,0,0.1,0.00128,7.69494,183810
1514,1,9.8255,60,1,0,0,0.1,0.000404,7.68473,183871
1515,1,9.85303,51,1,0,0,0.1,0.002737,7.68757,183923
1516,1,9.84064,55,1,0,0,0.1,0.003895,7.68667,183979
1517,1,9.83539,57,1,0,0,0.1,0.001397,7.6974,184037
1518,1,9.83203,58,1,0,0,0.1,0.00123,7.69397,184096
1519,1,9.84401,54,1,0,0,0.1,0.003614,7.6877,184151
1520,1,9.83203,58,1,0,0,0.1,0.001307,7.67342,184210
1521,1,9.83521,57,1,0,0,0.1,0.003953,7.69163,184268
1522,1,9.81932,62,1,0,0,0.1,0.003733,7.6932,184331
1523,1,9.84407,54,1,0,0,0.1,0.00126,7.67718,184386
1524,1,9.85601,50,1,0,0,0.1,0.001827,7.69155,184437
1525,1,9.84403,54,1,0,0,0.1,0.00328,7.69567,184492
1526,1,9.83433,57,1,0,0,0.1,0.001495,7.71945,184550
1527,1,9.85003,52,1,0,0,0.1,0.001424,7.68884,184603
1528,1,9.8316,58,1,0,0,0.1,0.001305,7.67576,184662
1529,1,9.82901,59,1,0,0,0.1,0.002165,7.67752,184722
1530,1,9.8231,61,1,0,0,0.1,0.002327,7.67264,184784
1531,1,9.82905,59,1,0,0,0.1,0.003695,7.68036,184844
1532,1,9.83127,58,1,0,0,0.1,0.001164,7.68163,184903
1533,1,9.8319,58,1,0,0,0.1,0.002005,7.68446,184962
1534,1,9.80803,66,1,0,0,0.1,0.001097,7.69471,185029
1535,1,9.82308,61,1,0,0,0.1,0.00052,7.70472,185091
1536,1,9.83195,58,1,0,0,0.1,0.001955,7.68693,185150
1537,1,9.84396,54,1,0,0,0.1,0.003588,7.66421,185205
1538,1,9.84099,55,1,0,0,0.1,0.000468,7.69548,185261
1539,1,9.81667,63,1,0,0,0.1,0.001251,7.69498,185325
1540,1,9.8348,57,1,0,0,0.1,0.004034,7.66767,185383
1541,1,9.84024,55,1,0,0,0.1,0.001037,7.66967,185439
1542,1,9.83463,57,1,0,0,0.1,0.000953,7.66572,185497
1543,1,9.84718,53,1,0,0,0.1,0.000469,7.71424,185551
1544,1,9.82298,61,1,0,0,0.1,0.001201,7.68452,185613
1545,1,9.83776,56,1,0,0,0.1,0.000408,7.6987,185670
1546,1,9.81776,63,1,0,0,0.1,0.000418,7.6778,185734
1547,1,9.82324,61,1,0,0,0.1,0.001941,7.71035,185796
1548,1,9.8378,56,1,0,0,0.1,0.002335,7.69722,185853
1549,1,9.81958,62,1,0,0,0.1,0.002886,7.67482,185916
1550,1,9.81949,62,1,0,0,0.1,0.001981,7.70851,185979
1551,1,9.81696,63,1,0,0,0.1,0.001097,7.72169,186043
1552,1,9.78984,72,1,0,0,0.1,0.00045,7.68214,186116
1553,1,9.82925,59,1,0,0,0.1,0.000604,7.70192,186176
1554,1,9.82858,59,1,0,0,0.1,0.000938,7.68599,186236
1555,1,9.62197,128,1,0,0,0.1,0.000956,7.68581,186365
1556,1,9.81091,65,1,0,0,0.1,0.00063,7.67006,186431
1557,1,9.78924,72,1,0,0,0.1,0.001186,7.68461,186504
1558,1,9.83212,58,1,0,0,0.1,0.002417,7.68419,186563
1559,1,9.84622,53,1,0,0,0.1,0.001067,7.69868,186617
1560,1,9.83503,57,1,0,0,0.1,0.001398,7.68037,186675
1561,1,9.83167,58,1,0,0,0.1,0.001265,7.69943,186734
1562,1,9.82301,61,1,0,0,0.1,0.000587,7.69694,186796
1563,1,9.83481,57,1,0,0,0.1,0.00421,7.7054,186854
1564,1,9.82301,61,1,0,0,0.1,0.00338,7.67656,186916
1565,1,9.82233,61,1,0,0,0.1,0.000575,7.71702,186978
1566,1,9.83197,58,1,0,0,0.1,0.001327,7.68494,187037
1567,1,9.82852,59,1,0,0,0.1,0.000853,7.69333,187097
1568,1,9.82902,59,1,0,0,0.1,0.000514,7.68152,187157
1569,1,9.85528,50,1,0,0,0.1,0.00137,7.70427,187208
1570,1,9.83456,57,1,0,0,0.1,0.000512,7.71793,187266
1571,1,9.80771,66,1,0,0,0.1,0.00085,7.71293,187333
1572,1,9.80226,68,1,0,0,0.1,0.001773,7.68922,187402
1573,1,9.84627,53,1,0,0,0.1,0.001578,7.69622,187456
1574,1,9.83499,57,1,0,0,0.1,0.000601,7.70204,187514
1575,1,9.83199,58,1,0,0,0.1,0.002239,7.70386,187573
1576,1,9.81124,65,1,0,0,0.1,0.000684,7.72001,187639
1577,1,9.84142,55,1,0,0,0.1,0.001445,7.70386,187695
1578,1,9.82272,61,1,0,0,0.1,0.002423,7.69284,187757
1579,1,9.82878,59,1,0,0,0.1,0.000551,7.70987,187817
1580,1,9.8376,56,1,0,0,0.1,0.003949,7.72559,187874
1581,1,9.84696,53,1,0,0,0.1,0.000688,7.70234,187928
1582,1,9.81352,64,1,0,0,0.1,0.001243,7.71469,187993
1583,1,9.85304,51,1,0,0,0.1,0.001666,7.7047,188045
1584,1,9.83781,56,1,0,0,0.1,0.000529,7.69103,188102
1585,1,9.80792,66,1,0,0,0.1,0.00249,7.70914,188169
1586,1,9.83794,56,1,0,0,0.1,0.000642,7.71528,188226
1587,1,9.83528,57,1,0,0,0.1,0.002203,7.71039,188284
1588,1,9.83203,58,1,0,0,0.1,0.000743,7.70221,188343
1589,1,9.82892,59,1,0,0,0.1,0.002168,7.6873,188403
1590,1,9.82007,62,1,0,0,0.1,0.000627,7.68914,188466
1591,1,9.81099,65,1,0,0,0.1,0.000699,7.69062,188532
1592,1,9.82528,60,1,0,0,0.1,0.000842,7.72341,188593
1593,1,9.81415,64,1,0,0,0.1,0.000795,7.72225,188658
1594,1,9.83801,56,1,0,0,0.1,0.001405,7.68492,188715
1595,1,9.78408,74,1,0,0,0.1,0.001171,7.71223,188790
1596,1,9.83241,58,1,0,0,0.1,0.000707,7.69919,188849
1597,1,9.83187,58,1,0,0,0.1,0.000665,7.69777,188908
1598,1,9.82883,59,1,0,0,0.1,0.002297,7.71962,188968
1599,1,9.8318,58,1,0,0,0.1,0.000884,7.715,189027
1600,1,9.83547,57,1,0,0,0.1,0.000884,7.71907,189085
1601,1,9.81166,65,1,0,0,0.1,0.000737,7.70679,189151
1602,1,9.78953,72,1,0,0,0.1,0.000654,7.68415,189224
1603,1,9.81961,62,1,0,0,0.1,0.000778,7.70364,189287
1604,1,9.80851,66,1,0,0,0.1,0.001501,7.70354,189354
1605,1,9.83151,58,1,0,0,0.1,0.00057,7.71393,189413
1606,1,9.80797,66,1,0,0,0.1,0.000796,7.69693,189480
1607,1,9.81354,64,1,0,0,0.1,0.002302,7.7093,189545
1608,1,9.83799,56,1,0,0,0.1,0.000776,7.70215,189602
1609,1,9.82317,61,1,0,0,0.1,0.001525,7.68305,189664
1610,1,9.82003,62,1,0,0,0.1,0.003011,7.6851,189727
1611,1,9.84688,53,1,0,0,0.1,0.000708,7.68975,189781
1612,1,9.82582,60,1,0,0,0.1,0.001271,7.71903,189842
1613,1,9.82399,61,1,0,0,0.1,0.000784,7.71474,189904
1614,1,9.8259,60,1,0,0,0.1,0.002374,7.70071,189965
1615,1,9.84403,54,1,0,0,0.1,0.001839,7.71097,190020
1616,1,9.84098,55,1,0,0,0.1,0.001571,7.70886,190076
1617,1,9.52578,160,1,0,0,0.1,0.001867,7.7078,190237
1618,1,9.82001,62,1,0,0,0.1,0.00187,7.70131,190300
1619,1,9.81928,62,1,0,0,0.1,0.002505,7.68016,190363
1620,1,9.80225,68,1,0,0,0.1,0.002437,7.7072,190432
1621,1,9.8228,61,1,0,0,0.1,0.00163,7.69131,190494
1622,1,9.83827,56,1,0,0,0.1,0.002605,7.70447,190551
1623,1,9.83184,58,1,0,0,0.1,0.001039,7.70314,190610
1624,1,-1.051,17,0,1,0,0.1,0.000774,7.72342,190628
1625,1,9.81946,62,1,0,0,0.1,0.002166,7.70859,190691
1626,1,9.81703,63,1,0,0,0.1,0.000804,7.70589,190755
1627,1,9.83197,58,1,0,0,0.1,0.000821,7.71018,190814
1628,1,9.82893,59,1,0,0,0.1,0.001459,7.70239,190874
1629,1,9.80159,68,1,0,0,0.1,0.002703,7.72164,190943
1630,1,9.82588,60,1,0,0,0.1,0.001662,7.71272,191004
1631,1,9.84698,53,1,0,0,0.1,0.003367,7.69231,191058
1632,1,9.82852,59,1,0,0,0.1,0.002359,7.72588,191118
1633,1,9.84703,53,1,0,0,0.1,0.000778,7.71563,191172
1634,1,9.84382,54,1,0,0,0.1,0.002379,7.70221,191227
1635,1,9.84099,55,1,0,0,0.1,0.001576,7.71707,191283
1636,1,9.83199,58,1,0,0,0.1,0.0017,7.71388,191342
1637,1,-1.159,53,0,1,0,0.1,0.000813,7.71289,191396
1638,1,9.81953,62,1,0,0,0.1,0.000777,7.70695,191459
1639,1,9.84083,55,1,0,0,0.1,0.0008,7.72251,191515
1640,1,-1.093,31,0,1,0,0.1,0.000715,7.71678,191547
1641,1,9.80776,66,1,0,0,0.1,0.001623,7.71068,191614
1642,1,9.83801,56,1,0,0,0.1,0.001909,7.69725,191671
1643,1,9.82903,59,1,0,0,0.1,0.002634,7.72132,191731
1644,1,9.83494,57,1,0,0,0.1,0.001728,7.70004,191789
1645,1,9.78403,74,1,0,0,0.1,0.001513,7.70252,191864
1646,1,-1.135,45,0,1,0,0.1,0.000776,7.74362,191910
1647,1,-1.114,38,0,1,0,0.1,0.002009,7.73135,191949
1648,1,-1.141,47,0,1,0,0.1,0.00196,7.6933,191997
1649,1,9.8226,61,1,0,0,0.1,0.002542,7.7104,192059
1650,1,9.81369,64,1,0,0,0.1,0.003323,7.71154,192124
1651,1,9.84095,55,1,0,0,0.1,0.00246,7.71552,192180
1652,1,9.8351,57,1,0,0,0.1,0.002829,7.70383,192238
1653,1,9.41685,198,1,0,0,0.1,0.002612,7.71186,192437
1654,1,-1.171,57,0,1,0,0.1,0.002823,7.71229,192495
1655,1,9.79603,70,1,0,0,0.1,0.003224,7.74154,192566
1656,1,-1.21,70,0,1,0,0.1,0.002455,7.70546,192637
1657,1,9.82865,59,1,0,0,0.1,0.000779,7.71347,192697
1658,1,-1.315,105,0,1,0,0.1,0.006555,7.71764,192803
1659,1,-1.261,87,0,1,0,0.1,0.003616,7.72598,192891
1660,1,-1.153,51,0,1,0,0.1,0.003114,7.71552,192943
1661,1,9.43526,190,1,0,0,0.1,0.001753,7.72622,193134
1662,1,9.48365,174,1,0,0,0.1,0.003376,7.69921,193309
1663,1,9.82883,59,1,0,0,0.1,0.00284,7.73468,193369
1664,1,-1.33,110,0,1,0,0.1,0.003289,7.72137,193480
1665,1,-1.246,82,0,1,0,0.1,0.002652,7.72979,193563
1666,1,-1.138,46,0,1,0,0.1,0.005489,7.7417,193610
1667,1,9.81103,65,1,0,0,0.1,0.004165,7.72186,193676
1668,1,-1.129,43,0,1,0,0.1,0.002349,7.72318,193720
1669,1,-1.315,105,0,1,0,0.1,0.003166,7.72207,193826
1670,1,-1.198,66,0,1,0,0.1,0.005547,7.71217,193893
1671,1,9.82588,60,1,0,0,0.1,0.003857,7.71974,193954
1672,1,9.19891,269,1,0,0,0.1,0.004564,7.72473,194224
1673,1,9.82869,59,1,0,0,0.1,0.002634,7.74764,194284
1674,1,9.76245,81,1,0,0,0.1,0.004175,7.71825,194366
1675,1,-1.177,59,0,1,0,0.1,0.004558,7.72331,194426
1676,1,9.7564,83,1,0,0,0.1,0.003013,7.74004,194510
1677,1,9.81396,64,1,0,0,0.1,0.004304,7.74435,194575
1678,1,9.82899,59,1,0,0,0.1,0.002144,7.73987,194635
1679,1,9.8438,54,1,0,0,0.1,0.007301,7.70185,194690
1680,1,9.81382,64,1,0,0,0.1,0.003461,7.71503,194755
1681,1,9.50141,168,1,0,0,0.1,0.002369,7.71449,194924
1682,1,9.79279,71,1,0,0,0.1,0.001899,7.71334,194996
1683,1,9.81086,65,1,0,0,0.1,0.002196,7.7213,195062
1684,1,9.82273,61,1,0,0,0.1,0.001726,7.74307,195124
1685,1,9.82528,60,1,0,0,0.1,0.002853,7.73772,195185
1686,1,8.96276,348,1,0,0,0.1,0.002647,7.73681,195534
1687,1,9.58294,141,1,0,0,0.1,0.003214,7.73837,195676
1688,1,9.79907,69,1,0,0,0.1,0.004453,7.75492,195746
1689,1,9.79299,71,1,0,0,0.1,0.004056,7.74235,195818
1690,1,9.77422,77,1,0,0,0.1,0.001859,7.7438,195896
1691,1,-1.279,93,0,1,0,0.1,0.003907,7.73463,195990
1692,1,9.78698,73,1,0,0,0.1,0.007907,7.72428,196064
1693,1,9.80184,68,1,0,0,0.1,0.004736,7.74905,196133
1694,1,-1.078,26,0,1,0,0.1,0.009027,7.74209,196160
1695,1,-1.19386,400,0,0,1,0.1,0.003533,7.74782,196560
1696,1,9.81975,62,1,0,0,0.1,0.004851,7.78004,196623
1697,1,9.79264,71,1,0,0,0.1,0.005021,7.77547,196695
1698,1,9.73962,89,1,0,0,0.1,0.002175,7.74681,196785
1699,1,-1.198,66,0,1,0,0.1,0.005755,7.75019,196852
1700,1,9.75385,84,1,0,0,0.1,0.004546,7.75025,196937
1701,1,9.76901,79,1,0,0,0.1,0.004772,7.76936,197017
1702,1,-1.366,122,0,1,0,0.1,0.003174,7.75998,197140
1703,1,9.77208,78,1,0,0,0.1,0.003914,7.73492,197219
1704,1,9.82599,60,1,0,0,0.1,0.0037,7.74091,197280
1705,1,9.79626,70,1,0,0,0.1,0.002548,7.7566,197351
1706,1,9.55307,151,1,0,0,0.1,0.006166,7.7502,197503
1707,1,9.80872,66,1,0,0,0.1,0.003704,7.75191,197570
1708,1,9.80483,67,1,0,0,0.1,0.004892,7.76176,197638
1709,1,9.81628,63,1,0,0,0.1,0.003719,7.75441,197702
1710,1,9.66992,112,1,0,0,0.1,0.004509,7.73078,197815
1711,1,9.63991,122,1,0,0,0.1,0.004172,7.75185,197938
1712,1,9.78363,74,1,0,0,0.1,0.005227,7.74546,198013
1713,1,9.66757,113,1,0,0,0.1,0.004172,7.74397,198127
1714,1,9.54402,154,1,0,0,0.1,0.004615,7.75179,198282
1715,1,-1.114,38,0,1,0,0.1,0.00624,7.71884,198321
1716,1,9.82599,60,1,0,0,0.1,0.002937,7.74392,198382
1717,1,9.84698,53,1,0,0,0.1,0.00467,7.74098,198436
1718,1,9.75408,84,1,0,0,0.1,0.004493,7.75528,198521
1719,1,9.77789,76,1,0,0,0.1,0.004994,7.77558,198598
1720,1,9.77202,78,1,0,0,0.1,0.007056,7.73021,198677
1721,1,9.8202,62,1,0,0,0.1,0.007312,7.72002,198740
1722,1,9.67032,112,1,0,0,0.1,0.006125,7.73588,198853
1723,1,9.72107,95,1,0,0,0.1,0.004591,7.73536,198949
1724,1,9.80484,67,1,0,0,0.1,0.004248,7.77836,199017
1725,1,9.62452,127,1,0,0,0.1,0.004449,7.76697,199145
1726,1,9.72689,93,1,0,0,0.1,0.004673,7.74407,199239
1727,1,9.70584,100,1,0,0,0.1,0.003609,7.73912,199340
1728,1,9.69695,103,1,0,0,0.1,0.005323,7.75967,199444
1729,1,9.67589,110,1,0,0,0.1,0.004399,7.74994,199555
1730,1,9.61866,129,1,0,0,0.1,0.005564,7.75589,199685
1731,1,9.2198,262,1,0,0,0.1,0.004281,7.7576,199948
1732,1,9.46329,181,1,0,0,0.1,0.004615,7.75495,200130
1733,1,9.72398,94,1,0,0,0.1,0.004115,7.74854,200225
1734,1,9.77773,76,1,0,0,0.1,0.002636,7.73042,200302
1735,1,9.56225,148,1,0,0,0.1,0.003249,7.72699,200451
1736,1,9.78691,73,1,0,0,0.1,0.003994,7.73155,200525
1737,1,9.8198,62,1,0,0,0.1,0.005518,7.74649,200588
1738,1,9.784,74,1,0,0,0.1,0.004975,7.72788,200663
1739,1,9.81379,64,1,0,0,0.1,0.004623,7.72955,200728
1740,1,9.72052,95,1,0,0,0.1,0.005483,7.73737,200824
1741,1,9.62186,128,1,0,0,0.1,0.003409,7.72515,200953
1742,1,9.75715,83,1,0,0,0.1,0.005288,7.74374,201037
1743,1,9.7342,91,1,0,0,0.1,0.002157,7.74464,201129
1744,1,9.63627,123,1,0,0,0.1,0.003077,7.75189,201253
1745,1,9.77774,76,1,0,0,0.1,0.003362,7.74103,201330
1746,1,9.79291,71,1,0,0,0.1,0.003106,7.7493,201402
1747,1,9.75387,84,1,0,0,0.1,0.004968,7.73184,201487
1748,1,9.76533,80,1,0,0,0.1,0.001137,7.75388,201568
1749,1,9.81374,64,1,0,0,0.1,0.004719,7.72677,201633
1750,1,9.74768,86,1,0,0,0.1,0.004354,7.74989,201720
1751,1,9.73343,91,1,0,0,0.1,0.005141,7.74226,201812
1752,1,9.80794,66,1,0,0,0.1,0.004086,7.75067,201879
1753,1,9.83153,58,1,0,0,0.1,0.004157,7.73566,201938
1754,1,9.75997,82,1,0,0,0.1,0.003822,7.72205,202021
1755,1,9.82,62,1,0,0,0.1,0.005306,7.7438,202084
1756,1,9.75341,84,1,0,0,0.1,0.00293,7.71669,202169
1757,1,9.77191,78,1,0,0,0.1,0.003405,7.74235,202248
1758,1,9.75706,83,1,0,0,0.1,0.002762,7.73593,202332
1759,1,9.65874,116,1,0,0,0.1,0.003138,7.73486,202449
1760,1,9.805,67,1,0,0,0.1,0.002721,7.72367,202517
1761,1,9.82002,62,1,0,0,0.1,0.001218,7.70929,202580
1762,1,9.74968,86,1,0,0,0.1,0.004693,7.72666,202667
1763,1,9.82893,59,1,0,0,0.1,0.002229,7.738,202727
1764,1,9.8048,67,1,0,0,0.1,0.002939,7.72365,202795
1765,1,9.82305,61,1,0,0,0.1,0.003127,7.76015,202857
1766,1,9.81103,65,1,0,0,0.1,0.003475,7.74597,202923
1767,1,9.84332,54,1,0,0,0.1,0.003969,7.74543,202978
1768,1,9.79847,69,1,0,0,0.1,0.001604,7.73161,203048
1769,1,9.82879,59,1,0,0,0.1,0.00181,7.71591,203108
1770,1,9.80488,67,1,0,0,0.1,0.002743,7.76697,203176
1771,1,9.7388,89,1,0,0,0.1,0.002286,7.73665,203266
1772,1,9.75098,85,1,0,0,0.1,0.002979,7.70949,203352
1773,1,9.81093,65,1,0,0,0.1,0.002413,7.74434,203418
1774,1,9.8283,59,1,0,0,0.1,0.004631,7.71208,203478
1775,1,9.78082,75,1,0,0,0.1,0.003163,7.72985,203554
1776,1,9.82631,60,1,0,0,0.1,0.001162,7.75314,203615
1777,1,9.84375,54,1,0,0,0.1,0.004204,7.69836,203670
1778,1,9.82004,62,1,0,0,0.1,0.004406,7.74678,203733
1779,1,9.82587,60,1,0,0,0.1,0.003006,7.72207,203794
1780,1,9.82983,59,1,0,0,0.1,0.003205,7.72203,203854
1781,1,9.81617,63,1,0,0,0.1,0.001819,7.71846,203918
1782,1,9.79318,71,1,0,0,0.1,0.005723,7.72435,203990
1783,1,-1.297,99,0,1,0,0.1,0.004731,7.71557,204090
1784,1,9.80783,66,1,0,0,0.1,0.004186,7.70522,204157
1785,1,9.79929,69,1,0,0,0.1,0.002457,7.71879,204227
1786,1,9.82569,60,1,0,0,0.1,0.007041,7.70641,204288
1787,1,9.76008,82,1,0,0,0.1,0.001907,7.70997,204371
1788,1,9.77804,76,1,0,0,0.1,0.001938,7.72921,204448
1789,1,9.79304,71,1,0,0,0.1,0.002589,7.70804,204520
1790,1,9.83169,58,1,0,0,0.1,0.00262,7.73272,204579
1791,1,9.83195,58,1,0,0,0.1,0.00503,7.72005,204638
1792,1,9.77504,77,1,0,0,0.1,0.00299,7.71829,204716
1793,1,9.76908,79,1,0,0,0.1,0.002722,7.71392,204796
1794,1,9.84703,53,1,0,0,0.1,0.002285,7.73907,204850
1795,1,9.84083,55,1,0,0,0.1,0.003806,7.71177,204906
1796,1,9.76595,80,1,0,0,0.1,0.004971,7.72003,204987
1797,1,9.83784,56,1,0,0,0.1,0.00181,7.71577,205044
1798,1,9.84403,54,1,0,0,0.1,0.004655,7.71294,205099
1799,1,9.82356,61,1,0,0,0.1,0.002492,7.73799,205161
1800,1,9.82282,61,1,0,0,0.1,0.003026,7.71346,205223
1801,1,9.81139,65,1,0,0,0.1,0.003535,7.70564,205289
1802,1,9.81694,63,1,0,0,0.1,0.001743,7.69949,205353
1803,1,9.81393,64,1,0,0,0.1,0.004211,7.70675,205418
1804,1,9.83219,58,1,0,0,0.1,0.003032,7.73213,205477
1805,1,9.82247,61,1,0,0,0.1,0.00298,7.73295,205539
1806,1,9.81403,64,1,0,0,0.1,0.002958,7.72333,205604
1807,1,9.80733,66,1,0,0,0.1,0.004526,7.72735,205671
1808,1,9.76588,80,1,0,0,0.1,0.00308,7.69899,205752
1809,1,9.83726,56,1,0,0,0.1,0.002361,7.68459,205809
1810,1,9.82578,60,1,0,0,0.1,0.003411,7.70953,205870
1811,1,9.79004,72,1,0,0,0.1,0.003576,7.70961,205943
1812,1,9.7779,76,1,0,0,0.1,0.001854,7.69551,206020
1813,1,9.81703,63,1,0,0,0.1,0.005141,7.71502,206084
1814,1,9.8198,62,1,0,0,0.1,0.003373,7.69909,206147
1815,1,9.84668,53,1,0,0,0.1,0.003078,7.68479,206201
1816,1,9.82599,60,1,0,0,0.1,0.002759,7.70809,206262
1817,1,9.802,68,1,0,0,0.1,0.004343,7.69241,206331
1818,1,9.81972,62,1,0,0,0.1,0.002941,7.70294,206394
1819,1,9.83784,56,1,0,0,0.1,0.002203,7.71685,206451
1820,1,9.84093,55,1,0,0,0.1,0.002856,7.68465,206507
1821,1,9.84052,55,1,0,0,0.1,0.001845,7.71416,206563
1822,1,9.83478,57,1,0,0,0.1,0.00333,7.68676,206621
1823,1,9.81987,62,1,0,0,0.1,0.003312,7.70663,206684
1824,1,9.83803,56,1,0,0,0.1,0.002758,7.68869,206741
1825,1,9.8349,57,1,0,0,0.1,0.002942,7.7105,206799
1826,1,9.78383,74,1,0,0,0.1,0.003237,7.69722,206874
1827,1,9.76609,80,1,0,0,0.1,0.003555,7.7033,206955
1828,1,9.82844,59,1,0,0,0.1,0.003122,7.7009,207015
1829,1,9.83467,57,1,0,0,0.1,0.004107,7.70008,207073
1830,1,9.83757,56,1,0,0,0.1,0.004108,7.6881,207130
1831,1,9.84996,52,1,0,0,0.1,0.0043,7.70996,207183
1832,1,9.83781,56,1,0,0,0.1,0.002043,7.7149,207240
1833,1,9.7987,69,1,0,0,0.1,0.002274,7.70508,207310
1834,1,9.82925,59,1,0,0,0.1,0.003735,7.70823,207370
1835,1,9.84701,53,1,0,0,0.1,0.004091,7.68732,207424
1836,1,9.82027,62,1,0,0,0.1,0.004991,7.70743,207487
1837,1,9.84106,55,1,0,0,0.1,0.001218,7.68452,207543
1838,1,9.79628,70,1,0,0,0.1,0.001877,7.68873,207614
1839,1,9.82221,61,1,0,0,0.1,0.005119,7.7031,207676
1840,1,9.82875,59,1,0,0,0.1,0.002468,7.69887,207736
1841,1,9.835,57,1,0,0,0.1,0.005736,7.68364,207794
1842,1,9.81327,64,1,0,0,0.1,0.004177,7.68286,207859
1843,1,9.80764,66,1,0,0,0.1,0.003013,7.68921,207926
1844,1,9.83203,58,1,0,0,0.1,0.00349,7.67934,207985
1845,1,9.80441,67,1,0,0,0.1,0.004966,7.67766,208053
1846,1,9.8048,67,1,0,0,0.1,0.003775,7.68142,208121
1847,1,9.82266,61,1,0,0,0.1,0.002648,7.69903,208183
1848,1,9.82298,61,1,0,0,0.1,0.001169,7.7056,208245
1849,1,9.82601,60,1,0,0,0.1,0.004007,7.68671,208306
1850,1,9.81103,65,1,0,0,0.1,0.00325,7.69823,208372
1851,1,9.81781,63,1,0,0,0.1,0.002815,7.69258,208436
1852,1,9.82287,61,1,0,0,0.1,0.005639,7.68395,208498
1853,1,9.81092,65,1,0,0,0.1,0.004374,7.69144,208564
1854,1,9.80836,66,1,0,0,0.1,0.004659,7.68349,208631
1855,1,9.8164,63,1,0,0,0.1,0.004343,7.69691,208695
1856,1,9.847,53,1,0,0,0.1,0.006274,7.68122,208749
1857,1,9.80419,67,1,0,0,0.1,0.001922,7.69238,208817
1858,1,9.8199,62,1,0,0,0.1,0.003844,7.68568,208880
1859,1,9.83791,56,1,0,0,0.1,0.001937,7.67352,208937
1860,1,9.84381,54,1,0,0,0.1,0.003241,7.68188,208992
1861,1,9.83873,56,1,0,0,0.1,0.003297,7.67447,209049
1862,1,9.82003,62,1,0,0,0.1,0.005269,7.67937,209112
1863,1,9.82887,59,1,0,0,0.1,0.00194,7.69261,209172
1864,1,9.81403,64,1,0,0,0.1,0.003648,7.67777,209237
1865,1,9.82003,62,1,0,0,0.1,0.002447,7.68112,209300
1866,1,9.84086,55,1,0,0,0.1,0.002477,7.69829,209356
1867,1,9.83476,57,1,0,0,0.1,0.003728,7.66927,209414
1868,1,9.81679,63,1,0,0,0.1,0.001809,7.68757,209478
1869,1,9.82603,60,1,0,0,0.1,0.002281,7.68575,209539
1870,1,9.79604,70,1,0,0,0.1,0.00315,7.66695,209610
1871,1,9.81653,63,1,0,0,0.1,0.003184,7.67254,209674
1872,1,9.83812,56,1,0,0,0.1,0.002424,7.69095,209731
1873,1,9.84103,55,1,0,0,0.1,0.002421,7.65615,209787
1874,1,9.8012,68,1,0,0,0.1,0.003231,7.68185,209856
1875,1,9.8313,58,1,0,0,0.1,0.003797,7.68778,209915
1876,1,9.83201,58,1,0,0,0.1,0.003751,7.67223,209974
1877,1,9.84962,52,1,0,0,0.1,0.00588,7.66149,210027
1878,1,9.83203,58,1,0,0,0.1,0.003312,7.69856,210086
1879,1,9.84383,54,1,0,0,0.1,0.005591,7.65283,210141
1880,1,9.82594,60,1,0,0,0.1,0.003311,7.65577,210202
1881,1,9.838,56,1,0,0,0.1,0.00367,7.67037,210259
1882,1,9.84974,52,1,0,0,0.1,0.002104,7.68148,210312
1883,1,9.85293,51,1,0,0,0.1,0.003169,7.66109,210364
1884,1,9.82602,60,1,0,0,0.1,0.001951,7.68434,210425
1885,1,9.85003,52,1,0,0,0.1,0.002175,7.67628,210478
1886,1,9.83821,56,1,0,0,0.1,0.001274,7.66294,210535
1887,1,9.83196,58,1,0,0,0.1,0.00356,7.66105,210594
1888,1,9.8259,60,1,0,0,0.1,0.006028,7.68379,210655
1889,1,9.82678,60,1,0,0,0.1,0.003804,7.69859,210716
1890,1,9.82247,61,1,0,0,0.1,0.004283,7.66537,210778
1891,1,9.81989,62,1,0,0,0.1,0.005511,7.67358,210841
1892,1,9.84994,52,1,0,0,0.1,0.001292,7.66291,210894
1893,1,9.81703,63,1,0,0,0.1,0.002345,7.68845,210958
1894,1,9.83173,58,1,0,0,0.1,0.002859,7.68028,211017
1895,1,9.81096,65,1,0,0,0.1,0.003728,7.6619,211083
1896,1,9.78782,73,1,0,0,0.1,0.003783,7.67378,211157
1897,1,9.83499,57,1,0,0,0.1,0.003822,7.67166,211215
1898,1,9.82943,59,1,0,0,0.1,0.004016,7.64624,211275
1899,1,9.84361,54,1,0,0,0.1,0.004409,7.68354,211330
1900,1,9.82603,60,1,0,0,0.1,0.001602,7.68237,211391
1901,1,9.84627,53,1,0,0,0.1,0.003067,7.69057,211445
1902,1,9.82683,60,1,0,0,0.1,0.0039,7.66514,211506
1903,1,9.80772,66,1,0,0,0.1,0.002907,7.68933,211573
1904,1,9.79901,69,1,0,0,0.1,0.002964,7.68254,211643
1905,1,9.82601,60,1,0,0,0.1,0.00281,7.6794,211704
1906,1,9.82828,59,1,0,0,0.1,0.005067,7.67128,211764
1907,1,9.84103,55,1,0,0,0.1,0.005816,7.69217,211820
1908,1,9.83182,58,1,0,0,0.1,0.003116,7.67709,211879
1909,1,9.82311,61,1,0,0,0.1,0.004156,7.69159,211941
1910,1,9.84719,53,1,0,0,0.1,0.002498,7.68434,211995
1911,1,9.83453,57,1,0,0,0.1,0.005006,7.69583,212053
1912,1,9.79864,69,1,0,0,0.1,0.003686,7.67295,212123
1913,1,9.84403,54,1,0,0,0.1,0.001344,7.67131,212178
1914,1,9.81057,65,1,0,0,0.1,0.003551,7.66599,212244
1915,1,9.81703,63,1,0,0,0.1,0.003757,7.67668,212308
1916,1,9.81948,62,1,0,0,0.1,0.002684,7.67789,212371
1917,1,9.85342,51,1,0,0,0.1,0.002424,7.67701,212423
1918,1,9.84403,54,1,0,0,0.1,0.005377,7.68641,212478
1919,1,9.84101,55,1,0,0,0.1,0.005819,7.70058,212534
1920,1,9.83128,58,1,0,0,0.1,0.004596,7.66448,212593
1921,1,9.84695,53,1,0,0,0.1,0.004547,7.67974,212647
1922,1,9.83182,58,1,0,0,0.1,0.006704,7.65716,212706
1923,1,9.81101,65,1,0,0,0.1,0.005392,7.70259,212772
1924,1,9.82901,59,1,0,0,0.1,0.002857,7.67576,212832
1925,1,9.83142,58,1,0,0,0.1,0.002372,7.64401,212891
1926,1,9.82823,59,1,0,0,0.1,0.001575,7.66008,212951
1927,1,9.83155,58,1,0,0,0.1,0.004112,7.67603,213010
1928,1,9.83728,56,1,0,0,0.1,0.005532,7.66013,213067
1929,1,9.832,58,1,0,0,0.1,0.002998,7.66765,213126
1930,1,9.83268,58,1,0,0,0.1,0.001527,7.67037,213185
1931,1,9.82229,61,1,0,0,0.1,0.002847,7.67392,213247
1932,1,9.83424,57,1,0,0,0.1,0.004966,7.66804,213305
1933,1,9.83196,58,1,0,0,0.1,0.00103,7.65529,213364
1934,1,9.8139,64,1,0,0,0.1,0.007249,7.66697,213429
1935,1,9.81689,63,1,0,0,0.1,0.002721,7.68529,213493
1936,1,9.84421,54,1,0,0,0.1,0.003252,7.6827,213548
1937,1,9.826,60,1,0,0,0.1,0.003511,7.67318,213609
1938,1,9.84112,55,1,0,0,0.1,0.003307,7.65689,213665
1939,1,9.84703,53,1,0,0,0.1,0.004152,7.6404,213719
1940,1,9.82865,59,1,0,0,0.1,0.00398,7.69013,213779
1941,1,9.85003,52,1,0,0,0.1,0.003297,7.67707,213832
1942,1,9.84099,55,1,0,0,0.1,0.00223,7.6382,213888
1943,1,9.83201,58,1,0,0,0.1,0.004052,7.67191,213947
1944,1,9.84684,53,1,0,0,0.1,0.003072,7.67126,214001
1945,1,9.82613,60,1,0,0,0.1,0.002783,7.65592,214062
1946,1,9.83469,57,1,0,0,0.1,0.001239,7.66103,214120
1947,1,9.83832,56,1,0,0,0.1,0.001195,7.70167,214177
1948,1,9.79597,70,1,0,0,0.1,0.002001,7.6759,214248
1949,1,9.83216,58,1,0,0,0.1,0.002546,7.70113,214307
1950,1,9.83772,56,1,0,0,0.1,0.00482,7.64725,214364
1951,1,9.82003,62,1,0,0,0.1,0.004119,7.67399,214427
1952,1,9.82824,59,1,0,0,0.1,0.003014,7.67215,214487
1953,1,9.8168,63,1,0,0,0.1,0.001694,7.67739,214551
1954,1,9.83511,57,1,0,0,0.1,0.002896,7.66294,214609
1955,1,9.83202,58,1,0,0,0.1,0.003036,7.64891,214668
1956,1,9.83125,58,1,0,0,0.1,0.001985,7.67279,214727
1957,1,9.82875,59,1,0,0,0.1,0.002817,7.6983,214787
1958,1,9.82875,59,1,0,0,0.1,0.002704,7.70574,214847
1959,1,9.81376,64,1,0,0,0.1,0.003021,7.6927,214912
1960,1,9.83201,58,1,0,0,0.1,0.001764,7.67237,214971
1961,1,9.83501,57,1,0,0,0.1,0.001931,7.69825,215029
1962,1,9.83495,57,1,0,0,0.1,0.00323,7.67096,215087
1963,1,9.81666,63,1,0,0,0.1,0.004245,7.68611,215151
1964,1,9.81062,65,1,0,0,0.1,0.00255,7.67889,215217
1965,1,9.83197,58,1,0,0,0.1,0.004609,7.66242,215276
1966,1,9.84688,53,1,0,0,0.1,0.001345,7.69733,215330
1967,1,9.84067,55,1,0,0,0.1,0.002022,7.69517,215386
1968,1,9.85227,51,1,0,0,0.1,0.002983,7.64655,215438
1969,1,9.84093,55,1,0,0,0.1,0.00284,7.67513,215494
1970,1,9.81723,63,1,0,0,0.1,0.003155,7.66842,215558
1971,1,9.84627,53,1,0,0,0.1,0.003179,7.69261,215612
1972,1,9.85603,50,1,0,0,0.1,0.001358,7.65427,215663
1973,1,9.82894,59,1,0,0,0.1,0.003607,7.69547,215723
1974,1,9.81663,63,1,0,0,0.1,0.004658,7.65299,215787
1975,1,9.83504,57,1,0,0,0.1,0.004124,7.70603,215845
1976,1,9.82899,59,1,0,0,0.1,0.002776,7.67638,215905
1977,1,9.81952,62,1,0,0,0.1,0.001886,7.67152,215968
1978,1,9.84118,55,1,0,0,0.1,0.005235,7.66452,216024
1979,1,9.84328,54,1,0,0,0.1,0.003125,7.70852,216079
1980,1,9.82827,59,1,0,0,0.1,0.002801,7.66815,216139
1981,1,9.81388,64,1,0,0,0.1,0.002861,7.67401,216204
1982,1,9.8199,62,1,0,0,0.1,0.004289,7.67049,216267
1983,1,9.84984,52,1,0,0,0.1,0.002972,7.66596,216320
1984,1,9.82859,59,1,0,0,0.1,0.00221,7.66369,216380
1985,1,9.81343,64,1,0,0,0.1,0.002592,7.65594,216445
1986,1,9.83483,57,1,0,0,0.1,0.00291,7.70011,216503
1987,1,9.82901,59,1,0,0,0.1,0.003466,7.67904,216563
1988,1,9.84693,53,1,0,0,0.1,0.002889,7.66866,216617
1989,1,9.84404,54,1,0,0,0.1,0.007318,7.65628,216672
1990,1,9.83803,56,1,0,0,0.1,0.003874,7.67629,216729
1991,1,9.84403,54,1,0,0,0.1,0.002455,7.67279,216784
1992,1,9.82319,61,1,0,0,0.1,0.004235,7.68977,216846
1993,1,9.83203,58,1,0,0,0.1,0.001899,7.66193,216905
1994,1,9.80501,67,1,0,0,0.1,0.002759,7.68302,216973
1995,1,9.81083,65,1,0,0,0.1,0.004415,7.68449,217039
1996,1,9.81984,62,1,0,0,0.1,0.005244,7.65417,217102
1997,1,9.69799,103,1,0,0,0.1,0.002416,7.67332,217206
1998,1,9.82903,59,1,0,0,0.1,0.004528,7.67086,217266
1999,1,9.83501,57,1,0,0,0.1,0.002016,7.70589,217324
2000,1,9.82579,60,1,0,0,0.1,0.002368,7.68407,217385
2001,1,9.85003,52,1,0,0,0.1,0.001542,7.66924,217438
2002,1,9.83163,58,1,0,0,0.1,0.001147,7.67076,217497
2003,1,9.84087,55,1,0,0,0.1,0.003686,7.67916,217553
2004,1,9.84103,55,1,0,0,0.1,0.002141,7.68463,217609
2005,1,9.83803,56,1,0,0,0.1,0.003176,7.67899,217666
2006,1,9.82528,60,1,0,0,0.1,0.005273,7.67694,217727
2007,1,9.83201,58,1,0,0,0.1,0.004103,7.66715,217786
2008,1,9.82317,61,1,0,0,0.1,0.002185,7.69447,217848
2009,1,9.8346,57,1,0,0,0.1,0.001562,7.69893,217906
2010,1,9.82854,59,1,0,0,0.1,0.003023,7.67591,217966
2011,1,9.82297,61,1,0,0,0.1,0.003365,7.67918,218028
2012,1,9.82303,61,1,0,0,0.1,0.005071,7.66698,218090
2013,1,9.79582,70,1,0,0,0.1,0.003662,7.65608,218161
2014,1,9.82869,59,1,0,0,0.1,0.001431,7.67901,218221
2015,1,9.84699,53,1,0,0,0.1,0.00495,7.66241,218275
2016,1,-1.2,400,0,0,1,0.1,0.002912,7.68399,218675
2017,1,9.83447,57,1,0,0,0.1,0.002877,7.68136,218733
2018,1,9.84095,55,1,0,0,0.1,0.001268,7.70193,218789
2019,1,9.81327,64,1,0,0,0.1,0.004465,7.67277,218854
2020,1,9.82301,61,1,0,0,0.1,0.003825,7.6907,218916
2021,1,9.81115,65,1,0,0,0.1,0.002542,7.68786,218982
2022,1,9.82279,61,1,0,0,0.1,0.002926,7.69178,219044
2023,1,9.84994,52,1,0,0,0.1,0.003991,7.68931,219097
2024,1,9.83503,57,1,0,0,0.1,0.00186,7.67002,219155
2025,1,9.82855,59,1,0,0,0.1,0.00348,7.67178,219215
2026,1,9.79603,70,1,0,0,0.1,0.003885,7.68402,219286
2027,1,9.80803,66,1,0,0,0.1,0.002965,7.66745,219353
2028,1,9.81932,62,1,0,0,0.1,0.004905,7.67682,219416
2029,1,9.77152,78,1,0,0,0.1,0.002139,7.70627,219495
2030,1,9.82589,60,1,0,0,0.1,0.003157,7.69342,219556
2031,1,9.83172,58,1,0,0,0.1,0.00371,7.67024,219615
2032,1,9.83778,56,1,0,0,0.1,0.002047,7.68203,219672
2033,1,9.829,59,1,0,0,0.1,0.00182,7.68954,219732
2034,1,9.83245,58,1,0,0,0.1,0.002939,7.68052,219791
2035,1,9.82899,59,1,0,0,0.1,0.002589,7.69223,219851
2036,1,9.81691,63,1,0,0,0.1,0.003762,7.65265,219915
2037,1,9.81352,64,1,0,0,0.1,0.003657,7.69666,219980
2038,1,9.83803,56,1,0,0,0.1,0.003805,7.69836,220037
2039,1,-1.2,400,0,0,1,0.1,0.003263,7.68244,220437
2040,1,9.79894,69,1,0,0,0.1,0.002069,7.69148,220507
2041,1,9.83803,56,1,0,0,0.1,0.002074,7.68532,220564
2042,1,9.79228,71,1,0,0,0.1,0.002871,7.66811,220636
2043,1,9.82643,60,1,0,0,0.1,0.004747,7.70236,220697
2044,1,9.80813,66,1,0,0,0.1,0.005426,7.68062,220764
2045,1,9.82585,60,1,0,0,0.1,0.003903,7.67793,220825
2046,1,9.83498,57,1,0,0,0.1,0.00129,7.69174,220883
2047,1,9.8233,61,1,0,0,0.1,0.004129,7.69169,220945
2048,1,9.8088,66,1,0,0,0.1,0.003232,7.68915,221012
2049,1,9.8288,59,1,0,0,0.1,0.002836,7.68054,221072
2050,1,9.83461,57,1,0,0,0.1,0.003693,7.68248,221130
2051,1,9.77184,78,1,0,0,0.1,0.003113,7.67269,221209
2052,1,9.84103,55,1,0,0,0.1,0.004379,7.67147,221265
2053,1,9.84624,53,1,0,0,0.1,0.002307,7.69352,221319
2054,1,9.81108,65,1,0,0,0.1,0.002451,7.66582,221385
2055,1,9.84024,55,1,0,0,0.1,0.001976,7.70302,221441
2056,1,9.84677,53,1,0,0,0.1,0.003475,7.68349,221495
2057,1,9.80758,66,1,0,0,0.1,0.002216,7.70746,221562
2058,1,9.83734,56,1,0,0,0.1,0.004165,7.70787,221619
2059,1,9.84684,53,1,0,0,0.1,0.003447,7.68412,221673
2060,1,9.82638,60,1,0,0,0.1,0.002329,7.675,221734
2061,1,9.83826,56,1,0,0,0.1,0.001932,7.68437,221791
2062,1,9.84078,55,1,0,0,0.1,0.002816,7.71139,221847
2063,1,9.84081,55,1,0,0,0.1,0.001157,7.69574,221903
2064,1,9.81407,64,1,0,0,0.1,0.004098,7.70541,221968
2065,1,-1.069,23,0,1,0,0.1,0.003915,7.71324,221992
2066,1,9.79601,70,1,0,0,0.1,0.003095,7.69143,222063
2067,1,-1.141,47,0,1,0,0.1,0.007409,7.7118,222111
2068,1,-1.063,21,0,1,0,0.1,0.004366,7.67796,222133
2069,1,9.81997,62,1,0,0,0.1,0.004403,7.69034,222196
2070,1,-1.06,20,0,1,0,0.1,0.001167,7.68991,222217
2071,1,9.83728,56,1,0,0,0.1,0.004379,7.69343,222274
2072,1,9.82601,60,1,0,0,0.1,0.004877,7.70702,222335
2073,1,9.82611,60,1,0,0,0.1,0.00499,7.6893,222396
2074,1,9.82557,60,1,0,0,0.1,0.002857,7.67749,222457
2075,1,9.83199,58,1,0,0,0.1,0.004252,7.70167,222516
2076,1,9.81959,62,1,0,0,0.1,0.001231,7.68469,222579
2077,1,9.84403,54,1,0,0,0.1,0.0062,7.68664,222634
2078,1,9.84675,53,1,0,0,0.1,0.001657,7.71368,222688
2079,1,9.83799,56,1,0,0,0.1,0.001195,7.69371,222745
2080,1,9.82594,60,1,0,0,0.1,0.004212,7.69304,222806
2081,1,9.78983,72,1,0,0,0.1,0.00263,7.68254,222879
2082,1,9.82824,59,1,0,0,0.1,0.006464,7.66656,222939
2083,1,9.84103,55,1,0,0,0.1,0.00665,7.67068,222995
2084,1,-1.051,17,0,1,0,0.1,0.007511,7.6725,223013
2085,1,9.83798,56,1,0,0,0.1,0.004154,7.68773,223070
2086,1,9.84381,54,1,0,0,0.1,0.009075,7.69492,223125
2087,1,9.81096,65,1,0,0,0.1,0.003884,7.69481,223191
2088,1,9.83803,56,1,0,0,0.1,0.005044,7.68419,223248
2089,1,9.84403,54,1,0,0,0.1,0.003306,7.68933,223303
2090,1,9.84398,54,1,0,0,0.1,0.003269,7.7144,223358
2091,1,9.82601,60,1,0,0,0.1,0.003181,7.68498,223419
2092,1,9.83503,57,1,0,0,0.1,0.003595,7.67722,223477
2093,1,9.81796,63,1,0,0,0.1,0.004181,7.69899,223541
2094,1,9.83811,56,1,0,0,0.1,0.006035,7.70082,223598
2095,1,9.84683,53,1,0,0,0.1,0.004308,7.7126,223652
2096,1,9.83803,56,1,0,0,0.1,0.006364,7.69815,223709
2097,1,9.83754,56,1,0,0,0.1,0.001367,7.68979,223766
2098,1,9.84127,55,1,0,0,0.1,0.004353,7.68488,223822
2099,1,9.82897,59,1,0,0,0.1,0.004109,7.71082,223882
2100,1,9.82258,61,1,0,0,0.1,0.003554,7.70514,223944
2101,1,9.81928,62,1,0,0,0.1,0.003671,7.72764,224007
2102,1,9.84103,55,1,0,0,0.1,0.003748,7.69028,224063
2103,1,9.84071,55,1,0,0,0.1,0.001164,7.68308,224119
2104,1,9.81927,62,1,0,0,0.1,0.00311,7.70641,224182
2105,1,9.84397,54,1,0,0,0.1,0.004488,7.69899,224237
2106,1,9.76669,80,1,0,0,0.1,0.004324,7.7072,224318
2107,1,9.74781,86,1,0,0,0.1,0.003279,7.7243,224405
2108,1,9.84069,55,1,0,0,0.1,0.001554,7.69454,224461
2109,1,9.81994,62,1,0,0,0.1,0.004487,7.69912,224524
2110,1,9.82003,62,1,0,0,0.1,0.004945,7.69376,224587
2111,1,9.76303,81,1,0,0,0.1,0.001745,7.70374,224669
2112,1,9.83726,56,1,0,0,0.1,0.004567,7.70138,224726
2113,1,9.829,59,1,0,0,0.1,0.00206,7.72532,224786
2114,1,9.84139,55,1,0,0,0.1,0.003156,7.70613,224842
2115,1,9.81076,65,1,0,0,0.1,0.003376,7.70875,224908
2116,1,9.80196,68,1,0,0,0.1,0.004599,7.69453,224977
2117,1,9.82078,62,1,0,0,0.1,0.00748,7.70413,225040
2118,1,9.67884,109,1,0,0,0.1,0.003251,7.71359,225150
2119,1,9.8345,57,1,0,0,0.1,0.006197,7.71018,225208
2120,1,9.82595,60,1,0,0,0.1,0.004696,7.71488,225269
2121,1,9.832,58,1,0,0,0.1,0.00647,7.69226,225328
2122,1,9.83164,58,1,0,0,0.1,0.00227,7.7018,225387
2123,1,9.84142,55,1,0,0,0.1,0.005491,7.69514,225443
2124,1,9.83781,56,1,0,0,0.1,0.005254,7.70729,225500
2125,1,9.83491,57,1,0,0,0.1,0.005105,7.70248,225558
2126,1,9.83212,58,1,0,0,0.1,0.003614,7.70552,225617
2127,1,9.84082,55,1,0,0,0.1,0.007936,7.71283,225673
2128,1,9.83203,58,1,0,0,0.1,0.003726,7.69844,225732
2129,1,9.78076,75,1,0,0,0.1,0.001905,7.71237,225808
2130,1,9.84108,55,1,0,0,0.1,0.00536,7.69984,225864
2131,1,9.82592,60,1,0,0,0.1,0.004042,7.74308,225925
2132,1,9.81338,64,1,0,0,0.1,0.005856,7.72078,225990
2133,1,9.79018,72,1,0,0,0.1,0.004746,7.70217,226063
2134,1,-1.29685,99,0,1,0,0.1,0.006274,7.69884,226163
2135,1,9.83184,58,1,0,0,0.1,0.005698,7.71545,226222
2136,1,9.82016,62,1,0,0,0.1,0.003056,7.71535,226285
2137,1,9.81756,63,1,0,0,0.1,0.002272,7.72073,226349
2138,1,9.81667,63,1,0,0,0.1,0.003901,7.728,226413
2139,1,-1.195,65,0,1,0,0.1,0.002594,7.7179,226479
2140,1,-1.33237,111,0,1,0,0.1,0.004372,7.7224,226591
2141,1,9.84657,53,1,0,0,0.1,0.002913,7.73073,226645
2142,1,9.81689,63,1,0,0,0.1,0.00326,7.72724,226709
2143,1,9.80559,67,1,0,0,0.1,0.006013,7.73668,226777
2144,1,9.84038,55,1,0,0,0.1,0.005362,7.73292,226833
2145,1,9.81087,65,1,0,0,0.1,0.006753,7.73253,226899
2146,1,9.83747,56,1,0,0,0.1,0.002825,7.73754,226956
2147,1,9.79914,69,1,0,0,0.1,0.008077,7.73456,227026
2148,1,9.83803,56,1,0,0,0.1,0.00735,7.72914,227083
2149,1,9.83795,56,1,0,0,0.1,0.004301,7.75461,227140
2150,1,9.83219,58,1,0,0,0.1,0.005173,7.72365,227199
2151,1,9.8255,60,1,0,0,0.1,0.003271,7.76281,227260
2152,1,9.83427,57,1,0,0,0.1,0.004452,7.75896,227318
2153,1,-1.19759,66,0,1,0,0.1,0.006971,7.73625,227385
2154,1,9.82884,59,1,0,0,0.1,0.005065,7.75698,227445
2155,1,9.83467,57,1,0,0,0.1,0.005112,7.74788,227503
2156,1,9.83803,56,1,0,0,0.1,0.003282,7.74003,227560
2157,1,9.83503,57,1,0,0,0.1,0.002948,7.73567,227618
2158,1,9.83464,57,1,0,0,0.1,0.005048,7.7283,227676
2159,1,9.84683,53,1,0,0,0.1,0.006195,7.73524,227730
2160,1,9.81443,64,1,0,0,0.1,0.004405,7.72969,227795
2161,1,9.80846,66,1,0,0,0.1,0.004573,7.74533,227862
2162,1,9.81101,65,1,0,0,0.1,0.006283,7.73765,227928
2163,1,9.82318,61,1,0,0,0.1,0.005535,7.74488,227990
2164,1,-1.201,67,0,1,0,0.1,0.007331,7.73019,228058
2165,1,9.84098,55,1,0,0,0.1,0.001401,7.73543,228114
2166,1,9.83503,57,1,0,0,0.1,0.003309,7.73924,228172
2167,1,-1.39521,132,0,1,0,0.1,0.008804,7.7444,228305
2168,1,-1.32086,107,0,1,0,0.1,0.005211,7.77192,228413
2169,1,-1.402,134,0,1,0,0.1,0.004613,7.76393,228548
2170,1,-1.141,47,0,1,0,0.1,0.005939,7.76191,228596
2171,1,-1.171,57,0,1,0,0.1,0.002351,7.75581,228654
2172,1,-1.22158,74,0,1,0,0.1,0.006299,7.74648,228729
2173,1,-1.162,54,0,1,0,0.1,0.002746,7.7536,228784
2174,1,9.83484,57,1,0,0,0.1,0.003293,7.76373,228842
2175,1,-1.12,40,0,1,0,0.1,0.005454,7.72952,228883
2176,1,-1.261,87,0,1,0,0.1,0.008489,7.74779,228971
2177,1,9.84703,53,1,0,0,0.1,0.004153,7.77659,229025
2178,1,9.82324,61,1,0,0,0.1,0.010095,7.75961,229087
2179,1,9.84984,52,1,0,0,0.1,0.004192,7.76968,229140
2180,1,-1.522,174,0,1,0,0.1,0.006834,7.77514,229315
2181,1,9.81126,65,1,0,0,0.1,0.007296,7.75046,229381
2182,1,9.83175,58,1,0,0,0.1,0.00613,7.76062,229440
2183,1,9.82669,60,1,0,0,0.1,0.007059,7.7672,229501
2184,1,-1.138,46,0,1,0,0.1,0.00593,7.75543,229548
2185,1,9.81958,62,1,0,0,0.1,0.011946,7.7695,229611
2186,1,-1.123,41,0,1,0,0.1,0.014999,7.76476,229653
2187,1,-1.138,46,0,1,0,0.1,0.01289,7.78725,229700
2188,1,-1.072,24,0,1,0,0.1,0.014158,7.75902,229725
2189,1,9.82269,61,1,0,0,0.1,0.010582,7.76141,229787
2190,1,-1.612,204,0,1,0,0.1,0.009964,7.76542,229992
2191,1,-1.276,92,0,1,0,0.1,0.006068,7.76346,230085
2192,1,-1.7578,253,0,1,0,0.1,0.0094,7.77722,230339
2193,1,9.83515,57,1,0,0,0.1,0.008033,7.77739,230397
2194,1,-1.216,72,0,1,0,0.1,0.008144,7.78158,230470
2195,1,-1.174,58,0,1,0,0.1,0.012198,7.78132,230529
2196,1,-1.264,88,0,1,0,0.1,0.010814,7.7845,230618
2197,1,9.84027,55,1,0,0,0.1,0.005602,7.77798,230674
2198,1,-1.2,400,0,0,1,0.1,0.008788,7.79258,231074
2199,1,-1.768,256,0,1,0,0.1,0.010101,7.80512,231331
2200,1,-1.465,155,0,1,0,0.1,0.011888,7.80453,231487
2201,1,-1.15,50,0,1,0,0.1,0.007047,7.78115,231538
2202,1,-1.2,400,0,0,1,0.1,0.010276,7.80158,231938
2203,1,-1.051,17,0,1,0,0.1,0.008594,7.80194,231956
2204,1,-1.2,400,0,0,1,0.1,0.012208,7.81929,232356
2205,1,-1.66,220,0,1,0,0.1,0.011051,7.81802,232577
2206,1,-1.738,246,0,1,0,0.1,0.009483,7.82334,232824
2207,1,-1.345,115,0,1,0,0.1,0.008244,7.83443,232940
2208,1,-1.384,128,0,1,0,0.1,0.011206,7.8395,233069
2209,1,-1.2,400,0,0,1,0.1,0.010819,7.8339,233469
2210,1,-1.2,400,0,0,1,0.1,0.01301,7.83789,233869
2211,1,-1.045,15,0,1,0,0.1,0.006207,7.89247,233885
2212,1,-1.2,400,0,0,1,0.1,0.010486,7.85573,234285
2213,1,-1.306,102,0,1,0,0.1,0.012808,7.86102,234388
2214,1,-1.249,83,0,1,0,0.1,0.012436,7.86693,234472
2215,1,-1.2,400,0,0,1,0.1,0.010515,7.87333,234872
2216,1,-1.342,114,0,1,0,0.1,0.012456,7.87329,234987
2217,1,-1.267,89,0,1,0,0.1,0.011964,7.86695,235077
2218,1,-1.369,123,0,1,0,0.1,0.011733,7.87182,235201
2219,1,-1.2,400,0,0,1,0.1,0.011758,7.88514,235601
2220,1,-1.2,400,0,0,1,0.1,0.011851,7.89854,236001
2221,1,-1.2,400,0,0,1,0.1,0.011216,7.90202,236401
2222,1,-1.2,400,0,0,1,0.1,0.014617,7.92257,236801
2223,1,-1.567,189,0,1,0,0.1,0.010365,7.91719,236991
2224,1,9.74201,88,1,0,0,0.1,0.011943,7.92938,237080
2225,1,-1.2,400,0,0,1,0.1,0.012811,7.92716,237480
2226,1,-1.2,400,0,0,1,0.1,0.013316,7.93773,237880
2227,1,-1.264,88,0,1,0,0.1,0.011686,7.94224,237969
2228,1,-1.2,400,0,0,1,0.1,0.013925,7.93661,238369
2229,1,-1.243,81,0,1,0,0.1,0.009634,7.95505,238451
2230,1,-1.2,400,0,0,1,0.1,0.014059,7.93996,238851
2231,1,-1.057,19,0,1,0,0.1,0.009254,7.91098,238871
2232,1,-1.2,400,0,0,1,0.1,0.012912,7.93199,239271
2233,1,-1.2,400,0,0,1,0.1,0.012226,7.94024,239671
2234,1,-1.2,400,0,0,1,0.1,0.0121,7.94815,240071
2235,1,9.67387,111,1,0,0,0.1,0.011269,7.94476,240183
2236,1,-1.2,400,0,0,1,0.1,0.012665,7.94009,240583
2237,1,-1.2,400,0,0,1,0.1,0.014929,7.93117,240983
2238,1,-1.2,400,0,0,1,0.1,0.013373,7.93067,241383
2239,1,-1.06,20,0,1,0,0.1,0.012768,7.93556,241404
2240,1,-1.2,400,0,0,1,0.1,0.013516,7.92999,241804
2241,1,-1.2,400,0,0,1,0.1,0.01306,7.91996,242204
2242,1,-1.075,25,0,1,0,0.1,0.016839,7.93624,242230
2243,1,9.74769,86,1,0,0,0.1,0.017767,7.90396,242317
2244,1,-1.051,17,0,1,0,0.1,0.018147,7.94096,242335
2245,1,-1.069,23,0,1,0,0.1,0.009805,7.92166,242359
2246,1,9.69083,105,1,0,0,0.1,0.015261,7.91791,242465
2247,1,9.73262,91,1,0,0,0.1,0.013966,7.91128,242557
2248,1,9.70869,99,1,0,0,0.1,0.017048,7.90764,242657
2249,1,-1.2,400,0,0,1,0.1,0.012665,7.90599,243057
2250,1,9.54392,154,1,0,0,0.1,0.012861,7.88894,243212
2251,1,9.76599,80,1,0,0,0.1,0.011383,7.89905,243293
2252,1,9.72085,95,1,0,0,0.1,0.016849,7.8923,243389
2253,1,9.68781,106,1,0,0,0.1,0.013664,7.88484,243496
2254,1,9.78423,74,1,0,0,0.1,0.020284,7.88762,243571
2255,1,9.79879,69,1,0,0,0.1,0.013421,7.8834,243641
2256,1,9.71449,97,1,0,0,0.1,0.011243,7.89004,243739
2257,1,9.81083,65,1,0,0,0.1,0.015256,7.89244,243805
2258,1,9.73002,92,1,0,0,0.1,0.017561,7.8824,243898
2259,1,9.77525,77,1,0,0,0.1,0.009525,7.87776,243976
2260,1,9.73578,90,1,0,0,0.1,0.008559,7.88167,244067
2261,1,-1.117,39,0,1,0,0.1,0.01234,7.886,244107
2262,1,-1.276,92,0,1,0,0.1,0.014297,7.88439,244200
2263,1,9.72701,93,1,0,0,0.1,0.012317,7.86764,244294
2264,1,9.78456,74,1,0,0,0.1,0.012721,7.88626,244369
2265,1,9.76852,79,1,0,0,0.1,0.013375,7.87005,244449
2266,1,9.77491,77,1,0,0,0.1,0.017226,7.86095,244527
2267,1,9.79898,69,1,0,0,0.1,0.011809,7.85814,244597
2268,1,9.72081,95,1,0,0,0.1,0.009682,7.84903,244693
2269,1,9.75679,83,1,0,0,0.1,0.006128,7.86041,244777
2270,1,9.81119,65,1,0,0,0.1,0.015028,7.85271,244843
2271,1,9.52582,160,1,0,0,0.1,0.016536,7.83313,245004
2272,1,9.63026,125,1,0,0,0.1,0.01273,7.85193,245130
2273,1,-1.165,55,0,1,0,0.1,0.006885,7.85533,245186
2274,1,9.72725,93,1,0,0,0.1,0.013361,7.8479,245280
2275,1,9.72671,93,1,0,0,0.1,0.013094,7.82564,245374
2276,1,-1.2,400,0,0,1,0.1,0.012234,7.82861,245774
2277,1,9.45698,183,1,0,0,0.1,0.012177,7.81998,245958
2278,1,9.75114,85,1,0,0,0.1,0.011665,7.81863,246044
2279,1,9.77202,78,1,0,0,0.1,0.014907,7.82596,246123
2280,1,9.78395,74,1,0,0,0.1,0.017296,7.80662,246198
2281,1,-1.2,400,0,0,1,0.1,0.012372,7.81017,246598
2282,1,9.73247,91,1,0,0,0.1,0.013296,7.79282,246690
2283,1,9.48057,175,1,0,0,0.1,0.014376,7.79447,246866
2284,1,9.68473,107,1,0,0,0.1,0.014432,7.79879,246974
2285,1,-1.2,400,0,0,1,0.1,0.015133,7.78528,247374
2286,1,9.79283,71,1,0,0,0.1,0.017953,7.77443,247446
2287,1,9.77182,78,1,0,0,0.1,0.013422,7.77836,247525
2288,1,9.79294,71,1,0,0,0.1,0.010947,7.77355,247597
2289,1,9.77786,76,1,0,0,0.1,0.014692,7.78861,247674
2290,1,9.79532,70,1,0,0,0.1,0.00942,7.78103,247745
2291,1,-1.921,307,0,1,0,0.1,0.013604,7.76404,248053
2292,1,9.70867,99,1,0,0,0.1,0.01212,7.76932,248153
2293,1,9.769,79,1,0,0,0.1,0.009426,7.75986,248233
2294,1,9.75441,84,1,0,0,0.1,0.008498,7.75912,248318
2295,1,9.77469,77,1,0,0,0.1,0.006797,7.7585,248396
2296,1,9.64603,120,1,0,0,0.1,0.01168,7.75165,248517
2297,1,9.71438,97,1,0,0,0.1,0.017886,7.76235,248615
2298,1,9.73594,90,1,0,0,0.1,0.014382,7.7516,248706
2299,1,9.70583,100,1,0,0,0.1,0.012605,7.7427,248807
2300,15,9.8441,54,1,0,0,0.3988,0.010164,7.75937,248862
2301,15,-1.2,400,0,0,1,0.397604,0.012652,7.74454,249262
2302,15,-1.366,122,0,1,0,0.396411,0.014073,7.73851,249385
2303,15,9.6454,120,1,0,0,0.395222,0.012888,7.74198,249506
2304,15,9.80186,68,1,0,0,0.394036,0.018659,7.73202,249575
2305,15,-1.2,400,0,0,1,0.392854,0.014916,7.73497,249975
2306,15,-1.483,161,0,1,0,0.391675,0.0119,7.73694,250137
2307,15,-1.072,24,0,1,0,0.3905,0.011705,7.72885,250162
2308,15,-1.19958,400,0,0,1,0.389329,0.015086,7.73787,250562
2309,15,9.48646,173,1,0,0,0.388161,0.014132,7.73689,250736
2310,15,9.72118,95,1,0,0,0.386996,0.013619,7.71694,250832
2311,15,9.859,49,1,0,0,0.385835,0.016771,7.73843,250882
2312,15,-1.2,400,0,0,1,0.384678,0.015946,7.72041,251282
2313,15,-1.2,400,0,0,1,0.383524,0.013789,7.72113,251682
2314,15,-1.2,400,0,0,1,0.382373,0.013988,7.72832,252082
2315,15,-1.2,400,0,0,1,0.381226,0.014113,7.73441,252482
2316,15,-1.2,400,0,0,1,0.380082,0.01646,7.73277,252882
2317,15,-1.19407,400,0,0,1,0.378942,0.01618,7.72515,253282
2318,15,-1.2,400,0,0,1,0.377805,0.014107,7.72852,253682
2319,15,-1.2,400,0,0,1,0.376672,0.015532,7.72233,254082
2320,15,-1.2,400,0,0,1,0.375542,0.015902,7.69791,254482
2321,15,-1.2,400,0,0,1,0.374415,0.018351,7.70631,254882
2322,15,9.26177,248,1,0,0,0.373292,0.016615,7.70035,255131
2323,15,-1.2,400,0,0,1,0.372172,0.016563,7.69901,255531
2324,15,-1.2,400,0,0,1,0.371056,0.018917,7.68161,255931
2325,15,9.84456,54,1,0,0,0.369942,0.019573,7.68247,255986
2326,15,-1.15,50,0,1,0,0.368833,0.019044,7.68161,256037
2327,15,-1.19602,400,0,0,1,0.367726,0.017013,7.6805,256437
2328,15,-1.2,400,0,0,1,0.366623,0.016729,7.68853,256837
2329,15,-1.2,400,0,0,1,0.365523,0.017212,7.68456,257237
2330,15,9.65828,116,1,0,0,0.364426,0.016737,7.67255,257354
2331,15,-1.2,400,0,0,1,0.363333,0.017271,7.66994,257754
2332,15,9.52602,160,1,0,0,0.362243,0.017978,7.66316,257915
2333,15,-1.018,6,0,1,0,0.361156,0.02834,7.68957,257922
2334,15,-1.2,400,0,0,1,0.360073,0.016485,7.66844,258322
2335,15,-1.2,400,0,0,1,0.358993,0.017303,7.66812,258722
2336,15,-1.2,400,0,0,1,0.357916,0.015929,7.67435,259122
2337,15,-1.2,400,0,0,1,0.356842,0.016729,7.66187,259522
2338,15,9.92528,27,1,0,0,0.355772,0.017903,7.64023,259550
2339,15,9.83224,58,1,0,0,0.354704,0.019409,7.64723,259609
2340,15,-1.027,9,0,1,0,0.35364,0.026135,7.66144,259619
2341,15,9.63942,122,1,0,0,0.352579,0.020651,7.65025,259742
2342,15,-1.03,10,0,1,0,0.351521,0.013132,7.67231,259753
2343,15,-1.2,400,0,0,1,0.350467,0.015111,7.65679,260153
2344,15,-1.2,400,0,0,1,0.349415,0.016018,7.64862,260553
2345,15,9.72665,93,1,0,0,0.348367,0.020057,7.63556,260647
2346,15,-1.2,400,0,0,1,0.347322,0.018205,7.62713,261047
2347,15,9.81361,64,1,0,0,0.34628,0.013266,7.63669,261112
2348,15,-1.891,297,0,1,0,0.345241,0.019875,7.62346,261410
2349,15,-1.057,19,0,1,0,0.344206,0.017811,7.58131,261430
2350,15,9.85927,49,1,0,0,0.343173,0.011795,7.62839,261480
2351,15,-1.285,95,0,1,0,0.342143,0.01856,7.6274,261576
2352,15,-1.2,400,0,0,1,0.341117,0.019525,7.62151,261976
2353,15,-1.129,43,0,1,0,0.340094,0.01921,7.59502,262020
2354,15,-1.288,96,0,1,0,0.339073,0.014427,7.618,262117
2355,15,-1.291,97,0,1,0,0.338056,0.019805,7.60046,262215
2356,15,-1.165,55,0,1,0,0.337042,0.016176,7.60893,262271
2357,15,9.85003,52,1,0,0,0.336031,0.020435,7.60729,262324
2358,15,-1.2,400,0,0,1,0.335023,0.020017,7.59717,262724
2359,15,9.86506,47,1,0,0,0.334018,0.015452,7.60269,262772
2360,15,9.93049,25,1,0,0,0.333016,0.027276,7.59093,262798
2361,15,9.75979,82,1,0,0,0.332017,0.023341,7.6022,262881
2362,15,-1.096,32,0,1,0,0.331021,0.020246,7.57263,262914
2363,15,9.81135,65,1,0,0,0.330027,0.017339,7.59487,262980
2364,15,9.8228,61,1,0,0,0.329037,0.022304,7.57475,263042
2365,15,9.823,61,1,0,0,0.32805,0.027179,7.60706,263104
2366,15,-1.252,84,0,1,0,0.327066,0.017287,7.58857,263189
2367,15,9.81684,63,1,0,0,0.326085,0.014915,7.57962,263253
2368,15,-1.2,400,0,0,1,0.325107,0.021482,7.5648,263653
2369,15,-1.27852,94,0,1,0,0.324131,0.020143,7.58491,263748
2370,15,9.50812,166,1,0,0,0.323159,0.017037,7.56537,263915
2371,15,-1.2,400,0,0,1,0.32219,0.017846,7.55832,264315
2372,15,9.8569,50,1,0,0,0.321223,0.02621,7.54995,264366
2373,15,9.7268,93,1,0,0,0.320259,0.019196,7.53998,264460
2374,15,9.81964,62,1,0,0,0.319298,0.02052,7.54826,264523
2375,15,-1.2,400,0,0,1,0.318341,0.019003,7.54529,264923
2376,15,-1.2,400,0,0,1,0.317386,0.018701,7.52531,265323
2377,15,-1.705,235,0,1,0,0.316433,0.020255,7.52558,265559
2378,15,9.77216,78,1,0,0,0.315484,0.02139,7.50333,265638
2379,15,-1.2,400,0,0,1,0.314538,0.017984,7.50984,266038
2380,15,9.14552,287,1,0,0,0.313594,0.019952,7.49703,266326
2381,15,9.85579,50,1,0,0,0.312653,0.026838,7.49971,266377
2382,15,9.61319,131,1,0,0,0.311715,0.017991,7.50289,266509
2383,15,9.69748,103,1,0,0,0.31078,0.021164,7.50307,266613
2384,15,8.86901,379,1,0,0,0.309848,0.01928,7.48871,266993
2385,15,-1.219,73,0,1,0,0.308918,0.026555,7.47398,267067
2386,15,-1.198,66,0,1,0,0.307992,0.029292,7.48873,267134
2387,15,-1.2,400,0,0,1,0.307068,0.019625,7.471,267534
2388,15,-1.2,400,0,0,1,0.306146,0.022042,7.45594,267934
2389,15,-1.081,27,0,1,0,0.305228,0.024102,7.4344,267962
2390,15,9.79901,69,1,0,0,0.304312,0.017447,7.43505,268032
2391,15,9.71514,97,1,0,0,0.303399,0.020372,7.44253,268130
2392,15,9.64557,120,1,0,0,0.302489,0.026624,7.42389,268251
2393,15,-1.762,254,0,1,0,0.301582,0.018731,7.4365,268506
2394,15,9.8588,49,1,0,0,0.300677,0.036928,7.44673,268556
2395,15,-1.2,400,0,0,1,0.299775,0.019032,7.4304,268956
2396,15,9.70621,100,1,0,0,0.298876,0.020929,7.43056,269057
2397,15,-1.726,242,0,1,0,0.297979,0.019935,7.41976,269300
2398,15,-1.2,400,0,0,1,0.297085,0.018315,7.41122,269700
2399,15,9.88991,39,1,0,0,0.296194,0.013247,7.37221,269740
2400,15,-1.093,31,0,1,0,0.295305,0.019351,7.38718,269772
2401,15,9.7065,100,1,0,0,0.294419,0.023044,7.40411,269873
2402,15,9.78138,75,1,0,0,0.293536,0.021102,7.39283,269949
2403,15,-1.264,88,0,1,0,0.292655,0.025248,7.39656,270038
2404,15,-1.366,122,0,1,0,0.291777,0.014958,7.39578,270161
2405,15,9.77776,76,1,0,0,0.290902,0.02023,7.39327,270238
2406,15,9.18779,273,1,0,0,0.290029,0.01827,7.38324,270512
2407,15,-1.009,3,0,1,0,0.289159,0.035802,7.40257,270516
2408,15,-1.426,142,0,1,0,0.288292,0.023876,7.3712,270659
2409,15,-1.21,70,0,1,0,0.287427,0.023083,7.39113,270730
2410,15,-1.2,400,0,0,1,0.286565,0.021242,7.37634,271130
2411,15,9.85612,50,1,0,0,0.285705,0.030871,7.35886,271181
2412,15,-1.12,40,0,1,0,0.284848,0.017014,7.35359,271222
2413,15,-1.138,46,0,1,0,0.283993,0.027254,7.34885,271269
2414,15,9.85839,49,1,0,0,0.283141,0.018338,7.34514,271319
2415,15,-1.2,400,0,0,1,0.282292,0.021356,7.34872,271719
2416,15,-1.68947,230,0,1,0,0.281445,0.017868,7.34384,271950
2417,15,-1.132,44,0,1,0,0.280601,0.016185,7.32181,271995
2418,15,-1.273,91,0,1,0,0.279759,0.027508,7.34055,272087
2419,15,-1.159,53,0,1,0,0.27892,0.021427,7.34743,272141
2420,15,9.89814,36,1,0,0,0.278083,0.024797,7.32916,272178
2421,15,9.93977,22,1,0,0,0.277249,0.015142,7.35233,272201
2422,15,9.77762,76,1,0,0,0.276417,0.016276,7.3365,272278
2423,15,9.86573,47,1,0,0,0.275588,0.025907,7.31368,272326
2424,15,-1.579,193,0,1,0,0.274761,0.023701,7.3261,272520
2425,15,-1.303,101,0,1,0,0.273937,0.024786,7.31363,272622
2426,15,-1.2,400,0,0,1,0.273115,0.021946,7.30411,273022
2427,15,9.77457,77,1,0,0,0.272295,0.022964,7.29716,273100
2428,15,9.76013,82,1,0,0,0.271478,0.02272,7.28675,273183
2429,15,9.82892,59,1,0,0,0.270664,0.018546,7.2956,273243
2430,15,-1.201,67,0,1,0,0.269852,0.024578,7.27614,273311
2431,15,9.75411,84,1,0,0,0.269042,0.018673,7.2845,273396
2432,15,9.90119,35,1,0,0,0.268235,0.029481,7.28884,273432
2433,15,9.83778,56,1,0,0,0.267431,0.024095,7.29331,273489
2434,15,-1.201,67,0,1,0,0.266628,0.019332,7.28385,273557
2435,15,-1.291,97,0,1,0,0.265828,0.022941,7.28747,273655
2436,15,9.94321,21,1,0,0,0.265031,0.018623,7.28909,273677
2437,15,9.78995,72,1,0,0,0.264236,0.025308,7.27819,273750
2438,15,9.68163,108,1,0,0,0.263443,0.03424,7.27358,273859
2439,15,-1.201,67,0,1,0,0.262653,0.022203,7.25443,273927
2440,15,9.9132,31,1,0,0,0.261865,0.024836,7.25751,273959
2441,15,9.83456,57,1,0,0,0.261079,0.0203,7.28769,274017
2442,15,-1.2,400,0,0,1,0.260296,0.018982,7.25511,274417
2443,15,9.62155,128,1,0,0,0.259515,0.028776,7.23997,274546
2444,15,-1.2,400,0,0,1,0.258737,0.022638,7.23787,274946
2445,15,-1.042,14,0,1,0,0.25796,0.02345,7.21301,274961
2446,15,9.93399,24,1,0,0,0.257187,0.015901,7.21535,274986
2447,15,9.75086,85,1,0,0,0.256415,0.028255,7.22988,275072
2448,15,9.81627,63,1,0,0,0.255646,0.021843,7.23025,275136
2449,15,9.74802,86,1,0,0,0.254879,0.024854,7.22623,275223
2450,15,9.51412,164,1,0,0,0.254114,0.019119,7.22074,275388
2451,15,-1.015,5,0,1,0,0.253352,0.027727,7.1742,275394
2452,15,9.57372,144,1,0,0,0.252592,0.025592,7.21319,275539
2453,15,-1.075,25,0,1,0,0.251834,0.02406,7.19945,275565
2454,15,9.82031,62,1,0,0,0.251079,0.028105,7.2383,275628
2455,15,9.6848,107,1,0,0,0.250325,0.017567,7.23215,275736
2456,15,9.74781,86,1,0,0,0.249574,0.020068,7.21273,275823
2457,15,-1.006,2,0,1,0,0.248826,0.045702,7.20565,275826
2458,15,9.92778,26,1,0,0,0.248079,0.02678,7.22506,275853
2459,15,-1.516,172,0,1,0,0.247335,0.024767,7.20323,276026
2460,15,-1.309,103,0,1,0,0.246593,0.020424,7.20956,276130
2461,15,-1.012,4,0,1,0,0.245853,0.02761,7.2167,276135
2462,15,-2.104,368,0,1,0,0.245116,0.021742,7.20076,276504
2463,15,-1.168,56,0,1,0,0.24438,0.027749,7.17121,276561
2464,15,9.93377,24,1,0,0,0.243647,0.026436,7.18227,276586
2465,15,9.51964,162,1,0,0,0.242916,0.019211,7.18376,276749
2466,15,-1.111,37,0,1,0,0.242187,0.018862,7.16705,276787
2467,15,9.81952,62,1,0,0,0.241461,0.024268,7.17387,276850
2468,15,9.68451,107,1,0,0,0.240736,0.022731,7.18079,276958
2469,15,-1.681,227,0,1,0,0.240014,0.02074,7.17835,277186
2470,15,9.33052,225,1,0,0,0.239294,0.024454,7.16548,277412
2471,15,9.83224,58,1,0,0,0.238576,0.02508,7.16249,277471
2472,15,-1.2,400,0,0,1,0.237861,0.024684,7.14732,277871
2473,15,-1.435,145,0,1,0,0.237147,0.024343,7.12868,278017
2474,15,-1.2,400,0,0,1,0.236436,0.0232,7.12595,278417
2475,15,9.73236,91,1,0,0,0.235726,0.025847,7.10686,278509
2476,15,9.78663,73,1,0,0,0.235019,0.01958,7.10578,278583
2477,15,9.74502,87,1,0,0,0.234314,0.021568,7.10713,278671
2478,15,-1.2,400,0,0,1,0.233611,0.021666,7.10186,279071
2479,15,-1.033,11,0,1,0,0.23291,0.02484,7.09084,279083
2480,15,9.72352,94,1,0,0,0.232211,0.022679,7.10128,279178
2481,15,9.9009,35,1,0,0,0.231515,0.024268,7.10294,279214
2482,15,9.87993,42,1,0,0,0.23082,0.023685,7.09635,279257
2483,15,9.87383,44,1,0,0,0.230128,0.013149,7.10026,279302
2484,15,9.75971,82,1,0,0,0.229437,0.015032,7.08408,279385
2485,15,9.86195,48,1,0,0,0.228749,0.017978,7.09336,279434
2486,15,-1.036,12,0,1,0,0.228063,0.017811,7.10691,279447
2487,15,-1.2,400,0,0,1,0.227379,0.021089,7.08877,279847
2488,15,9.37879,209,1,0,0,0.226697,0.020748,7.08362,280057
2489,15,9.93712,23,1,0,0,0.226016,0.023191,7.0702,280081
2490,15,9.73559,90,1,0,0,0.225338,0.01655,7.07208,280172
2491,15,-1.2,400,0,0,1,0.224662,0.01989,7.05652,280572
2492,15,-1.2,400,0,0,1,0.223988,0.022452,7.03361,280972
2493,15,-1.2,400,0,0,1,0.223316,0.023169,7.03238,281372
2494,15,9.87073,45,1,0,0,0.222646,0.025248,7.02351,281418
2495,15,-1.093,31,0,1,0,0.221979,0.021929,6.98191,281450
2496,15,-1.141,47,0,1,0,0.221313,0.022607,7.01728,281498
2497,15,9.85617,50,1,0,0,0.220649,0.020234,7.00431,281549
2498,15,9.57979,142,1,0,0,0.219987,0.022771,7.01297,281692
2499,15,-1.2,400,0,0,1,0.219327,0.018849,7.00558,282092
2500,15,9.60708,133,1,0,0,0.218669,0.022932,6.99436,282226
2501,15,-1.039,13,0,1,0,0.218013,0.018228,6.98128,282240
2502,15,9.70258,101,1,0,0,0.217359,0.020304,7.00706,282342
2503,15,9.78126,75,1,0,0,0.216707,0.022172,7.01078,282418
2504,15,9.82,62,1,0,0,0.216057,0.021026,6.98252,282481
2505,15,9.7603,82,1,0,0,0.215408,0.020424,7.00112,282564
2506,15,9.8438,54,1,0,0,0.214762,0.016776,6.98507,282619
2507,15,9.88641,40,1,0,0,0.214118,0.021215,6.98196,282660
2508,15,9.76858,79,1,0,0,0.213476,0.023794,7.01105,282740
2509,15,9.29167,238,1,0,0,0.212835,0.023683,6.99743,282979
2510,15,9.83246,58,1,0,0,0.212197,0.022429,7.00551,283038
2511,15,9.85258,51,1,0,0,0.21156,0.028091,7.00764,283090
2512,15,9.80443,67,1,0,0,0.210925,0.018309,7.00929,283158
2513,15,9.80723,66,1,0,0,0.210293,0.026701,6.98576,283225
2514,15,-1.2,400,0,0,1,0.209662,0.018881,7.00355,283625
2515,15,9.82269,61,1,0,0,0.209033,0.017019,6.98881,283687
2516,15,9.7815,75,1,0,0,0.208406,0.021151,6.98849,283763
2517,15,-1.2,400,0,0,1,0.20778,0.019762,6.98389,284163
2518,15,-1.2,400,0,0,1,0.207157,0.018561,6.9659,284563
2519,15,9.81709,63,1,0,0,0.206536,0.016257,6.97003,284627
2520,15,9.87989,42,1,0,0,0.205916,0.021033,6.9834,284670
2521,15,9.8855,40,1,0,0,0.205298,0.02537,6.93806,284711
2522,15,-1.2,400,0,0,1,0.204682,0.018429,6.96199,285111
2523,15,9.90095,35,1,0,0,0.204068,0.009969,6.96433,285147
2524,15,-1.009,3,0,1,0,0.203456,0.016704,6.91248,285151
2525,15,9.48739,173,1,0,0,0.202846,0.020803,6.96002,285325
2526,15,9.69381,104,1,0,0,0.202237,0.021233,6.94286,285430
2527,15,9.78343,74,1,0,0,0.20163,0.019583,6.95561,285505
2528,15,9.82629,60,1,0,0,0.201026,0.021212,6.94601,285566
2529,15,9.79298,71,1,0,0,0.200422,0.023386,6.95882,285638
2530,15,-1.012,4,0,1,0,0.199821,0.033412,6.96423,285643
2531,15,9.76877,79,1,0,0,0.199222,0.025197,6.94449,285723
2532,15,-1.18,60,0,1,0,0.198624,0.014273,6.95355,285784
2533,15,9.93428,24,1,0,0,0.198028,0.027363,6.94439,285809
2534,15,9.88908,39,1,0,0,0.197434,0.028724,6.94395,285849
2535,15,9.66357,114,1,0,0,0.196842,0.021141,6.94789,285964
2536,15,-1.2,400,0,0,1,0.196251,0.019831,6.94214,286364
2537,15,9.69979,102,1,0,0,0.195663,0.02614,6.9333,286467
2538,15,9.93669,23,1,0,0,0.195076,0.020043,6.93901,286491
2539,15,9.82914,59,1,0,0,0.19449,0.017662,6.94436,286551
2540,15,9.75969,82,1,0,0,0.193907,0.020467,6.93663,286634
2541,15,9.8648,47,1,0,0,0.193325,0.024632,6.93324,286682
2542,15,-1.687,229,0,1,0,0.192745,0.020641,6.92487,286912
2543,15,9.72108,95,1,0,0,0.192167,0.020672,6.93755,287008
2544,15,9.85624,50,1,0,0,0.19159,0.017264,6.93941,287059
2545,15,9.84081,55,1,0,0,0.191016,0.019344,6.93053,287115
2546,15,-1.2,400,0,0,1,0.190443,0.017515,6.91315,287515
2547,15,9.89163,38,1,0,0,0.189871,0.022679,6.89413,287554
2548,15,9.70833,99,1,0,0,0.189302,0.018886,6.90893,287654
2549,15,9.81982,62,1,0,0,0.188734,0.025317,6.90114,287717
2550,15,9.80199,68,1,0,0,0.188168,0.01885,6.88337,287786
2551,15,9.72681,93,1,0,0,0.187603,0.016506,6.8963,287880
2552,15,9.72734,93,1,0,0,0.18704,0.019771,6.89025,287974
2553,15,9.75063,85,1,0,0,0.186479,0.017309,6.89454,288060
2554,15,9.79307,71,1,0,0,0.18592,0.021841,6.8938,288132
2555,15,9.78387,74,1,0,0,0.185362,0.021067,6.87868,288207
2556,15,9.86214,48,1,0,0,0.184806,0.010943,6.91162,288256
2557,15,9.84719,53,1,0,0,0.184251,0.022705,6.88578,288310
2558,15,9.32797,226,1,0,0,0.183699,0.019626,6.8948,288537
2559,15,-1.126,42,0,1,0,0.183148,0.018354,6.91024,288580
2560,15,9.85892,49,1,0,0,0.182598,0.016654,6.8773,288630
2561,15,9.83172,58,1,0,0,0.18205,0.016483,6.88784,288689
2562,15,-1.063,21,0,1,0,0.181504,0.013913,6.90578,288711
2563,15,-1.165,55,0,1,0,0.18096,0.020533,6.90047,288767
2564,15,9.86519,47,1,0,0,0.180417,0.02181,6.89204,288815
2565,15,9.74859,86,1,0,0,0.179876,0.017587,6.88487,288902
2566,15,9.84154,55,1,0,0,0.179336,0.009832,6.89,288958
2567,15,9.83509,57,1,0,0,0.178798,0.017922,6.89113,289016
2568,15,9.73614,90,1,0,0,0.178262,0.022477,6.88775,289107
2569,15,9.77798,76,1,0,0,0.177727,0.015535,6.8731,289184
2570,15,9.83822,56,1,0,0,0.177194,0.013754,6.87934,289241
2571,15,9.89158,38,1,0,0,0.176662,0.01505,6.91054,289280
2572,15,9.77164,78,1,0,0,0.176132,0.019563,6.88264,289359
2573,15,9.8405,55,1,0,0,0.175604,0.021518,6.89907,289415
2574,15,9.8288,59,1,0,0,0.175077,0.020788,6.88995,289475
2575,15,9.868,46,1,0,0,0.174552,0.020503,6.85857,289522
2576,15,9.74794,86,1,0,0,0.174028,0.014531,6.87797,289609
2577,15,9.86205,48,1,0,0,0.173506,0.017266,6.87314,289658
2578,15,9.8687,46,1,0,0,0.172985,0.021427,6.88804,289705
2579,15,9.88943,39,1,0,0,0.172466,0.021883,6.89016,289745
2580,15,9.76685,80,1,0,0,0.171949,0.016754,6.87313,289826
2581,15,9.928,26,1,0,0,0.171433,0.022158,6.90071,289853
2582,15,9.39074,205,1,0,0,0.170919,0.017969,6.88532,290059
2583,15,9.78426,74,1,0,0,0.170406,0.019709,6.88811,290134
2584,15,9.88867,39,1,0,0,0.169895,0.015013,6.86745,290174
2585,15,-1.018,6,0,1,0,0.169385,0.018748,6.79614,290181
2586,15,9.73581,90,1,0,0,0.168877,0.017051,6.867,290272
2587,15,9.83801,56,1,0,0,0.16837,0.021085,6.87461,290329
2588,15,9.88869,39,1,0,0,0.167865,0.007912,6.89558,290369
2589,15,9.75334,84,1,0,0,0.167362,0.02166,6.87823,290454
2590,15,9.75107,85,1,0,0,0.16686,0.019402,6.86383,290540
2591,15,9.84047,55,1,0,0,0.166359,0.020293,6.8935,290596
2592,15,9.84765,53,1,0,0,0.16586,0.021999,6.87801,290650
2593,15,9.89502,37,1,0,0,0.165362,0.019426,6.86244,290688
2594,15,-1.126,42,0,1,0,0.164866,0.017543,6.88991,290731
2595,15,9.7895,72,1,0,0,0.164372,0.020393,6.8752,290804
2596,15,9.84075,55,1,0,0,0.163879,0.021212,6.89114,290860
2597,15,9.7749,77,1,0,0,0.163387,0.021473,6.88294,290938
2598,15,9.80544,67,1,0,0,0.162897,0.01898,6.84755,291006
2599,15,9.91934,29,1,0,0,0.162408,0.019779,6.84818,291036
2600,15,9.22306,261,1,0,0,0.161921,0.020698,6.87467,291298
2601,15,9.80786,66,1,0,0,0.161435,0.012383,6.88069,291365
2602,15,9.87414,44,1,0,0,0.160951,0.010138,6.87302,291410
2603,15,9.91587,30,1,0,0,0.160468,0.027963,6.89595,291441
2604,15,9.78106,75,1,0,0,0.159986,0.014702,6.87405,291517
2605,15,9.80859,66,1,0,0,0.159507,0.023702,6.85925,291584
2606,15,-1.198,66,0,1,0,0.159028,0.017981,6.86637,291651
2607,15,-1.078,26,0,1,0,0.158551,0.019654,6.86277,291678
2608,15,9.9095,32,1,0,0,0.158075,0.013631,6.88027,291711
2609,15,9.77459,77,1,0,0,0.157601,0.014885,6.85931,291789
2610,15,9.78021,75,1,0,0,0.157128,0.019888,6.85593,291865
2611,15,9.92483,27,1,0,0,0.156657,0.028314,6.87323,291893
2612,15,-1.117,39,0,1,0,0.156187,0.019634,6.85808,291933
2613,15,9.88892,39,1,0,0,0.155718,0.021011,6.87552,291973
2614,15,9.91258,31,1,0,0,0.155251,0.005702,6.94001,292005
2615,15,9.84681,53,1,0,0,0.154785,0.028054,6.88043,292059
2616,15,9.93367,24,1,0,0,0.154321,0.011282,6.85326,292084
2617,15,9.70023,102,1,0,0,0.153858,0.015575,6.87421,292187
2618,15,9.82021,62,1,0,0,0.153397,0.014769,6.90093,292250
2619,15,9.91281,31,1,0,0,0.152936,0.023096,6.90693,292282
2620,15,9.88876,39,1,0,0,0.152478,0.01029,6.88119,292322
2621,15,9.83421,57,1,0,0,0.15202,0.017046,6.8678,292380
2622,15,9.67289,111,1,0,0,0.151564,0.01925,6.90121,292492
2623,15,9.77164,78,1,0,0,0.151109,0.017797,6.84858,292571
2624,15,9.79317,71,1,0,0,0.150656,0.021486,6.86839,292643
2625,15,-1.096,32,0,1,0,0.150204,0.021464,6.86876,292676
2626,15,9.47491,177,1,0,0,0.149753,0.016905,6.86828,292854
2627,15,9.87506,44,1,0,0,0.149304,0.02084,6.81635,292899
2628,15,9.87322,44,1,0,0,0.148856,0.009565,6.86884,292944
2629,15,9.90324,34,1,0,0,0.14841,0.018152,6.85041,292979
2630,15,9.89458,37,1,0,0,0.147964,0.015122,6.85109,293017
2631,15,9.83467,57,1,0,0,0.147521,0.018126,6.84923,293075
2632,15,9.91877,29,1,0,0,0.147078,0.014687,6.86824,293105
2633,15,9.65727,116,1,0,0,0.146637,0.019155,6.83891,293222
2634,15,9.90076,35,1,0,0,0.146197,0.016449,6.89078,293258
2635,15,9.68527,107,1,0,0,0.145758,0.018837,6.84931,293366
2636,15,9.75118,85,1,0,0,0.145321,0.020372,6.83357,293452
2637,15,9.9038,34,1,0,0,0.144885,0.020374,6.87613,293487
2638,15,9.70612,100,1,0,0,0.14445,0.015399,6.85256,293588
2639,15,-1.021,7,0,1,0,0.144017,0.00962,6.86632,293596
2640,15,9.85268,51,1,0,0,0.143585,0.017715,6.86042,293648
2641,15,9.7958,70,1,0,0,0.143154,0.016152,6.87071,293719
2642,15,-1.129,43,0,1,0,0.142725,0.011746,6.8877,293763
2643,15,9.7446,87,1,0,0,0.142297,0.015281,6.83637,293851
2644,15,9.77448,77,1,0,0,0.14187,0.016923,6.86134,293929
2645,15,9.82302,61,1,0,0,0.141444,0.022783,6.84675,293991
2646,15,9.94895,19,1,0,0,0.14102,0.040146,6.84287,294011
2647,15,9.77498,77,1,0,0,0.140597,0.020308,6.85081,294089
2648,15,9.7928,71,1,0,0,0.140175,0.020154,6.86041,294161
2649,15,9.91013,32,1,0,0,0.139754,0.010635,6.84981,294194
2650,15,9.65479,117,1,0,0,0.139335,0.01548,6.82284,294312
2651,15,9.7603,82,1,0,0,0.138917,0.016362,6.85718,294395
2652,15,-1.102,34,0,1,0,0.1385,0.017157,6.85984,294430
2653,15,9.76579,80,1,0,0,0.138085,0.01724,6.85451,294511
2654,15,9.928,26,1,0,0,0.137671,0.017259,6.85623,294538
2655,15,9.86183,48,1,0,0,0.137258,0.01735,6.85647,294587
2656,15,-1.165,55,0,1,0,0.136846,0.013065,6.86805,294643
2657,15,9.71157,98,1,0,0,0.136435,0.014298,6.84726,294742
2658,15,9.82269,61,1,0,0,0.136026,0.012806,6.85862,294804
2659,15,9.88335,41,1,0,0,0.135618,0.014781,6.83082,294846
2660,15,9.76293,81,1,0,0,0.135211,0.020352,6.84819,294928
2661,15,9.87959,42,1,0,0,0.134805,0.018282,6.8151,294971
2662,15,9.87359,44,1,0,0,0.134401,0.019094,6.83469,295016
2663,15,9.87742,43,1,0,0,0.133998,0.013521,6.8415,295060
2664,15,9.7509,85,1,0,0,0.133596,0.016249,6.84984,295146
2665,15,9.92473,27,1,0,0,0.133195,0.02478,6.83906,295174
2666,15,9.84114,55,1,0,0,0.132795,0.024549,6.819,295230
2667,15,9.78077,75,1,0,0,0.132397,0.015249,6.82661,295306
2668,15,9.78936,72,1,0,0,0.132,0.020494,6.84182,295379
2669,15,9.78987,72,1,0,0,0.131604,0.016558,6.84877,295452
2670,15,9.89761,36,1,0,0,0.131209,0.006268,6.81697,295489
2671,15,-1.192,64,0,1,0,0.130815,0.017862,6.84167,295554
2672,15,9.74184,88,1,0,0,0.130423,0.01894,6.85706,295643
2673,15,-1.033,11,0,1,0,0.130032,0.016556,6.84387,295655
2674,15,9.80175,68,1,0,0,0.129642,0.014799,6.83023,295724
2675,15,9.80781,66,1,0,0,0.129253,0.015318,6.84936,295791
2676,15,9.92487,27,1,0,0,0.128865,0.019803,6.83822,295819
2677,15,9.69068,105,1,0,0,0.128478,0.019016,6.84375,295925
2678,15,9.90636,33,1,0,0,0.128093,0.011491,6.78184,295959
2679,15,9.75107,85,1,0,0,0.127709,0.020742,6.81814,296045
2680,15,9.86235,48,1,0,0,0.127325,0.019906,6.84346,296094
2681,15,9.88602,40,1,0,0,0.126943,0.013003,6.84576,296135
2682,15,9.83438,57,1,0,0,0.126563,0.023086,6.83886,296193
2683,15,9.91295,31,1,0,0,0.126183,0.019054,6.85328,296225
2684,15,-1.018,6,0,1,0,0.125804,0.02998,6.86933,296232
2685,15,-1.132,44,0,1,0,0.125427,0.019545,6.84396,296277
2686,15,9.94596,20,1,0,0,0.125051,0.015832,6.79293,296298
2687,15,9.93082,25,1,0,0,0.124676,0.024144,6.79535,296324
2688,15,9.89475,37,1,0,0,0.124302,0.021509,6.84375,296362
2689,15,9.74456,87,1,0,0,0.123929,0.026767,6.83639,296450
2690,15,9.90716,33,1,0,0,0.123557,0.020971,6.81418,296484
2691,15,9.83788,56,1,0,0,0.123186,0.016011,6.86314,296541
2692,15,9.86461,47,1,0,0,0.122817,0.018177,6.82728,296589
2693,15,9.93074,25,1,0,0,0.122448,0.016723,6.84889,296615
2694,15,-1.087,29,0,1,0,0.122081,0.016064,6.84159,296645
2695,15,9.82582,60,1,0,0,0.121715,0.020303,6.81838,296706
2696,15,9.87079,45,1,0,0,0.121349,0.011914,6.85756,296752
2697,15,9.83557,57,1,0,0,0.120985,0.013462,6.85779,296810
2698,15,9.73903,89,1,0,0,0.120622,0.019516,6.85667,296900
2699,15,-1.126,42,0,1,0,0.120261,0.021346,6.83891,296943
2700,15,9.80809,66,1,0,0,0.1199,0.019732,6.84884,297010
2701,15,9.86838,46,1,0,0,0.11954,0.013976,6.81904,297057
2702,15,9.9008,35,1,0,0,0.119181,0.025675,6.88087,297093
2703,15,9.84983,52,1,0,0,0.118824,0.01582,6.8558,297146
2704,15,9.79333,71,1,0,0,0.118467,0.018348,6.84069,297218
2705,15,9.91301,31,1,0,0,0.118112,0.023173,6.85334,297250
2706,15,-1.069,23,0,1,0,0.117758,0.022783,6.82306,297274
2707,15,9.73912,89,1,0,0,0.117404,0.022404,6.8655,297364
2708,15,9.84382,54,1,0,0,0.117052,0.018548,6.8498,297419
2709,15,9.83155,58,1,0,0,0.116701,0.014444,6.87627,297478
2710,15,9.89748,36,1,0,0,0.116351,0.016939,6.85698,297515
2711,15,-1.021,7,0,1,0,0.116002,0.01596,6.8738,297523
2712,15,9.77243,78,1,0,0,0.115654,0.020015,6.84367,297602
2713,15,9.8527,51,1,0,0,0.115307,0.018207,6.80846,297654
2714,15,9.92426,27,1,0,0,0.114961,0.017999,6.82936,297682
2715,15,9.91584,30,1,0,0,0.114616,0.011461,6.84851,297713
2716,15,9.84992,52,1,0,0,0.114272,0.01023,6.8669,297766
2717,15,9.87379,44,1,0,0,0.113929,0.026664,6.87006,297811
2718,15,9.84056,55,1,0,0,0.113588,0.027473,6.83685,297867
2719,15,9.89736,36,1,0,0,0.113247,0.021553,6.88131,297904
2720,15,9.87081,45,1,0,0,0.112907,0.016928,6.86927,297950
2721,15,9.92178,28,1,0,0,0.112568,0.027483,6.86858,297979
2722,15,9.81369,64,1,0,0,0.112231,0.015819,6.85999,298044
2723,15,9.84061,55,1,0,0,0.111894,0.014623,6.85579,298100
2724,15,9.81626,63,1,0,0,0.111558,0.020715,6.85769,298164
2725,15,9.90088,35,1,0,0,0.111224,0.014339,6.83454,298200
2726,15,9.7656,80,1,0,0,0.11089,0.019143,6.8572,298281
2727,15,9.94613,20,1,0,0,0.110557,0.025373,6.80467,298302
2728,15,9.77158,78,1,0,0,0.110226,0.016527,6.87154,298381
2729,15,9.8327,58,1,0,0,0.109895,0.020228,6.86506,298440
2730,15,9.81355,64,1,0,0,0.109565,0.02165,6.84613,298505
2731,15,9.86524,47,1,0,0,0.109237,0.018275,6.85582,298553
2732,15,9.84714,53,1,0,0,0.108909,0.018157,6.87855,298607
2733,15,9.80772,66,1,0,0,0.108582,0.016303,6.84009,298674
2734,15,9.8802,42,1,0,0,0.108256,0.021462,6.85514,298717
2735,15,9.81071,65,1,0,0,0.107932,0.022959,6.87881,298783
2736,15,-1.159,53,0,1,0,0.107608,0.01847,6.8618,298837
2737,15,-1.162,54,0,1,0,0.107285,0.019407,6.85282,298892
2738,15,9.92463,27,1,0,0,0.106963,0.014628,6.90582,298920
2739,15,9.90997,32,1,0,0,0.106642,0.017,6.84718,298953
2740,15,-1.084,28,0,1,0,0.106322,0.022035,6.89924,298982
2741,15,9.91297,31,1,0,0,0.106003,0.009995,6.84479,299014
2742,15,9.92474,27,1,0,0,0.105685,0.021074,6.84017,299042
2743,15,9.90396,34,1,0,0,0.105368,0.021598,6.81941,299077
2744,15,9.92517,27,1,0,0,0.105052,0.0171,6.87697,299105
2745,15,9.92782,26,1,0,0,0.104737,0.019706,6.84364,299132
2746,15,9.89792,36,1,0,0,0.104423,0.016679,6.86453,299169
2747,15,9.88857,39,1,0,0,0.10411,0.013168,6.8796,299209
2748,15,9.91596,30,1,0,0,0.103797,0.0132,6.89919,299240
2749,15,-1.033,11,0,1,0,0.103486,0.020622,6.85509,299252
2750,15,9.8865,40,1,0,0,0.103175,0.016551,6.90947,299293
2751,15,9.90051,35,1,0,0,0.102866,0.017904,6.88476,299329
2752,15,-1.126,42,0,1,0,0.102557,0.019497,6.91143,299372
2753,15,9.81674,63,1,0,0,0.10225,0.016099,6.89538,299436
2754,15,9.73539,90,1,0,0,0.101943,0.01775,6.86493,299527
2755,15,9.62527,127,1,0,0,0.101637,0.013552,6.87572,299655
2756,15,9.84969,52,1,0,0,0.101332,0.016862,6.8906,299708
2757,15,9.84966,52,1,0,0,0.101028,0.016118,6.84054,299761
2758,15,9.91243,31,1,0,0,0.100725,0.022606,6.86045,299793
2759,15,9.9159,30,1,0,0,0.100423,0.012259,6.81751,299824
2760,15,9.79025,72,1,0,0,0.100122,0.014956,6.88193,299897
2761,15,9.78399,74,1,0,0,0.1,0.024696,6.87524,299972
2762,15,9.80464,67,1,0,0,0.1,0.020906,6.86945,300040
2763,15,9.8686,46,1,0,0,0.1,0.015977,6.86945,300087
2764,15,9.93056,25,1,0,0,0.1,0.005653,6.9006,300113
2765,15,9.88288,41,1,0,0,0.1,0.019039,6.8723,300155
2766,15,9.8195,62,1,0,0,0.1,0.017643,6.89009,300218
2767,15,9.77181,78,1,0,0,0.1,0.020576,6.89775,300297
2768,15,9.79256,71,1,0,0,0.1,0.01588,6.86884,300369
2769,15,9.91525,30,1,0,0,0.1,0.02781,6.88891,300400
2770,15,9.91858,29,1,0,0,0.1,0.011127,6.89229,300430
2771,15,9.86165,48,1,0,0,0.1,0.019188,6.85667,300479
2772,15,9.89812,36,1,0,0,0.1,0.017985,6.9187,300516
2773,15,9.85585,50,1,0,0,0.1,0.017488,6.88012,300567
2774,15,9.9223,28,1,0,0,0.1,0.008344,6.87083,300596
2775,15,9.83214,58,1,0,0,0.1,0.016617,6.86747,300655
2776,15,9.81103,65,1,0,0,0.1,0.026426,6.89569,300721
2777,15,9.79289,71,1,0,0,0.1,0.017797,6.90831,300793
2778,15,9.78728,73,1,0,0,0.1,0.023789,6.86568,300867
2779,15,9.93668,23,1,0,0,0.1,0.027214,6.87904,300891
2780,15,9.85868,49,1,0,0,0.1,0.019711,6.91697,300941
2781,15,9.87401,44,1,0,0,0.1,0.014873,6.85046,300986
2782,15,9.89487,37,1,0,0,0.1,0.02552,6.91233,301024
2783,15,9.94567,20,1,0,0,0.1,0.009429,6.86034,301045
2784,15,9.68531,107,1,0,0,0.1,0.014484,6.89941,301153
2785,15,9.91029,32,1,0,0,0.1,0.012561,6.929,301186
2786,15,9.77774,76,1,0,0,0.1,0.017706,6.88652,301263
2787,15,9.84933,52,1,0,0,0.1,0.019923,6.87463,301316
2788,15,9.90394,34,1,0,0,0.1,0.016407,6.89615,301351
2789,15,9.94634,20,1,0,0,0.1,0.015292,6.87907,301372
2790,15,9.88005,42,1,0,0,0.1,0.015523,6.93469,301415
2791,15,9.8587,49,1,0,0,0.1,0.017526,6.89436,301465
2792,15,9.8743,44,1,0,0,0.1,0.014826,6.91139,301510
2793,15,9.8976,36,1,0,0,0.1,0.015017,6.88727,301547
2794,15,9.85871,49,1,0,0,0.1,0.015954,6.90582,301597
2795,15,9.95246,18,1,0,0,0.1,0.011828,6.95288,301616
2796,15,9.85003,52,1,0,0,0.1,0.022072,6.91057,301669
2797,15,9.93131,25,1,0,0,0.1,0.019341,6.94479,301695
2798,15,9.89159,38,1,0,0,0.1,0.021584,6.93442,301734
2799,15,9.73944,89,1,0,0,0.1,0.01694,6.92468,301824
2800,15,9.80007,69,1,0,0,0.1,0.023632,6.92763,301894
2801,15,9.87695,43,1,0,0,0.1,0.025052,6.90245,301938
2802,15,9.75417,84,1,0,0,0.1,0.01585,6.90304,302023
2803,15,9.81705,63,1,0,0,0.1,0.013873,6.92494,302087
2804,15,9.9253,27,1,0,0,0.1,0.018519,6.88201,302115
2805,15,9.8676,46,1,0,0,0.1,0.01684,6.91443,302162
2806,15,9.7243,94,1,0,0,0.1,0.017811,6.93811,302257
2807,15,9.80467,67,1,0,0,0.1,0.017379,6.96054,302325
2808,15,9.86169,48,1,0,0,0.1,0.015473,6.92847,302374
2809,15,9.81652,63,1,0,0,0.1,0.010368,6.94773,302438
2810,15,9.87354,44,1,0,0,0.1,0.015115,6.93182,302483
2811,15,9.86128,48,1,0,0,0.1,0.018866,6.90093,302532
2812,15,9.8712,45,1,0,0,0.1,0.015825,6.95952,302578
2813,15,9.84415,54,1,0,0,0.1,0.020317,6.8988,302633
2814,15,9.73587,90,1,0,0,0.1,0.013713,6.95086,302724
2815,15,9.90077,35,1,0,0,0.1,0.022492,6.95677,302760
2816,15,9.84978,52,1,0,0,0.1,0.014994,6.91405,302813
2817,15,9.76935,79,1,0,0,0.1,0.018169,6.91979,302893
2818,15,9.78366,74,1,0,0,0.1,0.01103,6.93332,302968
2819,15,9.77782,76,1,0,0,0.1,0.012457,6.93838,303045
2820,15,9.85289,51,1,0,0,0.1,0.015438,6.94232,303097
2821,15,9.9432,21,1,0,0,0.1,0.012747,6.89721,303119
2822,15,9.93726,23,1,0,0,0.1,0.023004,6.94345,303143
2823,15,9.76013,82,1,0,0,0.1,0.014342,6.91524,303226
2824,15,9.83507,57,1,0,0,0.1,0.012803,6.94036,303284
2825,15,9.82648,60,1,0,0,0.1,0.016253,6.9305,303345
2826,15,9.92172,28,1,0,0,0.1,0.016081,6.99605,303374
2827,15,9.87723,43,1,0,0,0.1,0.015339,6.91267,303418
2828,15,9.89486,37,1,0,0,0.1,0.018404,6.93136,303456
2829,15,9.84695,53,1,0,0,0.1,0.024343,6.94645,303510
2830,15,9.9003,35,1,0,0,0.1,0.016537,6.92675,303546
2831,15,9.89151,38,1,0,0,0.1,0.017205,6.95434,303585
2832,15,-1.084,28,0,1,0,0.1,0.008733,6.92161,303614
2833,15,-1.108,36,0,1,0,0.1,0.015227,6.93693,303651
2834,15,9.83469,57,1,0,0,0.1,0.013345,6.975,303709
2835,15,9.85856,49,1,0,0,0.1,0.025346,6.94316,303759
2836,15,9.89203,38,1,0,0,0.1,0.011476,6.93768,303798
2837,15,9.9221,28,1,0,0,0.1,0.015437,6.90294,303827
2838,15,9.78649,73,1,0,0,0.1,0.012281,6.9396,303901
2839,15,9.84951,52,1,0,0,0.1,0.015445,6.92289,303954
2840,15,9.92235,28,1,0,0,0.1,0.015193,6.9897,303983
2841,15,9.89821,36,1,0,0,0.1,0.012195,6.94614,304020
2842,15,9.84387,54,1,0,0,0.1,0.014445,6.95347,304075
2843,15,9.87069,45,1,0,0,0.1,0.015575,6.98817,304121
2844,15,9.93057,25,1,0,0,0.1,0.015451,6.95837,304147
2845,15,9.85596,50,1,0,0,0.1,0.015327,6.97384,304198
2846,15,9.81995,62,1,0,0,0.1,0.022342,6.95371,304261
2847,15,9.78106,75,1,0,0,0.1,0.014308,6.95466,304337
2848,15,9.75928,82,1,0,0,0.1,0.014306,6.97849,304420
2849,15,-1.114,38,0,1,0,0.1,0.014572,6.96734,304459
2850,15,9.8411,55,1,0,0,0.1,0.015289,6.98985,304515
2851,15,9.81733,63,1,0,0,0.1,0.016233,6.98734,304579
2852,15,9.85918,49,1,0,0,0.1,0.020723,7.00291,304629
2853,15,9.81384,64,1,0,0,0.1,0.018472,6.98253,304694
2854,15,-1.078,26,0,1,0,0.1,0.019635,7.00824,304721
2855,15,9.77837,76,1,0,0,0.1,0.018011,6.97005,304798
2856,15,9.79568,70,1,0,0,0.1,0.017158,6.95796,304869
2857,15,9.78118,75,1,0,0,0.1,0.014389,6.98972,304945
2858,15,9.89507,37,1,0,0,0.1,0.010996,6.99921,304983
2859,15,9.733,91,1,0,0,0.1,0.020965,6.97895,305075
2860,15,9.78698,73,1,0,0,0.1,0.011421,7.00472,305149
2861,15,9.53522,157,1,0,0,0.1,0.013962,6.97537,305307
2862,15,9.86181,48,1,0,0,0.1,0.019707,6.99688,305356
2863,15,9.70024,102,1,0,0,0.1,0.012437,6.97342,305459
2864,15,9.87098,45,1,0,0,0.1,0.022383,6.95318,305505
2865,15,9.76228,81,1,0,0,0.1,0.015807,7.00278,305587
2866,15,9.82541,60,1,0,0,0.1,0.01761,7.02032,305648
2867,15,9.87959,42,1,0,0,0.1,0.02071,7.00717,305691
2868,15,9.73902,89,1,0,0,0.1,0.013506,7.00353,305781
2869,15,9.91554,30,1,0,0,0.1,0.017687,6.98342,305812
2870,15,9.91946,29,1,0,0,0.1,0.021849,6.98127,305842
2871,15,9.41771,196,1,0,0,0.1,0.017716,7.00998,306039
2872,15,9.94559,20,1,0,0,0.1,0.013051,6.99325,306060
2873,15,9.91868,29,1,0,0,0.1,0.01701,6.99735,306090
2874,15,9.90082,35,1,0,0,0.1,0.017434,7.01597,306126
2875,15,9.86474,47,1,0,0,0.1,0.014001,7.00699,306174
2876,15,-1.081,27,0,1,0,0.1,0.01912,6.98889,306202
2877,15,9.85321,51,1,0,0,0.1,0.020804,7.00768,306254
2878,15,9.86814,46,1,0,0,0.1,0.016296,7.00234,306301
2879,15,9.94876,19,1,0,0,0.1,0.016082,7.03751,306321
2880,15,9.84698,53,1,0,0,0.1,0.013639,7.00667,306375
2881,15,9.7958,70,1,0,0,0.1,0.015887,7.01463,306446
2882,15,9.78113,75,1,0,0,0.1,0.0135,6.99742,306522
2883,15,9.88632,40,1,0,0,0.1,0.012389,7.03611,306563
2884,15,9.87072,45,1,0,0,0.1,0.008488,7.01188,306609
2885,15,9.82269,61,1,0,0,0.1,0.019161,7.01616,306671
2886,15,9.93991,22,1,0,0,0.1,0.009721,6.97341,306694
2887,15,9.84064,55,1,0,0,0.1,0.014637,6.98461,306750
2888,15,9.83439,57,1,0,0,0.1,0.015689,7.00382,306808
2889,15,9.82026,62,1,0,0,0.1,0.018429,7.03518,306871
2890,15,-1.054,18,0,1,0,0.1,0.014589,7.03523,306890
2891,15,9.83244,58,1,0,0,0.1,0.016158,7.04321,306949
2892,15,9.95763,16,1,0,0,0.1,0.013139,6.99403,306966
2893,15,9.86547,47,1,0,0,0.1,0.009931,7.03017,307014
2894,15,9.79836,69,1,0,0,0.1,0.011116,7.01784,307084
2895,15,9.91586,30,1,0,0,0.1,0.014995,6.98594,307115
2896,15,-1.06,20,0,1,0,0.1,0.011222,7.02001,307136
2897,15,9.90669,33,1,0,0,0.1,0.024057,7.02385,307170
2898,15,9.856,50,1,0,0,0.1,0.019727,7.02993,307221
2899,15,9.91273,31,1,0,0,0.1,0.022653,6.97917,307253
2900,2,-1.2,400,0,0,1,0.4995,0.0,0.0,307253
2901,2,-1.948,316,0,1,0,0.499001,0.0,0.0,307253
2902,2,9.79603,70,1,0,0,0.498501,0.0,0.0,307253
2903,2,9.6224,128,1,0,0,0.498003,0.0,0.0,307253
2904,2,-1.2,400,0,0,1,0.497505,0.021716,6.68805,307571
2905,2,9.56263,148,1,0,0,0.497007,0.016092,6.4978,307720
2906,2,-1.147,49,0,1,0,0.49651,0.017428,6.57775,307770
2907,2,-1.294,98,0,1,0,0.496014,0.016311,6.57185,307869
2908,2,-1.123,41,0,1,0,0.495518,0.025004,6.54997,307911
2909,2,-1.2,400,0,0,1,0.495022,0.024234,6.50782,308311
2910,2,9.39272,205,1,0,0,0.494527,0.021827,6.60223,308517
2911,2,-1.063,21,0,1,0,0.494033,0.025246,6.68362,308539
2912,2,-1.039,13,0,1,0,0.493539,0.023356,6.68125,308553
2913,2,-1.2,400,0,0,1,0.493045,0.024479,6.69199,308953
2914,2,9.68187,108,1,0,0,0.492552,0.016695,6.71924,309062
2915,2,9.28469,241,1,0,0,0.49206,0.025433,6.81225,309304
2916,2,9.77001,79,1,0,0,0.491568,0.02147,6.92699,309384
2917,2,-1.999,333,0,1,0,0.491076,0.020936,7.01763,309718
2918,2,-1.2,400,0,0,1,0.490585,0.019426,7.08162,310118
2919,2,9.8377,56,1,0,0,0.490094,0.022711,7.08729,310175
2920,2,9.61015,132,1,0,0,0.489604,0.019821,7.07972,310308
2921,2,9.78971,72,1,0,0,0.489115,0.018183,7.13238,310381
2922,2,9.79038,72,1,0,0,0.488626,0.015994,7.1537,310454
2923,2,9.8649,47,1,0,0,0.488137,0.020704,7.18907,310502
2924,2,9.69654,103,1,0,0,0.487649,0.017217,7.19015,310606
2925,2,9.67029,112,1,0,0,0.487161,0.018069,7.22609,310719
2926,2,-1.159,53,0,1,0,0.486674,0.018547,7.22987,310773
2927,2,9.67354,111,1,0,0,0.486187,0.024121,7.23239,310885
2928,2,9.73008,92,1,0,0,0.485701,0.021503,7.284,310978
2929,2,-1.126,42,0,1,0,0.485215,0.026932,7.28618,311021
2930,2,9.76551,80,1,0,0,0.48473,0.025624,7.30803,311102
2931,2,9.80492,67,1,0,0,0.484246,0.019432,7.33809,311170
2932,2,9.74819,86,1,0,0,0.483761,0.020314,7.31201,311257
2933,2,-1.009,3,0,1,0,0.483278,0.047612,7.3328,311261
2934,2,9.18852,273,1,0,0,0.482794,0.020866,7.33347,311535
2935,2,-1.093,31,0,1,0,0.482311,0.016279,7.34181,311567
2936,2,9.50771,166,1,0,0,0.481829,0.02119,7.34761,311734
2937,2,-1.081,27,0,1,0,0.481347,0.012725,7.39969,311762
2938,2,-1.141,47,0,1,0,0.480866,0.019907,7.39493,311810
2939,2,-1.348,116,0,1,0,0.480385,0.019831,7.37534,311927
2940,2,9.51121,165,1,0,0,0.479905,0.025945,7.34169,312093
2941,2,-1.252,84,0,1,0,0.479425,0.020999,7.34111,312178
2942,2,9.62764,126,1,0,0,0.478945,0.028331,7.35923,312305
2943,2,-1.375,125,0,1,0,0.478466,0.023385,7.34458,312431
2944,2,-1.102,34,0,1,0,0.477988,0.032312,7.35475,312466
2945,2,9.72437,94,1,0,0,0.47751,0.028248,7.35849,312561
2946,2,-1.237,79,0,1,0,0.477032,0.025136,7.38586,312641
2947,2,-1.2,400,0,0,1,0.476555,0.027104,7.37325,313041
2948,2,-1.723,241,0,1,0,0.476079,0.027513,7.37255,313283
2949,2,-1.147,49,0,1,0,0.475603,0.0212,7.39543,313333
2950,2,-1.2,400,0,0,1,0.475127,0.03013,7.33228,313733
2951,2,9.51989,162,1,0,0,0.474652,0.026554,7.29599,313896
2952,2,-1.32393,109,0,1,0,0.474177,0.027614,7.28465,314006
2953,2,-1.348,116,0,1,0,0.473703,0.032507,7.2949,314123
2954,2,-1.117,39,0,1,0,0.47323,0.027799,7.2821,314163
2955,2,9.86765,46,1,0,0,0.472756,0.029143,7.29315,314210
2956,2,-1.2,400,0,0,1,0.472284,0.029784,7.25749,314610
2957,2,-1.297,99,0,1,0,0.471811,0.034551,7.21805,314710
2958,2,9.75953,82,1,0,0,0.471339,0.036644,7.20749,314793
2959,2,9.65504,117,1,0,0,0.470868,0.025894,7.24298,314911
2960,2,-1.147,49,0,1,0,0.470397,0.024667,7.22961,314961
2961,2,-1.2,400,0,0,1,0.469927,0.028571,7.21258,315361
2962,2,-1.135,45,0,1,0,0.469457,0.028111,7.14448,315407
2963,2,-1.063,21,0,1,0,0.468987,0.033826,7.15606,315429
2964,2,-1.189,63,0,1,0,0.468518,0.022746,7.18478,315493
2965,2,-1.072,24,0,1,0,0.46805,0.022425,7.17905,315518
2966,2,9.44304,188,1,0,0,0.467582,0.031253,7.19258,315707
2967,2,-1.2,400,0,0,1,0.467114,0.028473,7.19058,316107
2968,2,9.6798,109,1,0,0,0.466647,0.02415,7.1671,316217
2969,2,9.73288,91,1,0,0,0.466181,0.029576,7.16647,316309
2970,2,-1.954,318,0,1,0,0.465714,0.026639,7.16912,316628
2971,2,9.84653,53,1,0,0,0.465249,0.029055,7.15327,316682
2972,2,-1.2,400,0,0,1,0.464783,0.026648,7.19289,317082
2973,2,-1.2,400,0,0,1,0.464319,0.024109,7.17603,317482
2974,2,9.85013,52,1,0,0,0.463854,0.019965,7.14154,317535
2975,2,-1.453,151,0,1,0,0.46339,0.02829,7.14825,317687
2976,2,9.46247,181,1,0,0,0.462927,0.02567,7.12721,317869
2977,2,-1.339,113,0,1,0,0.462464,0.023981,7.14168,317983
2978,2,8.88119,375,1,0,0,0.462002,0.025497,7.15763,318359
2979,2,9.05837,316,1,0,0,0.46154,0.023738,7.1731,318676
2980,2,9.82887,59,1,0,0,0.461078,0.021446,7.18826,318736
2981,2,9.55902,149,1,0,0,0.460617,0.026665,7.20189,318886
2982,2,9.62494,127,1,0,0,0.460156,0.024936,7.19997,319014
2983,2,9.90102,35,1,0,0,0.459696,0.018653,7.17817,319050
2984,2,-1.213,71,0,1,0,0.459237,0.024992,7.20227,319122
2985,2,-1.072,24,0,1,0,0.458777,0.020613,7.23296,319147
2986,2,-1.012,4,0,1,0,0.458319,0.019861,7.29736,319152
2987,2,9.87689,43,1,0,0,0.45786,0.036516,7.25999,319196
2988,2,-1.081,27,0,1,0,0.457402,0.036782,7.26489,319224
2989,2,9.86193,48,1,0,0,0.456945,0.030364,7.25887,319273
2990,2,-1.024,8,0,1,0,0.456488,0.027779,7.26639,319282
2991,2,-1.342,114,0,1,0,0.456032,0.02139,7.22655,319397
2992,2,-1.195,65,0,1,0,0.455576,0.026766,7.21372,319463
2993,2,9.59469,137,1,0,0,0.45512,0.028444,7.235,319601
2994,2,-1.216,72,0,1,0,0.454665,0.02934,7.2285,319674
2995,2,9.83273,58,1,0,0,0.45421,0.029966,7.24744,319733
2996,2,-1.159,53,0,1,0,0.453756,0.027042,7.26536,319787
2997,2,9.73569,90,1,0,0,0.453302,0.024526,7.2366,319878
2998,2,-1.276,92,0,1,0,0.452849,0.031201,7.24792,319971
2999,2,-1.054,18,0,1,0,0.452396,0.03547,7.23678,319990
3000,2,9.80487,67,1,0,0,0.451944,0.02722,7.26648,320058
3001,2,-1.10874,37,0,1,0,0.451492,0.029361,7.29419,320096
3002,2,9.18719,273,1,0,0,0.45104,0.028905,7.29177,320370
3003,2,-1.327,109,0,1,0,0.450589,0.032525,7.2795,320480
3004,2,-1.13522,46,0,1,0,0.450139,0.029686,7.29631,320527
3005,2,9.75645,83,1,0,0,0.449688,0.030776,7.30041,320611
3006,2,9.59749,136,1,0,0,0.449239,0.031247,7.29404,320748
3007,2,9.79251,71,1,0,0,0.44879,0.029213,7.30334,320820
3008,2,9.76372,81,1,0,0,0.448341,0.028944,7.3277,320902
3009,2,9.78403,74,1,0,0,0.447892,0.023282,7.31686,320977
3010,2,-1.2,400,0,0,1,0.447445,0.03094,7.28975,321377
3011,2,9.60589,134,1,0,0,0.446997,0.028364,7.26934,321512
3012,2,9.82635,60,1,0,0,0.44655,0.029317,7.29708,321573
3013,2,-1.234,78,0,1,0,0.446104,0.032306,7.28639,321652
3014,2,9.79645,70,1,0,0,0.445657,0.035093,7.31893,321723
3015,2,-1.057,19,0,1,0,0.445212,0.019909,7.28935,321743
3016,2,-1.216,72,0,1,0,0.444767,0.023918,7.29528,321816
3017,2,-1.159,53,0,1,0,0.444322,0.031557,7.30121,321870
3018,2,9.60997,132,1,0,0,0.443877,0.032084,7.30099,322003
3019,2,9.80227,68,1,0,0,0.443434,0.027073,7.31753,322072
3020,2,9.73611,90,1,0,0,0.44299,0.031829,7.29991,322163
3021,2,9.44543,187,1,0,0,0.442547,0.028756,7.31457,322351
3022,2,-1.396,132,0,1,0,0.442105,0.029829,7.31146,322484
3023,2,-1.141,47,0,1,0,0.441663,0.028815,7.29241,322532
3024,2,-1.309,103,0,1,0,0.441221,0.03095,7.30304,322636
3025,2,9.77144,78,1,0,0,0.44078,0.0381,7.34067,322715
3026,2,-1.654,218,0,1,0,0.440339,0.032463,7.30866,322934
3027,2,-1.15,50,0,1,0,0.439899,0.026512,7.2976,322985
3028,2,9.5419,155,1,0,0,0.439459,0.037929,7.30247,323141
3029,2,9.81061,65,1,0,0,0.439019,0.028959,7.28804,323207
3030,2,-1.027,9,0,1,0,0.43858,0.032306,7.24684,323217
3031,2,-1.2,400,0,0,1,0.438142,0.032603,7.3044,323617
3032,2,-1.18,60,0,1,0,0.437703,0.028988,7.28,323678
3033,2,9.66696,113,1,0,0,0.437266,0.026499,7.27403,323792
3034,2,-1.066,22,0,1,0,0.436828,0.035166,7.27496,323815
3035,2,9.76919,79,1,0,0,0.436392,0.032863,7.27906,323895
3036,2,-1.207,69,0,1,0,0.435955,0.039399,7.30089,323965
3037,2,-1.024,8,0,1,0,0.435519,0.023419,7.31268,323974
3038,2,-1.786,262,0,1,0,0.435084,0.031571,7.27065,324237
3039,2,9.84068,55,1,0,0,0.434649,0.029753,7.24112,324293
3040,2,-1.108,36,0,1,0,0.434214,0.025826,7.27427,324330
3041,2,-1.147,49,0,1,0,0.43378,0.036178,7.29764,324380
3042,2,9.89727,36,1,0,0,0.433346,0.036562,7.22107,324417
3043,2,-1.237,79,0,1,0,0.432913,0.03267,7.28798,324497
3044,2,9.54073,155,1,0,0,0.43248,0.035758,7.29028,324653
3045,2,-1.2,400,0,0,1,0.432047,0.030302,7.26508,325053
3046,2,9.64576,120,1,0,0,0.431615,0.031936,7.25166,325174
3047,2,9.64896,119,1,0,0,0.431184,0.031345,7.22942,325294
3048,2,9.74694,87,1,0,0,0.430752,0.039339,7.26074,325382
3049,2,9.79279,71,1,0,0,0.430322,0.028059,7.24248,325454
3050,2,-1.219,73,0,1,0,0.429891,0.028628,7.2434,325528
3051,2,9.83506,57,1,0,0,0.429461,0.032686,7.24571,325586
3052,2,-1.126,42,0,1,0,0.429032,0.037904,7.27955,325629
3053,2,-1.417,139,0,1,0,0.428603,0.033468,7.24384,325769
3054,2,9.85883,49,1,0,0,0.428174,0.025546,7.27417,325819
3055,2,9.85051,52,1,0,0,0.427746,0.035809,7.21351,325872
3056,2,9.8526,51,1,0,0,0.427318,0.028463,7.25315,325924
3057,2,-1.063,21,0,1,0,0.426891,0.041234,7.26217,325946
3058,2,9.84657,53,1,0,0,0.426464,0.02973,7.29065,326000
3059,2,9.42389,194,1,0,0,0.426038,0.029385,7.25381,326195
3060,2,-1.237,79,0,1,0,0.425612,0.033984,7.26402,326275
3061,2,-1.228,76,0,1,0,0.425186,0.031725,7.28386,326352
3062,2,-1.102,34,0,1,0,0.424761,0.03826,7.24681,326387
3063,2,-1.285,95,0,1,0,0.424336,0.030901,7.26719,326483
3064,2,9.73253,91,1,0,0,0.423912,0.034825,7.2684,326575
3065,2,9.58925,139,1,0,0,0.423488,0.031941,7.26636,326715
3066,2,9.65239,118,1,0,0,0.423064,0.028998,7.28641,326834
3067,2,9.69053,105,1,0,0,0.422641,0.031821,7.29089,326940
3068,2,-1.129,43,0,1,0,0.422219,0.033362,7.29297,326984
3069,2,-1.546,182,0,1,0,0.421797,0.037625,7.27416,327167
3070,2,-1.2,400,0,0,1,0.421375,0.031746,7.29231,327567
3071,2,-1.069,23,0,1,0,0.420953,0.036967,7.29618,327591
3072,2,-1.993,331,0,1,0,0.420532,0.035189,7.26638,327923
3073,2,9.64565,120,1,0,0,0.420112,0.034985,7.26069,328044
3074,2,9.87144,45,1,0,0,0.419692,0.035774,7.27379,328090
3075,2,-1.09,30,0,1,0,0.419272,0.025951,7.2403,328121
3076,2,9.81361,64,1,0,0,0.418853,0.029635,7.26948,328186
3077,2,9.61294,131,1,0,0,0.418434,0.037062,7.27583,328318
3078,2,9.65164,118,1,0,0,0.418016,0.024097,7.26618,328437
3079,2,-1.333,111,0,1,0,0.417597,0.036733,7.29605,328549
3080,2,9.8801,42,1,0,0,0.41718,0.023374,7.28147,328592
3081,2,-1.294,98,0,1,0,0.416763,0.038362,7.30209,328691
3082,2,-1.336,112,0,1,0,0.416346,0.025191,7.25332,328804
3083,2,-1.687,229,0,1,0,0.41593,0.03315,7.25711,329034
3084,2,9.80002,69,1,0,0,0.415514,0.0375,7.25945,329104
3085,2,-1.024,8,0,1,0,0.415098,0.041875,7.37054,329113
3086,2,9.65829,116,1,0,0,0.414683,0.031357,7.28488,329230
3087,2,9.8954,37,1,0,0,0.414268,0.029594,7.29115,329268
3088,2,9.76838,79,1,0,0,0.413854,0.041596,7.29237,329348
3089,2,-1.078,26,0,1,0,0.41344,0.029848,7.287,329375
3090,2,-1.063,21,0,1,0,0.413027,0.022998,7.26281,329397
3091,2,-1.159,53,0,1,0,0.412614,0.029502,7.24049,329451
3092,2,-1.387,129,0,1,0,0.412201,0.032472,7.28636,329581
3093,2,-1.609,203,0,1,0,0.411789,0.033262,7.27128,329785
3094,2,-1.093,31,0,1,0,0.411377,0.023667,7.27611,329817
3095,2,9.88858,39,1,0,0,0.410966,0.036141,7.2569,329857
3096,2,-1.21,70,0,1,0,0.410555,0.029469,7.27157,329928
3097,2,-1.06,20,0,1,0,0.410144,0.037625,7.29234,329949
3098,2,-1.051,17,0,1,0,0.409734,0.027459,7.28028,329967
3099,2,-1.114,38,0,1,0,0.409324,0.024224,7.2882,330006
3100,2,9.55004,152,1,0,0,0.408915,0.035372,7.26878,330159
3101,2,-1.2,400,0,0,1,0.408506,0.033977,7.26809,330559
3102,2,9.45068,185,1,0,0,0.408098,0.031869,7.27643,330745
3103,2,9.81637,63,1,0,0,0.40769,0.032018,7.30054,330809
3104,2,9.88354,41,1,0,0,0.407282,0.039878,7.27976,330851
3105,2,9.88019,42,1,0,0,0.406875,0.031901,7.24309,330894
3106,2,-1.054,18,0,1,0,0.406468,0.019123,7.28334,330913
3107,2,-1.183,61,0,1,0,0.406061,0.035526,7.29493,330975
3108,2,9.41466,197,1,0,0,0.405655,0.034682,7.27897,331173
3109,2,-1.114,38,0,1,0,0.40525,0.043109,7.30879,331212
3110,2,9.87428,44,1,0,0,0.404844,0.035489,7.30789,331257
3111,2,9.83726,56,1,0,0,0.404439,0.031805,7.28647,331314
3112,2,-1.099,33,0,1,0,0.404035,0.022449,7.25203,331348
3113,2,9.82894,59,1,0,0,0.403631,0.026658,7.2849,331408
3114,2,9.81357,64,1,0,0,0.403227,0.030099,7.28576,331473
3115,2,-1.039,13,0,1,0,0.402824,0.021392,7.32908,331487
3116,2,9.64065,122,1,0,0,0.402421,0.030063,7.30528,331610
3117,2,9.81779,63,1,0,0,0.402019,0.031583,7.27786,331674
3118,2,9.77496,77,1,0,0,0.401617,0.038576,7.29085,331752
3119,2,-1.057,19,0,1,0,0.401215,0.038206,7.27363,331772
3120,2,-1.147,49,0,1,0,0.400814,0.02808,7.29674,331822
3121,2,-1.252,84,0,1,0,0.400413,0.039747,7.29243,331907
3122,2,-1.933,311,0,1,0,0.400013,0.036534,7.29175,332219
3123,2,-1.2,400,0,0,1,0.399613,0.036085,7.30349,332619
3124,2,9.79338,71,1,0,0,0.399213,0.037212,7.28884,332691
3125,2,-1.108,36,0,1,0,0.398814,0.026262,7.34469,332728
3126,2,9.67897,109,1,0,0,0.398415,0.031482,7.31894,332838
3127,2,9.82889,59,1,0,0,0.398017,0.028526,7.30117,332898
3128,2,9.80226,68,1,0,0,0.397619,0.0368,7.30553,332967
3129,2,9.85959,49,1,0,0,0.397221,0.03123,7.35569,333017
3130,2,-1.075,25,0,1,0,0.396824,0.037489,7.32068,333043
3131,2,9.82272,61,1,0,0,0.396427,0.035593,7.32103,333105
3132,2,9.63093,125,1,0,0,0.396031,0.039111,7.32063,333231
3133,2,9.74221,88,1,0,0,0.395635,0.037227,7.31617,333320
3134,2,-1.933,311,0,1,0,0.395239,0.033146,7.31669,333632
3135,2,9.88652,40,1,0,0,0.394844,0.035313,7.2931,333673
3136,2,9.69922,102,1,0,0,0.394449,0.032211,7.32128,333776
3137,2,9.64667,120,1,0,0,0.394054,0.022812,7.3218,333897
3138,2,9.75962,82,1,0,0,0.39366,0.031296,7.32675,333980
3139,2,9.84924,52,1,0,0,0.393267,0.028263,7.33329,334033
3140,2,9.87985,42,1,0,0,0.392873,0.040268,7.33839,334076
3141,2,9.84355,54,1,0,0,0.392481,0.035309,7.35583,334131
3142,2,9.86189,48,1,0,0,0.392088,0.040667,7.32037,334180
3143,2,9.74207,88,1,0,0,0.391696,0.035292,7.35174,334269
3144,2,-1.009,3,0,1,0,0.391304,0.006554,7.3632,334273
3145,2,-1.06,20,0,1,0,0.390913,0.044473,7.35256,334294
3146,2,9.82297,61,1,0,0,0.390522,0.030388,7.33722,334356
3147,2,-1.735,245,0,1,0,0.390132,0.031279,7.33745,334602
3148,2,-1.2,400,0,0,1,0.389741,0.034892,7.3302,335002
3149,2,-1.243,81,0,1,0,0.389352,0.033486,7.33192,335084
3150,2,-1.117,39,0,1,0,0.388962,0.028953,7.30181,335124
3151,2,-1.183,61,0,1,0,0.388573,0.044187,7.32036,335186
3152,2,-1.159,53,0,1,0,0.388185,0.032162,7.35817,335240
3153,2,-1.087,29,0,1,0,0.387797,0.030517,7.34763,335270
3154,2,-1.192,64,0,1,0,0.387409,0.032505,7.32399,335335
3155,2,-1.33,110,0,1,0,0.387021,0.033715,7.32141,335446
3156,2,9.67305,111,1,0,0,0.386634,0.0316,7.31752,335558
3157,2,9.84016,55,1,0,0,0.386248,0.043019,7.32869,335614
3158,2,-1.174,58,0,1,0,0.385862,0.041083,7.32002,335673
3159,2,9.77485,77,1,0,0,0.385476,0.038483,7.32519,335751
3160,2,9.8028,68,1,0,0,0.38509,0.036413,7.35584,335820
3161,2,-1.027,9,0,1,0,0.384705,0.032022,7.31238,335830
3162,2,-1.225,75,0,1,0,0.38432,0.037468,7.32506,335906
3163,2,9.67937,109,1,0,0,0.383936,0.036134,7.33352,336016
3164,2,9.87461,44,1,0,0,0.383552,0.034672,7.33872,336061
3165,2,-1.135,45,0,1,0,0.383169,0.039258,7.30445,336107
3166,2,9.78101,75,1,0,0,0.382785,0.034362,7.3411,336183
3167,2,-1.039,13,0,1,0,0.382403,0.041895,7.34414,336197
3168,2,9.84968,52,1,0,0,0.38202,0.028171,7.3547,336250
3169,2,-1.036,12,0,1,0,0.381638,0.05008,7.35147,336263
3170,2,-1.636,212,0,1,0,0.381257,0.037761,7.33804,336476
3171,2,9.85857,49,1,0,0,0.380875,0.043994,7.33086,336526
3172,2,9.89491,37,1,0,0,0.380494,0.040223,7.3394,336564
3173,2,9.73903,89,1,0,0,0.380114,0.034329,7.33917,336654
3174,2,-1.12485,43,0,1,0,0.379734,0.034844,7.35956,336698
3175,2,-1.168,56,0,1,0,0.379354,0.020807,7.35791,336755
3176,2,9.86171,48,1,0,0,0.378975,0.033499,7.37243,336804
3177,2,-1.096,32,0,1,0,0.378596,0.030963,7.31801,336837
3178,2,9.79906,69,1,0,0,0.378217,0.037612,7.36318,336907
3179,2,-1.114,38,0,1,0,0.377839,0.044616,7.31093,336946
3180,2,-1.09,30,0,1,0,0.377461,0.043842,7.36779,336977
3181,2,-1.066,22,0,1,0,0.377084,0.070603,7.36253,337000
3182,2,-1.186,62,0,1,0,0.376707,0.034432,7.32864,337063
3183,2,-1.09,30,0,1,0,0.37633,0.041779,7.34534,337094
3184,2,-1.261,87,0,1,0,0.375954,0.037413,7.3508,337182
3185,2,9.78085,75,1,0,0,0.375578,0.037713,7.35731,337258
3186,2,-1.051,17,0,1,0,0.375202,0.035443,7.36198,337276
3187,2,-1.06,20,0,1,0,0.374827,0.039384,7.34425,337297
3188,2,9.7238,94,1,0,0,0.374452,0.036296,7.3479,337392
3189,2,9.8471,53,1,0,0,0.374078,0.028974,7.35271,337446
3190,2,-1.522,174,0,1,0,0.373703,0.036163,7.35861,337621
3191,2,9.82928,59,1,0,0,0.37333,0.033642,7.35822,337681
3192,2,9.86504,47,1,0,0,0.372956,0.034671,7.31908,337729
3193,2,9.90963,32,1,0,0,0.372583,0.04253,7.33399,337762
3194,2,9.84742,53,1,0,0,0.372211,0.038566,7.37929,337816
3195,2,-1.108,36,0,1,0,0.371839,0.037527,7.36965,337853
3196,2,-1.093,31,0,1,0,0.371467,0.031053,7.35654,337885
3197,2,9.80763,66,1,0,0,0.371095,0.043818,7.35811,337952
3198,2,-1.066,22,0,1,0,0.370724,0.02477,7.37661,337975
3199,2,9.66338,114,1,0,0,0.370354,0.035257,7.35188,338090
3200,2,-1.141,47,0,1,0,0.369983,0.035947,7.38041,338138
3201,2,9.77507,77,1,0,0,0.369613,0.046048,7.38628,338216
3202,2,-1.048,16,0,1,0,0.369244,0.031521,7.4014,338233
3203,2,9.72148,95,1,0,0,0.368874,0.04448,7.38153,338329
3204,2,-1.138,46,0,1,0,0.368505,0.029551,7.38462,338376
3205,2,9.781,75,1,0,0,0.368137,0.035646,7.37842,338452
3206,2,9.84717,53,1,0,0,0.367769,0.036555,7.38021,338506
3207,2,-1.267,89,0,1,0,0.367401,0.02529,7.38909,338596
3208,2,-1.12,40,0,1,0,0.367034,0.037234,7.37238,338637
3209,2,-1.027,9,0,1,0,0.366667,0.028427,7.38987,338647
3210,2,-1.174,58,0,1,0,0.3663,0.044026,7.35651,338706
3211,2,9.86746,46,1,0,0,0.365934,0.057831,7.37221,338753
3212,2,-1.792,264,0,1,0,0.365568,0.037263,7.36264,339018
3213,2,-1.2,400,0,0,1,0.365202,0.03719,7.36916,339418
3214,2,-1.114,38,0,1,0,0.364837,0.037738,7.3944,339457
3215,2,-1.018,6,0,1,0,0.364472,0.017193,7.39132,339464
3216,2,9.87056,45,1,0,0,0.364108,0.041331,7.37143,339510
3217,2,-1.045,15,0,1,0,0.363744,0.031231,7.41156,339526
3218,2,-1.174,58,0,1,0,0.36338,0.046993,7.36985,339585
3219,2,-1.036,12,0,1,0,0.363016,0.042556,7.4012,339598
3220,2,9.88037,42,1,0,0,0.362653,0.040139,7.32293,339641
3221,2,-1.075,25,0,1,0,0.362291,0.029727,7.39856,339667
3222,2,9.89521,37,1,0,0,0.361928,0.034177,7.36347,339705
3223,2,-1.201,67,0,1,0,0.361567,0.03447,7.38788,339773
3224,2,9.78355,74,1,0,0,0.361205,0.035104,7.37909,339848
3225,2,-1.111,37,0,1,0,0.360844,0.049796,7.38749,339886
3226,2,9.86493,47,1,0,0,0.360483,0.039514,7.38727,339934
3227,2,9.82282,61,1,0,0,0.360122,0.036771,7.36829,339996
3228,2,9.68165,108,1,0,0,0.359762,0.042297,7.34756,340105
3229,2,-1.084,28,0,1,0,0.359403,0.033443,7.36198,340134
3230,2,9.88894,39,1,0,0,0.359043,0.030404,7.37797,340174
3231,2,-1.186,62,0,1,0,0.358684,0.036036,7.3633,340237
3232,2,9.83792,56,1,0,0,0.358325,0.037487,7.38716,340294
3233,2,9.60428,134,1,0,0,0.357967,0.042332,7.36876,340429
3234,2,9.82039,62,1,0,0,0.357609,0.050958,7.36725,340492
3235,2,-1.216,72,0,1,0,0.357251,0.039042,7.36111,340565
3236,2,-1.447,149,0,1,0,0.356894,0.041521,7.38149,340715
3237,2,9.83774,56,1,0,0,0.356537,0.031297,7.39215,340772
3238,2,9.69676,103,1,0,0,0.356181,0.036683,7.38464,340876
3239,2,9.86758,46,1,0,0,0.355825,0.034369,7.40427,340923
3240,2,-1.084,28,0,1,0,0.355469,0.037831,7.37884,340952
3241,2,-1.084,28,0,1,0,0.355113,0.039598,7.3815,340981
3242,2,-1.114,38,0,1,0,0.354758,0.048634,7.37187,341020
3243,2,-1.111,37,0,1,0,0.354403,0.043232,7.36959,341058
3244,2,-1.531,177,0,1,0,0.354049,0.040658,7.37987,341236
3245,2,9.76838,79,1,0,0,0.353695,0.038167,7.3996,341316
3246,2,-1.12,40,0,1,0,0.353341,0.043013,7.3939,341357
3247,2,9.72979,92,1,0,0,0.352988,0.040733,7.38588,341450
3248,2,9.84985,52,1,0,0,0.352635,0.038695,7.38768,341503
3249,2,-1.24,80,0,1,0,0.352282,0.040237,7.35486,341584
3250,2,9.75994,82,1,0,0,0.35193,0.038925,7.38598,341667
3251,2,9.88604,40,1,0,0,0.351578,0.046224,7.36712,341708
3252,2,9.56778,146,1,0,0,0.351227,0.039429,7.38457,341855
3253,2,-1.147,49,0,1,0,0.350875,0.050025,7.39048,341905
3254,2,-1.114,38,0,1,0,0.350524,0.037651,7.37466,341944
3255,2,9.89458,37,1,0,0,0.350174,0.045468,7.41699,341982
3256,2,-1.09,30,0,1,0,0.349824,0.037398,7.37645,342013
3257,2,-1.15547,52,0,1,0,0.349474,0.05224,7.38349,342066
3258,2,-1.114,38,0,1,0,0.349124,0.029707,7.38517,342105
3259,2,9.80532,67,1,0,0,0.348775,0.037989,7.39236,342173
3260,2,-1.081,27,0,1,0,0.348427,0.02759,7.41083,342201
3261,2,9.62785,126,1,0,0,0.348078,0.039116,7.38994,342328
3262,2,9.91331,31,1,0,0,0.34773,0.05152,7.39012,342360
3263,2,9.8893,39,1,0,0,0.347382,0.035823,7.37952,342400
3264,2,9.87104,45,1,0,0,0.347035,0.04316,7.3874,342446
3265,2,-1.021,7,0,1,0,0.346688,0.045542,7.35183,342454
3266,2,-1.039,13,0,1,0,0.346341,0.056377,7.3825,342468
3267,2,9.87161,45,1,0,0,0.345995,0.037477,7.38849,342514
3268,2,9.91558,30,1,0,0,0.345649,0.024423,7.36555,342545
3269,2,9.79294,71,1,0,0,0.345303,0.052332,7.38809,342617
3270,2,9.72421,94,1,0,0,0.344958,0.038848,7.40986,342712
3271,2,-1.12,40,0,1,0,0.344613,0.042086,7.40522,342753
3272,2,9.59532,137,1,0,0,0.344268,0.041452,7.40569,342891
3273,2,9.52627,160,1,0,0,0.343924,0.029259,7.40216,343052
3274,2,9.57198,145,1,0,0,0.34358,0.037323,7.38513,343198
3275,2,-1.165,55,0,1,0,0.343237,0.046851,7.40594,343254
3276,2,9.87966,42,1,0,0,0.342893,0.044077,7.39309,343297
3277,2,-1.051,17,0,1,0,0.34255,0.058933,7.39059,343315
3278,2,9.76839,79,1,0,0,0.342208,0.040861,7.37597,343395
3279,2,-1.159,53,0,1,0,0.341866,0.034004,7.39619,343449
3280,2,-1.174,58,0,1,0,0.341524,0.029538,7.40218,343508
3281,2,9.91082,32,1,0,0,0.341182,0.046152,7.39976,343541
3282,2,9.83185,58,1,0,0,0.340841,0.047038,7.38762,343600
3283,2,-1.12,40,0,1,0,0.3405,0.038449,7.37907,343641
3284,2,-1.123,41,0,1,0,0.34016,0.037424,7.39875,343683
3285,2,-1.036,12,0,1,0,0.33982,0.013039,7.39461,343696
3286,2,-1.186,62,0,1,0,0.33948,0.043392,7.38726,343759
3287,2,-1.174,58,0,1,0,0.33914,0.041161,7.41442,343818
3288,2,9.80187,68,1,0,0,0.338801,0.04613,7.40802,343887
3289,2,-1.354,118,0,1,0,0.338462,0.036153,7.40581,344006
3290,2,9.87103,45,1,0,0,0.338124,0.037722,7.41735,344052
3291,2,9.74778,86,1,0,0,0.337786,0.038089,7.41675,344139
3292,2,-1.072,24,0,1,0,0.337448,0.041902,7.39937,344164
3293,2,-1.201,67,0,1,0,0.337111,0.046191,7.39127,344232
3294,2,9.79034,72,1,0,0,0.336773,0.038733,7.43132,344305
3295,2,9.87032,45,1,0,0,0.336437,0.033105,7.39067,344351
3296,2,9.88311,41,1,0,0,0.3361,0.026343,7.43357,344393
3297,2,-1.26679,90,0,1,0,0.335764,0.03398,7.41347,344484
3298,2,9.86546,47,1,0,0,0.335428,0.041375,7.4198,344532
3299,2,9.80212,68,1,0,0,0.335093,0.052539,7.42282,344601
3300,2,-1.126,42,0,1,0,0.334758,0.046841,7.39578,344644
3301,2,9.88336,41,1,0,0,0.334423,0.047519,7.40354,344686
3302,2,9.898,36,1,0,0,0.334089,0.042751,7.44089,344723
3303,2,-1.231,77,0,1,0,0.333755,0.036602,7.39113,344801
3304,2,9.51664,163,1,0,0,0.333421,0.040854,7.39078,344965
3305,2,9.63678,123,1,0,0,0.333087,0.038034,7.42326,345089
3306,2,9.81406,64,1,0,0,0.332754,0.034334,7.4076,345154
3307,2,-1.117,39,0,1,0,0.332422,0.041121,7.43028,345194
3308,2,-1.024,8,0,1,0,0.332089,0.043842,7.45611,345203
3309,2,9.83232,58,1,0,0,0.331757,0.039878,7.4254,345262
3310,2,-1.108,36,0,1,0,0.331425,0.039663,7.43432,345299
3311,2,-1.174,58,0,1,0,0.331094,0.05218,7.40447,345358
3312,2,9.81028,65,1,0,0,0.330763,0.047844,7.41858,345424
3313,2,9.6557,117,1,0,0,0.330432,0.037961,7.39521,345542
3314,2,9.92461,27,1,0,0,0.330102,0.05192,7.42782,345570
3315,2,-1.126,42,0,1,0,0.329771,0.026196,7.44658,345613
3316,2,9.62186,128,1,0,0,0.329442,0.034803,7.40601,345742
3317,2,9.8658,47,1,0,0,0.329112,0.047347,7.44421,345790
3318,2,-1.105,35,0,1,0,0.328783,0.05465,7.41117,345826
3319,2,-1.138,46,0,1,0,0.328454,0.029312,7.42504,345873
3320,2,9.676,110,1,0,0,0.328126,0.045351,7.40133,345984
3321,2,-1.024,8,0,1,0,0.327798,0.03177,7.43874,345993
3322,2,9.89823,36,1,0,0,0.32747,0.043413,7.44383,346030
3323,2,-1.1689,57,0,1,0,0.327143,0.042937,7.42531,346088
3324,2,9.87372,44,1,0,0,0.326815,0.028505,7.42572,346133
3325,2,9.81368,64,1,0,0,0.326489,0.043647,7.38645,346198
3326,2,-1.306,102,0,1,0,0.326162,0.035088,7.41726,346301
3327,2,9.7329,91,1,0,0,0.325836,0.034443,7.43437,346393
3328,2,9.85866,49,1,0,0,0.32551,0.039515,7.38724,346443
3329,2,9.71582,97,1,0,0,0.325185,0.039774,7.42567,346541
3330,2,9.88321,41,1,0,0,0.324859,0.04491,7.46089,346583
3331,2,9.81711,63,1,0,0,0.324535,0.036174,7.4014,346647
3332,2,-1.396,132,0,1,0,0.32421,0.037981,7.41287,346780
3333,2,9.75351,84,1,0,0,0.323886,0.037365,7.42196,346865
3334,2,9.8652,47,1,0,0,0.323562,0.049293,7.41031,346913
3335,2,9.79066,72,1,0,0,0.323238,0.042484,7.40333,346986
3336,2,-1.204,68,0,1,0,0.322915,0.039052,7.41045,347055
3337,2,-1.048,16,0,1,0,0.322592,0.055166,7.4146,347072
3338,2,9.81079,65,1,0,0,0.32227,0.035608,7.42278,347138
3339,2,9.75089,85,1,0,0,0.321947,0.040203,7.42118,347224
3340,2,-1.117,39,0,1,0,0.321625,0.036263,7.43874,347264
3341,2,9.83825,56,1,0,0,0.321304,0.021646,7.43029,347321
3342,2,-1.063,21,0,1,0,0.320982,0.048663,7.42096,347343
3343,2,9.89803,36,1,0,0,0.320661,0.031518,7.44719,347380
3344,2,9.73309,91,1,0,0,0.320341,0.038551,7.41163,347472
3345,2,9.89797,36,1,0,0,0.32002,0.029029,7.42739,347509
3346,2,9.89513,37,1,0,0,0.3197,0.031406,7.39397,347547
3347,2,-1.504,168,0,1,0,0.319381,0.037051,7.43393,347716
3348,2,9.75982,82,1,0,0,0.319061,0.045049,7.42175,347799
3349,2,9.91572,30,1,0,0,0.318742,0.049631,7.42807,347830
3350,2,9.67578,110,1,0,0,0.318424,0.04747,7.42926,347941
3351,2,-1.051,17,0,1,0,0.318105,0.035147,7.43255,347959
3352,2,9.8347,57,1,0,0,0.317787,0.038995,7.41301,348017
3353,2,9.89489,37,1,0,0,0.317469,0.024771,7.41746,348055
3354,2,9.89249,38,1,0,0,0.317152,0.037798,7.43831,348094
3355,2,-1.066,22,0,1,0,0.316835,0.042523,7.41623,348117
3356,2,-1.33,110,0,1,0,0.316518,0.037982,7.41568,348228
3357,2,-1.165,55,0,1,0,0.316201,0.046188,7.42102,348284
3358,2,9.85617,50,1,0,0,0.315885,0.038418,7.45654,348335
3359,2,-1.384,128,0,1,0,0.315569,0.043766,7.42405,348464
3360,2,9.81781,63,1,0,0,0.315254,0.052356,7.42485,348528
3361,2,9.71489,97,1,0,0,0.314938,0.038417,7.43891,348626
3362,2,-1.177,59,0,1,0,0.314623,0.041056,7.43525,348686
3363,2,-1.246,82,0,1,0,0.314309,0.03514,7.42364,348769
3364,2,-1.069,23,0,1,0,0.313994,0.041707,7.4491,348793
3365,2,-2.047,349,0,1,0,0.31368,0.039791,7.43095,349143
3366,2,9.8643,47,1,0,0,0.313367,0.033514,7.42703,349191
3367,2,9.87382,44,1,0,0,0.313053,0.033188,7.42345,349236
3368,2,9.80197,68,1,0,0,0.31274,0.038004,7.42056,349305
3369,2,9.8055,67,1,0,0,0.312428,0.035696,7.45564,349373
3370,2,9.36365,214,1,0,0,0.312115,0.039899,7.42577,349588
3371,2,9.60356,134,1,0,0,0.311803,0.039704,7.42153,349723
3372,2,9.90957,32,1,0,0,0.311491,0.046926,7.41419,349756
3373,2,9.72387,94,1,0,0,0.31118,0.046042,7.42176,349851
3374,2,9.8706,45,1,0,0,0.310869,0.050227,7.45471,349897
3375,2,9.75707,83,1,0,0,0.310558,0.038814,7.44947,349981
3376,2,9.90961,32,1,0,0,0.310247,0.043177,7.42149,350014
3377,2,9.79313,71,1,0,0,0.309937,0.046848,7.44207,350086
3378,2,-1.063,21,0,1,0,0.309627,0.026813,7.48455,350108
3379,2,9.76651,80,1,0,0,0.309317,0.036568,7.42601,350189
3380,2,9.88253,41,1,0,0,0.309008,0.029177,7.45112,350231
3381,2,-1.18,60,0,1,0,0.308699,0.038886,7.4512,350292
3382,2,-1.051,17,0,1,0,0.30839,0.059138,7.43543,350310
3383,2,9.83261,58,1,0,0,0.308082,0.044799,7.4518,350369
3384,2,9.90988,32,1,0,0,0.307774,0.040712,7.41723,350402
3385,2,9.78383,74,1,0,0,0.307466,0.040631,7.41771,350477
3386,2,9.53751,156,1,0,0,0.307159,0.040041,7.42791,350634
3387,2,9.87454,44,1,0,0,0.306852,0.048926,7.43483,350679
3388,2,9.82579,60,1,0,0,0.306545,0.033169,7.41886,350740
3389,2,9.75927,82,1,0,0,0.306238,0.040741,7.43374,350823
3390,2,9.81167,65,1,0,0,0.305932,0.039331,7.41325,350889
3391,2,9.88568,40,1,0,0,0.305626,0.044415,7.43221,350930
3392,2,9.89212,38,1,0,0,0.30532,0.047308,7.43734,350969
3393,2,9.77764,76,1,0,0,0.305015,0.034613,7.41063,351046
3394,2,-1.069,23,0,1,0,0.30471,0.046901,7.42885,351070
3395,2,-1.102,34,0,1,0,0.304405,0.034634,7.43533,351105
3396,2,9.88967,39,1,0,0,0.304101,0.039969,7.4156,351145
3397,2,9.62167,128,1,0,0,0.303797,0.037003,7.45574,351274
3398,2,9.86904,46,1,0,0,0.303493,0.036492,7.4454,351321
3399,2,9.79263,71,1,0,0,0.303189,0.038999,7.41995,351393
3400,2,9.6612,115,1,0,0,0.302886,0.037847,7.45481,351509
3401,2,-1.132,44,0,1,0,0.302583,0.035182,7.43335,351554
3402,2,9.79032,72,1,0,0,0.302281,0.041013,7.41077,351627
3403,2,9.6854,107,1,0,0,0.301979,0.044678,7.40432,351735
3404,2,9.86603,47,1,0,0,0.301677,0.033479,7.44161,351783
3405,2,-1.225,75,0,1,0,0.301375,0.037343,7.42111,351859
3406,2,9.72641,93,1,0,0,0.301074,0.033994,7.4176,351953
3407,2,9.76567,80,1,0,0,0.300772,0.036489,7.4056,352034
3408,2,-1.051,17,0,1,0,0.300472,0.054424,7.37896,352052
3409,2,-1.243,81,0,1,0,0.300171,0.038256,7.4305,352134
3410,2,9.86242,48,1,0,0,0.299871,0.042924,7.40999,352183
3411,2,9.80506,67,1,0,0,0.299571,0.040088,7.39865,352251
3412,2,9.86847,46,1,0,0,0.299272,0.041631,7.40479,352298
3413,2,-1.06,20,0,1,0,0.298972,0.030328,7.4165,352319
3414,2,-1.348,116,0,1,0,0.298673,0.04301,7.42121,352436
3415,2,9.90366,34,1,0,0,0.298375,0.044795,7.42007,352471
3416,2,9.52278,161,1,0,0,0.298076,0.035257,7.41575,352633
3417,2,9.70272,101,1,0,0,0.297778,0.043002,7.40469,352735
3418,2,9.79317,71,1,0,0,0.29748,0.039245,7.38967,352807
3419,2,9.87087,45,1,0,0,0.297183,0.034911,7.42489,352853
3420,2,9.91244,31,1,0,0,0.296886,0.046255,7.40339,352885
3421,2,9.90968,32,1,0,0,0.296589,0.039346,7.40655,352918
3422,2,-1.156,52,0,1,0,0.296292,0.037271,7.42379,352971
3423,2,9.86844,46,1,0,0,0.295996,0.041217,7.40383,353018
3424,2,9.90689,33,1,0,0,0.2957,0.029163,7.38578,353052
3425,2,9.80229,68,1,0,0,0.295404,0.036286,7.43103,353121
3426,2,-1.102,34,0,1,0,0.295109,0.029023,7.40362,353156
3427,2,-1.087,29,0,1,0,0.294814,0.044744,7.41793,353186
3428,2,-1.132,44,0,1,0,0.294519,0.03508,7.42893,353231
3429,2,9.92205,28,1,0,0,0.294224,0.032108,7.41441,353260
3430,2,9.8677,46,1,0,0,0.29393,0.046841,7.42991,353307
3431,2,-1.153,51,0,1,0,0.293636,0.027827,7.42373,353359
3432,2,9.8081,66,1,0,0,0.293343,0.036553,7.41036,353426
3433,2,-1.405,135,0,1,0,0.293049,0.036407,7.42334,353562
3434,2,-1.165,55,0,1,0,0.292756,0.034175,7.39741,353618
3435,2,9.81063,65,1,0,0,0.292464,0.032498,7.41701,353684
3436,2,9.89195,38,1,0,0,0.292171,0.034315,7.41476,353723
3437,2,-1.216,72,0,1,0,0.291879,0.041412,7.40875,353796
3438,2,-1.087,29,0,1,0,0.291587,0.045446,7.37728,353826
3439,2,9.74498,87,1,0,0,0.291295,0.030747,7.41373,353914
3440,2,-1.165,55,0,1,0,0.291004,0.036123,7.40364,353970
3441,2,9.82636,60,1,0,0,0.290713,0.040175,7.38484,354031
3442,2,9.80526,67,1,0,0,0.290422,0.040595,7.39925,354099
3443,2,-1.177,59,0,1,0,0.290132,0.030343,7.42416,354159
3444,2,-1.174,58,0,1,0,0.289842,0.032085,7.40483,354218
3445,2,9.77751,76,1,0,0,0.289552,0.04092,7.38754,354295
3446,2,-1.189,63,0,1,0,0.289262,0.035163,7.38179,354359
3447,2,9.88524,40,1,0,0,0.288973,0.038411,7.40377,354400
3448,2,9.85315,51,1,0,0,0.288684,0.036508,7.38978,354452
3449,2,9.84425,54,1,0,0,0.288396,0.035342,7.42371,354507
3450,2,9.84353,54,1,0,0,0.288107,0.030525,7.38877,354562
3451,2,9.8739,44,1,0,0,0.287819,0.030993,7.4068,354607
3452,2,9.793,71,1,0,0,0.287531,0.038877,7.41473,354679
3453,2,-1.114,38,0,1,0,0.287244,0.037522,7.40827,354718
3454,2,-1.162,54,0,1,0,0.286956,0.034117,7.41913,354773
3455,2,9.8771,43,1,0,0,0.286669,0.037328,7.39001,354817
3456,2,9.86493,47,1,0,0,0.286383,0.032895,7.3983,354865
3457,2,9.90385,34,1,0,0,0.286096,0.041055,7.40663,354900
3458,2,9.76598,80,1,0,0,0.28581,0.043743,7.40202,354981
3459,2,9.78076,75,1,0,0,0.285525,0.039481,7.38382,355057
3460,2,-1.159,53,0,1,0,0.285239,0.035113,7.36969,355111
3461,2,9.86784,46,1,0,0,0.284954,0.039901,7.34935,355158
3462,2,9.616,130,1,0,0,0.284669,0.033687,7.38793,355289
3463,2,-1.243,81,0,1,0,0.284384,0.038233,7.40009,355371
3464,2,9.79928,69,1,0,0,0.2841,0.035805,7.39493,355441
3465,2,-1.072,24,0,1,0,0.283816,0.043762,7.43557,355466
3466,2,-1.23327,78,0,1,0,0.283532,0.036288,7.39269,355545
3467,2,9.80018,69,1,0,0,0.283248,0.02921,7.38948,355615
3468,2,-1.063,21,0,1,0,0.282965,0.039792,7.34998,355637
3469,2,9.88303,41,1,0,0,0.282682,0.044508,7.39726,355679
3470,2,9.4476,186,1,0,0,0.282399,0.040056,7.39586,355866
3471,2,9.86798,46,1,0,0,0.282117,0.027895,7.34571,355913
3472,2,9.64893,119,1,0,0,0.281835,0.036122,7.38759,356033
3473,2,9.8376,56,1,0,0,0.281553,0.043462,7.37178,356090
3474,2,9.89211,38,1,0,0,0.281272,0.038655,7.35673,356129
3475,2,9.9366,23,1,0,0,0.28099,0.03253,7.3669,356153
3476,2,-1.261,87,0,1,0,0.280709,0.036089,7.40482,356241
3477,2,9.89885,36,1,0,0,0.280429,0.044942,7.36771,356278
3478,2,-1.996,332,0,1,0,0.280148,0.037601,7.37943,356611
3479,2,9.77436,77,1,0,0,0.279868,0.025783,7.39958,356689
3480,2,9.7542,84,1,0,0,0.279588,0.033133,7.3884,356774
3481,2,-1.579,193,0,1,0,0.279308,0.039497,7.37094,356968
3482,2,9.8193,62,1,0,0,0.279029,0.040445,7.38912,357031
3483,2,9.77191,78,1,0,0,0.27875,0.038221,7.38027,357110
3484,2,9.79941,69,1,0,0,0.278471,0.035772,7.35891,357180
3485,2,9.72697,93,1,0,0,0.278193,0.034672,7.39572,357274
3486,2,9.82247,61,1,0,0,0.277915,0.032762,7.36761,357336
3487,2,9.58898,139,1,0,0,0.277637,0.039533,7.37417,357476
3488,2,-1.132,44,0,1,0,0.277359,0.025495,7.38551,357521
3489,2,9.82891,59,1,0,0,0.277082,0.038586,7.36441,357581
3490,2,9.85837,49,1,0,0,0.276805,0.040897,7.37281,357631
3491,2,9.92514,27,1,0,0,0.276528,0.043005,7.36857,357659
3492,2,9.78346,74,1,0,0,0.276251,0.035617,7.36742,357734
3493,2,9.85901,49,1,0,0,0.275975,0.039188,7.41615,357784
3494,2,9.83767,56,1,0,0,0.275699,0.04208,7.39287,357841
3495,2,9.84653,53,1,0,0,0.275423,0.038939,7.3901,357895
3496,2,-1.192,64,0,1,0,0.275148,0.038174,7.40631,357960
3497,2,-1.228,76,0,1,0,0.274873,0.033907,7.37864,358037
3498,2,9.90678,33,1,0,0,0.274598,0.032719,7.37598,358071
3499,2,9.87626,43,1,0,0,0.274323,0.032903,7.39236,358115
3500,2,9.81944,62,1,0,0,0.274049,0.031822,7.3831,358178
3501,2,-1.342,114,0,1,0,0.273775,0.046266,7.37641,358293
3502,2,9.22583,260,1,0,0,0.273501,0.037432,7.37969,358554
3503,2,9.80213,68,1,0,0,0.273228,0.040816,7.37484,358623
3504,2,9.89814,36,1,0,0,0.272955,0.040976,7.40671,358660
3505,2,9.29841,236,1,0,0,0.272682,0.038605,7.36758,358897
3506,2,9.79925,69,1,0,0,0.272409,0.031353,7.37942,358967
3507,2,-1.099,33,0,1,0,0.272137,0.030048,7.38487,359001
3508,2,9.90734,33,1,0,0,0.271864,0.051977,7.35961,359035
3509,2,9.80787,66,1,0,0,0.271593,0.035494,7.37032,359102
3510,2,9.85244,51,1,0,0,0.271321,0.037852,7.35713,359154
3511,2,-1.153,51,0,1,0,0.27105,0.035886,7.37197,359206
3512,2,9.82905,59,1,0,0,0.270779,0.038092,7.34078,359266
3513,2,-1.207,69,0,1,0,0.270508,0.038775,7.36468,359336
3514,2,9.74482,87,1,0,0,0.270237,0.038317,7.34595,359424
3515,2,9.74491,87,1,0,0,0.269967,0.041196,7.35818,359512
3516,2,-1.108,36,0,1,0,0.269697,0.034954,7.36863,359549
3517,2,9.77487,77,1,0,0,0.269427,0.029536,7.33363,359627
3518,2,9.87141,45,1,0,0,0.269158,0.037694,7.36207,359673
3519,2,9.86442,47,1,0,0,0.268889,0.036017,7.37746,359721
3520,2,9.66075,115,1,0,0,0.26862,0.032623,7.35682,359837
3521,2,-1.069,23,0,1,0,0.268351,0.033801,7.35612,359861
3522,2,9.85023,52,1,0,0,0.268083,0.036639,7.3477,359914
3523,2,9.77887,76,1,0,0,0.267815,0.041168,7.35863,359991
3524,2,9.73839,89,1,0,0,0.267547,0.023552,7.35621,360081
3525,2,9.75362,84,1,0,0,0.267279,0.035765,7.32471,360166
3526,2,9.74135,88,1,0,0,0.267012,0.030279,7.32766,360255
3527,2,-1.099,33,0,1,0,0.266745,0.027546,7.32206,360289
3528,2,9.87228,45,1,0,0,0.266478,0.037236,7.3199,360335
3529,2,9.81102,65,1,0,0,0.266212,0.039969,7.35163,360401
3530,2,9.90374,34,1,0,0,0.265946,0.049153,7.33383,360436
3531,2,9.86558,47,1,0,0,0.26568,0.035818,7.34907,360484
3532,2,9.85865,49,1,0,0,0.265414,0.038301,7.35004,360534
3533,2,-1.051,17,0,1,0,0.265149,0.056413,7.28383,360552
3534,2,9.87062,45,1,0,0,0.264884,0.037057,7.32125,360598
3535,2,9.85606,50,1,0,0,0.264619,0.037613,7.33453,360649
3536,2,-1.48,160,0,1,0,0.264354,0.031106,7.3348,360810
3537,2,9.82092,62,1,0,0,0.26409,0.036616,7.34507,360873
3538,2,9.83825,56,1,0,0,0.263826,0.039223,7.31258,360930
3539,2,9.75966,82,1,0,0,0.263562,0.035008,7.31805,361013
3540,2,-1.2,400,0,0,1,0.263298,0.03828,7.31793,361413
3541,2,9.78111,75,1,0,0,0.263035,0.03778,7.33194,361489
3542,2,9.66969,112,1,0,0,0.262772,0.035697,7.31956,361602
3543,2,-1.081,27,0,1,0,0.262509,0.031551,7.28065,361630
3544,2,9.9003,35,1,0,0,0.262247,0.039674,7.29153,361666
3545,2,9.85624,50,1,0,0,0.261984,0.037851,7.29146,361717
3546,2,9.78068,75,1,0,0,0.261722,0.031256,7.32015,361793
3547,2,-1.21,70,0,1,0,0.261461,0.035639,7.29633,361864
3548,2,-1.423,141,0,1,0,0.261199,0.028892,7.31326,362006
3549,2,-1.579,193,0,1,0,0.260938,0.044756,7.308,362200
3550,2,9.82914,59,1,0,0,0.260677,0.04062,7.30601,362260
3551,2,-1.066,22,0,1,0,0.260416,0.049508,7.2652,362283
3552,2,9.88033,42,1,0,0,0.260156,0.038191,7.30468,362326
3553,2,9.75663,83,1,0,0,0.259896,0.034657,7.30895,362410
3554,2,9.90075,35,1,0,0,0.259636,0.034714,7.28608,362446
3555,2,9.92488,27,1,0,0,0.259376,0.025581,7.3089,362474
3556,2,-1.186,62,0,1,0,0.259117,0.033114,7.2623,362537
3557,2,-1.2,400,0,0,1,0.258858,0.036309,7.2935,362937
3558,2,9.9011,35,1,0,0,0.258599,0.038077,7.29374,362973
3559,2,8.98033,342,1,0,0,0.25834,0.037168,7.28418,363316
3560,2,-1.21,70,0,1,0,0.258082,0.030429,7.29121,363387
3561,2,-1.09,30,0,1,0,0.257824,0.032752,7.26321,363418
3562,2,9.91296,31,1,0,0,0.257566,0.044058,7.27785,363450
3563,2,-1.078,26,0,1,0,0.257309,0.037172,7.32906,363477
3564,2,9.34598,220,1,0,0,0.257051,0.030188,7.29016,363698
3565,2,9.38183,208,1,0,0,0.256794,0.041572,7.28935,363907
3566,2,9.76596,80,1,0,0,0.256537,0.035356,7.26833,363988
3567,2,-1.21,70,0,1,0,0.256281,0.0338,7.29295,364059
3568,2,9.83526,57,1,0,0,0.256025,0.042644,7.27338,364117
3569,2,9.85863,49,1,0,0,0.255769,0.038834,7.28485,364167
3570,2,9.88883,39,1,0,0,0.255513,0.037457,7.25071,364207
3571,2,-1.168,56,0,1,0,0.255257,0.031376,7.28574,364264
3572,2,9.90703,33,1,0,0,0.255002,0.034644,7.2873,364298
3573,2,-2.041,347,0,1,0,0.254747,0.03424,7.28716,364646
3574,2,9.90082,35,1,0,0,0.254492,0.033027,7.32009,364682
3575,2,9.87699,43,1,0,0,0.254238,0.034777,7.30899,364726
3576,2,-1.018,6,0,1,0,0.253984,0.048753,7.32258,364733
3577,2,8.82359,394,1,0,0,0.25373,0.036358,7.28562,365128
3578,2,9.85964,49,1,0,0,0.253476,0.042858,7.28948,365178
3579,2,9.62501,127,1,0,0,0.253222,0.035316,7.29946,365306
3580,2,9.87146,45,1,0,0,0.252969,0.037151,7.28572,365352
3581,2,9.87424,44,1,0,0,0.252716,0.026196,7.27761,365397
3582,2,9.86187,48,1,0,0,0.252463,0.032934,7.29051,365446
3583,2,-1.072,24,0,1,0,0.252211,0.042647,7.35476,365471
3584,2,9.87118,45,1,0,0,0.251959,0.021396,7.2968,365517
3585,2,9.89543,37,1,0,0,0.251707,0.026046,7.31121,365555
3586,2,9.80517,67,1,0,0,0.251455,0.037006,7.31944,365623
3587,2,9.84384,54,1,0,0,0.251204,0.033656,7.30372,365678
3588,2,9.92515,27,1,0,0,0.250952,0.039096,7.30639,365706
3589,2,9.70017,102,1,0,0,0.250701,0.034461,7.29411,365809
3590,2,9.92728,26,1,0,0,0.250451,0.037843,7.31825,365836
3591,2,-1.2,400,0,0,1,0.2502,0.03773,7.29723,366236
3592,2,9.76853,79,1,0,0,0.24995,0.04939,7.29069,366316
3593,2,-1.195,65,0,1,0,0.2497,0.036074,7.28622,366382
3594,2,9.85564,50,1,0,0,0.24945,0.036323,7.30202,366433
3595,2,9.66951,112,1,0,0,0.249201,0.030437,7.28787,366546
3596,2,9.76543,80,1,0,0,0.248952,0.036398,7.29071,366627
3597,2,-1.06,20,0,1,0,0.248703,0.015588,7.28426,366648
3598,2,9.84387,54,1,0,0,0.248454,0.039428,7.29915,366703
3599,2,9.91605,30,1,0,0,0.248206,0.03073,7.30974,366734
3600,2,-1.075,25,0,1,0,0.247958,0.045538,7.30642,366760
3601,2,9.72988,92,1,0,0,0.24771,0.041658,7.29915,366853
3602,2,9.8468,53,1,0,0,0.247462,0.032682,7.31012,366907
3603,2,-1.228,76,0,1,0,0.247214,0.044712,7.29143,366984
3604,2,-1.201,67,0,1,0,0.246967,0.043785,7.27092,367052
3605,2,-1.2,400,0,0,1,0.24672,0.04025,7.3046,367452
3606,2,9.81984,62,1,0,0,0.246473,0.041183,7.31599,367515
3607,2,9.89145,38,1,0,0,0.246227,0.035726,7.30923,367554
3608,2,-1.789,263,0,1,0,0.245981,0.032442,7.30926,367818
3609,2,9.86629,47,1,0,0,0.245735,0.031532,7.32009,367866
3610,2,9.90926,32,1,0,0,0.245489,0.039293,7.29612,367899
3611,2,9.7865,73,1,0,0,0.245244,0.028482,7.27998,367973
3612,2,9.69098,105,1,0,0,0.244998,0.036975,7.32544,368079
3613,2,-1.267,89,0,1,0,0.244753,0.039344,7.31349,368169
3614,2,9.81106,65,1,0,0,0.244509,0.037309,7.32225,368235
3615,2,9.76906,79,1,0,0,0.244264,0.038617,7.26782,368315
3616,2,9.9043,34,1,0,0,0.24402,0.032729,7.29148,368350
3617,2,-1.189,63,0,1,0,0.243776,0.037295,7.29608,368414
3618,2,-1.144,48,0,1,0,0.243532,0.032865,7.27615,368463
3619,2,9.86339,48,1,0,0,0.243288,0.045349,7.2764,368512
3620,2,9.76256,81,1,0,0,0.243045,0.04397,7.29896,368594
3621,2,9.85573,50,1,0,0,0.242802,0.034319,7.31092,368645
3622,2,-1.075,25,0,1,0,0.242559,0.034528,7.28896,368671
3623,2,9.87078,45,1,0,0,0.242317,0.054064,7.29477,368717
3624,2,-1.48,160,0,1,0,0.242074,0.038992,7.29972,368878
3625,2,9.90443,34,1,0,0,0.241832,0.039469,7.29051,368913
3626,2,9.90092,35,1,0,0,0.241591,0.037242,7.30415,368949
3627,2,9.7297,92,1,0,0,0.241349,0.028829,7.29141,369042
3628,2,9.79623,70,1,0,0,0.241108,0.036413,7.29181,369113
3629,2,9.91863,29,1,0,0,0.240867,0.0349,7.27153,369143
3630,2,9.81056,65,1,0,0,0.240626,0.043897,7.28565,369209
3631,2,9.83767,56,1,0,0,0.240385,0.040013,7.27014,369266
3632,2,9.91897,29,1,0,0,0.240145,0.046533,7.23716,369296
3633,2,9.8435,54,1,0,0,0.239904,0.040514,7.30889,369351
3634,2,9.73012,92,1,0,0,0.239665,0.035979,7.25781,369444
3635,2,9.91633,30,1,0,0,0.239425,0.043791,7.30503,369475
3636,2,9.87087,45,1,0,0,0.239185,0.035373,7.30742,369521
3637,2,9.68172,108,1,0,0,0.238946,0.039774,7.29473,369630
3638,2,-1.654,218,0,1,0,0.238707,0.03674,7.27096,369849
3639,2,-1.459,153,0,1,0,0.238469,0.039171,7.25382,370003
3640,2,9.88894,39,1,0,0,0.23823,0.027084,7.27534,370043
3641,2,9.88585,40,1,0,0,0.237992,0.037946,7.27074,370084
3642,2,9.79869,69,1,0,0,0.237754,0.035277,7.28668,370154
3643,2,-1.12,40,0,1,0,0.237516,0.044413,7.24801,370195
3644,2,9.886,40,1,0,0,0.237279,0.033334,7.29711,370236
3645,2,9.78699,73,1,0,0,0.237041,0.034534,7.27623,370310
3646,2,9.9097,32,1,0,0,0.236804,0.034156,7.26633,370343
3647,2,-1.063,21,0,1,0,0.236568,0.03626,7.25303,370365
3648,2,9.93027,25,1,0,0,0.236331,0.023962,7.32215,370391
3649,2,9.89478,37,1,0,0,0.236095,0.029713,7.29155,370429
3650,2,9.81088,65,1,0,0,0.235859,0.036189,7.24565,370495
3651,2,9.79246,71,1,0,0,0.235623,0.029724,7.2619,370567
3652,2,9.87443,44,1,0,0,0.235387,0.038633,7.26342,370612
3653,2,9.82061,62,1,0,0,0.235152,0.037073,7.26272,370675
3654,2,9.86474,47,1,0,0,0.234917,0.038058,7.24221,370723
3655,2,9.90701,33,1,0,0,0.234682,0.035089,7.2141,370757
3656,2,9.92776,26,1,0,0,0.234447,0.025581,7.29943,370784
3657,2,9.76591,80,1,0,0,0.234213,0.028697,7.2727,370865
3658,2,9.77807,76,1,0,0,0.233978,0.034363,7.26726,370942
3659,2,9.81696,63,1,0,0,0.233744,0.033458,7.254,371006
3660,2,9.85604,50,1,0,0,0.233511,0.034336,7.25894,371057
3661,2,9.89788,36,1,0,0,0.233277,0.039074,7.24465,371094
3662,2,9.74525,87,1,0,0,0.233044,0.033735,7.25077,371182
3663,2,9.76845,79,1,0,0,0.232811,0.039563,7.26552,371262
3664,2,9.91963,29,1,0,0,0.232578,0.037646,7.27456,371292
3665,2,9.89747,36,1,0,0,0.232345,0.027576,7.2278,371329
3666,2,-1.156,52,0,1,0,0.232113,0.03715,7.28341,371382
3667,2,9.89202,38,1,0,0,0.231881,0.038234,7.29386,371421
3668,2,9.76006,82,1,0,0,0.231649,0.039584,7.27322,371504
3669,2,9.88858,39,1,0,0,0.231417,0.033522,7.2765,371544
3670,2,9.86459,47,1,0,0,0.231186,0.032056,7.26164,371592
3671,2,9.87641,43,1,0,0,0.230955,0.040639,7.26732,371636
3672,2,9.58855,139,1,0,0,0.230724,0.035048,7.27191,371776
3673,2,9.88587,40,1,0,0,0.230493,0.033086,7.26522,371817
3674,2,9.79617,70,1,0,0,0.230263,0.032421,7.25679,371888
3675,2,-1.063,21,0,1,0,0.230032,0.036392,7.26711,371910
3676,2,-1.102,34,0,1,0,0.229802,0.02867,7.2685,371945
3677,2,9.6937,104,1,0,0,0.229572,0.035283,7.27111,372050
3678,2,9.80746,66,1,0,0,0.229343,0.036063,7.26506,372117
3679,2,9.90968,32,1,0,0,0.229114,0.037472,7.24881,372150
3680,2,-1.081,27,0,1,0,0.228884,0.026601,7.28326,372178
3681,2,-1.141,47,0,1,0,0.228656,0.034753,7.27333,372226
3682,2,9.78076,75,1,0,0,0.228427,0.029064,7.27547,372302
3683,2,-1.102,34,0,1,0,0.228198,0.03648,7.28864,372337
3684,2,9.68827,106,1,0,0,0.22797,0.042539,7.26467,372444
3685,2,9.79261,71,1,0,0,0.227742,0.030444,7.26634,372516
3686,2,9.91287,31,1,0,0,0.227515,0.036262,7.27337,372548
3687,2,9.84126,55,1,0,0,0.227287,0.036613,7.28562,372604
3688,2,9.93104,25,1,0,0,0.22706,0.028131,7.26736,372630
3689,2,9.87707,43,1,0,0,0.226833,0.03303,7.29378,372674
3690,2,-1.048,16,0,1,0,0.226606,0.031198,7.27842,372691
3691,2,9.88871,39,1,0,0,0.226379,0.039876,7.2593,372731
3692,2,9.84715,53,1,0,0,0.226153,0.025138,7.25141,372785
3693,2,9.85856,49,1,0,0,0.225927,0.032268,7.26681,372835
3694,2,9.79101,72,1,0,0,0.225701,0.032588,7.28073,372908
3695,2,9.92504,27,1,0,0,0.225475,0.049089,7.24865,372936
3696,2,9.92189,28,1,0,0,0.22525,0.030467,7.26057,372965
3697,2,9.85313,51,1,0,0,0.225024,0.035985,7.25585,373017
3698,2,9.9101,32,1,0,0,0.224799,0.027501,7.29708,373050
3699,2,-1.06,20,0,1,0,0.224575,0.045134,7.28575,373071
3700,2,9.8646,47,1,0,0,0.22435,0.036508,7.30608,373119
3701,2,-1.2,400,0,0,1,0.224126,0.034308,7.27397,373519
3702,2,-1.102,34,0,1,0,0.223902,0.032232,7.28691,373554
3703,2,9.7694,79,1,0,0,0.223678,0.031729,7.27853,373634
3704,2,9.89463,37,1,0,0,0.223454,0.022418,7.28377,373672
3705,2,9.91885,29,1,0,0,0.22323,0.038271,7.34322,373702
3706,2,9.83484,57,1,0,0,0.223007,0.031603,7.27741,373760
3707,2,9.92491,27,1,0,0,0.222784,0.037798,7.2945,373788
3708,2,9.90052,35,1,0,0,0.222561,0.042287,7.30669,373824
3709,2,9.7329,91,1,0,0,0.222339,0.029639,7.31042,373916
3710,2,-1.183,61,0,1,0,0.222117,0.031067,7.31791,373978
3711,2,9.91569,30,1,0,0,0.221894,0.039858,7.26026,374009
3712,2,9.9075,33,1,0,0,0.221673,0.032706,7.31579,374043
3713,2,-1.048,16,0,1,0,0.221451,0.033948,7.32507,374060
3714,2,9.82524,60,1,0,0,0.221229,0.036339,7.3176,374121
3715,2,9.91258,31,1,0,0,0.221008,0.035463,7.2869,374153
3716,2,-1.321,107,0,1,0,0.220787,0.035771,7.27326,374261
3717,2,-1.054,18,0,1,0,0.220566,0.024707,7.27594,374280
3718,2,-1.105,35,0,1,0,0.220346,0.038615,7.31411,374316
3719,2,9.79568,70,1,0,0,0.220125,0.032127,7.27568,374387
3720,2,9.64919,119,1,0,0,0.219905,0.033056,7.30124,374507
3721,2,9.90665,33,1,0,0,0.219685,0.028848,7.27919,374541
3722,2,9.85626,50,1,0,0,0.219466,0.032899,7.31153,374592
3723,2,9.76,82,1,0,0,0.219246,0.034529,7.30292,374675
3724,2,9.9282,26,1,0,0,0.219027,0.027335,7.3435,374702
3725,2,9.90971,32,1,0,0,0.218808,0.035318,7.32714,374735
3726,2,9.78375,74,1,0,0,0.218589,0.033641,7.31286,374810
3727,2,9.89772,36,1,0,0,0.218371,0.031794,7.30572,374847
3728,2,9.86516,47,1,0,0,0.218152,0.035802,7.30198,374895
3729,2,9.87143,45,1,0,0,0.217934,0.030081,7.32941,374941
3730,2,9.85591,50,1,0,0,0.217716,0.047422,7.31641,374992
3731,2,9.66075,115,1,0,0,0.217498,0.032508,7.34679,375108
3732,2,9.89448,37,1,0,0,0.217281,0.029969,7.30412,375146
3733,2,9.9339,24,1,0,0,0.217064,0.031416,7.35647,375171
3734,2,9.84367,54,1,0,0,0.216847,0.022464,7.33241,375226
3735,2,9.84671,53,1,0,0,0.21663,0.040357,7.32031,375280
3736,2,9.80214,68,1,0,0,0.216413,0.028092,7.32905,375349
3737,2,-1.282,94,0,1,0,0.216197,0.029024,7.33147,375444
3738,2,9.87691,43,1,0,0,0.215981,0.034442,7.29791,375488
3739,2,9.92767,26,1,0,0,0.215765,0.026772,7.32146,375515
3740,2,9.91277,31,1,0,0,0.215549,0.031558,7.34996,375547
3741,2,9.51679,163,1,0,0,0.215333,0.031669,7.32796,375711
3742,2,9.92802,26,1,0,0,0.215118,0.025177,7.32368,375738
3743,2,9.82032,62,1,0,0,0.214903,0.032862,7.33379,375801
3744,2,-1.192,64,0,1,0,0.214688,0.030888,7.33458,375866
3745,2,9.75185,85,1,0,0,0.214473,0.032846,7.32779,375952
3746,2,-1.039,13,0,1,0,0.214259,0.036922,7.32616,375966
3747,2,-1.141,47,0,1,0,0.214044,0.030386,7.33804,376014
3748,2,-1.12,40,0,1,0,0.21383,0.035851,7.30239,376055
3749,2,9.79883,69,1,0,0,0.213617,0.03528,7.31514,376125
3750,2,-1.099,33,0,1,0,0.213403,0.024065,7.32349,376159
3751,2,9.87979,42,1,0,0,0.21319,0.029912,7.3226,376202
3752,2,9.90355,34,1,0,0,0.212976,0.040566,7.34161,376237
3753,2,-2.161,387,0,1,0,0.212763,0.034666,7.3186,376625
3754,2,9.90404,34,1,0,0,0.212551,0.028648,7.30877,376660
3755,2,9.80814,66,1,0,0,0.212338,0.03905,7.33334,376727
3756,2,9.79915,69,1,0,0,0.212126,0.036835,7.30243,376797
3757,2,-1.063,21,0,1,0,0.211914,0.025453,7.27853,376819
3758,2,9.8079,66,1,0,0,0.211702,0.03693,7.30158,376886
3759,2,9.74195,88,1,0,0,0.21149,0.030829,7.33279,376975
3760,2,9.90121,35,1,0,0,0.211279,0.024186,7.31343,377011
3761,2,9.60415,134,1,0,0,0.211067,0.035922,7.30471,377146
3762,2,9.84382,54,1,0,0,0.210856,0.035492,7.30143,377201
3763,2,9.91855,29,1,0,0,0.210645,0.038531,7.34383,377231
3764,2,-1.123,41,0,1,0,0.210435,0.026403,7.31506,377273
3765,2,9.82904,59,1,0,0,0.210224,0.026077,7.3481,377333
3766,2,9.94303,21,1,0,0,0.210014,0.060699,7.27415,377355
3767,2,9.898,36,1,0,0,0.209804,0.030259,7.31316,377392
3768,2,9.90979,32,1,0,0,0.209594,0.029695,7.32264,377425
3769,2,9.93063,25,1,0,0,0.209385,0.023963,7.30754,377451
3770,2,9.80449,67,1,0,0,0.209175,0.037633,7.34025,377519
3771,2,9.81391,64,1,0,0,0.208966,0.030542,7.3327,377584
3772,2,9.90409,34,1,0,0,0.208757,0.030904,7.32614,377619
3773,2,9.86534,47,1,0,0,0.208548,0.031359,7.31398,377667
3774,2,-1.069,23,0,1,0,0.20834,0.026452,7.36584,377691
3775,2,9.8196,62,1,0,0,0.208131,0.026158,7.3458,377754
3776,2,9.85884,49,1,0,0,0.207923,0.028539,7.36506,377804
3777,2,9.78426,74,1,0,0,0.207715,0.029657,7.33984,377879
3778,2,9.83149,58,1,0,0,0.207508,0.033531,7.34537,377938
3779,2,9.87996,42,1,0,0,0.2073,0.032942,7.36679,377981
3780,2,9.63678,123,1,0,0,0.207093,0.026777,7.34336,378105
3781,2,9.75701,83,1,0,0,0.206886,0.031303,7.33456,378189
3782,2,9.84725,53,1,0,0,0.206679,0.02656,7.33251,378243
3783,2,9.83245,58,1,0,0,0.206472,0.028264,7.35079,378302
3784,2,9.85856,49,1,0,0,0.206266,0.033221,7.3294,378352
3785,2,9.76891,79,1,0,0,0.206059,0.033712,7.34145,378432
3786,2,9.85262,51,1,0,0,0.205853,0.037409,7.33646,378484
3787,2,9.75363,84,1,0,0,0.205648,0.033219,7.33827,378569
3788,2,9.58355,141,1,0,0,0.205442,0.028046,7.34387,378711
3789,2,9.80792,66,1,0,0,0.205236,0.028182,7.34988,378778
3790,2,9.77127,78,1,0,0,0.205031,0.032932,7.36443,378857
3791,2,9.92496,27,1,0,0,0.204826,0.039334,7.35062,378885
3792,2,9.27993,242,1,0,0,0.204621,0.035069,7.34673,379128
3793,2,9.8648,47,1,0,0,0.204417,0.028181,7.36527,379176
3794,2,9.83793,56,1,0,0,0.204212,0.031957,7.36273,379233
3795,2,9.86202,48,1,0,0,0.204008,0.030797,7.35521,379282
3796,2,9.778,76,1,0,0,0.203804,0.039705,7.3367,379359
3797,2,9.82528,60,1,0,0,0.2036,0.032273,7.35319,379420
3798,2,9.91555,30,1,0,0,0.203397,0.033477,7.39506,379451
3799,2,9.91888,29,1,0,0,0.203193,0.035603,7.34554,379481
3800,2,9.8381,56,1,0,0,0.20299,0.035168,7.34722,379538
3801,2,9.73886,89,1,0,0,0.202787,0.030976,7.35918,379628
3802,2,9.56198,148,1,0,0,0.202584,0.032858,7.36813,379777
3803,2,9.931,25,1,0,0,0.202382,0.023966,7.3377,379803
3804,2,-1.063,21,0,1,0,0.202179,0.0333,7.37832,379825
3805,2,9.90365,34,1,0,0,0.201977,0.034156,7.3382,379860
3806,2,9.88282,41,1,0,0,0.201775,0.036276,7.33998,379902
3807,2,9.88893,39,1,0,0,0.201573,0.030067,7.38289,379942
3808,2,9.79605,70,1,0,0,0.201372,0.019816,7.38448,380013
3809,2,9.79862,69,1,0,0,0.20117,0.028762,7.41263,380083
3810,2,9.88575,40,1,0,0,0.200969,0.045493,7.35825,380124
3811,2,9.93683,23,1,0,0,0.200768,0.046172,7.38274,380148
3812,2,9.62191,128,1,0,0,0.200568,0.035551,7.38496,380277
3813,2,9.77003,79,1,0,0,0.200367,0.034991,7.39162,380357
3814,2,-1.15,50,0,1,0,0.200167,0.030612,7.36308,380408
3815,2,9.82913,59,1,0,0,0.199966,0.024705,7.38055,380468
3816,2,-1.168,56,0,1,0,0.199767,0.024424,7.35903,380525
3817,2,9.92505,27,1,0,0,0.199567,0.025814,7.37387,380553
3818,2,9.78323,74,1,0,0,0.199367,0.035666,7.38254,380628
3819,2,-1.03,10,0,1,0,0.199168,0.024229,7.39867,380639
3820,2,9.84095,55,1,0,0,0.198969,0.026336,7.4111,380695
3821,2,-1.144,48,0,1,0,0.19877,0.023323,7.41273,380744
3822,2,9.7866,73,1,0,0,0.198571,0.027785,7.39451,380818
3823,2,9.7368,90,1,0,0,0.198372,0.026729,7.3806,380909
3824,2,9.83473,57,1,0,0,0.198174,0.028306,7.39283,380967
3825,2,9.83487,57,1,0,0,0.197976,0.031488,7.39616,381025
3826,2,9.76569,80,1,0,0,0.197778,0.031046,7.40259,381106
3827,2,9.8618,48,1,0,0,0.19758,0.030076,7.37775,381155
3828,2,9.87467,44,1,0,0,0.197382,0.029101,7.35846,381200
3829,2,9.85611,50,1,0,0,0.197185,0.029817,7.3778,381251
3830,2,-1.024,8,0,1,0,0.196988,0.060363,7.42334,381260
3831,2,-1.12,40,0,1,0,0.196791,0.03724,7.37331,381301
3832,2,9.74765,86,1,0,0,0.196594,0.028464,7.37248,381388
3833,2,9.84389,54,1,0,0,0.196398,0.020162,7.38631,381443
3834,2,9.82585,60,1,0,0,0.196201,0.037982,7.38981,381504
3835,2,9.28624,240,1,0,0,0.196005,0.029706,7.38699,381745
3836,2,9.92508,27,1,0,0,0.195809,0.044011,7.3759,381773
3837,2,9.91016,32,1,0,0,0.195613,0.029591,7.37332,381806
3838,2,-1.072,24,0,1,0,0.195417,0.030359,7.39423,381831
3839,2,9.74516,87,1,0,0,0.195222,0.029362,7.3894,381919
3840,2,9.91857,29,1,0,0,0.195027,0.026692,7.36313,381949
3841,2,-1.678,226,0,1,0,0.194832,0.030392,7.38428,382176
3842,2,-1.177,59,0,1,0,0.194637,0.034559,7.39306,382236
3843,2,9.86844,46,1,0,0,0.194442,0.027082,7.3839,382283
3844,2,9.93195,25,1,0,0,0.194248,0.032936,7.37011,382309
3845,2,-1.042,14,0,1,0,0.194054,0.053059,7.37892,382324
3846,2,9.92135,28,1,0,0,0.19386,0.018744,7.37206,382353
3847,2,9.85249,51,1,0,0,0.193666,0.032455,7.4106,382405
3848,2,9.82018,62,1,0,0,0.193472,0.028601,7.39887,382468
3849,2,9.75958,82,1,0,0,0.193279,0.027605,7.4083,382551
3850,2,9.81981,62,1,0,0,0.193085,0.027691,7.37951,382614
3851,2,9.92496,27,1,0,0,0.192892,0.03487,7.37426,382642
3852,2,9.90327,34,1,0,0,0.192699,0.030119,7.42682,382677
3853,2,9.84418,54,1,0,0,0.192507,0.024087,7.3796,382732
3854,2,9.85329,51,1,0,0,0.192314,0.037836,7.38378,382784
3855,2,9.89263,38,1,0,0,0.192122,0.023365,7.37431,382823
3856,2,-1.102,34,0,1,0,0.19193,0.044058,7.41102,382858
3857,2,9.92523,27,1,0,0,0.191738,0.050121,7.42939,382886
3858,2,9.54125,155,1,0,0,0.191546,0.031498,7.40388,383042
3859,2,9.79651,70,1,0,0,0.191355,0.029428,7.38775,383113
3860,2,9.93726,23,1,0,0,0.191163,0.043618,7.3532,383137
3861,2,9.92817,26,1,0,0,0.190972,0.030547,7.40329,383164
3862,2,9.82628,60,1,0,0,0.190781,0.024926,7.38609,383225
3863,2,-1.072,24,0,1,0,0.19059,0.054612,7.39828,383250
3864,2,9.88872,39,1,0,0,0.1904,0.034539,7.42637,383290
3865,2,9.86261,48,1,0,0,0.190209,0.028904,7.41107,383339
3866,2,9.81965,62,1,0,0,0.190019,0.03216,7.36102,383402
3867,2,9.79301,71,1,0,0,0.189829,0.029271,7.39902,383474
3868,2,9.90686,33,1,0,0,0.189639,0.022374,7.43505,383508
3869,2,9.91627,30,1,0,0,0.18945,0.027349,7.40133,383539
3870,2,-1.246,82,0,1,0,0.18926,0.02949,7.42792,383622
3871,2,9.8856,40,1,0,0,0.189071,0.030606,7.41283,383663
3872,2,9.87044,45,1,0,0,0.188882,0.027119,7.39987,383709
3873,2,9.92158,28,1,0,0,0.188693,0.041468,7.39714,383738
3874,2,9.90358,34,1,0,0,0.188504,0.028314,7.42115,383773
3875,2,9.80783,66,1,0,0,0.188316,0.030054,7.41666,383840
3876,2,-1.036,12,0,1,0,0.188127,0.025871,7.42723,383853
3877,2,9.78387,74,1,0,0,0.187939,0.036488,7.39474,383928
3878,2,9.88869,39,1,0,0,0.187751,0.033367,7.39888,383968
3879,2,9.85912,49,1,0,0,0.187564,0.026054,7.42881,384018
3880,2,-1.387,129,0,1,0,0.187376,0.03384,7.39933,384148
3881,2,9.81726,63,1,0,0,0.187189,0.034854,7.37836,384212
3882,2,9.89285,38,1,0,0,0.187001,0.047814,7.41008,384251
3883,2,9.75172,85,1,0,0,0.186814,0.033196,7.40207,384337
3884,2,9.8235,61,1,0,0,0.186628,0.029505,7.38709,384399
3885,2,9.82329,61,1,0,0,0.186441,0.031035,7.40307,384461
3886,2,9.84712,53,1,0,0,0.186255,0.039748,7.38315,384515
3887,2,9.83142,58,1,0,0,0.186068,0.024763,7.42257,384574
3888,2,-1.183,61,0,1,0,0.185882,0.028783,7.38948,384636
3889,2,9.86167,48,1,0,0,0.185696,0.031579,7.38462,384685
3890,2,-1.33,110,0,1,0,0.185511,0.029079,7.43185,384796
3891,2,-1.147,49,0,1,0,0.185325,0.029102,7.40894,384846
3892,2,-1.45,150,0,1,0,0.18514,0.033342,7.39528,384997
3893,2,9.86536,47,1,0,0,0.184955,0.029817,7.39637,385045
3894,2,9.85278,51,1,0,0,0.18477,0.041027,7.44314,385097
3895,2,9.87958,42,1,0,0,0.184585,0.031607,7.42386,385140
3896,2,-1.105,35,0,1,0,0.1844,0.039284,7.41498,385176
3897,2,9.91874,29,1,0,0,0.184216,0.040519,7.39919,385206
3898,2,9.87072,45,1,0,0,0.184032,0.043523,7.41013,385252
3899,2,9.9007,35,1,0,0,0.183848,0.029381,7.42816,385288
3900,2,9.90977,32,1,0,0,0.183664,0.030289,7.40685,385321
3901,2,9.8862,40,1,0,0,0.18348,0.041764,7.45945,385362
3902,2,9.82591,60,1,0,0,0.183297,0.029601,7.42334,385423
3903,2,9.81997,62,1,0,0,0.183113,0.038017,7.4349,385486
3904,2,9.81699,63,1,0,0,0.18293,0.029592,7.45123,385550
3905,2,9.79298,71,1,0,0,0.182747,0.029543,7.42864,385622
3906,2,9.82002,62,1,0,0,0.182565,0.026639,7.43627,385685
3907,2,9.89807,36,1,0,0,0.182382,0.026723,7.4252,385722
3908,2,9.8141,64,1,0,0,0.1822,0.029474,7.43663,385787
3909,2,9.84953,52,1,0,0,0.182017,0.033895,7.42407,385840
3910,2,9.83781,56,1,0,0,0.181835,0.027379,7.41855,385897
3911,2,-1.153,51,0,1,0,0.181654,0.021036,7.43088,385949
3912,2,9.90421,34,1,0,0,0.181472,0.026181,7.40783,385984
3913,2,-1.159,53,0,1,0,0.181291,0.021546,7.44716,386038
3914,2,9.77795,76,1,0,0,0.181109,0.038947,7.43867,386115
3915,2,9.82899,59,1,0,0,0.180928,0.026531,7.41848,386175
3916,2,9.86163,48,1,0,0,0.180747,0.034126,7.44498,386224
3917,2,9.7814,75,1,0,0,0.180566,0.030239,7.42603,386300
3918,2,9.83544,57,1,0,0,0.180386,0.03316,7.41073,386358
3919,2,9.91035,32,1,0,0,0.180205,0.025119,7.45282,386391
3920,2,9.89579,37,1,0,0,0.180025,0.036418,7.48306,386429
3921,2,-1.984,328,0,1,0,0.179845,0.034095,7.43578,386758
3922,2,9.79306,71,1,0,0,0.179665,0.031538,7.43062,386830
3923,2,9.76866,79,1,0,0,0.179486,0.033633,7.43448,386910
3924,2,9.78695,73,1,0,0,0.179306,0.029677,7.42601,386984
3925,2,9.79933,69,1,0,0,0.179127,0.019141,7.4359,387054
3926,2,9.8822,41,1,0,0,0.178948,0.034519,7.43925,387096
3927,2,9.71774,96,1,0,0,0.178769,0.032293,7.44745,387193
3928,2,9.70022,102,1,0,0,0.17859,0.030813,7.45405,387296
3929,2,9.89458,37,1,0,0,0.178412,0.028447,7.43178,387334
3930,2,9.91571,30,1,0,0,0.178233,0.02754,7.47221,387365
3931,2,9.86498,47,1,0,0,0.178055,0.024971,7.43539,387413
3932,2,9.77143,78,1,0,0,0.177877,0.04252,7.45383,387492
3933,2,9.86526,47,1,0,0,0.177699,0.028876,7.48596,387540
3934,2,9.85921,49,1,0,0,0.177521,0.039016,7.45151,387590
3935,2,-1.72,240,0,1,0,0.177344,0.02863,7.44792,387831
3936,2,9.87058,45,1,0,0,0.177166,0.035296,7.42441,387877
3937,2,-1.189,63,0,1,0,0.176989,0.033902,7.42315,387941
3938,2,9.9165,30,1,0,0,0.176812,0.036182,7.38899,387972
3939,2,9.82904,59,1,0,0,0.176635,0.032112,7.42213,388032
3940,2,9.78389,74,1,0,0,0.176459,0.026114,7.44662,388107
3941,2,9.7296,92,1,0,0,0.176282,0.030047,7.44379,388200
3942,2,9.87407,44,1,0,0,0.176106,0.028404,7.46292,388245
3943,2,9.90356,34,1,0,0,0.17593,0.029119,7.46356,388280
3944,2,9.7716,78,1,0,0,0.175754,0.031148,7.44822,388359
3945,2,9.92789,26,1,0,0,0.175578,0.020254,7.43171,388386
3946,2,9.92838,26,1,0,0,0.175403,0.025345,7.48758,388413
3947,2,9.87988,42,1,0,0,0.175227,0.028587,7.43336,388456
3948,2,9.89807,36,1,0,0,0.175052,0.027005,7.39645,388493
3949,2,9.92468,27,1,0,0,0.174877,0.028653,7.45804,388521
3950,2,9.91259,31,1,0,0,0.174702,0.025497,7.45185,388553
3951,2,9.9278,26,1,0,0,0.174527,0.022624,7.43622,388580
3952,2,9.82898,59,1,0,0,0.174353,0.025217,7.46548,388640
3953,2,9.86809,46,1,0,0,0.174179,0.031156,7.43803,388687
3954,2,9.68752,106,1,0,0,0.174004,0.022564,7.42795,388794
3955,2,9.85598,50,1,0,0,0.17383,0.0239,7.44786,388845
3956,2,9.81656,63,1,0,0,0.173657,0.026462,7.434,388909
3957,2,9.7386,89,1,0,0,0.173483,0.023898,7.47283,388999
3958,2,-1.042,14,0,1,0,0.173309,0.035137,7.44147,389014
3959,2,9.74799,86,1,0,0,0.173136,0.025903,7.45107,389101
3960,2,9.87124,45,1,0,0,0.172963,0.030705,7.4279,389147
3961,2,9.85285,51,1,0,0,0.17279,0.029274,7.44678,389199
3962,2,9.73597,90,1,0,0,0.172617,0.031518,7.45493,389290
3963,2,9.91897,29,1,0,0,0.172445,0.023712,7.43111,389320
3964,2,-1.2,400,0,0,1,0.172272,0.028886,7.46004,389720
3965,2,9.8411,55,1,0,0,0.1721,0.030606,7.47504,389776
3966,2,9.78966,72,1,0,0,0.171928,0.027666,7.44504,389849
3967,2,9.94592,20,1,0,0,0.171756,0.015624,7.41707,389870
3968,2,9.90688,33,1,0,0,0.171584,0.031274,7.43527,389904
3969,2,-1.225,75,0,1,0,0.171412,0.026723,7.42937,389980
3970,2,9.84402,54,1,0,0,0.171241,0.030515,7.42595,390035
3971,2,9.86805,46,1,0,0,0.17107,0.031203,7.43705,390082
3972,2,9.80212,68,1,0,0,0.170899,0.030845,7.45228,390151
3973,2,9.91609,30,1,0,0,0.170728,0.022596,7.41568,390182
3974,2,9.71443,97,1,0,0,0.170557,0.027894,7.43883,390280
3975,2,-1.111,37,0,1,0,0.170387,0.02973,7.46132,390318
3976,2,9.83492,57,1,0,0,0.170216,0.02184,7.42869,390376
3977,2,9.9004,35,1,0,0,0.170046,0.035546,7.44512,390412
3978,2,9.81719,63,1,0,0,0.169876,0.036825,7.42527,390476
3979,2,-1.006,2,0,1,0,0.169706,0.043118,7.47162,390479
3980,2,9.81958,62,1,0,0,0.169536,0.022981,7.46171,390542
3981,2,9.85874,49,1,0,0,0.169367,0.02757,7.45974,390592
3982,2,9.82283,61,1,0,0,0.169197,0.024778,7.4379,390654
3983,2,9.81364,64,1,0,0,0.169028,0.025721,7.45886,390719
3984,2,-1.084,28,0,1,0,0.168859,0.030672,7.43681,390748
3985,2,9.87057,45,1,0,0,0.16869,0.03042,7.44308,390794
3986,2,9.93652,23,1,0,0,0.168522,0.012631,7.43554,390818
3987,2,-1.234,78,0,1,0,0.168353,0.031304,7.4375,390897
3988,2,9.89469,37,1,0,0,0.168185,0.029253,7.45706,390935
3989,2,9.82852,59,1,0,0,0.168017,0.024153,7.42535,390995
3990,2,9.87366,44,1,0,0,0.167849,0.031936,7.44455,391040
3991,2,9.85305,51,1,0,0,0.167681,0.031101,7.45288,391092
3992,2,9.88252,41,1,0,0,0.167513,0.028402,7.44696,391134
3993,2,9.89747,36,1,0,0,0.167346,0.028373,7.466,391171
3994,2,9.93393,24,1,0,0,0.167178,0.023064,7.4601,391196
3995,2,9.85212,51,1,0,0,0.167011,0.029323,7.4873,391248
3996,2,9.85903,49,1,0,0,0.166844,0.029155,7.44156,391298
3997,2,9.88314,41,1,0,0,0.166677,0.027108,7.44522,391340
3998,2,9.92508,27,1,0,0,0.16651,0.023666,7.42325,391368
3999,2,9.64589,120,1,0,0,0.166344,0.025322,7.46249,391489
4000,2,9.93384,24,1,0,0,0.166178,0.013,7.48432,391514
4001,2,9.8885,39,1,0,0,0.166011,0.022933,7.45303,391554
4002,2,9.72076,95,1,0,0,0.165845,0.033358,7.44367,391650
4003,2,9.91852,29,1,0,0,0.16568,0.022082,7.45878,391680
4004,2,9.91257,31,1,0,0,0.165514,0.02834,7.44826,391712
4005,2,9.89512,37,1,0,0,0.165348,0.025505,7.45255,391750
4006,2,9.92797,26,1,0,0,0.165183,0.025124,7.48701,391777
4007,2,9.84435,54,1,0,0,0.165018,0.021209,7.47912,391832
4008,2,9.88903,39,1,0,0,0.164853,0.017297,7.4358,391872
4009,2,-1.039,13,0,1,0,0.164688,0.028612,7.45757,391886
4010,2,9.769,79,1,0,0,0.164523,0.026248,7.46806,391966
4011,2,9.81975,62,1,0,0,0.164359,0.024616,7.46374,392029
4012,2,9.89771,36,1,0,0,0.164194,0.027385,7.49026,392066
4013,2,9.9069,33,1,0,0,0.16403,0.026439,7.49091,392100
4014,2,9.84662,53,1,0,0,0.163866,0.023611,7.46698,392154
4015,2,-1.123,41,0,1,0,0.163702,0.031513,7.45592,392196
4016,2,9.88594,40,1,0,0,0.163539,0.029496,7.46597,392237
4017,2,9.90923,32,1,0,0,0.163375,0.016075,7.50547,392270
4018,2,9.88926,39,1,0,0,0.163212,0.027496,7.44243,392310
4019,2,9.86451,47,1,0,0,0.163049,0.018774,7.47724,392358
4020,2,9.91228,31,1,0,0,0.162885,0.028802,7.49028,392390
4021,2,9.85555,50,1,0,0,0.162723,0.036909,7.45062,392441
4022,2,-1.168,56,0,1,0,0.16256,0.021142,7.47956,392498
4023,2,9.80179,68,1,0,0,0.162397,0.025717,7.47254,392567
4024,2,9.92156,28,1,0,0,0.162235,0.029199,7.52052,392596
4025,2,-1.2,400,0,0,1,0.162073,0.024003,7.47488,392996
4026,2,-1.147,49,0,1,0,0.161911,0.021766,7.45217,393046
4027,2,9.7928,71,1,0,0,0.161749,0.018277,7.46674,393118
4028,2,9.8948,37,1,0,0,0.161587,0.024246,7.48016,393156
4029,2,9.94003,22,1,0,0,0.161425,0.016497,7.47796,393179
4030,2,9.84697,53,1,0,0,0.161264,0.023225,7.46286,393233
4031,2,9.89194,38,1,0,0,0.161103,0.024077,7.47081,393272
4032,2,9.87362,44,1,0,0,0.160942,0.026721,7.49742,393317
4033,2,-1.666,222,0,1,0,0.160781,0.023228,7.45291,393540
4034,2,9.87724,43,1,0,0,0.16062,0.020176,7.44758,393584
4035,2,9.87684,43,1,0,0,0.160459,0.025643,7.47504,393628
4036,2,9.79632,70,1,0,0,0.160299,0.027238,7.4487,393699
4037,2,-1.198,66,0,1,0,0.160138,0.02759,7.46427,393766
4038,2,9.8409,55,1,0,0,0.159978,0.028808,7.47212,393822
4039,2,9.75365,84,1,0,0,0.159818,0.026688,7.4745,393907
4040,2,9.87382,44,1,0,0,0.159659,0.026018,7.46116,393952
4041,2,9.9341,24,1,0,0,0.159499,0.02236,7.46157,393977
4042,2,9.82856,59,1,0,0,0.159339,0.021242,7.46911,394037
4043,2,9.80152,68,1,0,0,0.15918,0.017994,7.49414,394106
4044,2,9.7749,77,1,0,0,0.159021,0.021497,7.47985,394184
4045,2,9.81677,63,1,0,0,0.158862,0.029004,7.47716,394248
4046,2,-1.174,58,0,1,0,0.158703,0.029832,7.46741,394307
4047,2,9.72622,93,1,0,0,0.158544,0.026962,7.47348,394401
4048,2,9.85284,51,1,0,0,0.158386,0.022099,7.44102,394453
4049,2,9.84954,52,1,0,0,0.158227,0.029672,7.45536,394506
4050,2,9.85301,51,1,0,0,0.158069,0.02051,7.45006,394558
4051,2,9.2892,239,1,0,0,0.157911,0.027225,7.4605,394798
4052,2,9.93084,25,1,0,0,0.157753,0.02545,7.51491,394824
4053,2,9.92175,28,1,0,0,0.157595,0.021855,7.41045,394853
4054,2,9.87644,43,1,0,0,0.157438,0.030095,7.50167,394897
4055,2,9.78086,75,1,0,0,0.15728,0.02291,7.45302,394973
4056,2,9.85287,51,1,0,0,0.157123,0.024552,7.45184,395025
4057,2,9.90691,33,1,0,0,0.156966,0.030166,7.47536,395059
4058,2,-1.09,30,0,1,0,0.156809,0.024344,7.49774,395090
4059,2,9.87032,45,1,0,0,0.156652,0.016789,7.48854,395136
4060,2,9.75677,83,1,0,0,0.156495,0.0194,7.4395,395220
4061,2,9.80495,67,1,0,0,0.156339,0.026762,7.45826,395288
4062,2,9.92192,28,1,0,0,0.156183,0.019184,7.44885,395317
4063,2,-1.261,87,0,1,0,0.156026,0.014468,7.4905,395405
4064,2,-1.2,400,0,0,1,0.15587,0.025332,7.45948,395805
4065,2,9.87375,44,1,0,0,0.155715,0.024174,7.45316,395850
4066,2,-1.075,25,0,1,0,0.155559,0.016917,7.45418,395876
4067,2,9.81445,64,1,0,0,0.155403,0.024965,7.47546,395941
4068,2,9.91619,30,1,0,0,0.155248,0.028751,7.47459,395972
4069,2,9.83615,57,1,0,0,0.155093,0.017128,7.46867,396030
4070,2,-1.255,85,0,1,0,0.154938,0.022844,7.46043,396116
4071,2,9.89193,38,1,0,0,0.154783,0.02493,7.47846,396155
4072,2,9.93958,22,1,0,0,0.154628,0.027145,7.41444,396178
4073,2,-1.072,24,0,1,0,0.154473,0.018589,7.43791,396203
4074,2,9.82297,61,1,0,0,0.154319,0.018302,7.44019,396265
4075,2,9.9366,23,1,0,0,0.154164,0.01707,7.46677,396289
4076,2,9.87077,45,1,0,0,0.15401,0.021288,7.44458,396335
4077,2,9.86872,46,1,0,0,0.153856,0.025396,7.47123,396382
4078,2,9.86451,47,1,0,0,0.153702,0.021111,7.47532,396430
4079,2,9.80136,68,1,0,0,0.153549,0.023371,7.45176,396499
4080,2,9.73324,91,1,0,0,0.153395,0.021613,7.45054,396591
4081,2,-1.072,24,0,1,0,0.153242,0.022544,7.44855,396616
4082,2,9.90994,32,1,0,0,0.153089,0.022178,7.46842,396649
4083,2,9.79905,69,1,0,0,0.152935,0.019889,7.4703,396719
4084,2,9.84699,53,1,0,0,0.152782,0.018143,7.48556,396773
4085,2,9.82545,60,1,0,0,0.15263,0.024874,7.45193,396834
4086,2,9.79292,71,1,0,0,0.152477,0.020415,7.50478,396906
4087,2,9.85032,52,1,0,0,0.152325,0.019972,7.45274,396959
4088,2,-1.132,44,0,1,0,0.152172,0.020535,7.45358,397004
4089,2,9.86504,47,1,0,0,0.15202,0.02509,7.44715,397052
4090,2,9.94258,21,1,0,0,0.151868,0.021673,7.48276,397074
4091,2,9.74187,88,1,0,0,0.151716,0.023574,7.47918,397163
4092,2,-1.129,43,0,1,0,0.151564,0.021263,7.46518,397207
4093,2,9.8235,61,1,0,0,0.151413,0.02209,7.45642,397269
4094,2,9.84101,55,1,0,0,0.151262,0.020621,7.46289,397325
4095,2,9.89854,36,1,0,0,0.15111,0.024554,7.47232,397362
4096,2,9.6459,120,1,0,0,0.150959,0.01899,7.46634,397483
4097,2,9.83761,56,1,0,0,0.150808,0.03071,7.46336,397540
4098,2,9.92503,27,1,0,0,0.150657,0.018325,7.49313,397568
4099,2,9.93945,22,1,0,0,0.150507,0.033833,7.43781,397591
4100,2,9.91533,30,1,0,0,0.150356,0.022792,7.49346,397622
4101,2,-1.2,400,0,0,1,0.150206,0.022023,7.45536,398022
4102,2,9.80812,66,1,0,0,0.150056,0.015013,7.43451,398089
4103,2,9.90703,33,1,0,0,0.149906,0.025292,7.46404,398123
4104,2,9.78724,73,1,0,0,0.149756,0.022642,7.43855,398197
4105,2,9.77171,78,1,0,0,0.149606,0.026986,7.44536,398276
4106,2,9.89203,38,1,0,0,0.149456,0.026927,7.45573,398315
4107,2,9.82826,59,1,0,0,0.149307,0.020525,7.44938,398375
4108,2,9.87109,45,1,0,0,0.149158,0.022325,7.4349,398421
4109,2,9.92528,27,1,0,0,0.149008,0.021198,7.41794,398449
4110,2,9.79542,70,1,0,0,0.148859,0.024191,7.44691,398520
4111,2,9.83549,57,1,0,0,0.148711,0.018,7.43677,398578
4112,2,9.87677,43,1,0,0,0.148562,0.023336,7.44283,398622
4113,2,9.83777,56,1,0,0,0.148413,0.022291,7.47191,398679
4114,2,9.89147,38,1,0,0,0.148265,0.022376,7.45385,398718
4115,2,9.78683,73,1,0,0,0.148117,0.02305,7.42957,398792
4116,2,9.88573,40,1,0,0,0.147968,0.021351,7.45885,398833
4117,2,9.79546,70,1,0,0,0.14782,0.02069,7.46455,398904
4118,2,9.82301,61,1,0,0,0.147673,0.020857,7.45617,398966
4119,2,9.86222,48,1,0,0,0.147525,0.027452,7.44975,399015
4120,2,9.85334,51,1,0,0,0.147377,0.01659,7.48104,399067
4121,2,9.93699,23,1,0,0,0.14723,0.039984,7.40736,399091
4122,2,9.81402,64,1,0,0,0.147083,0.020489,7.47842,399156
4123,2,9.84703,53,1,0,0,0.146936,0.020361,7.45824,399210
4124,2,9.77779,76,1,0,0,0.146789,0.028101,7.47403,399287
4125,2,9.86471,47,1,0,0,0.146642,0.026788,7.44301,399335
4126,2,9.949,19,1,0,0,0.146495,0.009311,7.50766,399355
4127,2,9.93452,24,1,0,0,0.146349,0.020456,7.48192,399380
4128,2,9.85258,51,1,0,0,0.146203,0.027096,7.48529,399432
4129,2,9.84093,55,1,0,0,0.146056,0.019406,7.47695,399488
4130,2,9.88325,41,1,0,0,0.14591,0.025327,7.47514,399530
4131,2,-1.2,400,0,0,1,0.145764,0.021478,7.4634,399930
4132,2,-1.162,54,0,1,0,0.145619,0.019451,7.45167,399985
4133,2,9.93635,23,1,0,0,0.145473,0.0218,7.48018,400009
4134,2,9.8166,63,1,0,0,0.145328,0.018564,7.4624,400073
4135,2,9.89171,38,1,0,0,0.145182,0.015952,7.47602,400112
4136,2,9.69092,105,1,0,0,0.145037,0.023383,7.46649,400218
4137,2,9.8676,46,1,0,0,0.144892,0.016735,7.49944,400265
4138,2,9.78192,75,1,0,0,0.144747,0.024468,7.4659,400341
4139,2,9.83487,57,1,0,0,0.144602,0.018756,7.45433,400399
4140,2,9.87055,45,1,0,0,0.144458,0.023229,7.46708,400445
4141,2,9.83766,56,1,0,0,0.144313,0.020181,7.47155,400502
4142,2,9.85888,49,1,0,0,0.144169,0.029554,7.44926,400552
4143,2,9.92472,27,1,0,0,0.144025,0.028978,7.4678,400580
4144,2,9.7835,74,1,0,0,0.143881,0.028231,7.4629,400655
4145,2,9.67602,110,1,0,0,0.143737,0.023212,7.46375,400766
4146,2,9.90366,34,1,0,0,0.143593,0.021057,7.49389,400801
4147,2,9.89199,38,1,0,0,0.14345,0.023743,7.44547,400840
4148,2,9.73023,92,1,0,0,0.143306,0.021984,7.48297,400933
4149,2,9.89825,36,1,0,0,0.143163,0.027516,7.47653,400970
4150,2,9.81098,65,1,0,0,0.14302,0.021078,7.44949,401036
4151,2,9.75689,83,1,0,0,0.142877,0.021432,7.45894,401120
4152,2,9.81378,64,1,0,0,0.142734,0.023927,7.46597,401185
4153,2,9.85877,49,1,0,0,0.142591,0.018792,7.47172,401235
4154,2,-1.111,37,0,1,0,0.142448,0.020612,7.43968,401273
4155,2,9.8377,56,1,0,0,0.142306,0.016744,7.46737,401330
4156,2,9.27411,244,1,0,0,0.142164,0.021784,7.45703,401575
4157,2,9.88929,39,1,0,0,0.142022,0.012431,7.46927,401615
4158,2,9.84406,54,1,0,0,0.14188,0.019678,7.48931,401670
4159,2,9.91302,31,1,0,0,0.141738,0.024075,7.44032,401702
4160,2,9.71224,98,1,0,0,0.141596,0.020228,7.48467,401801
4161,2,9.84985,52,1,0,0,0.141454,0.017992,7.45741,401854
4162,2,9.87054,45,1,0,0,0.141313,0.024541,7.45005,401900
4163,2,-1.201,67,0,1,0,0.141172,0.023354,7.46306,401968
4164,2,9.78141,75,1,0,0,0.14103,0.016993,7.48437,402044
4165,2,9.81358,64,1,0,0,0.140889,0.020297,7.47263,402109
4166,2,9.80197,68,1,0,0,0.140748,0.017806,7.45027,402178
4167,2,9.9157,30,1,0,0,0.140608,0.023831,7.46303,402209
4168,2,9.89149,38,1,0,0,0.140467,0.022421,7.47719,402248
4169,2,9.79338,71,1,0,0,0.140327,0.018278,7.46027,402320
4170,2,9.84111,55,1,0,0,0.140186,0.015401,7.43622,402376
4171,2,9.91297,31,1,0,0,0.140046,0.013322,7.50123,402408
4172,2,-1.27,90,0,1,0,0.139906,0.018619,7.48823,402499
4173,2,9.77244,78,1,0,0,0.139766,0.020105,7.51134,402578
4174,2,9.79325,71,1,0,0,0.139626,0.013663,7.50859,402650
4175,2,9.8597,49,1,0,0,0.139487,0.021492,7.4475,402700
4176,2,9.90678,33,1,0,0,0.139347,0.025758,7.48868,402734
4177,2,-1.201,67,0,1,0,0.139208,0.019171,7.48153,402802
4178,2,9.90068,35,1,0,0,0.139069,0.028439,7.46049,402838
4179,2,9.80204,68,1,0,0,0.13893,0.02018,7.48436,402907
4180,2,9.81106,65,1,0,0,0.138791,0.025278,7.48301,402973
4181,2,9.63684,123,1,0,0,0.138652,0.020622,7.48135,403097
4182,2,9.79005,72,1,0,0,0.138513,0.021551,7.48139,403170
4183,2,9.88587,40,1,0,0,0.138375,0.020866,7.50522,403211
4184,2,9.757,83,1,0,0,0.138236,0.027389,7.45339,403295
4185,2,9.76864,79,1,0,0,0.138098,0.023885,7.45157,403375
4186,2,9.91007,32,1,0,0,0.13796,0.025398,7.48988,403408
4187,2,9.89156,38,1,0,0,0.137822,0.01881,7.4878,403447
4188,2,9.80503,67,1,0,0,0.137684,0.018784,7.48733,403515
4189,2,9.74141,88,1,0,0,0.137547,0.023015,7.48884,403604
4190,2,9.90681,33,1,0,0,0.137409,0.020406,7.4739,403638
4191,2,9.87045,45,1,0,0,0.137272,0.024871,7.49616,403684
4192,2,9.86502,47,1,0,0,0.137134,0.022593,7.48427,403732
4193,2,9.58313,141,1,0,0,0.136997,0.017824,7.47704,403874
4194,2,9.94564,20,1,0,0,0.13686,0.01564,7.51564,403895
4195,2,9.81408,64,1,0,0,0.136723,0.01838,7.48442,403960
4196,2,9.91599,30,1,0,0,0.136587,0.017165,7.4922,403991
4197,2,9.87968,42,1,0,0,0.13645,0.019076,7.50077,404034
4198,2,9.85907,49,1,0,0,0.136314,0.016187,7.47802,404084
4199,2,9.8796,42,1,0,0,0.136177,0.013721,7.44676,404127
4200,2,9.89811,36,1,0,0,0.136041,0.016751,7.45849,404164
4201,2,9.73037,92,1,0,0,0.135905,0.017171,7.49722,404257
4202,2,9.91288,31,1,0,0,0.135769,0.016667,7.4848,404289
4203,2,9.90344,34,1,0,0,0.135633,0.013668,7.52683,404324
4204,2,9.93056,25,1,0,0,0.135498,0.022608,7.50828,404350
4205,2,-1.069,23,0,1,0,0.135362,0.020202,7.49668,404374
4206,2,9.94871,19,1,0,0,0.135227,0.023514,7.49574,404394
4207,2,9.79597,70,1,0,0,0.135092,0.019979,7.47755,404465
4208,2,-1.045,15,0,1,0,0.134957,0.01986,7.49629,404481
4209,2,9.89522,37,1,0,0,0.134822,0.023857,7.47751,404519
4210,2,9.94545,20,1,0,0,0.134687,0.015538,7.50086,404540
4211,2,-1.174,58,0,1,0,0.134552,0.015119,7.49368,404599
4212,2,-1.066,22,0,1,0,0.134418,0.01435,7.46843,404622
4213,2,-1.129,43,0,1,0,0.134283,0.019768,7.49861,404666
4214,2,9.92819,26,1,0,0,0.134149,0.016605,7.47104,404693
4215,2,9.87734,43,1,0,0,0.134015,0.022957,7.47884,404737
4216,2,-1.249,83,0,1,0,0.133881,0.017551,7.49303,404821
4217,2,9.84058,55,1,0,0,0.133747,0.024755,7.48826,404877
4218,2,9.7897,72,1,0,0,0.133613,0.018701,7.51392,404950
4219,2,9.94588,20,1,0,0,0.133479,0.03306,7.49541,404971
4220,2,9.78705,73,1,0,0,0.133346,0.020762,7.48681,405045
4221,2,9.82277,61,1,0,0,0.133213,0.022325,7.50997,405107
4222,2,9.82898,59,1,0,0,0.133079,0.020323,7.50081,405167
4223,2,9.82839,59,1,0,0,0.132946,0.020834,7.52139,405227
4224,2,9.80478,67,1,0,0,0.132813,0.020671,7.50346,405295
4225,2,9.78728,73,1,0,0,0.132681,0.02431,7.49371,405369
4226,2,9.81714,63,1,0,0,0.132548,0.018016,7.46844,405433
4227,2,-1.132,44,0,1,0,0.132415,0.020675,7.50384,405478
4228,2,9.8981,36,1,0,0,0.132283,0.025922,7.51047,405515
4229,2,-1.138,46,0,1,0,0.132151,0.020427,7.46126,405562
4230,2,9.88602,40,1,0,0,0.132019,0.026758,7.48099,405603
4231,2,9.84067,55,1,0,0,0.131886,0.02049,7.49657,405659
4232,2,9.85904,49,1,0,0,0.131755,0.021158,7.49031,405709
4233,2,9.90665,33,1,0,0,0.131623,0.014886,7.51251,405743
4234,2,9.8855,40,1,0,0,0.131491,0.025029,7.49173,405784
4235,2,9.78958,72,1,0,0,0.13136,0.018381,7.48464,405857
4236,2,-1.036,12,0,1,0,0.131228,0.034281,7.55628,405870
4237,2,9.88581,40,1,0,0,0.131097,0.022379,7.49916,405911
4238,2,9.89783,36,1,0,0,0.130966,0.02144,7.52585,405948
4239,2,9.78082,75,1,0,0,0.130835,0.022351,7.50697,406024
4240,2,9.84408,54,1,0,0,0.130704,0.018345,7.50552,406079
4241,2,9.9162,30,1,0,0,0.130574,0.016673,7.51007,406110
4242,2,9.8916,38,1,0,0,0.130443,0.03126,7.47685,406149
4243,2,9.89203,38,1,0,0,0.130313,0.015795,7.49316,406188
4244,2,9.92297,28,1,0,0,0.130182,0.02658,7.45518,406217
4245,2,9.89158,38,1,0,0,0.130052,0.020505,7.50608,406256
4246,2,9.84116,55,1,0,0,0.129922,0.017525,7.49072,406312
4247,2,-1.2,400,0,0,1,0.129792,0.018394,7.50171,406712
4248,2,9.91852,29,1,0,0,0.129662,0.016961,7.46231,406742
4249,2,9.8762,43,1,0,0,0.129533,0.017944,7.50948,406786
4250,2,9.90441,34,1,0,0,0.129403,0.010555,7.53517,406821
4251,2,9.91331,31,1,0,0,0.129274,0.017186,7.50023,406853
4252,2,9.91419,31,1,0,0,0.129144,0.021446,7.53219,406885
4253,2,-1.096,32,0,1,0,0.129015,0.027906,7.45933,406918
4254,2,9.85876,49,1,0,0,0.128886,0.018123,7.48415,406968
4255,2,9.87145,45,1,0,0,0.128757,0.019299,7.50918,407014
4256,2,9.80209,68,1,0,0,0.128629,0.018538,7.47971,407083
4257,2,9.79029,72,1,0,0,0.1285,0.01407,7.51418,407156
4258,2,9.78046,75,1,0,0,0.128371,0.018354,7.51361,407232
4259,2,9.8496,52,1,0,0,0.128243,0.018871,7.52735,407285
4260,2,9.82275,61,1,0,0,0.128115,0.017444,7.50429,407347
4261,2,9.91911,29,1,0,0,0.127987,0.023915,7.51343,407377
4262,2,9.5744,144,1,0,0,0.127859,0.019913,7.50325,407522
4263,2,9.87411,44,1,0,0,0.127731,0.01483,7.52579,407567
4264,2,-1.2,400,0,0,1,0.127603,0.017349,7.49836,407967
4265,2,9.83203,58,1,0,0,0.127476,0.024503,7.47461,408026
4266,2,9.83545,57,1,0,0,0.127348,0.014692,7.49237,408084
4267,2,9.81104,65,1,0,0,0.127221,0.020145,7.50019,408150
4268,2,9.82006,62,1,0,0,0.127094,0.020331,7.50606,408213
4269,2,9.71162,98,1,0,0,0.126966,0.01863,7.48838,408312
4270,2,9.8583,49,1,0,0,0.126839,0.025902,7.48358,408362
4271,2,9.7899,72,1,0,0,0.126713,0.015361,7.50116,408435
4272,2,9.90057,35,1,0,0,0.126586,0.012725,7.52487,408471
4273,2,9.88294,41,1,0,0,0.126459,0.021117,7.49819,408513
4274,2,9.79876,69,1,0,0,0.126333,0.015227,7.52675,408583
4275,2,9.9102,32,1,0,0,0.126207,0.012712,7.51586,408616
4276,2,9.75971,82,1,0,0,0.12608,0.017036,7.49966,408699
4277,2,-1.309,103,0,1,0,0.125954,0.017583,7.49014,408803
4278,2,-1.168,56,0,1,0,0.125828,0.016041,7.48248,408860
4279,2,9.8258,60,1,0,0,0.125702,0.02355,7.4991,408921
4280,2,9.78096,75,1,0,0,0.125577,0.020097,7.48441,408997
4281,2,9.91003,32,1,0,0,0.125451,0.020068,7.50486,409030
4282,2,9.85217,51,1,0,0,0.125326,0.019575,7.49622,409082
4283,2,-1.402,134,0,1,0,0.1252,0.019866,7.50226,409217
4284,2,9.85582,50,1,0,0,0.125075,0.017034,7.4986,409268
4285,2,9.84033,55,1,0,0,0.12495,0.019045,7.4832,409324
4286,2,9.84431,54,1,0,0,0.124825,0.011556,7.52606,409379
4287,2,9.86772,46,1,0,0,0.1247,0.015904,7.51914,409426
4288,2,9.92484,27,1,0,0,0.124576,0.01385,7.53839,409454
4289,2,9.90982,32,1,0,0,0.124451,0.028783,7.52257,409487
4290,2,9.87985,42,1,0,0,0.124327,0.025245,7.50339,409530
4291,2,9.80469,67,1,0,0,0.124202,0.01927,7.49263,409598
4292,2,9.8289,59,1,0,0,0.124078,0.021196,7.45951,409658
4293,2,-1.291,97,0,1,0,0.123954,0.021031,7.49734,409756
4294,2,9.9187,29,1,0,0,0.12383,0.016816,7.48872,409786
4295,2,9.9035,34,1,0,0,0.123706,0.016511,7.47846,409821
4296,2,9.83813,56,1,0,0,0.123583,0.019787,7.49779,409878
4297,2,9.89527,37,1,0,0,0.123459,0.015955,7.48914,409916
4298,2,-1.2,400,0,0,1,0.123335,0.017791,7.49515,410316
4299,2,9.88303,41,1,0,0,0.123212,0.023477,7.48647,410358
4300,2,9.90969,32,1,0,0,0.123089,0.016515,7.50399,410391
4301,2,-1.102,34,0,1,0,0.122966,0.013316,7.51028,410426
4302,2,9.85009,52,1,0,0,0.122843,0.017599,7.48418,410479
4303,2,9.93969,22,1,0,0,0.12272,0.014961,7.46062,410502
4304,2,9.79602,70,1,0,0,0.122597,0.01348,7.49971,410573
4305,2,9.84047,55,1,0,0,0.122475,0.016254,7.48375,410629
4306,2,9.91881,29,1,0,0,0.122352,0.008667,7.47742,410659
4307,2,9.81058,65,1,0,0,0.12223,0.015599,7.51599,410725
4308,2,9.76887,79,1,0,0,0.122108,0.019441,7.47065,410805
4309,2,9.87073,45,1,0,0,0.121986,0.015486,7.45517,410851
4310,2,-1.216,72,0,1,0,0.121864,0.018612,7.5011,410924
4311,2,9.91586,30,1,0,0,0.121742,0.015016,7.48155,410955
4312,2,9.86287,48,1,0,0,0.12162,0.016144,7.48765,411004
4313,2,9.9095,32,1,0,0,0.121498,0.0213,7.43125,411037
4314,2,9.84113,55,1,0,0,0.121377,0.020926,7.50943,411093
4315,2,9.80495,67,1,0,0,0.121255,0.016343,7.51776,411161
4316,2,9.86203,48,1,0,0,0.121134,0.015295,7.51174,411210
4317,2,-1.087,29,0,1,0,0.121013,0.0204,7.4976,411240
4318,2,9.94228,21,1,0,0,0.120892,0.01003,7.54972,411262
4319,2,9.75058,85,1,0,0,0.120771,0.019207,7.48784,411348
4320,2,9.88579,40,1,0,0,0.12065,0.016346,7.54179,411389
4321,2,9.91575,30,1,0,0,0.12053,0.017087,7.50194,411420
4322,2,9.79268,71,1,0,0,0.120409,0.017863,7.48545,411492
4323,2,9.93356,24,1,0,0,0.120289,0.015808,7.48972,411517
4324,2,-1.033,11,0,1,0,0.120169,0.012067,7.48239,411529
4325,2,9.91286,31,1,0,0,0.120048,0.013113,7.51935,411561
4326,2,-1.09,30,0,1,0,0.119928,0.012349,7.55093,411592
4327,2,9.93734,23,1,0,0,0.119808,0.014879,7.47462,411616
4328,2,9.90986,32,1,0,0,0.119689,0.019212,7.48227,411649
4329,2,9.89477,37,1,0,0,0.119569,0.016581,7.51788,411687
4330,2,9.85557,50,1,0,0,0.119449,0.017622,7.51578,411738
4331,2,9.88936,39,1,0,0,0.11933,0.020724,7.51802,411778
4332,2,9.90426,34,1,0,0,0.119211,0.015825,7.47763,411813
4333,2,9.77215,78,1,0,0,0.119091,0.013903,7.52823,411892
4334,2,-1.042,14,0,1,0,0.118972,0.031279,7.49775,411907
4335,2,9.87118,45,1,0,0,0.118853,0.013656,7.51862,411953
4336,2,9.89476,37,1,0,0,0.118734,0.010704,7.50351,411991
4337,2,9.77662,78,1,0,0,0.118616,0.017547,7.54335,412070
4338,2,-1.201,67,0,1,0,0.118497,0.021218,7.52318,412138
4339,2,9.77157,78,1,0,0,0.118379,0.021141,7.5542,412217
4340,2,-1.19584,400,0,0,1,0.11826,0.015946,7.52031,412617
4341,2,9.87682,43,1,0,0,0.118142,0.013532,7.539,412661
4342,2,9.9248,27,1,0,0,0.118024,0.013324,7.52502,412689
4343,2,9.93102,25,1,0,0,0.117906,0.023122,7.5771,412715
4344,2,9.90445,34,1,0,0,0.117788,0.011493,7.51135,412750
4345,2,9.7836,74,1,0,0,0.11767,0.015142,7.50483,412825
4346,2,9.88916,39,1,0,0,0.117552,0.017513,7.54119,412865
4347,2,9.90657,33,1,0,0,0.117435,0.021465,7.53677,412899
4348,2,9.75386,84,1,0,0,0.117317,0.019349,7.53582,412984
4349,2,9.79262,71,1,0,0,0.1172,0.021729,7.53064,413056
4350,2,9.91021,32,1,0,0,0.117083,0.015377,7.55122,413089
4351,2,9.817,63,1,0,0,0.116966,0.012468,7.5341,413153
4352,2,9.83167,58,1,0,0,0.116849,0.016606,7.51764,413212
4353,2,9.88584,40,1,0,0,0.116732,0.012456,7.51142,413253
4354,2,9.94575,20,1,0,0,0.116615,0.021933,7.55014,413274
4355,2,9.86736,46,1,0,0,0.116499,0.01771,7.52977,413321
4356,2,9.82023,62,1,0,0,0.116382,0.008345,7.52863,413384
4357,2,-1.093,31,0,1,0,0.116266,0.019365,7.51652,413416
4358,2,9.87696,43,1,0,0,0.116149,0.017323,7.53596,413460
4359,2,9.84957,52,1,0,0,0.116033,0.019105,7.55895,413513
4360,2,9.90039,35,1,0,0,0.115917,0.020893,7.5222,413549
4361,2,9.8436,54,1,0,0,0.115801,0.0183,7.5499,413604
4362,2,9.89799,36,1,0,0,0.115686,0.016557,7.56459,413641
4363,2,9.83477,57,1,0,0,0.11557,0.018005,7.54951,413699
4364,2,9.85302,51,1,0,0,0.115454,0.01405,7.52507,413751
4365,2,9.91908,29,1,0,0,0.115339,0.022362,7.58272,413781
4366,2,9.81388,64,1,0,0,0.115224,0.018735,7.56745,413846
4367,2,9.82872,59,1,0,0,0.115108,0.01307,7.5324,413906
4368,2,9.87413,44,1,0,0,0.114993,0.013558,7.5476,413951
4369,2,9.86151,48,1,0,0,0.114878,0.011779,7.54851,414000
4370,2,9.84996,52,1,0,0,0.114763,0.023887,7.56804,414053
4371,2,9.94651,20,1,0,0,0.114649,0.011667,7.50606,414074
4372,2,9.84356,54,1,0,0,0.114534,0.022775,7.56362,414129
4373,2,9.89226,38,1,0,0,0.114419,0.018128,7.58488,414168
4374,2,9.87348,44,1,0,0,0.114305,0.014859,7.56729,414213
4375,2,9.895,37,1,0,0,0.114191,0.0155,7.55267,414251
4376,2,9.91903,29,1,0,0,0.114076,0.015233,7.5285,414281
4377,2,9.44501,187,1,0,0,0.113962,0.019181,7.55757,414469
4378,2,9.7928,71,1,0,0,0.113848,0.020385,7.55609,414541
4379,2,-1.108,36,0,1,0,0.113735,0.015272,7.55987,414578
4380,2,-1.084,28,0,1,0,0.113621,0.018437,7.54812,414607
4381,2,9.90708,33,1,0,0,0.113507,0.011476,7.56351,414641
4382,2,-1.441,147,0,1,0,0.113394,0.013027,7.58622,414789
4383,2,9.88904,39,1,0,0,0.11328,0.016579,7.56236,414829
4384,2,9.81676,63,1,0,0,0.113167,0.021212,7.54928,414893
4385,2,9.88603,40,1,0,0,0.113054,0.010949,7.554,414934
4386,2,9.72927,92,1,0,0,0.112941,0.01833,7.5769,415027
4387,2,9.92764,26,1,0,0,0.112828,0.013291,7.5423,415054
4388,2,9.84696,53,1,0,0,0.112715,0.016502,7.56814,415108
4389,2,9.94892,19,1,0,0,0.112602,0.012135,7.55843,415128
4390,2,9.89484,37,1,0,0,0.11249,0.017238,7.56926,415166
4391,2,9.86189,48,1,0,0,0.112377,0.016627,7.56853,415215
4392,2,9.87702,43,1,0,0,0.112265,0.011834,7.59076,415259
4393,2,-1.087,29,0,1,0,0.112153,0.021723,7.57388,415289
4394,2,9.8734,44,1,0,0,0.11204,0.013822,7.56058,415334
4395,2,9.88933,39,1,0,0,0.111928,0.014901,7.56656,415374
4396,2,9.88876,39,1,0,0,0.111816,0.020821,7.56989,415414
4397,2,9.80797,66,1,0,0,0.111705,0.015594,7.57483,415481
4398,2,9.89479,37,1,0,0,0.111593,0.017925,7.57091,415519
4399,2,9.86214,48,1,0,0,0.111481,0.013554,7.59702,415568
4400,2,9.88934,39,1,0,0,0.11137,0.017353,7.57397,415608
4401,2,9.92826,26,1,0,0,0.111259,0.015752,7.57108,415635
4402,2,-1.09,30,0,1,0,0.111147,0.01942,7.54579,415666
4403,2,9.84703,53,1,0,0,0.111036,0.013561,7.57115,415720
4404,2,9.8168,63,1,0,0,0.110925,0.017375,7.56349,415784
4405,2,9.91905,29,1,0,0,0.110814,0.015883,7.56079,415814
4406,2,9.862,48,1,0,0,0.110703,0.022382,7.55049,415863
4407,2,9.91929,29,1,0,0,0.110593,0.020228,7.56945,415893
4408,2,9.85627,50,1,0,0,0.110482,0.015845,7.56453,415944
4409,2,-1.318,106,0,1,0,0.110372,0.016064,7.56569,416051
4410,2,9.90989,32,1,0,0,0.110261,0.011798,7.56864,416084
4411,2,9.93957,22,1,0,0,0.110151,0.01658,7.60135,416107
4412,2,9.94016,22,1,0,0,0.110041,0.022285,7.54633,416130
4413,2,9.87638,43,1,0,0,0.109931,0.020853,7.58074,416174
4414,2,-1.2,400,0,0,1,0.109821,0.017868,7.5654,416574
4415,2,9.90359,34,1,0,0,0.109711,0.013081,7.56913,416609
4416,2,9.87717,43,1,0,0,0.109601,0.01548,7.54709,416653
4417,2,9.54058,155,1,0,0,0.109492,0.014891,7.54951,416809
4418,2,9.85554,50,1,0,0,0.109382,0.015624,7.5605,416860
4419,2,-1.015,5,0,1,0,0.109273,0.030644,7.48746,416866
4420,2,-1.069,23,0,1,0,0.109164,0.018002,7.55832,416890
4421,2,9.89794,36,1,0,0,0.109054,0.018174,7.55768,416927
4422,2,9.82312,61,1,0,0,0.108945,0.012501,7.5728,416989
4423,2,9.73615,90,1,0,0,0.108836,0.0155,7.57106,417080
4424,2,9.85858,49,1,0,0,0.108728,0.013775,7.56008,417130
4425,2,9.93143,25,1,0,0,0.108619,0.017273,7.56251,417156
4426,2,9.919,29,1,0,0,0.10851,0.018995,7.56542,417186
4427,2,9.90433,34,1,0,0,0.108402,0.014097,7.56239,417221
4428,2,9.89827,36,1,0,0,0.108293,0.017383,7.54439,417258
4429,2,9.92481,27,1,0,0,0.108185,0.0141,7.58901,417286
4430,2,9.82558,60,1,0,0,0.108077,0.016968,7.56037,417347
4431,2,9.82576,60,1,0,0,0.107969,0.014317,7.58054,417408
4432,2,9.49263,171,1,0,0,0.107861,0.016278,7.55638,417580
4433,2,9.07569,310,1,0,0,0.107753,0.014471,7.56294,417891
4434,2,9.92788,26,1,0,0,0.107645,0.005269,7.61116,417918
4435,2,9.89207,38,1,0,0,0.107537,0.009865,7.55948,417957
4436,2,9.83773,56,1,0,0,0.10743,0.010111,7.53657,418014
4437,2,9.8049,67,1,0,0,0.107323,0.017955,7.55767,418082
4438,2,9.87686,43,1,0,0,0.107215,0.023,7.57371,418126
4439,2,9.77813,76,1,0,0,0.107108,0.016757,7.54637,418203
4440,2,9.71235,98,1,0,0,0.107001,0.017392,7.57113,418302
4441,2,9.90033,35,1,0,0,0.106894,0.01519,7.53042,418338
4442,2,9.85602,50,1,0,0,0.106787,0.020076,7.5452,418389
4443,2,9.92759,26,1,0,0,0.10668,0.024185,7.52862,418416
4444,2,9.9098,32,1,0,0,0.106574,0.016269,7.56035,418449
4445,2,-1.195,65,0,1,0,0.106467,0.012348,7.56756,418515
4446,2,9.85265,51,1,0,0,0.10636,0.015496,7.54782,418567
4447,2,9.80777,66,1,0,0,0.106254,0.019822,7.52856,418634
4448,2,9.81353,64,1,0,0,0.106148,0.021119,7.5651,418699
4449,2,9.7479,86,1,0,0,0.106042,0.016698,7.57256,418786
4450,2,9.86802,46,1,0,0,0.105936,0.017146,7.54732,418833
4451,2,-1.10616,36,0,1,0,0.10583,0.015677,7.55944,418870
4452,2,9.80786,66,1,0,0,0.105724,0.017917,7.56411,418937
4453,2,-1.609,203,0,1,0,0.105618,0.017045,7.5606,419141
4454,2,9.81985,62,1,0,0,0.105513,0.014914,7.55858,419204
4455,2,9.83511,57,1,0,0,0.105407,0.019111,7.563,419262
4456,2,9.72372,94,1,0,0,0.105302,0.01358,7.55335,419357
4457,2,9.80519,67,1,0,0,0.105196,0.015727,7.54454,419425
4458,2,9.88539,40,1,0,0,0.105091,0.015628,7.53359,419466
4459,2,9.89484,37,1,0,0,0.104986,0.0166,7.57193,419504
4460,2,9.77813,76,1,0,0,0.104881,0.015008,7.56936,419581
4461,2,9.85282,51,1,0,0,0.104776,0.01566,7.56808,419633
4462,2,9.72988,92,1,0,0,0.104671,0.019861,7.56064,419726
4463,2,9.86449,47,1,0,0,0.104567,0.013328,7.54987,419774
4464,2,9.8885,39,1,0,0,0.104462,0.020932,7.55211,419814
4465,2,9.58889,139,1,0,0,0.104358,0.013668,7.57085,419954
4466,2,9.8768,43,1,0,0,0.104253,0.015926,7.55607,419998
4467,2,9.8834,41,1,0,0,0.104149,0.02062,7.52706,420040
4468,2,9.78354,74,1,0,0,0.104045,0.014497,7.55517,420115
4469,2,9.94589,20,1,0,0,0.103941,0.015473,7.55188,420136
4470,2,9.904,34,1,0,0,0.103837,0.018994,7.55301,420171
4471,2,9.76838,79,1,0,0,0.103733,0.014436,7.58828,420251
4472,2,9.86198,48,1,0,0,0.103629,0.015627,7.54804,420300
4473,2,-1.063,21,0,1,0,0.103526,0.025561,7.56273,420322
4474,2,9.8982,36,1,0,0,0.103422,0.020928,7.58675,420359
4475,2,9.89205,38,1,0,0,0.103319,0.015021,7.56892,420398
4476,2,9.92208,28,1,0,0,0.103216,0.017991,7.58514,420427
4477,2,9.88306,41,1,0,0,0.103112,0.014235,7.58907,420469
4478,2,9.86825,46,1,0,0,0.103009,0.021348,7.58191,420516
4479,2,-1.024,8,0,1,0,0.102906,0.003628,7.58402,420525
4480,2,9.79883,69,1,0,0,0.102803,0.019009,7.58493,420595
4481,2,9.84108,55,1,0,0,0.1027,0.023359,7.55868,420651
4482,2,9.91285,31,1,0,0,0.102598,0.023485,7.51424,420683
4483,2,9.94632,20,1,0,0,0.102495,0.007313,7.5334,420704
4484,2,9.88336,41,1,0,0,0.102393,0.01781,7.55981,420746
4485,2,-1.093,31,0,1,0,0.10229,0.022061,7.57813,420778
4486,2,9.88256,41,1,0,0,0.102188,0.018803,7.54208,420820
4487,2,9.8405,55,1,0,0,0.102086,0.015099,7.54134,420876
4488,2,9.87697,43,1,0,0,0.101984,0.021045,7.55291,420920
4489,2,9.87078,45,1,0,0,0.101882,0.018442,7.59266,420966
4490,2,-1.171,57,0,1,0,0.10178,0.013566,7.5269,421024
4491,2,9.8856,40,1,0,0,0.101678,0.010858,7.60411,421065
4492,2,9.91869,29,1,0,0,0.101576,0.020841,7.53418,421095
4493,2,9.84986,52,1,0,0,0.101475,0.015482,7.56513,421148
4494,2,9.84957,52,1,0,0,0.101373,0.023331,7.57698,421201
4495,2,9.79588,70,1,0,0,0.101272,0.017566,7.56916,421272
4496,2,-1.012,4,0,1,0,0.101171,0.011851,7.55843,421277
4497,2,9.87993,42,1,0,0,0.10107,0.013027,7.54665,421320
4498,2,9.92501,27,1,0,0,0.100968,0.030152,7.57066,421348
4499,2,9.91908,29,1,0,0,0.100867,0.014201,7.60195,421378
4500,2,-1.918,306,0,1,0,0.100767,0.01616,7.55163,421685
4501,2,9.85574,50,1,0,0,0.100666,0.015908,7.58629,421736
4502,2,-1.03,10,0,1,0,0.100565,0.008574,7.56515,421747
4503,2,9.78933,72,1,0,0,0.100465,0.014496,7.58684,421820
4504,2,9.85318,51,1,0,0,0.100364,0.016455,7.55549,421872
4505,2,9.80442,67,1,0,0,0.100264,0.017136,7.55674,421940
4506,2,9.90976,32,1,0,0,0.100164,0.016213,7.58523,421973
4507,2,9.87964,42,1,0,0,0.100063,0.013882,7.55993,422016
4508,2,9.87965,42,1,0,0,0.1,0.013508,7.56002,422059
4509,2,9.86767,46,1,0,0,0.1,0.013688,7.56487,422106
4510,2,9.90348,34,1,0,0,0.1,0.016959,7.57067,422141
4511,2,9.79257,71,1,0,0,0.1,0.013554,7.54419,422213
4512,2,-1.282,94,0,1,0,0.1,0.017242,7.57562,422308
4513,2,9.88583,40,1,0,0,0.1,0.016567,7.56589,422349
4514,2,9.87982,42,1,0,0,0.1,0.016187,7.58506,422392
4515,2,9.9191,29,1,0,0,0.1,0.013935,7.57211,422422
4516,2,9.88268,41,1,0,0,0.1,0.016865,7.5946,422464
4517,2,9.85584,50,1,0,0,0.1,0.011798,7.5872,422515
4518,2,9.81976,62,1,0,0,0.1,0.020605,7.55156,422578
4519,2,9.84671,53,1,0,0,0.1,0.017322,7.5367,422632
4520,2,9.877,43,1,0,0,0.1,0.010203,7.58769,422676
4521,2,-1.033,11,0,1,0,0.1,0.009332,7.56446,422688
4522,2,9.85002,52,1,0,0,0.1,0.023926,7.56098,422741
4523,2,9.91025,32,1,0,0,0.1,0.016911,7.57101,422774
4524,2,9.81099,65,1,0,0,0.1,0.016044,7.54957,422840
4525,2,9.91283,31,1,0,0,0.1,0.0119,7.54321,422872
4526,2,9.93955,22,1,0,0,0.1,0.018052,7.5652,422895
4527,2,9.8734,44,1,0,0,0.1,0.022594,7.542,422940
4528,2,9.84381,54,1,0,0,0.1,0.017826,7.54342,422995
4529,2,9.91004,32,1,0,0,0.1,0.01422,7.58565,423028
4530,2,9.92158,28,1,0,0,0.1,0.013047,7.58024,423057
4531,2,9.90084,35,1,0,0,0.1,0.023583,7.54312,423093
4532,2,9.81978,62,1,0,0,0.1,0.016403,7.57275,423156
4533,2,9.90701,33,1,0,0,0.1,0.009867,7.59691,423190
4534,2,9.82897,59,1,0,0,0.1,0.015189,7.55097,423250
4535,2,9.84367,54,1,0,0,0.1,0.012279,7.56838,423305
4536,2,-1.033,11,0,1,0,0.1,0.022697,7.50702,423317
4537,2,9.85242,51,1,0,0,0.1,0.014526,7.52792,423369
4538,2,9.82903,59,1,0,0,0.1,0.009525,7.56477,423429
4539,2,9.93679,23,1,0,0,0.1,0.025012,7.55647,423453
4540,2,9.90991,32,1,0,0,0.1,0.018487,7.53385,423486
4541,2,9.90354,34,1,0,0,0.1,0.018721,7.54857,423521
4542,2,9.84144,55,1,0,0,0.1,0.016249,7.5317,423577
4543,2,9.92532,27,1,0,0,0.1,0.012824,7.56174,423605
4544,2,9.88574,40,1,0,0,0.1,0.015329,7.5758,423646
4545,2,9.91563,30,1,0,0,0.1,0.021919,7.56761,423677
4546,2,9.82573,60,1,0,0,0.1,0.017556,7.55627,423738
4547,2,9.74818,86,1,0,0,0.1,0.018265,7.56142,423825
4548,2,9.88901,39,1,0,0,0.1,0.020474,7.54657,423865
4549,2,9.79881,69,1,0,0,0.1,0.012856,7.53712,423935
4550,2,9.89485,37,1,0,0,0.1,0.009814,7.56698,423973
4551,2,9.83767,56,1,0,0,0.1,0.015459,7.56398,424030
4552,2,9.84119,55,1,0,0,0.1,0.017354,7.56673,424086
4553,2,9.91032,32,1,0,0,0.1,0.022632,7.57757,424119
4554,2,9.9068,33,1,0,0,0.1,0.016377,7.5417,424153
4555,2,9.87703,43,1,0,0,0.1,0.020533,7.53907,424197
4556,2,9.89764,36,1,0,0,0.1,0.012815,7.52579,424234
4557,2,9.87075,45,1,0,0,0.1,0.015995,7.55462,424280
4558,2,9.92457,27,1,0,0,0.1,0.011737,7.55594,424308
4559,2,9.91589,30,1,0,0,0.1,0.016102,7.58932,424339
4560,2,9.94292,21,1,0,0,0.1,0.015563,7.5714,424361
4561,2,-1.123,41,0,1,0,0.1,0.017027,7.54772,424403
4562,2,9.72403,94,1,0,0,0.1,0.01413,7.52976,424498
4563,2,9.91275,31,1,0,0,0.1,0.01475,7.56234,424530
4564,2,9.8736,44,1,0,0,0.1,0.007803,7.58109,424575
4565,2,9.70286,101,1,0,0,0.1,0.014076,7.55619,424677
4566,2,9.82612,60,1,0,0,0.1,0.01528,7.55055,424738
4567,2,9.89519,37,1,0,0,0.1,0.015771,7.57606,424776
4568,2,9.32817,226,1,0,0,0.1,0.012137,7.55641,425003
4569,2,9.83732,56,1,0,0,0.1,0.015915,7.56095,425060
4570,2,9.91569,30,1,0,0,0.1,0.007758,7.55411,425091
4571,2,9.87107,45,1,0,0,0.1,0.017565,7.56789,425137
4572,2,9.86149,48,1,0,0,0.1,0.010913,7.56345,425186
4573,2,9.90461,34,1,0,0,0.1,0.014782,7.57206,425221
4574,2,9.8616,48,1,0,0,0.1,0.011405,7.56652,425270
4575,2,9.88903,39,1,0,0,0.1,0.013845,7.57028,425310
4576,2,-1.183,61,0,1,0,0.1,0.015338,7.52287,425372
4577,2,9.91595,30,1,0,0,0.1,0.020142,7.51173,425403
4578,2,9.787,73,1,0,0,0.1,0.01206,7.50564,425477
4579,2,9.89484,37,1,0,0,0.1,0.014261,7.55701,425515
4580,2,9.82917,59,1,0,0,0.1,0.015788,7.53072,425575
4581,2,-1.057,19,0,1,0,0.1,0.013859,7.5612,425595
4582,2,9.90693,33,1,0,0,0.1,0.019681,7.50356,425629
4583,2,9.81991,62,1,0,0,0.1,0.015524,7.56176,425692
4584,2,-1.078,26,0,1,0,0.1,0.018837,7.5953,425719
4585,2,9.91847,29,1,0,0,0.1,0.015708,7.54776,425749
4586,2,9.88002,42,1,0,0,0.1,0.015123,7.56547,425792
4587,2,9.78689,73,1,0,0,0.1,0.01094,7.54135,425866
4588,2,9.91326,31,1,0,0,0.1,0.012802,7.5208,425898
4589,2,-1.075,25,0,1,0,0.1,0.020246,7.56159,425924
4590,2,-1.039,13,0,1,0,0.1,0.025797,7.48805,425938
4591,2,9.94827,19,1,0,0,0.1,0.015757,7.56769,425958
4592,2,9.82826,59,1,0,0,0.1,0.018538,7.5569,426018
4593,2,9.90059,35,1,0,0,0.1,0.016484,7.52484,426054
4594,2,9.85266,51,1,0,0,0.1,0.015137,7.53912,426106
4595,2,9.86491,47,1,0,0,0.1,0.012979,7.555,426154
4596,2,9.86611,47,1,0,0,0.1,0.01043,7.56153,426202
4597,2,-1.108,36,0,1,0,0.1,0.015931,7.5322,426239
4598,2,9.9129,31,1,0,0,0.1,0.017706,7.54802,426271
4599,2,9.8499,52,1,0,0,0.1,0.012644,7.54235,426324
4600,2,9.81103,65,1,0,0,0.1,0.01167,7.53526,426390
4601,2,9.8535,51,1,0,0,0.1,0.019236,7.55787,426442
4602,2,9.90036,35,1,0,0,0.1,0.010295,7.58163,426478
4603,2,9.91856,29,1,0,0,0.1,0.018835,7.54204,426508
4604,2,9.86184,48,1,0,0,0.1,0.009878,7.57162,426557
4605,2,9.75423,84,1,0,0,0.1,0.016234,7.57032,426642
4606,2,9.92216,28,1,0,0,0.1,0.007251,7.57055,426671
4607,2,9.77488,77,1,0,0,0.1,0.016182,7.55987,426749
4608,2,9.89175,38,1,0,0,0.1,0.013267,7.58583,426788
4609,2,9.85543,50,1,0,0,0.1,0.014234,7.57479,426839
4610,2,9.91874,29,1,0,0,0.1,0.015297,7.57662,426869
4611,2,9.84131,55,1,0,0,0.1,0.010869,7.5709,426925
4612,2,9.83201,58,1,0,0,0.1,0.012154,7.59,426984
4613,2,9.82002,62,1,0,0,0.1,0.013471,7.56968,427047
4614,2,9.92768,26,1,0,0,0.1,0.023021,7.5872,427074
4615,2,-1.018,6,0,1,0,0.1,0.004007,7.55549,427081
4616,2,9.93402,24,1,0,0,0.1,0.014246,7.5493,427106
4617,2,9.8705,45,1,0,0,0.1,0.014913,7.56405,427152
4618,2,9.69063,105,1,0,0,0.1,0.013478,7.59011,427258
4619,2,9.90085,35,1,0,0,0.1,0.017143,7.57714,427294
4620,2,9.93125,25,1,0,0,0.1,0.006991,7.5846,427320
4621,2,9.92188,28,1,0,0,0.1,0.012791,7.54541,427349
4622,2,-1.2,400,0,0,1,0.1,0.015057,7.55523,427749
4623,2,9.9246,27,1,0,0,0.1,0.011961,7.51745,427777
4624,2,9.78046,75,1,0,0,0.1,0.013196,7.50369,427853
4625,2,9.84998,52,1,0,0,0.1,0.016016,7.5528,427906
4626,2,9.85921,49,1,0,0,0.1,0.010042,7.54268,427956
4627,2,9.8197,62,1,0,0,0.1,0.015038,7.54312,428019
4628,2,9.85317,51,1,0,0,0.1,0.009925,7.52831,428071
4629,2,9.87093,45,1,0,0,0.1,0.014729,7.55588,428117
4630,2,9.88326,41,1,0,0,0.1,0.013278,7.55305,428159
4631,2,-1.171,57,0,1,0,0.1,0.012518,7.53853,428217
4632,2,9.8714,45,1,0,0,0.1,0.01586,7.54149,428263
4633,2,9.76904,79,1,0,0,0.1,0.012615,7.54041,428343
4634,2,-1.201,67,0,1,0,0.1,0.012789,7.55593,428411
4635,2,9.9128,31,1,0,0,0.1,0.02459,7.54348,428443
4636,2,9.93967,22,1,0,0,0.1,0.020114,7.52562,428466
4637,2,9.92151,28,1,0,0,0.1,0.012811,7.51735,428495
4638,2,9.9009,35,1,0,0,0.1,0.021465,7.53568,428531
4639,2,9.91034,32,1,0,0,0.1,0.009077,7.52906,428564
4640,2,9.86503,47,1,0,0,0.1,0.014657,7.54111,428612
4641,2,9.92126,28,1,0,0,0.1,0.006853,7.58084,428641
4642,2,-1.174,58,0,1,0,0.1,0.017714,7.53732,428700
4643,2,-1.051,17,0,1,0,0.1,0.016766,7.55383,428718
4644,2,9.85916,49,1,0,0,0.1,0.015134,7.57279,428768
4645,2,-1.072,24,0,1,0,0.1,0.011515,7.52984,428793
4646,2,-1.105,35,0,1,0,0.1,0.01239,7.5779,428829
4647,2,9.946,20,1,0,0,0.1,0.012327,7.49766,428850
4648,2,9.76581,80,1,0,0,0.1,0.014405,7.53428,428931
4649,2,9.7566,83,1,0,0,0.1,0.018482,7.53041,429015
4650,2,9.79676,70,1,0,0,0.1,0.018687,7.53266,429086
4651,2,-1.12,40,0,1,0,0.1,0.018486,7.54246,429127
4652,2,9.90714,33,1,0,0,0.1,0.016842,7.54529,429161
4653,2,9.88365,41,1,0,0,0.1,0.020823,7.52869,429203
4654,2,9.89233,38,1,0,0,0.1,0.011731,7.56337,429242
4655,2,9.83799,56,1,0,0,0.1,0.014019,7.56256,429299
4656,2,9.90981,32,1,0,0,0.1,0.016019,7.56561,429332
4657,2,-1.009,3,0,1,0,0.1,0.050904,7.64272,429336
4658,2,9.8649,47,1,0,0,0.1,0.013088,7.56397,429384
4659,2,-1.096,32,0,1,0,0.1,0.018694,7.54183,429417
4660,2,9.79236,71,1,0,0,0.1,0.01979,7.53683,429489
4661,2,9.90958,32,1,0,0,0.1,0.020141,7.49623,429522
4662,2,9.83217,58,1,0,0,0.1,0.013723,7.5504,429581
4663,2,9.8196,62,1,0,0,0.1,0.0153,7.54908,429644
4664,2,9.74797,86,1,0,0,0.1,0.013079,7.54498,429731
4665,2,9.84123,55,1,0,0,0.1,0.012684,7.54871,429787
4666,2,9.838,56,1,0,0,0.1,0.011554,7.55805,429844
4667,2,9.91872,29,1,0,0,0.1,0.017604,7.5381,429874
4668,2,-1.039,13,0,1,0,0.1,0.024929,7.61005,429888
4669,2,9.8739,44,1,0,0,0.1,0.015847,7.52274,429933
4670,2,9.7869,73,1,0,0,0.1,0.012603,7.53748,430007
4671,2,9.81698,63,1,0,0,0.1,0.012673,7.53689,430071
4672,2,9.92173,28,1,0,0,0.1,0.013739,7.55724,430100
4673,2,9.87718,43,1,0,0,0.1,0.009921,7.55894,430144
4674,2,-1.03,10,0,1,0,0.1,0.013045,7.59505,430155
4675,2,-1.054,18,0,1,0,0.1,0.009523,7.58358,430174
4676,2,9.93077,25,1,0,0,0.1,0.012941,7.54737,430200
4677,2,9.76638,80,1,0,0,0.1,0.015808,7.53407,430281
4678,2,9.79557,70,1,0,0,0.1,0.013606,7.55119,430352
4679,2,9.89806,36,1,0,0,0.1,0.016761,7.5093,430389
4680,2,9.90685,33,1,0,0,0.1,0.015472,7.54223,430423
4681,2,9.86505,47,1,0,0,0.1,0.0196,7.52454,430471
4682,2,9.78978,72,1,0,0,0.1,0.013785,7.53761,430544
4683,2,9.85033,52,1,0,0,0.1,0.017282,7.51991,430597
4684,2,9.85864,49,1,0,0,0.1,0.02074,7.55205,430647
4685,2,9.93666,23,1,0,0,0.1,0.013767,7.54616,430671
4686,2,9.93088,25,1,0,0,0.1,0.009865,7.55078,430697
4687,2,-1.024,8,0,1,0,0.1,0.02928,7.61914,430706
4688,2,9.86211,48,1,0,0,0.1,0.017979,7.54049,430755
4689,2,9.79863,69,1,0,0,0.1,0.015233,7.55037,430825
4690,2,9.84983,52,1,0,0,0.1,0.016035,7.54938,430878
4691,2,9.86494,47,1,0,0,0.1,0.0178,7.54842,430926
4692,2,9.84381,54,1,0,0,0.1,0.011094,7.54822,430981
4693,2,-1.084,28,0,1,0,0.1,0.023836,7.54235,431010
4694,2,9.8436,54,1,0,0,0.1,0.01343,7.51247,431065
4695,2,9.90097,35,1,0,0,0.1,0.012208,7.54406,431101
4696,2,9.93345,24,1,0,0,0.1,0.01658,7.53409,431126
4697,2,9.9219,28,1,0,0,0.1,0.007095,7.50845,431155
4698,2,9.89757,36,1,0,0,0.1,0.018353,7.55124,431192
4699,2,9.8706,45,1,0,0,0.1,0.015338,7.51586,431238
4700,2,9.92485,27,1,0,0,0.1,0.012266,7.52647,431266
4701,2,-1.045,15,0,1,0,0.1,0.014653,7.55573,431282
4702,2,9.86461,47,1,0,0,0.1,0.014085,7.54872,431330
4703,2,9.87091,45,1,0,0,0.1,0.01799,7.51,431376
4704,2,9.84032,55,1,0,0,0.1,0.015286,7.52843,431432
4705,2,9.91571,30,1,0,0,0.1,0.027225,7.50514,431463
4706,2,9.93653,23,1,0,0,0.1,0.01306,7.54811,431487
4707,2,9.9068,33,1,0,0,0.1,0.020797,7.5506,431521
4708,2,9.84337,54,1,0,0,0.1,0.012739,7.54893,431576
4709,2,9.841,55,1,0,0,0.1,0.011946,7.56937,431632
4710,2,-1.2,400,0,0,1,0.1,0.013063,7.54403,432032
4711,2,9.90981,32,1,0,0,0.1,0.010401,7.53265,432065
4712,2,9.82583,60,1,0,0,0.1,0.017588,7.55516,432126
4713,2,9.86491,47,1,0,0,0.1,0.015052,7.54705,432174
4714,2,9.87424,44,1,0,0,0.1,0.014517,7.52604,432219
4715,2,9.81682,63,1,0,0,0.1,0.012542,7.54224,432283
4716,2,9.75084,85,1,0,0,0.1,0.013246,7.54548,432369
4717,2,-1.0846,29,0,1,0,0.1,0.008766,7.55187,432399
4718,2,-1.11561,39,0,1,0,0.1,0.020881,7.52197,432439
4719,2,9.88587,40,1,0,0,0.1,0.013865,7.54982,432480
4720,2,9.90951,32,1,0,0,0.1,0.007873,7.57349,432513
4721,2,-1.153,51,0,1,0,0.1,0.015847,7.54519,432565
4722,2,9.86505,47,1,0,0,0.1,0.010186,7.51075,432613
4723,2,9.79039,72,1,0,0,0.1,0.015734,7.53951,432686
4724,2,9.93422,24,1,0,0,0.1,0.013297,7.51342,432711
4725,2,9.74134,88,1,0,0,0.1,0.018005,7.5233,432800
4726,2,9.85557,50,1,0,0,0.1,0.0218,7.54039,432851
4727,2,9.78969,72,1,0,0,0.1,0.017359,7.54218,432924
4728,2,9.84066,55,1,0,0,0.1,0.015633,7.50502,432980
4729,2,9.76913,79,1,0,0,0.1,0.014977,7.50171,433060
4730,2,9.93357,24,1,0,0,0.1,0.008422,7.5399,433085
4731,2,9.83262,58,1,0,0,0.1,0.017234,7.52252,433144
4732,2,9.92788,26,1,0,0,0.1,0.014294,7.53483,433171
4733,2,9.87058,45,1,0,0,0.1,0.017013,7.4972,433217
4734,2,9.71818,96,1,0,0,0.1,0.015651,7.53266,433314
4735,2,9.88284,41,1,0,0,0.1,0.016541,7.54625,433356
4736,2,9.83487,57,1,0,0,0.1,0.012606,7.53065,433414
4737,2,9.85267,51,1,0,0,0.1,0.011835,7.52365,433466
4738,2,9.91584,30,1,0,0,0.1,0.028931,7.5353,433497
4739,2,9.86146,48,1,0,0,0.1,0.023156,7.51,433546
4740,2,9.89221,38,1,0,0,0.1,0.01711,7.54381,433585
4741,2,9.83482,57,1,0,0,0.1,0.017581,7.54113,433643
4742,2,9.86484,47,1,0,0,0.1,0.013645,7.58824,433691
4743,2,9.94883,19,1,0,0,0.1,0.004444,7.6045,433711
4744,2,9.86197,48,1,0,0,0.1,0.011744,7.52295,433760
4745,2,9.90417,34,1,0,0,0.1,0.01191,7.54577,433795
4746,2,-1.099,33,0,1,0,0.1,0.01492,7.54219,433829
4747,2,9.90114,35,1,0,0,0.1,0.013389,7.5107,433865
4748,2,9.86808,46,1,0,0,0.1,0.010868,7.52151,433912
4749,2,9.88614,40,1,0,0,0.1,0.017456,7.55336,433953
4750,2,9.88614,40,1,0,0,0.1,0.009474,7.54722,433994
4751,2,9.66694,113,1,0,0,0.1,0.024069,7.52777,434108
4752,2,9.87036,45,1,0,0,0.1,0.012176,7.51761,434154
4753,2,9.75656,83,1,0,0,0.1,0.016199,7.51738,434238
4754,2,9.82882,59,1,0,0,0.1,0.021456,7.49846,434298
4755,2,9.86176,48,1,0,0,0.1,0.012472,7.57836,434347
4756,2,9.86174,48,1,0,0,0.1,0.015479,7.55892,434396
4757,2,-1.243,81,0,1,0,0.1,0.015769,7.54138,434478
4758,2,9.7998,69,1,0,0,0.1,0.011844,7.53239,434548
4759,2,9.8856,40,1,0,0,0.1,0.014456,7.50267,434589
4760,2,9.85024,52,1,0,0,0.1,0.011568,7.53636,434642
4761,2,9.766,80,1,0,0,0.1,0.016385,7.56356,434723
4762,2,9.89803,36,1,0,0,0.1,0.010374,7.52983,434760
4763,2,9.83159,58,1,0,0,0.1,0.019069,7.53757,434819
4764,2,9.892,38,1,0,0,0.1,0.009635,7.54274,434858
4765,2,9.68487,107,1,0,0,0.1,0.016381,7.5459,434966
4766,2,-1.063,21,0,1,0,0.1,0.018706,7.54976,434988
4767,2,9.87669,43,1,0,0,0.1,0.015835,7.54003,435032
4768,2,9.92187,28,1,0,0,0.1,0.015453,7.54415,435061
4769,2,9.81114,65,1,0,0,0.1,0.013128,7.52487,435127
4770,2,9.89176,38,1,0,0,0.1,0.018734,7.52387,435166
4771,2,9.88907,39,1,0,0,0.1,0.011113,7.52683,435206
4772,2,9.85884,49,1,0,0,0.1,0.009373,7.55161,435256
4773,2,9.94534,20,1,0,0,0.1,0.016577,7.54314,435277
4774,2,9.68807,106,1,0,0,0.1,0.01895,7.52149,435384
4775,2,9.88908,39,1,0,0,0.1,0.011895,7.5108,435424
4776,2,9.86814,46,1,0,0,0.1,0.011803,7.48645,435471
4777,2,9.89779,36,1,0,0,0.1,0.022612,7.5133,435508
4778,2,-1.075,25,0,1,0,0.1,0.011324,7.51181,435534
4779,2,9.85289,51,1,0,0,0.1,0.013577,7.52173,435586
4780,2,9.77771,76,1,0,0,0.1,0.014677,7.52866,435663
4781,2,9.87397,44,1,0,0,0.1,0.013925,7.52401,435708
4782,2,9.8378,56,1,0,0,0.1,0.012248,7.54651,435765
4783,2,9.88899,39,1,0,0,0.1,0.009762,7.52934,435805
4784,2,9.91627,30,1,0,0,0.1,0.013785,7.51557,435836
4785,2,9.93442,24,1,0,0,0.1,0.009486,7.54334,435861
4786,2,9.90698,33,1,0,0,0.1,0.019732,7.50611,435895
4787,2,9.83812,56,1,0,0,0.1,0.013477,7.51965,435952
4788,2,9.9129,31,1,0,0,0.1,0.00818,7.5477,435984
4789,2,9.92224,28,1,0,0,0.1,0.018433,7.52873,436013
4790,2,9.90727,33,1,0,0,0.1,0.015309,7.53008,436047
4791,2,9.85013,52,1,0,0,0.1,0.01435,7.50422,436100
4792,2,9.91301,31,1,0,0,0.1,0.011291,7.50761,436132
4793,2,9.85359,51,1,0,0,0.1,0.012802,7.52532,436184
4794,2,9.91598,30,1,0,0,0.1,0.014476,7.54896,436215
4795,2,9.92227,28,1,0,0,0.1,0.020771,7.56808,436244
4796,2,9.87369,44,1,0,0,0.1,0.017004,7.52536,436289
4797,2,9.88342,41,1,0,0,0.1,0.01872,7.5397,436331
4798,2,9.9278,26,1,0,0,0.1,0.016842,7.53459,436358
4799,2,9.89191,38,1,0,0,0.1,0.011333,7.53664,436397
4800,2,9.84974,52,1,0,0,0.1,0.017724,7.54143,436450
4801,2,9.80853,66,1,0,0,0.1,0.012522,7.52726,436517
4802,2,9.84088,55,1,0,0,0.1,0.014298,7.55716,436573
4803,2,9.79552,70,1,0,0,0.1,0.01439,7.54487,436644
4804,2,9.85915,49,1,0,0,0.1,0.017905,7.54049,436694
4805,2,9.90988,32,1,0,0,0.1,0.023626,7.5246,436727
4806,2,9.82898,59,1,0,0,0.1,0.011251,7.53147,436787
4807,2,9.82859,59,1,0,0,0.1,0.014017,7.51879,436847
4808,2,9.88868,39,1,0,0,0.1,0.012211,7.52632,436887
4809,2,9.93348,24,1,0,0,0.1,0.015553,7.55564,436912
4810,2,9.81033,65,1,0,0,0.1,0.014266,7.53554,436978
4811,2,9.82006,62,1,0,0,0.1,0.013605,7.52671,437041
4812,2,9.9217,28,1,0,0,0.1,0.014046,7.54755,437070
4813,2,9.7415,88,1,0,0,0.1,0.011689,7.54301,437159
4814,2,9.90718,33,1,0,0,0.1,0.018618,7.54141,437193
4815,2,9.88297,41,1,0,0,0.1,0.00939,7.55043,437235
4816,2,9.79888,69,1,0,0,0.1,0.018801,7.54453,437305
4817,2,9.93701,23,1,0,0,0.1,0.01462,7.54964,437329
4818,2,-1.078,26,0,1,0,0.1,0.012162,7.59986,437356
4819,2,9.85869,49,1,0,0,0.1,0.015577,7.54356,437406
4820,2,9.71846,96,1,0,0,0.1,0.009658,7.55331,437503
4821,2,9.92756,26,1,0,0,0.1,0.020548,7.53419,437530
4822,2,9.85299,51,1,0,0,0.1,0.010155,7.5314,437582
4823,2,9.80763,66,1,0,0,0.1,0.016492,7.53764,437649
4824,2,9.91568,30,1,0,0,0.1,0.023273,7.55616,437680
4825,2,9.77454,77,1,0,0,0.1,0.01167,7.55957,437758
4826,2,9.91878,29,1,0,0,0.1,0.014756,7.5793,437788
4827,2,9.838,56,1,0,0,0.1,0.014128,7.57,437845
4828,2,9.8315,58,1,0,0,0.1,0.010571,7.5654,437904
4829,2,9.75658,83,1,0,0,0.1,0.018944,7.51245,437988
4830,2,-1.009,3,0,1,0,0.1,0.002312,7.57619,437992
4831,2,9.84973,52,1,0,0,0.1,0.007408,7.53348,438045
4832,2,9.90354,34,1,0,0,0.1,0.016491,7.57098,438080
4833,2,9.86206,48,1,0,0,0.1,0.012557,7.5192,438129
4834,2,9.92482,27,1,0,0,0.1,0.012472,7.54896,438157
4835,2,9.85589,50,1,0,0,0.1,0.014137,7.54187,438208
4836,2,9.88574,40,1,0,0,0.1,0.013074,7.59099,438249
4837,2,9.83493,57,1,0,0,0.1,0.014624,7.5847,438307
4838,2,9.82278,61,1,0,0,0.1,0.012129,7.5661,438369
4839,2,9.91247,31,1,0,0,0.1,0.019588,7.55069,438401
4840,2,9.83541,57,1,0,0,0.1,0.011742,7.54183,438459
4841,2,9.93984,22,1,0,0,0.1,0.007991,7.54014,438482
4842,2,9.82005,62,1,0,0,0.1,0.016281,7.53162,438545
4843,2,9.81683,63,1,0,0,0.1,0.017018,7.56656,438609
4844,2,9.87966,42,1,0,0,0.1,0.010239,7.52671,438652
4845,2,9.9217,28,1,0,0,0.1,0.018696,7.54614,438681
4846,2,9.90512,34,1,0,0,0.1,0.014269,7.56672,438716
4847,2,9.92512,27,1,0,0,0.1,0.011346,7.54459,438744
4848,2,9.79333,71,1,0,0,0.1,0.013178,7.5422,438816
4849,2,9.85285,51,1,0,0,0.1,0.017098,7.5512,438868
4850,2,9.85269,51,1,0,0,0.1,0.013245,7.54357,438920
4851,2,9.89469,37,1,0,0,0.1,0.005635,7.54521,438958
4852,2,9.58899,139,1,0,0,0.1,0.01312,7.54052,439098
4853,2,9.92818,26,1,0,0,0.1,0.008669,7.60073,439125
4854,2,9.78656,73,1,0,0,0.1,0.012124,7.55897,439199
4855,2,9.84637,53,1,0,0,0.1,0.015006,7.5349,439253
4856,2,9.85316,51,1,0,0,0.1,0.018557,7.55233,439305
4857,2,9.83193,58,1,0,0,0.1,0.012403,7.55329,439364
4858,2,9.84078,55,1,0,0,0.1,0.01374,7.5738,439420
4859,2,-1.057,19,0,1,0,0.1,0.014656,7.58813,439440
4860,2,9.81399,64,1,0,0,0.1,0.012123,7.56633,439505
4861,2,9.87018,45,1,0,0,0.1,0.009053,7.60887,439551
4862,2,9.83478,57,1,0,0,0.1,0.011972,7.55861,439609
4863,2,9.90126,35,1,0,0,0.1,0.022288,7.58908,439645
4864,2,9.78701,73,1,0,0,0.1,0.014136,7.57311,439719
4865,2,9.78676,73,1,0,0,0.1,0.011759,7.5893,439793
4866,2,9.90456,34,1,0,0,0.1,0.014682,7.63074,439828
4867,2,9.84929,52,1,0,0,0.1,0.0138,7.57685,439881
4868,2,9.83445,57,1,0,0,0.1,0.010794,7.55619,439939
4869,2,9.83198,58,1,0,0,0.1,0.012326,7.57247,439998
4870,2,9.83812,56,1,0,0,0.1,0.011798,7.58538,440055
4871,2,9.81099,65,1,0,0,0.1,0.015282,7.6059,440121
4872,2,9.92856,26,1,0,0,0.1,0.021416,7.56441,440148
4873,2,9.92492,27,1,0,0,0.1,0.016838,7.59648,440176
4874,2,9.88867,39,1,0,0,0.1,0.019507,7.55361,440216
4875,2,9.85286,51,1,0,0,0.1,0.01885,7.57317,440268
4876,2,-1.06,20,0,1,0,0.1,0.003993,7.57137,440289
4877,2,9.91619,30,1,0,0,0.1,0.013618,7.59437,440320
4878,2,9.83784,56,1,0,0,0.1,0.012265,7.5521,440377
4879,2,9.91277,31,1,0,0,0.1,0.012953,7.53433,440409
4880,2,9.85268,51,1,0,0,0.1,0.013727,7.57046,440461
4881,2,-1.09,30,0,1,0,0.1,0.014637,7.59157,440492
4882,2,9.80538,67,1,0,0,0.1,0.010103,7.58,440560
4883,2,9.89136,38,1,0,0,0.1,0.01492,7.58967,440599
4884,2,9.77889,76,1,0,0,0.1,0.012097,7.58991,440676
4885,2,9.89803,36,1,0,0,0.1,0.006104,7.56395,440713
4886,2,9.87044,45,1,0,0,0.1,0.020665,7.60049,440759
4887,2,9.81731,63,1,0,0,0.1,0.013169,7.59289,440823
4888,2,9.90412,34,1,0,0,0.1,0.01447,7.57663,440858
4889,2,9.60987,132,1,0,0,0.1,0.013487,7.59217,440991
4890,2,9.84344,54,1,0,0,0.1,0.02383,7.54581,441046
4891,2,9.82,62,1,0,0,0.1,0.016196,7.5886,441109
4892,2,-1.162,54,0,1,0,0.1,0.006912,7.57404,441164
4893,2,9.92216,28,1,0,0,0.1,0.015564,7.57366,441193
4894,2,-1.114,38,0,1,0,0.1,0.01217,7.58965,441232
4895,2,9.8706,45,1,0,0,0.1,0.018145,7.57746,441278
4896,2,9.90975,32,1,0,0,0.1,0.018975,7.59745,441311
4897,2,9.87927,42,1,0,0,0.1,0.010921,7.5871,441354
4898,2,9.84425,54,1,0,0,0.1,0.009156,7.58802,441409
4899,2,9.81432,64,1,0,0,0.1,0.015811,7.55597,441474
4900,2,9.91,32,1,0,0,0.1,0.012311,7.59361,441507
4901,2,9.79903,69,1,0,0,0.1,0.016062,7.57587,441577
4902,2,9.847,53,1,0,0,0.1,0.020256,7.54302,441631
4903,2,9.92495,27,1,0,0,0.1,0.014697,7.58187,441659
4904,2,9.88898,39,1,0,0,0.1,0.014208,7.58423,441699
4905,2,9.79842,69,1,0,0,0.1,0.016125,7.5911,441769
4906,2,9.93932,22,1,0,0,0.1,0.011884,7.54202,441792
4907,2,9.85002,52,1,0,0,0.1,0.013122,7.58513,441845
4908,2,9.8914,38,1,0,0,0.1,0.010281,7.58281,441884
4909,2,9.91222,31,1,0,0,0.1,0.017565,7.59587,441916
4910,2,-1.027,9,0,1,0,0.1,0.02007,7.65901,441926
4911,2,9.88624,40,1,0,0,0.1,0.009136,7.58176,441967
4912,2,9.8377,56,1,0,0,0.1,0.017229,7.56621,442024
4913,2,9.80428,67,1,0,0,0.1,0.018911,7.54751,442092
4914,2,-1.159,53,0,1,0,0.1,0.012701,7.58335,442146
4915,2,9.91001,32,1,0,0,0.1,0.012993,7.60449,442179
4916,2,9.93688,23,1,0,0,0.1,0.00941,7.57671,442203
4917,2,9.84412,54,1,0,0,0.1,0.015265,7.605,442258
4918,2,9.89163,38,1,0,0,0.1,0.007314,7.57641,442297
4919,2,9.90682,33,1,0,0,0.1,0.011147,7.58495,442331
4920,2,9.79228,71,1,0,0,0.1,0.013479,7.57277,442403
4921,2,9.84688,53,1,0,0,0.1,0.018847,7.58983,442457
4922,2,-1.12,40,0,1,0,0.1,0.019351,7.55548,442498
4923,2,9.79873,69,1,0,0,0.1,0.011912,7.57962,442568
4924,2,9.92175,28,1,0,0,0.1,0.01488,7.60121,442597
4925,2,9.91857,29,1,0,0,0.1,0.011573,7.54331,442627
4926,2,9.88599,40,1,0,0,0.1,0.016484,7.58398,442668
4927,2,9.90054,35,1,0,0,0.1,0.010904,7.59272,442704
4928,2,-1.009,3,0,1,0,0.1,0.002595,7.62626,442708
4929,2,9.84401,54,1,0,0,0.1,0.008327,7.61062,442763
4930,2,9.80747,66,1,0,0,0.1,0.012247,7.59046,442830
4931,2,9.93638,23,1,0,0,0.1,0.015889,7.59427,442854
4932,2,9.91303,31,1,0,0,0.1,0.0093,7.61774,442886
4933,2,9.90412,34,1,0,0,0.1,0.010573,7.62279,442921
4934,2,9.92784,26,1,0,0,0.1,0.013598,7.57681,442948
4935,2,9.93117,25,1,0,0,0.1,0.005872,7.59017,442974
4936,2,9.86768,46,1,0,0,0.1,0.017604,7.57391,443021
4937,2,9.87131,45,1,0,0,0.1,0.012094,7.60399,443067
4938,2,9.80487,67,1,0,0,0.1,0.014495,7.60504,443135
4939,2,9.85003,52,1,0,0,0.1,0.017409,7.60784,443188
4940,2,9.79915,69,1,0,0,0.1,0.013491,7.61389,443258
4941,2,9.90991,32,1,0,0,0.1,0.022135,7.59883,443291
4942,2,9.85037,52,1,0,0,0.1,0.01348,7.59501,443344
4943,2,9.86728,46,1,0,0,0.1,0.017004,7.60254,443391
4944,2,9.78429,74,1,0,0,0.1,0.018802,7.62017,443466
4945,2,9.87427,44,1,0,0,0.1,0.012233,7.60693,443511
4946,2,9.92289,28,1,0,0,0.1,0.007636,7.58286,443540
4947,2,9.8918,38,1,0,0,0.1,0.016248,7.64085,443579
4948,2,9.83193,58,1,0,0,0.1,0.015605,7.54979,443638
4949,2,-1.129,43,0,1,0,0.1,0.014267,7.6193,443682
4950,2,9.89121,38,1,0,0,0.1,0.007669,7.55998,443721
4951,2,9.9218,28,1,0,0,0.1,0.020241,7.63907,443750
4952,2,9.79284,71,1,0,0,0.1,0.016567,7.57941,443822
4953,2,9.89455,37,1,0,0,0.1,0.017047,7.58345,443860
4954,2,-1.078,26,0,1,0,0.1,0.011413,7.6047,443887
4955,2,9.79624,70,1,0,0,0.1,0.019939,7.58366,443958
4956,2,9.90329,34,1,0,0,0.1,0.014436,7.56948,443993
4957,2,9.8861,40,1,0,0,0.1,0.018041,7.59597,444034
4958,2,9.91593,30,1,0,0,0.1,0.019589,7.58535,444065
4959,2,9.93691,23,1,0,0,0.1,0.0187,7.63083,444089
4960,2,9.92454,27,1,0,0,0.1,0.01728,7.56715,444117
4961,2,-1.09,30,0,1,0,0.1,0.012025,7.61556,444148
4962,2,9.94943,19,1,0,0,0.1,0.014812,7.60232,444168
4963,2,-1.084,28,0,1,0,0.1,0.014899,7.62332,444197
4964,2,9.93949,22,1,0,0,0.1,0.011493,7.62337,444220
4965,2,9.90988,32,1,0,0,0.1,0.012477,7.58744,444253
4966,2,9.82872,59,1,0,0,0.1,0.013564,7.56834,444313
4967,2,9.805,67,1,0,0,0.1,0.015981,7.59804,444381
4968,2,9.88598,40,1,0,0,0.1,0.015827,7.59741,444422
4969,2,9.86441,47,1,0,0,0.1,0.011803,7.64183,444470
4970,2,9.84657,53,1,0,0,0.1,0.009698,7.60676,444524
4971,2,9.90127,35,1,0,0,0.1,0.017571,7.61158,444560
4972,2,9.16894,279,1,0,0,0.1,0.013503,7.61377,444840
4973,2,9.84726,53,1,0,0,0.1,0.007238,7.6052,444894
4974,2,9.93988,22,1,0,0,0.1,0.021727,7.60922,444917
4975,2,9.93102,25,1,0,0,0.1,0.006884,7.61742,444943
4976,2,9.51728,163,1,0,0,0.1,0.013002,7.6047,445107
4977,2,-1.099,33,0,1,0,0.1,0.015236,7.62565,445141
4978,2,9.82602,60,1,0,0,0.1,0.009136,7.57692,445202
4979,2,9.87062,45,1,0,0,0.1,0.015287,7.61203,445248
4980,2,9.73556,90,1,0,0,0.1,0.015287,7.58742,445339
4981,2,9.81416,64,1,0,0,0.1,0.012317,7.62361,445404
4982,2,9.8977,36,1,0,0,0.1,0.019395,7.60314,445441
4983,2,9.83229,58,1,0,0,0.1,0.01706,7.60889,445500
4984,2,9.83522,57,1,0,0,0.1,0.018503,7.594,445558
4985,2,9.93978,22,1,0,0,0.1,0.009391,7.57614,445581
4986,2,9.77476,77,1,0,0,0.1,0.01042,7.57584,445659
4987,2,-1.102,34,0,1,0,0.1,0.013499,7.63077,445694
4988,2,9.85619,50,1,0,0,0.1,0.016333,7.63649,445745
4989,2,9.88257,41,1,0,0,0.1,0.011854,7.58882,445787
4990,2,9.85286,51,1,0,0,0.1,0.014117,7.61412,445839
4991,2,9.86842,46,1,0,0,0.1,0.017808,7.62483,445886
4992,2,9.77827,76,1,0,0,0.1,0.016326,7.6338,445963
4993,2,9.91003,32,1,0,0,0.1,0.012224,7.61412,445996
4994,2,9.86167,48,1,0,0,0.1,0.016227,7.61614,446045
4995,2,9.8706,45,1,0,0,0.1,0.025738,7.60845,446091
4996,2,9.89163,38,1,0,0,0.1,0.014989,7.63517,446130
4997,2,9.82262,61,1,0,0,0.1,0.023541,7.65874,446192
4998,2,-1.036,12,0,1,0,0.1,0.010975,7.65681,446205
4999,2,9.90968,32,1,0,0,0.1,0.013018,7.61738,446238
5000,2,9.74787,86,1,0,0,0.1,0.017193,7.63136,446325
5001,2,9.88863,39,1,0,0,0.1,0.018683,7.61851,446365
5002,2,9.90128,35,1,0,0,0.1,0.024243,7.60456,446401
5003,2,9.88605,40,1,0,0,0.1,0.015349,7.61471,446442
5004,2,-1.117,39,0,1,0,0.1,0.012074,7.62113,446482
5005,2,9.87075,45,1,0,0,0.1,0.01565,7.60733,446528
5006,2,9.84715,53,1,0,0,0.1,0.026598,7.5881,446582
5007,2,9.91003,32,1,0,0,0.1,0.019117,7.66044,446615
5008,2,9.865,47,1,0,0,0.1,0.00887,7.64824,446663
5009,2,9.87133,45,1,0,0,0.1,0.016682,7.62592,446709
5010,2,9.805,67,1,0,0,0.1,0.010116,7.61937,446777
5011,2,-1.057,19,0,1,0,0.1,0.01322,7.62372,446797
5012,2,9.79903,69,1,0,0,0.1,0.010691,7.61457,446867
5013,2,9.92501,27,1,0,0,0.1,0.010229,7.64287,446895
5014,2,9.92172,28,1,0,0,0.1,0.006511,7.6725,446924
5015,2,9.83461,57,1,0,0,0.1,0.014237,7.64483,446982
5016,2,9.87421,44,1,0,0,0.1,0.013197,7.67337,447027
5017,2,9.9399,22,1,0,0,0.1,0.009314,7.60751,447050
5018,2,9.84385,54,1,0,0,0.1,0.017178,7.66704,447105
5019,2,9.83772,56,1,0,0,0.1,0.007821,7.64472,447162
5020,2,9.89154,38,1,0,0,0.1,0.015916,7.64067,447201
5021,2,9.90102,35,1,0,0,0.1,0.020638,7.63209,447237
5022,2,9.88891,39,1,0,0,0.1,0.017562,7.64313,447277
5023,2,-1.06,20,0,1,0,0.1,0.010841,7.63168,447298
5024,2,9.83167,58,1,0,0,0.1,0.016639,7.59937,447357
5025,2,9.91033,32,1,0,0,0.1,0.014855,7.64441,447390
5026,2,9.93057,25,1,0,0,0.1,0.016158,7.59341,447416
5027,2,9.84769,53,1,0,0,0.1,0.015114,7.63235,447470
5028,2,9.94283,21,1,0,0,0.1,0.014676,7.6082,447492
5029,2,9.92188,28,1,0,0,0.1,0.018972,7.64932,447521
5030,2,9.81978,62,1,0,0,0.1,0.018618,7.63797,447584
5031,2,9.77838,76,1,0,0,0.1,0.014822,7.61109,447661
5032,2,-1.114,38,0,1,0,0.1,0.014327,7.61976,447700
5033,2,9.92127,28,1,0,0,0.1,0.009658,7.58267,447729
5034,2,-1.078,26,0,1,0,0.1,0.019437,7.60649,447756
5035,2,9.7121,98,1,0,0,0.1,0.015242,7.61882,447855
5036,2,9.8646,47,1,0,0,0.1,0.013255,7.67985,447903
5037,2,9.87384,44,1,0,0,0.1,0.015057,7.64777,447948
5038,2,9.77481,77,1,0,0,0.1,0.014537,7.64804,448026
5039,2,9.91601,30,1,0,0,0.1,0.004967,7.66227,448057
5040,2,9.87991,42,1,0,0,0.1,0.011492,7.6232,448100
5041,2,9.8407,55,1,0,0,0.1,0.015032,7.64588,448156
5042,2,9.88581,40,1,0,0,0.1,0.012202,7.62859,448197
5043,2,9.82862,59,1,0,0,0.1,0.010528,7.65843,448257
5044,2,9.91633,30,1,0,0,0.1,0.015682,7.6621,448288
5045,2,9.856,50,1,0,0,0.1,0.014546,7.66118,448339
5046,2,9.92458,27,1,0,0,0.1,0.014095,7.63961,448367
5047,2,9.82571,60,1,0,0,0.1,0.011432,7.62596,448428
5048,2,9.89802,36,1,0,0,0.1,0.014785,7.6496,448465
5049,2,9.92174,28,1,0,0,0.1,0.013238,7.66111,448494
5050,2,9.84098,55,1,0,0,0.1,0.018253,7.66609,448550
5051,2,9.86799,46,1,0,0,0.1,0.018134,7.66242,448597
5052,2,9.91295,31,1,0,0,0.1,0.020563,7.6565,448629
5053,2,9.862,48,1,0,0,0.1,0.011202,7.64243,448678
5054,2,9.90669,33,1,0,0,0.1,0.016234,7.66593,448712
5055,2,9.81993,62,1,0,0,0.1,0.021072,7.65741,448775
5056,2,9.88301,41,1,0,0,0.1,0.015137,7.65956,448817
5057,2,9.81126,65,1,0,0,0.1,0.014998,7.66833,448883
5058,2,9.84701,53,1,0,0,0.1,0.017785,7.65559,448937
5059,2,9.86495,47,1,0,0,0.1,0.017558,7.66534,448985
5060,2,9.83756,56,1,0,0,0.1,0.018793,7.63213,449042
5061,2,9.802,68,1,0,0,0.1,0.013961,7.64996,449111
5062,2,9.91299,31,1,0,0,0.1,0.012859,7.65987,449143
5063,2,9.84123,55,1,0,0,0.1,0.013741,7.67695,449199
5064,2,9.75373,84,1,0,0,0.1,0.013329,7.64597,449284
5065,2,9.87126,45,1,0,0,0.1,0.015172,7.63373,449330
5066,2,9.93107,25,1,0,0,0.1,0.015239,7.64293,449356
5067,2,-1.117,39,0,1,0,0.1,0.011752,7.66111,449396
5068,2,9.8741,44,1,0,0,0.1,0.011611,7.65705,449441
5069,2,9.90058,35,1,0,0,0.1,0.015944,7.63138,449477
5070,2,9.94312,21,1,0,0,0.1,0.010424,7.62386,449499
5071,2,9.90101,35,1,0,0,0.1,0.008696,7.66525,449535
5072,2,9.90384,34,1,0,0,0.1,0.017553,7.623,449570
5073,2,9.80802,66,1,0,0,0.1,0.014423,7.68017,449637
5074,2,9.89765,36,1,0,0,0.1,0.016807,7.67188,449674
5075,2,9.86419,47,1,0,0,0.1,0.00556,7.66583,449722
5076,2,9.90618,33,1,0,0,0.1,0.008019,7.65236,449756
5077,2,-1.111,37,0,1,0,0.1,0.014639,7.68419,449794
5078,2,9.87317,44,1,0,0,0.1,0.019352,7.66551,449839
5079,2,9.8466,53,1,0,0,0.1,0.013533,7.68233,449893
5080,2,9.84664,53,1,0,0,0.1,0.012803,7.65401,449947
5081,2,9.92778,26,1,0,0,0.1,0.032763,7.71505,449974
5082,2,9.83752,56,1,0,0,0.1,0.012237,7.69707,450031
5083,2,9.91946,29,1,0,0,0.1,0.016047,7.67863,450061
5084,2,9.85628,50,1,0,0,0.1,0.013736,7.71443,450112
5085,2,9.82294,61,1,0,0,0.1,0.014246,7.69836,450174
5086,2,9.93947,22,1,0,0,0.1,0.01013,7.65773,450197
5087,2,9.93132,25,1,0,0,0.1,0.01807,7.64892,450223
5088,2,9.85003,52,1,0,0,0.1,0.018745,7.65104,450276
5089,2,9.91297,31,1,0,0,0.1,0.008765,7.66501,450308
5090,2,9.59203,138,1,0,0,0.1,0.013153,7.66956,450447
5091,2,9.81748,63,1,0,0,0.1,0.013301,7.68651,450511
5092,2,9.89484,37,1,0,0,0.1,0.010539,7.64483,450549
5093,2,-1.123,41,0,1,0,0.1,0.012273,7.71739,450591
5094,2,9.93966,22,1,0,0,0.1,0.015252,7.70057,450614
5095,2,9.90676,33,1,0,0,0.1,0.010717,7.67607,450648
5096,2,9.92814,26,1,0,0,0.1,0.012183,7.67915,450675
5097,2,9.8859,40,1,0,0,0.1,0.016468,7.67503,450716
5098,2,9.9129,31,1,0,0,0.1,0.013416,7.67189,450748
5099,2,9.92469,27,1,0,0,0.1,0.012403,7.677,450776
5100,2,9.83203,58,1,0,0,0.1,0.015491,7.66685,450835
5101,2,9.82847,59,1,0,0,0.1,0.014871,7.6918,450895
5102,2,9.90339,34,1,0,0,0.1,0.008643,7.6916,450930
5103,2,9.82883,59,1,0,0,0.1,0.018229,7.65677,450990
5104,2,9.89231,38,1,0,0,0.1,0.013086,7.69761,451029
5105,2,9.89455,37,1,0,0,0.1,0.015628,7.65781,451067
5106,2,9.76583,80,1,0,0,0.1,0.017351,7.68243,451148
5107,2,9.92795,26,1,0,0,0.1,0.016311,7.69199,451175
5108,2,9.95126,18,1,0,0,0.1,0.012097,7.67297,451194
5109,2,9.89468,37,1,0,0,0.1,0.005258,7.67988,451232
5110,2,9.88599,40,1,0,0,0.1,0.011564,7.66722,451273
5111,2,9.82545,60,1,0,0,0.1,0.01193,7.67913,451334
5112,2,9.84714,53,1,0,0,0.1,0.016789,7.65205,451388
5113,2,9.88857,39,1,0,0,0.1,0.008956,7.68545,451428
5114,2,9.89542,37,1,0,0,0.1,0.019132,7.70692,451466
5115,2,9.91246,31,1,0,0,0.1,0.016514,7.68857,451498
5116,2,9.83157,58,1,0,0,0.1,0.013317,7.69902,451557
5117,2,9.77464,77,1,0,0,0.1,0.011131,7.68649,451635
5118,2,9.8855,40,1,0,0,0.1,0.015881,7.6815,451676
5119,2,9.86831,46,1,0,0,0.1,0.015643,7.71733,451723
5120,2,9.90744,33,1,0,0,0.1,0.00897,7.68264,451757
5121,2,9.80525,67,1,0,0,0.1,0.009762,7.71462,451825
5122,2,-1.045,15,0,1,0,0.1,0.009069,7.75027,451841
5123,2,9.84959,52,1,0,0,0.1,0.018113,7.66863,451894
5124,2,9.86809,46,1,0,0,0.1,0.020868,7.69459,451941
5125,2,9.75149,85,1,0,0,0.1,0.014294,7.70355,452027
5126,2,9.76304,81,1,0,0,0.1,0.012788,7.7273,452109
5127,2,9.9065,33,1,0,0,0.1,0.011904,7.71902,452143
5128,2,9.841,55,1,0,0,0.1,0.011573,7.70481,452199
5129,2,9.84399,54,1,0,0,0.1,0.015997,7.68561,452254
5130,2,9.87035,45,1,0,0,0.1,0.014462,7.69518,452300
5131,2,9.78936,72,1,0,0,0.1,0.013257,7.70591,452373
5132,2,9.89201,38,1,0,0,0.1,0.015704,7.74255,452412
5133,2,9.87661,43,1,0,0,0.1,0.015943,7.68873,452456
5134,2,9.88303,41,1,0,0,0.1,0.017447,7.68375,452498
5135,2,-1.114,38,0,1,0,0.1,0.017258,7.67382,452537
5136,2,9.8589,49,1,0,0,0.1,0.009138,7.69566,452587
5137,2,9.84999,52,1,0,0,0.1,0.012885,7.68907,452640
5138,2,9.78987,72,1,0,0,0.1,0.015867,7.6345,452713
5139,2,9.938,23,1,0,0,0.1,0.01305,7.71031,452737
5140,2,9.92219,28,1,0,0,0.1,0.011371,7.68441,452766
5141,2,9.82829,59,1,0,0,0.1,0.010306,7.68783,452826
5142,2,9.86528,47,1,0,0,0.1,0.012098,7.69218,452874
5143,2,9.85902,49,1,0,0,0.1,0.010959,7.70673,452924
5144,2,9.91022,32,1,0,0,0.1,0.017857,7.70704,452957
5145,2,9.93392,24,1,0,0,0.1,0.005609,7.68442,452982
5146,2,9.8495,52,1,0,0,0.1,0.024058,7.70665,453035
5147,2,9.81657,63,1,0,0,0.1,0.010737,7.70293,453099
5148,2,9.88559,40,1,0,0,0.1,0.012095,7.73444,453140
5149,2,9.442,188,1,0,0,0.1,0.01604,7.69302,453329
5150,2,9.87683,43,1,0,0,0.1,0.014902,7.7019,453373
5151,2,9.75969,82,1,0,0,0.1,0.010933,7.69274,453456
5152,2,9.79003,72,1,0,0,0.1,0.014099,7.7022,453529
5153,2,9.93678,23,1,0,0,0.1,0.015692,7.69878,453553
5154,2,9.90059,35,1,0,0,0.1,0.017383,7.68417,453589
5155,2,9.85321,51,1,0,0,0.1,0.008815,7.71223,453641
5156,2,-1.246,82,0,1,0,0.1,0.013111,7.69365,453724
5157,2,9.75066,85,1,0,0,0.1,0.012963,7.68273,453810
5158,2,-1.12,40,0,1,0,0.1,0.016951,7.68081,453851
5159,2,9.82006,62,1,0,0,0.1,0.017668,7.66146,453914
5160,2,-1.084,28,0,1,0,0.1,0.00893,7.72943,453943
5161,2,9.79282,71,1,0,0,0.1,0.016492,7.6927,454015
5162,2,9.83216,58,1,0,0,0.1,0.019959,7.68391,454074
5163,2,9.82259,61,1,0,0,0.1,0.01726,7.69504,454136
5164,2,9.93123,25,1,0,0,0.1,0.014364,7.70132,454162
5165,2,9.78731,73,1,0,0,0.1,0.016543,7.70113,454236
5166,2,9.88594,40,1,0,0,0.1,0.009717,7.70473,454277
5167,2,9.80467,67,1,0,0,0.1,0.019386,7.68907,454345
5168,2,-1.063,21,0,1,0,0.1,0.017552,7.63813,454367
5169,2,9.93708,23,1,0,0,0.1,0.01762,7.71385,454391
5170,2,9.84127,55,1,0,0,0.1,0.01046,7.70484,454447
5171,2,9.90699,33,1,0,0,0.1,0.012144,7.69866,454481
5172,2,9.89804,36,1,0,0,0.1,0.010825,7.69684,454518
5173,2,9.79597,70,1,0,0,0.1,0.015423,7.70247,454589
5174,2,-1.147,49,0,1,0,0.1,0.013411,7.68351,454639
5175,2,-1.03,10,0,1,0,0.1,0.003429,7.6174,454650
5176,2,9.77784,76,1,0,0,0.1,0.017233,7.70091,454727
5177,2,9.89783,36,1,0,0,0.1,0.022317,7.68187,454764
5178,2,9.93105,25,1,0,0,0.1,0.016469,7.67121,454790
5179,2,9.86478,47,1,0,0,0.1,0.013218,7.71788,454838
5180,2,9.87659,43,1,0,0,0.1,0.012318,7.69056,454882
5181,2,9.94619,20,1,0,0,0.1,0.015156,7.68066,454903
5182,2,9.80452,67,1,0,0,0.1,0.016856,7.69074,454971
5183,2,9.91054,32,1,0,0,0.1,0.0072,7.70015,455004
5184,2,9.9338,24,1,0,0,0.1,0.00728,7.69171,455029
5185,2,9.86522,47,1,0,0,0.1,0.010079,7.68764,455077
5186,2,9.80173,68,1,0,0,0.1,0.013636,7.72093,455146
5187,2,9.89448,37,1,0,0,0.1,0.009399,7.70437,455184
5188,2,-1.174,58,0,1,0,0.1,0.013675,7.69198,455243
5189,2,9.83216,58,1,0,0,0.1,0.011244,7.69154,455302
5190,2,9.8562,50,1,0,0,0.1,0.015798,7.69529,455353
5191,2,9.81958,62,1,0,0,0.1,0.015129,7.70816,455416
5192,2,9.84406,54,1,0,0,0.1,0.016332,7.70286,455471
5193,2,9.62201,128,1,0,0,0.1,0.015582,7.69459,455600
5194,2,9.86151,48,1,0,0,0.1,0.012096,7.70245,455649
5195,2,9.91035,32,1,0,0,0.1,0.011863,7.68071,455682
5196,2,9.9452,20,1,0,0,0.1,0.009455,7.71656,455703
5197,2,9.81383,64,1,0,0,0.1,0.023207,7.69845,455768
5198,2,9.86501,47,1,0,0,0.1,0.008908,7.69753,455816
5199,2,9.93703,23,1,0,0,0.1,0.004365,7.72196,455840
5200,2,9.84399,54,1,0,0,0.1,0.011092,7.6946,455895
5201,2,9.9279,26,1,0,0,0.1,0.026078,7.63194,455922
5202,2,9.84108,55,1,0,0,0.1,0.014036,7.70219,455978
5203,2,-1.021,7,0,1,0,0.1,0.007911,7.69563,455986
5204,2,9.88323,41,1,0,0,0.1,0.014757,7.68411,456028
5205,2,9.90703,33,1,0,0,0.1,0.015992,7.72617,456062
5206,2,9.92194,28,1,0,0,0.1,0.02293,7.63648,456091
5207,2,9.87374,44,1,0,0,0.1,0.010295,7.68507,456136
5208,2,9.80785,66,1,0,0,0.1,0.014065,7.69231,456203
5209,2,9.81448,64,1,0,0,0.1,0.022201,7.68823,456268
5210,2,9.80755,66,1,0,0,0.1,0.014428,7.67648,456335
5211,2,9.89213,38,1,0,0,0.1,0.020392,7.68867,456374
5212,2,9.86451,47,1,0,0,0.1,0.017347,7.66916,456422
5213,2,9.93949,22,1,0,0,0.1,0.010158,7.67573,456445
5214,2,9.91902,29,1,0,0,0.1,0.023213,7.70919,456475
5215,2,9.88854,39,1,0,0,0.1,0.010447,7.70305,456515
5216,2,9.90355,34,1,0,0,0.1,0.012798,7.72114,456550
5217,2,9.79288,71,1,0,0,0.1,0.013427,7.68861,456622
5218,2,9.92183,28,1,0,0,0.1,0.015824,7.72776,456651
5219,2,9.90365,34,1,0,0,0.1,0.018587,7.71945,456686
5220,2,-1.138,46,0,1,0,0.1,0.007749,7.73764,456733
5221,2,9.88332,41,1,0,0,0.1,0.009435,7.71836,456775
5222,2,9.89231,38,1,0,0,0.1,0.012392,7.73827,456814
5223,2,9.91307,31,1,0,0,0.1,0.018406,7.73046,456846
5224,2,9.83494,57,1,0,0,0.1,0.0095,7.73144,456904
5225,2,9.91928,29,1,0,0,0.1,0.005786,7.74795,456934
5226,2,9.91633,30,1,0,0,0.1,0.022917,7.74913,456965
5227,2,9.91289,31,1,0,0,0.1,0.013048,7.73015,456997
5228,2,9.90352,34,1,0,0,0.1,0.016728,7.73427,457032
5229,2,9.74531,87,1,0,0,0.1,0.015362,7.7222,457120
5230,2,9.90954,32,1,0,0,0.1,0.008846,7.74152,457153
5231,2,9.80786,66,1,0,0,0.1,0.012885,7.71968,457220
5232,2,9.86469,47,1,0,0,0.1,0.010739,7.73209,457268
5233,2,-1.348,116,0,1,0,0.1,0.013369,7.70575,457385
5234,2,-1.102,34,0,1,0,0.1,0.013743,7.72814,457420
5235,2,9.88118,42,1,0,0,0.1,0.009942,7.7107,457463
5236,2,9.82892,59,1,0,0,0.1,0.014351,7.73795,457523
5237,2,-1.207,69,0,1,0,0.1,0.012254,7.69486,457593
5238,2,9.93685,23,1,0,0,0.1,0.00777,7.74361,457617
5239,2,9.85872,49,1,0,0,0.1,0.014903,7.74641,457667
5240,2,9.93128,25,1,0,0,0.1,0.007501,7.75939,457693
5241,2,9.90055,35,1,0,0,0.1,0.018293,7.69284,457729
5242,2,9.90075,35,1,0,0,0.1,0.017482,7.73392,457765
5243,2,-1.048,16,0,1,0,0.1,0.010929,7.76148,457782
5244,2,9.86794,46,1,0,0,0.1,0.015292,7.72899,457829
5245,2,9.82628,60,1,0,0,0.1,0.015489,7.7145,457890
5246,2,9.89478,37,1,0,0,0.1,0.015892,7.68701,457928
5247,2,9.826,60,1,0,0,0.1,0.01407,7.7457,457989
5248,2,9.90727,33,1,0,0,0.1,0.018512,7.75775,458023
5249,2,9.88592,40,1,0,0,0.1,0.016874,7.73595,458064
5250,2,9.85897,49,1,0,0,0.1,0.012167,7.74564,458114
5251,2,9.80801,66,1,0,0,0.1,0.017413,7.73396,458181
5252,2,9.94293,21,1,0,0,0.1,0.028604,7.70719,458203
5253,2,9.93369,24,1,0,0,0.1,0.022003,7.70375,458228
5254,2,9.87732,43,1,0,0,0.1,0.014719,7.74829,458272
5255,2,9.86528,47,1,0,0,0.1,0.01665,7.71963,458320
5256,2,-1.027,9,0,1,0,0.1,0.007651,7.72052,458330
5257,2,9.766,80,1,0,0,0.1,0.022862,7.725,458411
5258,2,9.85243,51,1,0,0,0.1,0.01597,7.77241,458463
5259,2,9.88953,39,1,0,0,0.1,0.013577,7.7685,458503
5260,2,9.86198,48,1,0,0,0.1,0.015306,7.71235,458552
5261,2,9.86486,47,1,0,0,0.1,0.008601,7.73753,458600
5262,2,9.90998,32,1,0,0,0.1,0.010871,7.7533,458633
5263,2,9.89482,37,1,0,0,0.1,0.011479,7.73304,458671
5264,2,9.88273,41,1,0,0,0.1,0.00996,7.75306,458713
5265,2,9.79042,72,1,0,0,0.1,0.01149,7.75168,458786
5266,2,9.85896,49,1,0,0,0.1,0.01588,7.78742,458836
5267,2,-1.153,51,0,1,0,0.1,0.00969,7.74802,458888
5268,2,9.75743,83,1,0,0,0.1,0.015427,7.77325,458972
5269,2,9.87091,45,1,0,0,0.1,0.016348,7.76007,459018
5270,2,9.85634,50,1,0,0,0.1,0.018052,7.73337,459069
5271,2,9.86169,48,1,0,0,0.1,0.015433,7.7602,459118
5272,2,9.84421,54,1,0,0,0.1,0.01374,7.74618,459173
5273,2,9.92477,27,1,0,0,0.1,0.012732,7.75097,459201
5274,2,9.79304,71,1,0,0,0.1,0.014951,7.74135,459273
5275,2,9.78718,73,1,0,0,0.1,0.01504,7.78182,459347
5276,2,9.88581,40,1,0,0,0.1,0.015228,7.78398,459388
5277,2,9.81355,64,1,0,0,0.1,0.01775,7.73723,459453
5278,2,9.29818,236,1,0,0,0.1,0.012805,7.73793,459690
5279,2,9.83842,56,1,0,0,0.1,0.015488,7.75724,459747
5280,2,9.85898,49,1,0,0,0.1,0.010218,7.75362,459797
5281,2,9.93127,25,1,0,0,0.1,0.011008,7.74694,459823
5282,2,9.8586,49,1,0,0,0.1,0.011986,7.74763,459873
5283,2,9.89802,36,1,0,0,0.1,0.013371,7.73954,459910
5284,2,9.87057,45,1,0,0,0.1,0.013072,7.73935,459956
5285,2,9.8349,57,1,0,0,0.1,0.01369,7.75453,460014
5286,2,9.90402,34,1,0,0,0.1,0.009369,7.75746,460049
5287,2,9.87981,42,1,0,0,0.1,0.0103,7.76329,460092
5288,2,9.8862,40,1,0,0,0.1,0.01718,7.77545,460133
5289,2,9.89773,36,1,0,0,0.1,0.009677,7.77396,460170
5290,2,9.8736,44,1,0,0,0.1,0.010825,7.76279,460215
5291,2,9.85919,49,1,0,0,0.1,0.00971,7.75595,460265
5292,2,9.91303,31,1,0,0,0.1,0.013303,7.79161,460297
5293,2,9.81627,63,1,0,0,0.1,0.012813,7.78688,460361
5294,2,9.83185,58,1,0,0,0.1,0.018234,7.79114,460420
5295,2,9.8072,66,1,0,0,0.1,0.013701,7.76871,460487
5296,2,9.87118,45,1,0,0,0.1,0.010976,7.78281,460533
5297,2,-1.063,21,0,1,0,0.1,0.029694,7.78806,460555
5298,2,9.87923,42,1,0,0,0.1,0.0137,7.78142,460598
5299,2,9.85266,51,1,0,0,0.1,0.01256,7.7866,460650
5300,2,9.81728,63,1,0,0,0.1,0.015404,7.78459,460714
5301,2,9.86833,46,1,0,0,0.1,0.013449,7.77079,460761
5302,2,9.78076,75,1,0,0,0.1,0.018905,7.76011,460837
5303,2,9.86179,48,1,0,0,0.1,0.01031,7.79558,460886
5304,2,9.76603,80,1,0,0,0.1,0.012136,7.77648,460967
5305,2,9.81411,64,1,0,0,0.1,0.012137,7.79499,461032
5306,2,9.88846,39,1,0,0,0.1,0.010442,7.77867,461072
5307,2,9.93627,23,1,0,0,0.1,0.009766,7.77033,461096
5308,2,9.86782,46,1,0,0,0.1,0.014303,7.77656,461143
5309,2,-1.096,32,0,1,0,0.1,0.018566,7.78635,461176
5310,2,9.94257,21,1,0,0,0.1,0.011043,7.77192,461198
5311,2,9.81121,65,1,0,0,0.1,0.010412,7.76103,461264
5312,2,-1.03,10,0,1,0,0.1,0.012985,7.77934,461275
5313,2,9.90101,35,1,0,0,0.1,0.01503,7.76577,461311
5314,2,9.91831,29,1,0,0,0.1,0.007905,7.7954,461341
5315,2,9.94003,22,1,0,0,0.1,0.015515,7.81276,461364
5316,2,9.92473,27,1,0,0,0.1,0.012804,7.75109,461392
5317,2,9.82574,60,1,0,0,0.1,0.013425,7.78627,461453
5318,2,9.86742,46,1,0,0,0.1,0.012303,7.79735,461500
5319,2,9.88269,41,1,0,0,0.1,0.007636,7.80919,461542
5320,2,9.94269,21,1,0,0,0.1,0.009931,7.76398,461564
5321,2,9.81682,63,1,0,0,0.1,0.014393,7.79432,461628
5322,2,9.73883,89,1,0,0,0.1,0.015902,7.7847,461718
5323,2,9.91235,31,1,0,0,0.1,0.014119,7.74686,461750
5324,2,-1.06,20,0,1,0,0.1,0.005844,7.78977,461771
5325,2,9.92196,28,1,0,0,0.1,0.031653,7.80221,461800
5326,2,9.8946,37,1,0,0,0.1,0.00615,7.78629,461838
5327,2,9.9273,26,1,0,0,0.1,0.014191,7.78646,461865
5328,2,9.94291,21,1,0,0,0.1,0.019745,7.78907,461887
5329,2,9.84665,53,1,0,0,0.1,0.014327,7.80258,461941
5330,2,9.91595,30,1,0,0,0.1,0.013103,7.80634,461972
5331,2,-1.057,19,0,1,0,0.1,0.010695,7.80561,461992
5332,2,9.9488,19,1,0,0,0.1,0.007996,7.7667,462012
5333,2,9.89744,36,1,0,0,0.1,0.017095,7.77069,462049
5334,2,-1.075,25,0,1,0,0.1,0.017506,7.77867,462075
5335,2,9.79269,71,1,0,0,0.1,0.014769,7.76294,462147
5336,2,9.88561,40,1,0,0,0.1,0.013284,7.78782,462188
5337,2,9.9096,32,1,0,0,0.1,0.016308,7.74524,462221
5338,2,9.88254,41,1,0,0,0.1,0.008845,7.75795,462263
5339,2,9.80825,66,1,0,0,0.1,0.009393,7.79975,462330
5340,2,9.84697,53,1,0,0,0.1,0.012787,7.77167,462384
5341,2,9.9246,27,1,0,0,0.1,0.006723,7.81771,462412
5342,2,9.76263,81,1,0,0,0.1,0.010967,7.81284,462494
5343,2,9.90432,34,1,0,0,0.1,0.019652,7.79045,462529
5344,2,9.93393,24,1,0,0,0.1,0.013359,7.81756,462554
5345,2,-1.651,217,0,1,0,0.1,0.012935,7.7898,462772
5346,2,9.87102,45,1,0,0,0.1,0.021156,7.8102,462818
5347,2,9.92278,28,1,0,0,0.1,0.009889,7.82332,462847
5348,2,9.86801,46,1,0,0,0.1,0.017354,7.77376,462894
5349,2,9.87669,43,1,0,0,0.1,0.020112,7.8144,462938
5350,2,9.8556,50,1,0,0,0.1,0.017626,7.79478,462989
5351,2,9.79582,70,1,0,0,0.1,0.00995,7.78408,463060
5352,2,9.83199,58,1,0,0,0.1,0.013573,7.79793,463119
5353,2,-1.213,71,0,1,0,0.1,0.019108,7.78289,463191
5354,2,9.91039,32,1,0,0,0.1,0.014287,7.82077,463224
5355,2,9.84451,54,1,0,0,0.1,0.011375,7.79376,463279
5356,2,9.82301,61,1,0,0,0.1,0.014272,7.78954,463341
5357,2,9.94282,21,1,0,0,0.1,0.016583,7.8467,463363
5358,2,-1.015,5,0,1,0,0.1,0.00957,7.82615,463369
5359,2,9.82608,60,1,0,0,0.1,0.012758,7.79844,463430
5360,2,9.76857,79,1,0,0,0.1,0.009814,7.77894,463510
5361,2,9.91908,29,1,0,0,0.1,0.016673,7.79133,463540
5362,2,9.90702,33,1,0,0,0.1,0.012162,7.78663,463574
5363,2,9.9186,29,1,0,0,0.1,0.020464,7.78825,463604
5364,2,9.85224,51,1,0,0,0.1,0.006222,7.8225,463656
5365,2,9.93126,25,1,0,0,0.1,0.015197,7.79886,463682
5366,2,9.92175,28,1,0,0,0.1,0.013839,7.8039,463711
5367,2,9.93411,24,1,0,0,0.1,0.012481,7.79766,463736
5368,2,9.82568,60,1,0,0,0.1,0.017061,7.77188,463797
5369,2,9.79047,72,1,0,0,0.1,0.014732,7.79413,463870
5370,2,9.95182,18,1,0,0,0.1,0.015447,7.83474,463889
5371,2,9.88583,40,1,0,0,0.1,0.01274,7.81886,463930
5372,2,9.94583,20,1,0,0,0.1,0.013986,7.80468,463951
5373,2,9.88558,40,1,0,0,0.1,0.010659,7.83994,463992
5374,2,9.89168,38,1,0,0,0.1,0.010803,7.79034,464031
5375,2,-1.012,4,0,1,0,0.1,0.001992,7.79447,464036
5376,2,9.87695,43,1,0,0,0.1,0.012514,7.8021,464080
5377,2,9.88225,41,1,0,0,0.1,0.015509,7.83321,464122
5378,2,9.90724,33,1,0,0,0.1,0.010004,7.79653,464156
5379,2,9.82251,61,1,0,0,0.1,0.012849,7.81678,464218
5380,2,9.86752,46,1,0,0,0.1,0.018128,7.79402,464265
5381,2,9.89765,36,1,0,0,0.1,0.010963,7.80413,464302
5382,2,9.88262,41,1,0,0,0.1,0.020751,7.80802,464344
5383,2,9.87118,45,1,0,0,0.1,0.018594,7.80191,464390
5384,2,-1.201,67,0,1,0,0.1,0.010748,7.82024,464458
5385,2,-1.123,41,0,1,0,0.1,0.012761,7.78252,464500
5386,2,-1.219,73,0,1,0,0.1,0.012245,7.76799,464574
5387,2,9.88548,40,1,0,0,0.1,0.009606,7.81261,464615
5388,2,-1.138,46,0,1,0,0.1,0.010822,7.79821,464662
5389,2,9.86481,47,1,0,0,0.1,0.009203,7.79564,464710
5390,2,9.81708,63,1,0,0,0.1,0.013225,7.82009,464774
5391,2,9.88326,41,1,0,0,0.1,0.012101,7.7908,464816
5392,2,9.88867,39,1,0,0,0.1,0.016311,7.81995,464856
5393,2,9.82614,60,1,0,0,0.1,0.014005,7.7984,464917
5394,2,9.78433,74,1,0,0,0.1,0.010314,7.79811,464992
5395,2,9.79272,71,1,0,0,0.1,0.013239,7.80221,465064
5396,2,9.88236,41,1,0,0,0.1,0.014646,7.80811,465106
5397,2,9.75694,83,1,0,0,0.1,0.020318,7.78289,465190
5398,2,9.89229,38,1,0,0,0.1,0.011788,7.79783,465229
5399,2,8.92318,361,1,0,0,0.1,0.013597,7.79242,465591
5400,2,9.92242,28,1,0,0,0.1,0.006931,7.81119,465620
5401,2,9.83467,57,1,0,0,0.1,0.014001,7.78833,465678
5402,2,9.87418,44,1,0,0,0.1,0.010298,7.77514,465723
5403,2,9.86211,48,1,0,0,0.1,0.014195,7.81507,465772
5404,2,9.86748,46,1,0,0,0.1,0.016222,7.81728,465819
5405,2,9.76552,80,1,0,0,0.1,0.016132,7.80985,465900
5406,2,9.79523,70,1,0,0,0.1,0.016598,7.77676,465971
5407,2,9.8173,63,1,0,0,0.1,0.015918,7.79416,466035
5408,2,9.78974,72,1,0,0,0.1,0.010253,7.80548,466108
5409,2,9.9277,26,1,0,0,0.1,0.016329,7.83278,466135
5410,2,9.82885,59,1,0,0,0.1,0.018714,7.78026,466195
5411,2,9.87418,44,1,0,0,0.1,0.014997,7.8202,466240
5412,2,9.88891,39,1,0,0,0.1,0.015006,7.80332,466280
5413,2,9.78695,73,1,0,0,0.1,0.010908,7.80607,466354
5414,2,9.83166,58,1,0,0,0.1,0.016316,7.80269,466413
5415,2,9.91253,31,1,0,0,0.1,0.011126,7.77573,466445
5416,2,9.79055,72,1,0,0,0.1,0.014316,7.80241,466518
5417,2,9.9099,32,1,0,0,0.1,0.019301,7.81511,466551
5418,2,9.85595,50,1,0,0,0.1,0.018346,7.83493,466602
5419,2,9.92815,26,1,0,0,0.1,0.012381,7.82334,466629
5420,2,9.86193,48,1,0,0,0.1,0.011483,7.83629,466678
5421,2,9.86767,46,1,0,0,0.1,0.014214,7.82167,466725
5422,2,9.4868,173,1,0,0,0.1,0.010869,7.81664,466899
5423,2,9.76608,80,1,0,0,0.1,0.015808,7.84143,466980
5424,2,9.78421,74,1,0,0,0.1,0.009116,7.81125,467055
5425,2,9.90658,33,1,0,0,0.1,0.01105,7.86334,467089
5426,2,9.82574,60,1,0,0,0.1,0.016347,7.84461,467150
5427,2,9.88583,40,1,0,0,0.1,0.014172,7.82602,467191
5428,2,9.84115,55,1,0,0,0.1,0.013788,7.84206,467247
5429,2,9.85002,52,1,0,0,0.1,0.013823,7.81879,467300
5430,2,9.74469,87,1,0,0,0.1,0.010619,7.82037,467388
5431,2,9.81982,62,1,0,0,0.1,0.018116,7.79952,467451
5432,2,9.90127,35,1,0,0,0.1,0.012609,7.80662,467487
5433,2,9.78672,73,1,0,0,0.1,0.012852,7.82528,467561
5434,2,9.91948,29,1,0,0,0.1,0.019351,7.81936,467591
5435,2,-1.2,400,0,0,1,0.1,0.013825,7.82534,467991
5436,2,9.90382,34,1,0,0,0.1,0.011099,7.81114,468026
5437,2,9.81725,63,1,0,0,0.1,0.023072,7.82373,468090
5438,2,9.87683,43,1,0,0,0.1,0.014138,7.81849,468134
5439,2,9.86447,47,1,0,0,0.1,0.014977,7.82473,468182
5440,2,9.81403,64,1,0,0,0.1,0.014639,7.81803,468247
5441,2,9.83514,57,1,0,0,0.1,0.016081,7.81838,468305
5442,2,9.86235,48,1,0,0,0.1,0.014962,7.82806,468354
5443,2,9.84416,54,1,0,0,0.1,0.01723,7.81822,468409
5444,2,9.86142,48,1,0,0,0.1,0.012533,7.79737,468458
5445,2,9.92787,26,1,0,0,0.1,0.016881,7.84586,468485
5446,2,9.85626,50,1,0,0,0.1,0.013583,7.83486,468536
5447,2,9.79933,69,1,0,0,0.1,0.008771,7.82526,468606
5448,2,9.84123,55,1,0,0,0.1,0.016377,7.81279,468662
5449,2,9.93072,25,1,0,0,0.1,0.010636,7.83321,468688
5450,2,9.57368,144,1,0,0,0.1,0.013915,7.82546,468833
5451,2,9.90988,32,1,0,0,0.1,0.017098,7.86147,468866
5452,2,9.91626,30,1,0,0,0.1,0.015298,7.82411,468897
5453,2,9.90387,34,1,0,0,0.1,0.011956,7.84153,468932
5454,2,-1.174,58,0,1,0,0.1,0.015316,7.82787,468991
5455,2,9.82896,59,1,0,0,0.1,0.012287,7.84929,469051
5456,2,9.79584,70,1,0,0,0.1,0.013639,7.84033,469122
5457,2,-1.261,87,0,1,0,0.1,0.012765,7.81972,469210
5458,2,9.95125,18,1,0,0,0.1,0.011759,7.82345,469229
5459,2,9.92294,28,1,0,0,0.1,0.01153,7.83669,469258
5460,2,9.90057,35,1,0,0,0.1,0.007485,7.8169,469294
5461,2,9.91607,30,1,0,0,0.1,0.004656,7.82435,469325
5462,2,9.92792,26,1,0,0,0.1,0.023523,7.83317,469352
5463,2,9.88565,40,1,0,0,0.1,0.00938,7.78918,469393
5464,2,9.87965,42,1,0,0,0.1,0.012433,7.83019,469436
5465,2,9.92525,27,1,0,0,0.1,0.01333,7.85159,469464
5466,2,-1.072,24,0,1,0,0.1,0.012202,7.83765,469489
5467,2,9.82569,60,1,0,0,0.1,0.015047,7.83714,469550
5468,2,9.78383,74,1,0,0,0.1,0.012984,7.83766,469625
5469,2,9.89779,36,1,0,0,0.1,0.014022,7.81203,469662
5470,2,9.82628,60,1,0,0,0.1,0.017715,7.81962,469723
5471,2,9.8376,56,1,0,0,0.1,0.014388,7.80486,469780
5472,2,9.84078,55,1,0,0,0.1,0.015457,7.8479,469836
5473,2,9.78981,72,1,0,0,0.1,0.013277,7.82964,469909
5474,2,9.91295,31,1,0,0,0.1,0.010313,7.83015,469941
5475,2,9.91851,29,1,0,0,0.1,0.015772,7.81574,469971
5476,2,9.81967,62,1,0,0,0.1,0.012167,7.84458,470034
5477,2,9.8647,47,1,0,0,0.1,0.016961,7.83972,470082
5478,2,9.78071,75,1,0,0,0.1,0.015809,7.82079,470158
5479,2,9.93404,24,1,0,0,0.1,0.014974,7.8079,470183
5480,2,9.8922,38,1,0,0,0.1,0.015812,7.8028,470222
5481,2,9.82245,61,1,0,0,0.1,0.014428,7.85217,470284
5482,2,9.87708,43,1,0,0,0.1,0.015715,7.84614,470328
5483,2,9.853,51,1,0,0,0.1,0.014809,7.85474,470380
5484,2,9.90988,32,1,0,0,0.1,0.01043,7.83495,470413
5485,2,9.88276,41,1,0,0,0.1,0.010794,7.83935,470455
5486,2,9.83781,56,1,0,0,0.1,0.011238,7.83957,470512
5487,2,9.93333,24,1,0,0,0.1,0.024595,7.80795,470537
5488,2,9.9336,24,1,0,0,0.1,0.012027,7.8426,470562
5489,2,9.77464,77,1,0,0,0.1,0.012695,7.83689,470640
5490,2,9.91558,30,1,0,0,0.1,0.007964,7.83886,470671
5491,2,-1.066,22,0,1,0,0.1,0.010154,7.841,470694
5492,2,9.93986,22,1,0,0,0.1,0.016009,7.86783,470717
5493,2,-1.072,24,0,1,0,0.1,0.017592,7.81012,470742
5494,2,9.88905,39,1,0,0,0.1,0.006242,7.80014,470782
5495,2,9.88603,40,1,0,0,0.1,0.01479,7.79536,470823
5496,2,9.55558,150,1,0,0,0.1,0.012117,7.82796,470974
5497,2,9.89117,38,1,0,0,0.1,0.018521,7.84719,471013
5498,2,9.86458,47,1,0,0,0.1,0.016964,7.83231,471061
5499,2,-1.126,42,0,1,0,0.1,0.015585,7.81061,471104
5500,2,9.49022,172,1,0,0,0.1,0.017495,7.82009,471277
5501,2,9.86477,47,1,0,0,0.1,0.017509,7.81782,471325
5502,2,9.72412,94,1,0,0,0.1,0.013214,7.80813,471420
5503,2,9.85595,50,1,0,0,0.1,0.019333,7.80164,471471
5504,2,9.84933,52,1,0,0,0.1,0.015931,7.84494,471524
5505,2,9.87982,42,1,0,0,0.1,0.01669,7.83028,471567
5506,2,9.81135,65,1,0,0,0.1,0.012832,7.81325,471633
5507,2,9.8743,44,1,0,0,0.1,0.009016,7.83546,471678
5508,2,9.84984,52,1,0,0,0.1,0.010638,7.82387,471731
5509,2,-1.219,73,0,1,0,0.1,0.01013,7.84098,471805
5510,2,9.91568,30,1,0,0,0.1,0.012636,7.85661,471836
5511,2,9.9186,29,1,0,0,0.1,0.017102,7.87612,471866
5512,2,9.93703,23,1,0,0,0.1,0.015157,7.86439,471890
5513,2,-1.018,6,0,1,0,0.1,0.011436,7.81805,471897
5514,2,9.88242,41,1,0,0,0.1,0.012155,7.85405,471939
5515,2,9.8916,38,1,0,0,0.1,0.017421,7.86799,471978
5516,2,9.92211,28,1,0,0,0.1,0.007721,7.84917,472007
5517,2,9.89782,36,1,0,0,0.1,0.009648,7.84742,472044
5518,2,9.83802,56,1,0,0,0.1,0.016392,7.8295,472101
5519,2,9.84959,52,1,0,0,0.1,0.013785,7.84014,472154
5520,2,9.86493,47,1,0,0,0.1,0.015264,7.81743,472202
5521,2,9.86731,46,1,0,0,0.1,0.020084,7.82169,472249
5522,2,9.94327,21,1,0,0,0.1,0.010269,7.79959,472271
5523,2,9.87969,42,1,0,0,0.1,0.013175,7.80336,472314
5524,2,9.87986,42,1,0,0,0.1,0.011569,7.8653,472357
5525,2,9.77471,77,1,0,0,0.1,0.015937,7.84948,472435
5526,2,9.84422,54,1,0,0,0.1,0.011892,7.83919,472490
5527,2,9.81074,65,1,0,0,0.1,0.008874,7.81303,472556
5528,2,-1.2,400,0,0,1,0.1,0.012567,7.82174,472956
5529,2,9.88901,39,1,0,0,0.1,0.018123,7.82754,472996
5530,2,-1.069,23,0,1,0,0.1,0.015,7.81827,473020
5531,2,9.79005,72,1,0,0,0.1,0.009024,7.83724,473093
5532,2,9.93127,25,1,0,0,0.1,0.00769,7.77635,473119
5533,2,9.90076,35,1,0,0,0.1,0.016175,7.80909,473155
5534,2,9.85002,52,1,0,0,0.1,0.00909,7.82578,473208
5535,2,9.90428,34,1,0,0,0.1,0.009822,7.80226,473243
5536,2,9.89768,36,1,0,0,0.1,0.009425,7.78344,473280
5537,2,9.87703,43,1,0,0,0.1,0.011354,7.80151,473324
5538,2,9.79049,72,1,0,0,0.1,0.009783,7.81106,473397
5539,2,9.87433,44,1,0,0,0.1,0.017756,7.82218,473442
5540,2,9.81087,65,1,0,0,0.1,0.008536,7.81838,473508
5541,2,9.89482,37,1,0,0,0.1,0.005895,7.78653,473546
5542,2,9.89751,36,1,0,0,0.1,0.014821,7.82716,473583
5543,2,9.91301,31,1,0,0,0.1,0.018891,7.79267,473615
5544,2,9.83584,57,1,0,0,0.1,0.011679,7.81249,473673
5545,2,9.92514,27,1,0,0,0.1,0.010907,7.83952,473701
5546,2,-1.051,17,0,1,0,0.1,0.026962,7.81141,473719
5547,2,9.9432,21,1,0,0,0.1,0.017744,7.81133,473741
5548,2,9.90392,34,1,0,0,0.1,0.008102,7.79357,473776
5549,2,9.85864,49,1,0,0,0.1,0.01503,7.80682,473826
5550,2,9.89755,36,1,0,0,0.1,0.01918,7.76932,473863
5551,2,9.76568,80,1,0,0,0.1,0.01428,7.81446,473944
5552,2,-1.102,34,0,1,0,0.1,0.017274,7.79526,473979
5553,2,9.64275,121,1,0,0,0.1,0.010582,7.82681,474101
5554,2,9.74469,87,1,0,0,0.1,0.014358,7.80511,474189
5555,2,9.93345,24,1,0,0,0.1,0.01941,7.82644,474214
5556,2,9.90027,35,1,0,0,0.1,0.011932,7.78673,474250
5557,2,9.93774,23,1,0,0,0.1,0.019723,7.76789,474274
5558,2,9.85599,50,1,0,0,0.1,0.016823,7.80137,474325
5559,2,9.9188,29,1,0,0,0.1,0.01695,7.81145,474355
5560,2,9.79319,71,1,0,0,0.1,0.009501,7.81107,474427
5561,2,9.92502,27,1,0,0,0.1,0.017006,7.80175,474455
5562,2,9.91004,32,1,0,0,0.1,0.007543,7.84672,474488
5563,2,-1.117,39,0,1,0,0.1,0.00849,7.83493,474528
5564,2,9.90084,35,1,0,0,0.1,0.017033,7.83634,474564
5565,2,9.9126,31,1,0,0,0.1,0.016709,7.79817,474596
5566,2,9.78452,74,1,0,0,0.1,0.015696,7.81816,474671
5567,2,9.7604,82,1,0,0,0.1,0.018036,7.81984,474754
5568,2,9.93397,24,1,0,0,0.1,0.011244,7.82449,474779
5569,2,9.86807,46,1,0,0,0.1,0.010729,7.80639,474826
5570,2,9.85303,51,1,0,0,0.1,0.013726,7.80961,474878
5571,2,9.82912,59,1,0,0,0.1,0.016165,7.82164,474938
5572,2,9.78957,72,1,0,0,0.1,0.013743,7.83427,475011
5573,2,9.87094,45,1,0,0,0.1,0.011008,7.84456,475057
5574,2,9.55897,149,1,0,0,0.1,0.014677,7.81131,475207
5575,2,9.93653,23,1,0,0,0.1,0.017315,7.82468,475231
5576,2,9.86795,46,1,0,0,0.1,0.013711,7.77702,475278
5577,2,9.91583,30,1,0,0,0.1,0.003492,7.82258,475309
5578,2,9.85905,49,1,0,0,0.1,0.013972,7.84372,475359
5579,2,9.88869,39,1,0,0,0.1,0.010004,7.83418,475399
5580,2,9.89807,36,1,0,0,0.1,0.014955,7.81904,475436
5581,2,9.93983,22,1,0,0,0.1,0.010481,7.84401,475459
5582,2,9.7513,85,1,0,0,0.1,0.015827,7.83964,475545
5583,2,9.89143,38,1,0,0,0.1,0.013913,7.8111,475584
5584,2,9.91827,29,1,0,0,0.1,0.01731,7.82331,475614
5585,2,9.92472,27,1,0,0,0.1,0.005998,7.7862,475642
5586,2,9.72061,95,1,0,0,0.1,0.01011,7.81961,475738
5587,2,9.86483,47,1,0,0,0.1,0.013545,7.83028,475786
5588,2,9.94559,20,1,0,0,0.1,0.013664,7.85011,475807
5589,2,9.95203,18,1,0,0,0.1,0.00861,7.81342,475826
5590,2,9.81441,64,1,0,0,0.1,0.016863,7.82706,475891
5591,2,9.92488,27,1,0,0,0.1,0.014986,7.77064,475919
5592,2,-1.534,178,0,1,0,0.1,0.011929,7.81218,476098
5593,2,9.90983,32,1,0,0,0.1,0.017212,7.80011,476131
5594,2,-1.033,11,0,1,0,0.1,0.015216,7.79834,476143
5595,2,9.80185,68,1,0,0,0.1,0.016251,7.80357,476212
5596,2,9.38728,206,1,0,0,0.1,0.01115,7.81772,476419
5597,2,9.86782,46,1,0,0,0.1,0.016058,7.80377,476466
5598,2,9.74479,87,1,0,0,0.1,0.011525,7.78561,476554
5599,2,9.85901,49,1,0,0,0.1,0.012699,7.81782,476604
5600,2,9.88,42,1,0,0,0.1,0.015422,7.80146,476647
5601,2,9.30086,235,1,0,0,0.1,0.011119,7.80082,476883
5602,2,9.9098,32,1,0,0,0.1,0.013159,7.85534,476916
5603,2,9.86216,48,1,0,0,0.1,0.017195,7.81816,476965
5604,2,9.78656,73,1,0,0,0.1,0.012539,7.833,477039
5605,2,9.8466,53,1,0,0,0.1,0.010819,7.82155,477093
5606,2,9.87381,44,1,0,0,0.1,0.018368,7.81026,477138
5607,2,9.89547,37,1,0,0,0.1,0.014754,7.82053,477176
5608,2,9.85584,50,1,0,0,0.1,0.010329,7.80649,477227
5609,2,9.90124,35,1,0,0,0.1,0.015366,7.84186,477263
5610,2,9.89194,38,1,0,0,0.1,0.015393,7.79438,477302
5611,2,9.94556,20,1,0,0,0.1,0.008405,7.80257,477323
5612,2,9.83179,58,1,0,0,0.1,0.013281,7.82755,477382
5613,2,9.51356,164,1,0,0,0.1,0.01213,7.83423,477547
5614,2,-1.132,44,0,1,0,0.1,0.012873,7.81312,477592
5615,2,9.9036,34,1,0,0,0.1,0.006257,7.80189,477627
5616,2,9.78949,72,1,0,0,0.1,0.008933,7.8364,477700
5617,2,9.89256,38,1,0,0,0.1,0.007541,7.81882,477739
5618,2,9.88303,41,1,0,0,0.1,0.007396,7.89016,477781
5619,2,9.87153,45,1,0,0,0.1,0.011661,7.84324,477827
5620,2,-1.201,67,0,1,0,0.1,0.010673,7.81034,477895
5621,2,-1.288,96,0,1,0,0.1,0.009871,7.83084,477992
5622,2,9.91892,29,1,0,0,0.1,0.006172,7.80799,478022
5623,2,9.88907,39,1,0,0,0.1,0.007885,7.86168,478062
5624,2,9.88258,41,1,0,0,0.1,0.012785,7.82924,478104
5625,2,9.93962,22,1,0,0,0.1,0.014184,7.83938,478127
5626,2,9.91251,31,1,0,0,0.1,0.013498,7.79108,478159
5627,2,9.83505,57,1,0,0,0.1,0.012998,7.81103,478217
5628,2,9.92154,28,1,0,0,0.1,0.011354,7.83046,478246
5629,2,9.81656,63,1,0,0,0.1,0.011688,7.83621,478310
5630,2,9.12353,294,1,0,0,0.1,0.013182,7.82082,478605
5631,2,9.89157,38,1,0,0,0.1,0.012421,7.81182,478644
5632,2,9.898,36,1,0,0,0.1,0.005791,7.84361,478681
5633,2,9.87468,44,1,0,0,0.1,0.011265,7.80051,478726
5634,2,9.84115,55,1,0,0,0.1,0.011068,7.81811,478782
5635,2,-1.12,40,0,1,0,0.1,0.015748,7.84305,478823
5636,2,9.88287,41,1,0,0,0.1,0.013822,7.8177,478865
5637,2,9.92774,26,1,0,0,0.1,0.015754,7.819,478892
5638,2,9.94269,21,1,0,0,0.1,0.020676,7.79735,478914
5639,2,9.9099,32,1,0,0,0.1,0.010381,7.81572,478947
5640,2,9.8586,49,1,0,0,0.1,0.015999,7.81142,478997
5641,2,9.92839,26,1,0,0,0.1,0.013975,7.81907,479024
5642,2,9.93664,23,1,0,0,0.1,0.004129,7.79721,479048
5643,2,9.80806,66,1,0,0,0.1,0.007786,7.81628,479115
5644,2,9.88324,41,1,0,0,0.1,0.007447,7.79783,479157
5645,2,9.88577,40,1,0,0,0.1,0.00944,7.85502,479198
5646,2,9.91881,29,1,0,0,0.1,0.011173,7.79616,479228
5647,2,9.85557,50,1,0,0,0.1,0.009164,7.83102,479279
5648,2,-1.16293,55,0,1,0,0.1,0.015021,7.8132,479335
5649,2,-1.021,7,0,1,0,0.1,0.008847,7.88745,479343
5650,2,9.90991,32,1,0,0,0.1,0.008951,7.80624,479376
5651,2,9.84401,54,1,0,0,0.1,0.012287,7.81975,479431
5652,2,9.79857,69,1,0,0,0.1,0.013236,7.81006,479501
5653,2,9.92806,26,1,0,0,0.1,0.012336,7.81854,479528
5654,2,9.92468,27,1,0,0,0.1,0.013754,7.81684,479556
5655,2,-1.114,38,0,1,0,0.1,0.012109,7.8215,479595
5656,2,9.88044,42,1,0,0,0.1,0.020424,7.81965,479638
5657,2,9.94257,21,1,0,0,0.1,0.007341,7.8193,479660
5658,2,9.82283,61,1,0,0,0.1,0.011806,7.8353,479722
5659,2,9.86201,48,1,0,0,0.1,0.010683,7.81417,479771
5660,2,9.85555,50,1,0,0,0.1,0.015615,7.8061,479822
5661,2,-1.069,23,0,1,0,0.1,0.007967,7.82822,479846
5662,2,9.86491,47,1,0,0,0.1,0.008287,7.82489,479894
5663,2,9.91055,32,1,0,0,0.1,0.008529,7.81438,479927
5664,2,9.85598,50,1,0,0,0.1,0.011318,7.83296,479978
5665,2,9.92458,27,1,0,0,0.1,0.012183,7.82429,480006
5666,2,9.78147,75,1,0,0,0.1,0.011061,7.82294,480082
5667,2,9.91371,31,1,0,0,0.1,0.013993,7.84191,480114
5668,2,9.92159,28,1,0,0,0.1,0.00978,7.84782,480143
5669,2,9.74484,87,1,0,0,0.1,0.016259,7.83456,480231
5670,2,9.85007,52,1,0,0,0.1,0.015846,7.82352,480284
5671,2,9.91292,31,1,0,0,0.1,0.006415,7.81009,480316
5672,2,9.78393,74,1,0,0,0.1,0.010879,7.83626,480391
5673,2,9.87384,44,1,0,0,0.1,0.01846,7.83324,480436
5674,2,9.89789,36,1,0,0,0.1,0.011573,7.82306,480473
5675,2,9.79255,71,1,0,0,0.1,0.012484,7.80964,480545
5676,2,9.88598,40,1,0,0,0.1,0.011546,7.86732,480586
5677,2,-1.096,32,0,1,0,0.1,0.014669,7.82631,480619
5678,2,-1.15,50,0,1,0,0.1,0.010627,7.79836,480670
5679,2,9.78659,73,1,0,0,0.1,0.01208,7.81297,480744
5680,2,-1.303,101,0,1,0,0.1,0.014746,7.83538,480846
5681,2,9.90423,34,1,0,0,0.1,0.013091,7.78739,480881
5682,2,9.90996,32,1,0,0,0.1,0.007331,7.80649,480914
5683,2,9.9452,20,1,0,0,0.1,0.018194,7.83251,480935
5684,2,9.81967,62,1,0,0,0.1,0.013768,7.79921,480998
5685,2,9.92796,26,1,0,0,0.1,0.021541,7.79956,481025
5686,2,9.80787,66,1,0,0,0.1,0.0109,7.81158,481092
5687,2,-1.06,20,0,1,0,0.1,0.023886,7.8163,481113
5688,2,9.81067,65,1,0,0,0.1,0.012852,7.82159,481179
5689,2,9.92159,28,1,0,0,0.1,0.006584,7.82939,481208
5690,2,9.89785,36,1,0,0,0.1,0.017406,7.82575,481245
5691,2,9.84957,52,1,0,0,0.1,0.01304,7.82771,481298
5692,2,9.90063,35,1,0,0,0.1,0.016242,7.81635,481334
5693,2,9.86842,46,1,0,0,0.1,0.015928,7.82497,481381
5694,2,-1.294,98,0,1,0,0.1,0.015264,7.80197,481480
5695,2,9.79901,69,1,0,0,0.1,0.008663,7.8126,481550
5696,2,9.83739,56,1,0,0,0.1,0.009231,7.8274,481607
5697,2,9.91583,30,1,0,0,0.1,0.006773,7.79713,481638
5698,2,-1.093,31,0,1,0,0.1,0.016856,7.79135,481670
5699,2,9.78952,72,1,0,0,0.1,0.013025,7.81822,481743
5700,2,9.93103,25,1,0,0,0.1,0.014796,7.82181,481769
5701,2,9.91567,30,1,0,0,0.1,0.007337,7.78645,481800
5702,2,9.88327,41,1,0,0,0.1,0.01166,7.79539,481842
5703,2,9.93364,24,1,0,0,0.1,0.02229,7.80956,481867
5704,2,9.82323,61,1,0,0,0.1,0.0135,7.82981,481929
5705,2,9.92825,26,1,0,0,0.1,0.011802,7.83208,481956
5706,2,9.82004,62,1,0,0,0.1,0.013113,7.83418,482019
5707,2,9.81707,63,1,0,0,0.1,0.009987,7.85087,482083
5708,2,9.76579,80,1,0,0,0.1,0.012256,7.85471,482164
5709,2,9.82875,59,1,0,0,0.1,0.012798,7.82597,482224
5710,2,9.84983,52,1,0,0,0.1,0.011798,7.83667,482277
5711,2,9.82265,61,1,0,0,0.1,0.004962,7.83248,482339
5712,2,-1.075,25,0,1,0,0.1,0.004951,7.81753,482365
5713,2,9.91005,32,1,0,0,0.1,0.012875,7.80099,482398
5714,2,9.89813,36,1,0,0,0.1,0.013443,7.80867,482435
5715,2,9.92145,28,1,0,0,0.1,0.012927,7.84688,482464
5716,2,9.89769,36,1,0,0,0.1,0.01172,7.85926,482501
5717,2,9.88862,39,1,0,0,0.1,0.010938,7.85665,482541
5718,2,9.7925,71,1,0,0,0.1,0.010675,7.83368,482613
5719,2,9.75678,83,1,0,0,0.1,0.009674,7.84028,482697
5720,2,9.80512,67,1,0,0,0.1,0.017483,7.84289,482765
5721,2,9.90122,35,1,0,0,0.1,0.013239,7.80868,482801
5722,2,9.92159,28,1,0,0,0.1,0.010377,7.83523,482830
5723,2,9.8348,57,1,0,0,0.1,0.008616,7.8472,482888
5724,2,9.78944,72,1,0,0,0.1,0.009715,7.82028,482961
5725,2,9.84657,53,1,0,0,0.1,0.010981,7.83255,483015
5726,2,9.82932,59,1,0,0,0.1,0.013107,7.84419,483075
5727,2,9.85561,50,1,0,0,0.1,0.019485,7.84478,483126
5728,2,9.8531,51,1,0,0,0.1,0.008681,7.84514,483178
5729,2,9.8078,66,1,0,0,0.1,0.010754,7.81827,483245
5730,2,9.78359,74,1,0,0,0.1,0.014214,7.83521,483320
5731,2,9.8979,36,1,0,0,0.1,0.015889,7.84048,483357
5732,2,9.86583,47,1,0,0,0.1,0.0211,7.83142,483405
5733,2,9.92469,27,1,0,0,0.1,0.016013,7.82115,483433
5734,2,9.90942,32,1,0,0,0.1,0.00767,7.85214,483466
5735,2,9.90722,33,1,0,0,0.1,0.01174,7.81232,483500
5736,2,9.78728,73,1,0,0,0.1,0.013769,7.84461,483574
5737,2,9.88039,42,1,0,0,0.1,0.013514,7.84479,483617
5738,2,9.85322,51,1,0,0,0.1,0.013805,7.84335,483669
5739,2,-1.039,13,0,1,0,0.1,0.002626,7.83762,483683
5740,2,9.77803,76,1,0,0,0.1,0.014196,7.84435,483760
5741,2,9.78409,74,1,0,0,0.1,0.012211,7.81689,483835
5742,2,9.91288,31,1,0,0,0.1,0.015105,7.78152,483867
5743,2,9.94003,22,1,0,0,0.1,0.007812,7.81457,483890
5744,2,9.86188,48,1,0,0,0.1,0.014778,7.8128,483939
5745,2,9.78959,72,1,0,0,0.1,0.009052,7.82875,484012
5746,2,9.93366,24,1,0,0,0.1,0.011578,7.88628,484037
5747,2,-1.075,25,0,1,0,0.1,0.010195,7.80191,484063
5748,2,9.81075,65,1,0,0,0.1,0.015906,7.83377,484129
5749,2,9.83799,56,1,0,0,0.1,0.012104,7.85455,484186
5750,2,9.93968,22,1,0,0,0.1,0.010311,7.83278,484209
5751,2,-1.051,17,0,1,0,0.1,0.015929,7.83895,484227
5752,2,9.86158,48,1,0,0,0.1,0.014937,7.84014,484276
5753,2,-1.078,26,0,1,0,0.1,0.014793,7.81818,484303
5754,2,9.84069,55,1,0,0,0.1,0.017666,7.82352,484359
5755,2,9.87414,44,1,0,0,0.1,0.014214,7.82442,484404
5756,2,9.88269,41,1,0,0,0.1,0.012026,7.82515,484446
5757,2,9.49295,171,1,0,0,0.1,0.013431,7.83517,484618
5758,2,9.87033,45,1,0,0,0.1,0.012828,7.85151,484664
5759,2,9.78089,75,1,0,0,0.1,0.015368,7.80905,484740
5760,2,9.87117,45,1,0,0,0.1,0.011345,7.83897,484786
5761,2,9.84668,53,1,0,0,0.1,0.009112,7.86032,484840
5762,2,9.87087,45,1,0,0,0.1,0.011949,7.81454,484886
5763,2,9.84384,54,1,0,0,0.1,0.012878,7.87479,484941
5764,2,9.83454,57,1,0,0,0.1,0.014154,7.83277,484999
5765,2,9.88302,41,1,0,0,0.1,0.016821,7.85155,485041
5766,2,9.94603,20,1,0,0,0.1,0.009649,7.8662,485062
5767,2,9.88905,39,1,0,0,0.1,0.009342,7.81679,485102
5768,2,9.92526,27,1,0,0,0.1,0.01081,7.85087,485130
5769,2,9.86121,48,1,0,0,0.1,0.01158,7.84416,485179
5770,2,-1.147,49,0,1,0,0.1,0.010183,7.84666,485229
5771,2,9.85284,51,1,0,0,0.1,0.014226,7.85988,485281
5772,2,9.83156,58,1,0,0,0.1,0.013336,7.81991,485340
5773,2,9.89782,36,1,0,0,0.1,0.010327,7.78233,485377
5774,2,9.87695,43,1,0,0,0.1,0.013494,7.8552,485421
5775,2,9.88891,39,1,0,0,0.1,0.01132,7.86653,485461
5776,2,9.90732,33,1,0,0,0.1,0.014474,7.8657,485495
5777,2,9.76924,79,1,0,0,0.1,0.0091,7.83802,485575
5778,2,9.86514,47,1,0,0,0.1,0.007741,7.82543,485623
5779,2,-1.06,20,0,1,0,0.1,0.019872,7.80677,485644
5780,2,9.85884,49,1,0,0,0.1,0.009356,7.86632,485694
5781,2,9.85239,51,1,0,0,0.1,0.012465,7.83711,485746
5782,2,9.90094,35,1,0,0,0.1,0.007534,7.86929,485782
5783,2,-1.093,31,0,1,0,0.1,0.014007,7.85043,485814
5784,2,9.87616,43,1,0,0,0.1,0.012054,7.84049,485858
5785,2,9.88236,41,1,0,0,0.1,0.01294,7.84001,485900
5786,2,-1.054,18,0,1,0,0.1,0.004542,7.8658,485919
5787,2,9.87751,43,1,0,0,0.1,0.013466,7.83831,485963
5788,2,-1.102,34,0,1,0,0.1,0.011335,7.85332,485998
5789,2,-1.039,13,0,1,0,0.1,0.006814,7.82508,486012
5790,2,9.90356,34,1,0,0,0.1,0.01251,7.82269,486047
5791,2,9.91882,29,1,0,0,0.1,0.019028,7.88443,486077
5792,2,9.92543,27,1,0,0,0.1,0.010136,7.84385,486105
5793,2,-1.051,17,0,1,0,0.1,0.006401,7.85564,486123
5794,2,9.79885,69,1,0,0,0.1,0.007169,7.85414,486193
5795,2,9.86515,47,1,0,0,0.1,0.014054,7.82658,486241
5796,2,9.89769,36,1,0,0,0.1,0.011825,7.86052,486278
5797,2,-1.051,17,0,1,0,0.1,0.005725,7.86129,486296
5798,2,9.90387,34,1,0,0,0.1,0.007245,7.83265,486331
5799,2,9.90374,34,1,0,0,0.1,0.01061,7.8001,486366
5800,2,9.81734,63,1,0,0,0.1,0.013771,7.8368,486430
5801,2,9.77785,76,1,0,0,0.1,0.011251,7.84,486507
5802,2,9.90734,33,1,0,0,0.1,0.01475,7.85092,486541
5803,2,9.93999,22,1,0,0,0.1,0.01526,7.8225,486564
5804,2,9.8889,39,1,0,0,0.1,0.011142,7.81904,486604
5805,2,9.82813,59,1,0,0,0.1,0.014123,7.85068,486664
5806,2,9.88003,42,1,0,0,0.1,0.012323,7.82148,486707
5807,2,9.94628,20,1,0,0,0.1,0.005239,7.88117,486728
5808,2,-1.117,39,0,1,0,0.1,0.026339,7.83205,486768
5809,2,9.91549,30,1,0,0,0.1,0.010031,7.86501,486799
5810,2,9.91603,30,1,0,0,0.1,0.022936,7.84349,486830
5811,2,9.90069,35,1,0,0,0.1,0.01208,7.82861,486866
5812,2,9.62825,126,1,0,0,0.1,0.016214,7.82632,486993
5813,2,-1.045,15,0,1,0,0.1,0.004692,7.84108,487009
5814,2,9.81367,64,1,0,0,0.1,0.018525,7.83544,487074
5815,2,9.93101,25,1,0,0,0.1,0.007302,7.85694,487100
5816,2,9.83468,57,1,0,0,0.1,0.009468,7.85796,487158
5817,2,9.92193,28,1,0,0,0.1,0.009939,7.84219,487187
5818,2,9.931,25,1,0,0,0.1,0.0161,7.85336,487213
5819,2,-1.162,54,0,1,0,0.1,0.01726,7.82226,487268
5820,2,9.94271,21,1,0,0,0.1,0.010686,7.82888,487290
5821,2,9.86479,47,1,0,0,0.1,0.016869,7.7995,487338
5822,2,9.91262,31,1,0,0,0.1,0.018987,7.83408,487370
5823,2,9.78383,74,1,0,0,0.1,0.011221,7.84948,487445
5824,2,9.1988,269,1,0,0,0.1,0.013752,7.83608,487715
5825,2,9.87042,45,1,0,0,0.1,0.013704,7.82873,487761
5826,2,9.87372,44,1,0,0,0.1,0.016014,7.8697,487806
5827,2,9.94826,19,1,0,0,0.1,0.027055,7.8186,487826
5828,2,9.90078,35,1,0,0,0.1,0.015386,7.82621,487862
5829,2,9.88545,40,1,0,0,0.1,0.003363,7.8456,487903
5830,2,9.82624,60,1,0,0,0.1,0.016789,7.82731,487964
5831,2,-1.039,13,0,1,0,0.1,0.016091,7.85281,487978
5832,2,-1.216,72,0,1,0,0.1,0.015935,7.81493,488051
5833,2,9.76926,79,1,0,0,0.1,0.014862,7.83923,488131
5834,2,9.82584,60,1,0,0,0.1,0.013349,7.81862,488192
5835,2,9.9006,35,1,0,0,0.1,0.017389,7.85331,488228
5836,2,9.886,40,1,0,0,0.1,0.011002,7.82325,488269
5837,2,9.73028,92,1,0,0,0.1,0.011754,7.81831,488362
5838,2,9.88855,39,1,0,0,0.1,0.01026,7.88542,488402
5839,2,-1.354,118,0,1,0,0.1,0.014292,7.82941,488521
5840,2,9.90398,34,1,0,0,0.1,0.022119,7.85047,488556
5841,2,9.92793,26,1,0,0,0.1,0.005936,7.86014,488583
5842,2,9.92182,28,1,0,0,0.1,0.011123,7.8324,488612
5843,2,9.90938,32,1,0,0,0.1,0.009388,7.86292,488645
5844,2,9.78978,72,1,0,0,0.1,0.012737,7.8045,488718
5845,2,9.89749,36,1,0,0,0.1,0.013563,7.849,488755
5846,2,9.93047,25,1,0,0,0.1,0.009516,7.81677,488781
5847,2,9.86486,47,1,0,0,0.1,0.010514,7.8402,488829
5848,2,9.84151,55,1,0,0,0.1,0.015432,7.8413,488885
5849,2,9.92772,26,1,0,0,0.1,0.012101,7.82164,488912
5850,2,9.92215,28,1,0,0,0.1,0.024363,7.82556,488941
5851,2,9.87988,42,1,0,0,0.1,0.012135,7.82036,488984
5852,2,9.80226,68,1,0,0,0.1,0.018164,7.82407,489053
5853,2,9.81434,64,1,0,0,0.1,0.013284,7.82037,489118
5854,2,9.81925,62,1,0,0,0.1,0.012904,7.8271,489181
5855,2,9.8974,36,1,0,0,0.1,0.020955,7.84981,489218
5856,2,9.91025,32,1,0,0,0.1,0.019891,7.8429,489251
5857,2,9.84432,54,1,0,0,0.1,0.016823,7.82681,489306
5858,2,9.82555,60,1,0,0,0.1,0.008961,7.84018,489367
5859,2,9.84952,52,1,0,0,0.1,0.012928,7.82868,489420
5860,2,9.88588,40,1,0,0,0.1,0.017262,7.84361,489461
5861,2,9.76552,80,1,0,0,0.1,0.017889,7.84293,489542
5862,2,-1.267,89,0,1,0,0.1,0.008231,7.80202,489632
5863,2,9.91856,29,1,0,0,0.1,0.013769,7.84929,489662
5864,2,9.88828,39,1,0,0,0.1,0.01679,7.82302,489702
5865,2,9.90102,35,1,0,0,0.1,0.012952,7.83694,489738
5866,2,9.92128,28,1,0,0,0.1,0.010526,7.79043,489767
5867,2,9.82903,59,1,0,0,0.1,0.013838,7.83268,489827
5868,2,9.92483,27,1,0,0,0.1,0.009408,7.82339,489855
5869,2,9.85009,52,1,0,0,0.1,0.011266,7.8112,489908
5870,2,-1.2,400,0,0,1,0.1,0.014554,7.82781,490308
5871,2,9.94901,19,1,0,0,0.1,0.015401,7.8132,490328
5872,2,9.90993,32,1,0,0,0.1,0.015602,7.81223,490361
5873,2,9.70853,99,1,0,0,0.1,0.011199,7.81529,490461
5874,2,9.92169,28,1,0,0,0.1,0.010042,7.82644,490490
5875,2,9.9223,28,1,0,0,0.1,0.018114,7.82968,490519
5876,2,9.93702,23,1,0,0,0.1,0.017025,7.86625,490543
5877,2,9.90996,32,1,0,0,0.1,0.009314,7.82317,490576
5878,2,9.90658,33,1,0,0,0.1,0.014103,7.83403,490610
5879,2,9.86769,46,1,0,0,0.1,0.010359,7.81677,490657
5880,2,9.95173,18,1,0,0,0.1,0.004956,7.84436,490676
5881,2,9.79539,70,1,0,0,0.1,0.008584,7.78893,490747
5882,2,9.90953,32,1,0,0,0.1,0.008671,7.85057,490780
5883,2,9.88878,39,1,0,0,0.1,0.010437,7.79704,490820
5884,2,-1.147,49,0,1,0,0.1,0.009453,7.82121,490870
5885,2,9.79314,71,1,0,0,0.1,0.015157,7.80969,490942
5886,2,9.92754,26,1,0,0,0.1,0.012449,7.79293,490969
5887,2,9.84337,54,1,0,0,0.1,0.012869,7.80505,491024
5888,2,9.88268,41,1,0,0,0.1,0.008351,7.80363,491066
5889,2,9.88931,39,1,0,0,0.1,0.005999,7.80633,491106
5890,2,9.83768,56,1,0,0,0.1,0.01078,7.84119,491163
5891,2,9.90103,35,1,0,0,0.1,0.011903,7.80432,491199
5892,2,9.93682,23,1,0,0,0.1,0.00696,7.80795,491223
5893,2,9.85623,50,1,0,0,0.1,0.012137,7.79602,491274
5894,2,9.82708,60,1,0,0,0.1,0.011638,7.79646,491335
5895,2,9.90061,35,1,0,0,0.1,0.017611,7.8058,491371
5896,2,9.94612,20,1,0,0,0.1,0.018818,7.82432,491392
5897,2,9.94002,22,1,0,0,0.1,0.009797,7.79033,491415
5898,2,9.94313,21,1,0,0,0.1,0.013819,7.84359,491437
5899,2,9.91906,29,1,0,0,0.1,0.008903,7.84896,491467
