episode,phase,total_reward,steps,success,collision,timeout,epsilon,avg_loss,avg_q,global_train_steps
0,0,-1.2,400,0,0,1,0.997,0.0,0.0,0
1,0,-1.2,400,0,0,1,0.994009,0.0,0.0,0
2,0,-1.2,400,0,0,1,0.991027,0.285342,-0.11598,201
3,0,-1.2,400,0,0,1,0.988054,0.052228,0.04095,601
4,0,-1.2,400,0,0,1,0.98509,0.002263,0.09229,1001
5,0,-1.2,400,0,0,1,0.982134,0.00061,0.13913,1401
6,0,-1.2,400,0,0,1,0.979188,0.000289,0.17623,1801
7,0,-1.2,400,0,0,1,0.97625,0.000214,0.20126,2201
8,0,-1.2,400,0,0,1,0.973322,0.000184,0.22152,2601
9,0,-1.2,400,0,0,1,0.970402,0.000178,0.2532,3001
10,0,-1.2,400,0,0,1,0.967491,0.000198,0.28298,3401
11,0,-1.2,400,0,0,1,0.964588,0.000239,0.30171,3801
12,0,-1.2,400,0,0,1,0.961694,0.000345,0.33359,4201
13,0,-1.2,400,0,0,1,0.958809,0.00035,0.36855,4601
14,0,-1.2,400,0,0,1,0.955933,0.000378,0.40071,5001
15,0,-1.2,400,0,0,1,0.953065,0.000412,0.42585,5401
16,0,-1.2,400,0,0,1,0.950206,0.000431,0.45154,5801
17,0,-1.2,400,0,0,1,0.947355,0.00048,0.48021,6201
18,0,-1.2,400,0,0,1,0.944513,0.000588,0.50954,6601
19,0,-1.2,400,0,0,1,0.94168,0.00052,0.5402,7001
20,0,-1.2,400,0,0,1,0.938855,0.000643,0.56687,7401
21,0,-1.2,400,0,0,1,0.936038,0.000733,0.59593,7801
22,0,-1.2,400,0,0,1,0.93323,0.000747,0.62699,8201
23,0,-1.2,400,0,0,1,0.93043,0.001,0.65229,8601
24,0,-1.2,400,0,0,1,0.927639,0.000731,0.68478,9001
25,0,-1.2,400,0,0,1,0.924856,0.001133,0.72316,9401
26,0,-1.2,400,0,0,1,0.922081,0.000859,0.76173,9801
27,0,-1.2,400,0,0,1,0.919315,0.001072,0.80417,10201
28,0,-1.2,400,0,0,1,0.916557,0.001216,0.84554,10601
29,0,-1.2,400,0,0,1,0.913808,0.001295,0.87249,11001
30,0,-1.2,400,0,0,1,0.911066,0.001552,0.89937,11401
31,0,-1.2,400,0,0,1,0.908333,0.001553,0.94211,11801
32,0,-1.2,400,0,0,1,0.905608,0.0018,0.96753,12201
33,0,-1.2,400,0,0,1,0.902891,0.00172,0.99778,12601
34,0,-1.2,400,0,0,1,0.900182,0.001657,1.03824,13001
35,0,-1.2,400,0,0,1,0.897482,0.002087,1.07644,13401
36,0,-1.2,400,0,0,1,0.894789,0.002129,1.10858,13801
37,0,-1.2,400,0,0,1,0.892105,0.001995,1.16102,14201
38,0,-1.2,400,0,0,1,0.889429,0.002581,1.20559,14601
39,0,-1.2,400,0,0,1,0.88676,0.002706,1.24901,15001
40,0,-1.2,400,0,0,1,0.8841,0.002834,1.28981,15401
41,0,-1.2,400,0,0,1,0.881448,0.002736,1.33123,15801
42,0,-1.2,400,0,0,1,0.878804,0.002917,1.38191,16201
43,0,-1.2,400,0,0,1,0.876167,0.003378,1.43023,16601
44,0,-1.2,400,0,0,1,0.873539,0.003498,1.47369,17001
45,0,-1.2,400,0,0,1,0.870918,0.003629,1.51665,17401
46,0,-1.2,400,0,0,1,0.868305,0.00445,1.55803,17801
47,0,-1.2,400,0,0,1,0.8657,0.003414,1.60574,18201
48,0,-1.2,400,0,0,1,0.863103,0.004444,1.65045,18601
49,0,-1.2,400,0,0,1,0.860514,0.004613,1.71076,19001
50,0,-1.2,400,0,0,1,0.857932,0.004354,1.7635,19401
51,0,-1.2,400,0,0,1,0.855359,0.004633,1.82549,19801
52,0,-1.2,400,0,0,1,0.852793,0.005339,1.89703,20201
53,0,-1.2,400,0,0,1,0.850234,0.005088,1.97637,20601
54,0,-1.2,400,0,0,1,0.847683,0.005935,2.04251,21001
55,0,-1.2,400,0,0,1,0.84514,0.005142,2.12001,21401
56,0,-1.2,400,0,0,1,0.842605,0.005783,2.19107,21801
57,0,-1.2,400,0,0,1,0.840077,0.006934,2.24644,22201
58,0,-1.2,400,0,0,1,0.837557,0.007326,2.31047,22601
59,0,-1.2,400,0,0,1,0.835044,0.007179,2.40787,23001
60,0,-1.2,400,0,0,1,0.832539,0.008208,2.50651,23401
61,0,-1.2,400,0,0,1,0.830042,0.007777,2.60087,23801
62,0,-1.2,400,0,0,1,0.827551,0.008676,2.69129,24201
63,0,-1.2,400,0,0,1,0.825069,0.008498,2.81204,24601
64,0,-1.2,400,0,0,1,0.822594,0.00903,2.93956,25001
65,0,-1.2,400,0,0,1,0.820126,0.009373,3.06996,25401
66,0,-1.2,400,0,0,1,0.817665,0.008471,3.17584,25801
67,0,-1.2,400,0,0,1,0.815212,0.008471,3.30986,26201
68,0,-1.19921,400,0,0,1,0.812767,0.009959,3.43835,26601
69,0,-1.2,400,0,0,1,0.810328,0.009168,3.58722,27001
70,0,-1.2,400,0,0,1,0.807897,0.00952,3.7133,27401
71,0,-1.2,400,0,0,1,0.805474,0.011156,3.83438,27801
72,0,-1.2,400,0,0,1,0.803057,0.011215,3.9298,28201
73,0,-1.2,400,0,0,1,0.800648,0.010855,4.05077,28601
74,0,-1.2,400,0,0,1,0.798246,0.010424,4.17865,29001
75,0,-1.2,400,0,0,1,0.795851,0.013466,4.27172,29401
76,0,-1.2,400,0,0,1,0.793464,0.010755,4.38248,29801
77,0,-1.2,400,0,0,1,0.791084,0.009969,4.46221,30201
78,0,-1.2,400,0,0,1,0.78871,0.012135,4.55996,30601
79,0,-1.2,400,0,0,1,0.786344,0.011034,4.63634,31001
80,0,-1.2,400,0,0,1,0.783985,0.011331,4.71059,31401
81,0,-1.2,400,0,0,1,0.781633,0.012317,4.80192,31801
82,0,-1.2,400,0,0,1,0.779288,0.01188,4.84454,32201
83,0,-1.2,400,0,0,1,0.77695,0.011794,4.90985,32601
84,0,-1.19832,400,0,0,1,0.77462,0.013034,4.96827,33001
85,0,-1.2,400,0,0,1,0.772296,0.013114,5.04538,33401
86,0,-1.19861,400,0,0,1,0.769979,0.013003,5.10121,33801
87,0,-1.2,400,0,0,1,0.767669,0.012871,5.15538,34201
88,0,-1.2,400,0,0,1,0.765366,0.012697,5.19771,34601
89,0,-1.2,400,0,0,1,0.76307,0.01191,5.23884,35001
90,0,-1.2,400,0,0,1,0.760781,0.014588,5.29341,35401
91,0,-1.2,400,0,0,1,0.758498,0.014553,5.33986,35801
92,0,-1.19813,400,0,0,1,0.756223,0.012837,5.3801,36201
93,0,-1.2,400,0,0,1,0.753954,0.014665,5.44089,36601
94,0,-1.2,400,0,0,1,0.751692,0.015167,5.48627,37001
95,0,-1.2,400,0,0,1,0.749437,0.014869,5.54201,37401
96,0,-1.19767,400,0,0,1,0.747189,0.012867,5.58552,37801
97,0,-1.19952,400,0,0,1,0.744947,0.016313,5.64851,38201
98,0,-1.2,400,0,0,1,0.742712,0.016426,5.69328,38601
99,0,-1.19904,400,0,0,1,0.740484,0.016316,5.72874,39001
100,0,-1.19991,400,0,0,1,0.738263,0.01495,5.79322,39401
101,0,-1.19925,400,0,0,1,0.736048,0.014783,5.83255,39801
102,0,-1.2,400,0,0,1,0.73384,0.013736,5.87281,40201
103,0,-1.19846,400,0,0,1,0.731638,0.015097,5.93837,40601
104,0,-1.2,400,0,0,1,0.729443,0.013266,5.97162,41001
105,0,-1.2,400,0,0,1,0.727255,0.01511,6.03094,41401
106,0,-1.19861,400,0,0,1,0.725073,0.016692,6.05629,41801
107,0,-1.2,400,0,0,1,0.722898,0.014585,6.09372,42201
108,0,-1.2,400,0,0,1,0.720729,0.01593,6.1269,42601
109,0,-1.2,400,0,0,1,0.718567,0.013046,6.16082,43001
110,0,-1.2,400,0,0,1,0.716412,0.016706,6.20461,43401
111,0,-1.2,400,0,0,1,0.714262,0.011593,6.24896,43801
112,0,-1.2,400,0,0,1,0.71212,0.01528,6.28353,44201
113,0,-1.2,400,0,0,1,0.709983,0.014315,6.31301,44601
114,0,-1.2,400,0,0,1,0.707853,0.015838,6.33343,45001
115,0,-1.2,400,0,0,1,0.70573,0.016814,6.35452,45401
116,0,-1.2,400,0,0,1,0.703612,0.01545,6.38417,45801
117,0,-1.2,400,0,0,1,0.701502,0.013875,6.40471,46201
118,0,-1.2,400,0,0,1,0.699397,0.014234,6.43346,46601
119,0,-1.2,400,0,0,1,0.697299,0.013589,6.45288,47001
120,0,-1.2,400,0,0,1,0.695207,0.01784,6.46021,47401
121,0,-1.2,400,0,0,1,0.693121,0.017113,6.48131,47801
122,0,-1.2,400,0,0,1,0.691042,0.016285,6.48028,48201
123,0,-1.2,400,0,0,1,0.688969,0.015777,6.48807,48601
124,0,-1.2,400,0,0,1,0.686902,0.013701,6.50258,49001
125,0,-1.2,400,0,0,1,0.684841,0.015681,6.50412,49401
126,0,-1.2,400,0,0,1,0.682787,0.016759,6.51642,49801
127,0,-1.2,400,0,0,1,0.680738,0.013488,6.52291,50201
128,0,-1.2,400,0,0,1,0.678696,0.016747,6.52574,50601
129,0,-1.2,400,0,0,1,0.67666,0.016896,6.53893,51001
130,0,-1.2,400,0,0,1,0.67463,0.015464,6.53678,51401
131,0,-1.2,400,0,0,1,0.672606,0.018671,6.54665,51801
132,0,-1.2,400,0,0,1,0.670588,0.014633,6.53233,52201
133,0,-1.2,400,0,0,1,0.668577,0.016241,6.54139,52601
134,0,-1.2,400,0,0,1,0.666571,0.015153,6.54046,53001
135,0,-1.2,400,0,0,1,0.664571,0.015765,6.54207,53401
136,0,-1.2,400,0,0,1,0.662578,0.016633,6.5248,53801
137,0,-1.2,400,0,0,1,0.66059,0.014681,6.51416,54201
138,0,-1.2,400,0,0,1,0.658608,0.018805,6.5167,54601
139,0,-1.2,400,0,0,1,0.656632,0.016938,6.5153,55001
140,0,-1.2,400,0,0,1,0.654662,0.016565,6.50492,55401
141,0,-1.2,400,0,0,1,0.652698,0.01649,6.50526,55801
142,0,-1.2,400,0,0,1,0.65074,0.014565,6.49965,56201
143,0,8.8278,394,1,0,0,0.648788,0.016886,6.48928,56596
144,0,-1.2,400,0,0,1,0.646842,0.016618,6.48662,56996
145,0,-1.2,400,0,0,1,0.644901,0.017369,6.47063,57396
146,0,-1.2,400,0,0,1,0.642966,0.018443,6.46071,57796
147,0,-1.2,400,0,0,1,0.641037,0.014526,6.46038,58196
148,0,-1.2,400,0,0,1,0.639114,0.01535,6.44954,58596
149,0,-1.2,400,0,0,1,0.637197,0.017428,6.43732,58996
150,0,-1.2,400,0,0,1,0.635285,0.015396,6.42794,59396
151,0,-1.2,400,0,0,1,0.63338,0.014977,6.42282,59796
152,0,8.94087,355,1,0,0,0.631479,0.015336,6.40099,60152
153,0,-1.19945,400,0,0,1,0.629585,0.015806,6.39271,60552
154,0,-1.2,400,0,0,1,0.627696,0.016699,6.37387,60952
155,0,8.80915,399,1,0,0,0.625813,0.014563,6.35436,61352
156,0,-1.2,400,0,0,1,0.623936,0.015565,6.33681,61752
157,0,9.07036,312,1,0,0,0.622064,0.017072,6.3233,62065
158,0,8.95175,352,1,0,0,0.620198,0.016349,6.30932,62418
159,0,8.90523,367,1,0,0,0.618337,0.01477,6.29368,62786
160,0,-1.2,400,0,0,1,0.616482,0.015286,6.28765,63186
161,0,8.97021,346,1,0,0,0.614633,0.017773,6.26721,63533
162,0,9.00088,335,1,0,0,0.612789,0.017278,6.24844,63869
163,0,9.00112,335,1,0,0,0.61095,0.016722,6.23328,64205
164,0,8.86922,379,1,0,0,0.609118,0.016393,6.21901,64585
165,0,9.03385,324,1,0,0,0.60729,0.015955,6.20741,64910
166,0,9.02894,326,1,0,0,0.605468,0.014764,6.17138,65237
167,0,9.29153,238,1,0,0,0.603652,0.013774,6.17194,65476
168,0,9.62579,127,1,0,0,0.601841,0.014716,6.15821,65604
169,0,9.25332,251,1,0,0,0.600035,0.017758,6.13958,65856
170,0,9.20217,268,1,0,0,0.598235,0.014702,6.13314,66125
171,0,9.26773,246,1,0,0,0.596441,0.012468,6.11544,66372
172,0,9.08215,308,1,0,0,0.594651,0.016587,6.10734,66681
173,0,9.35451,217,1,0,0,0.592867,0.014199,6.09424,66899
174,0,9.36686,213,1,0,0,0.591089,0.015266,6.07702,67113
175,0,9.30706,233,1,0,0,0.589315,0.014557,6.06992,67347
176,0,9.29648,237,1,0,0,0.587548,0.014772,6.0628,67585
177,0,9.40451,201,1,0,0,0.585785,0.015516,6.05767,67787
178,0,9.44442,187,1,0,0,0.584028,0.012977,6.0513,67975
179,0,9.39108,205,1,0,0,0.582275,0.014453,6.03803,68181
180,0,9.41892,196,1,0,0,0.580529,0.013128,6.03309,68378
181,0,9.33071,225,1,0,0,0.578787,0.014059,6.02138,68604
182,0,9.43862,189,1,0,0,0.577051,0.014636,6.01495,68794
183,0,9.25874,249,1,0,0,0.57532,0.012128,5.99566,69044
184,0,9.50463,167,1,0,0,0.573594,0.015057,5.98713,69212
185,0,9.47839,176,1,0,0,0.571873,0.012502,5.97396,69389
186,0,9.40154,202,1,0,0,0.570157,0.012889,5.96753,69592
187,0,9.46028,182,1,0,0,0.568447,0.013418,5.97911,69775
188,0,9.39772,203,1,0,0,0.566741,0.011928,5.9624,69979
189,0,9.4476,186,1,0,0,0.565041,0.016244,5.94434,70166
190,0,9.45784,183,1,0,0,0.563346,0.01691,5.93319,70350
191,0,9.4786,176,1,0,0,0.561656,0.013178,5.94291,70527
192,0,9.35521,217,1,0,0,0.559971,0.012671,5.93147,70745
193,0,9.37862,209,1,0,0,0.558291,0.010215,5.93001,70955
194,0,9.69945,102,1,0,0,0.556616,0.017854,5.92122,71058
195,0,9.52096,162,1,0,0,0.554946,0.013505,5.92098,71221
196,0,9.43938,189,1,0,0,0.553282,0.016849,5.90538,71411
197,0,9.46268,181,1,0,0,0.551622,0.013256,5.89619,71593
198,0,9.51066,165,1,0,0,0.549967,0.015778,5.91068,71759
199,0,9.58268,141,1,0,0,0.548317,0.014189,5.88756,71901
200,0,9.54077,155,1,0,0,0.546672,0.009693,5.90359,72057
201,0,9.42083,195,1,0,0,0.545032,0.014719,5.89322,72253
202,0,9.46299,181,1,0,0,0.543397,0.010825,5.89536,72435
203,0,9.63717,123,1,0,0,0.541767,0.008268,5.88916,72559
204,0,9.53803,156,1,0,0,0.540141,0.01273,5.89344,72716
205,0,9.37589,210,1,0,0,0.538521,0.010964,5.89105,72927
206,0,9.5916,138,1,0,0,0.536905,0.013065,5.90533,73066
207,0,9.48699,173,1,0,0,0.535295,0.013344,5.91224,73240
208,0,9.42441,194,1,0,0,0.533689,0.011918,5.88949,73435
209,0,9.62197,128,1,0,0,0.532088,0.014466,5.90052,73564
210,0,9.51174,165,1,0,0,0.530491,0.01256,5.88469,73730
211,0,9.50849,166,1,0,0,0.5289,0.013332,5.89636,73897
212,0,9.46584,180,1,0,0,0.527313,0.014205,5.91412,74078
213,0,9.48172,175,1,0,0,0.525731,0.01796,5.90101,74254
214,0,9.49042,172,1,0,0,0.524154,0.010731,5.90333,74427
215,0,9.63737,123,1,0,0,0.522582,0.012703,5.9309,74551
216,0,9.49146,172,1,0,0,0.521014,0.011734,5.92477,74724
217,0,9.47765,176,1,0,0,0.519451,0.013377,5.93911,74901
218,0,9.54457,154,1,0,0,0.517893,0.011461,5.94149,75056
219,0,9.49877,169,1,0,0,0.516339,0.0142,5.95064,75226
220,0,9.44409,188,1,0,0,0.51479,0.013727,5.96998,75415
221,0,9.64037,122,1,0,0,0.513245,0.012289,5.96237,75538
222,0,9.5319,158,1,0,0,0.511706,0.012974,5.9802,75697
223,0,9.53781,156,1,0,0,0.510171,0.013129,5.96897,75854
224,0,9.59715,136,1,0,0,0.50864,0.011503,5.98827,75991
225,0,9.57104,145,1,0,0,0.507114,0.013295,6.01407,76137
226,0,9.55015,152,1,0,0,0.505593,0.013433,6.01175,76290
227,0,9.64269,121,1,0,0,0.504076,0.018576,6.0395,76412
228,0,9.55615,150,1,0,0,0.502564,0.0134,6.02706,76563
229,0,9.55836,149,1,0,0,0.501056,0.015317,6.05075,76713
230,0,9.55229,152,1,0,0,0.499553,0.010585,6.08096,76866
231,0,9.65241,118,1,0,0,0.498054,0.012024,6.08822,76985
232,0,9.59458,137,1,0,0,0.49656,0.015775,6.09115,77123
233,0,9.64822,119,1,0,0,0.49507,0.012866,6.11523,77243
234,0,9.59453,137,1,0,0,0.493585,0.012507,6.11294,77381
235,0,9.53228,158,1,0,0,0.492105,0.010508,6.11885,77540
236,0,9.60637,133,1,0,0,0.490628,0.013063,6.14117,77674
237,0,9.56551,147,1,0,0,0.489156,0.014226,6.17655,77822
238,0,9.60427,134,1,0,0,0.487689,0.012259,6.18805,77957
239,0,9.54123,155,1,0,0,0.486226,0.014433,6.21839,78113
240,0,9.66929,112,1,0,0,0.484767,0.012048,6.23091,78226
241,0,9.53745,156,1,0,0,0.483313,0.009512,6.23571,78383
242,0,9.60037,135,1,0,0,0.481863,0.010323,6.2448,78519
243,0,9.64846,119,1,0,0,0.480417,0.010836,6.27157,78639
244,0,9.68204,108,1,0,0,0.478976,0.011082,6.27657,78748
245,0,9.63388,124,1,0,0,0.477539,0.012083,6.26799,78873
246,0,9.62485,127,1,0,0,0.476106,0.009618,6.31343,79001
247,0,9.59492,137,1,0,0,0.474678,0.011119,6.31541,79139
248,0,9.60081,135,1,0,0,0.473254,0.010353,6.33194,79275
249,0,9.59994,136,1,0,0,0.471834,0.00665,6.34553,79412
250,0,9.59464,137,1,0,0,0.470419,0.009591,6.35977,79550
251,0,9.6615,115,1,0,0,0.469008,0.013378,6.37977,79666
252,0,-1.2,400,0,0,1,0.467601,0.01189,6.43962,80066
253,0,9.64596,120,1,0,0,0.466198,0.012688,6.50351,80187
254,0,-1.2,400,0,0,1,0.464799,0.012697,6.56373,80587
255,0,9.67308,111,1,0,0,0.463405,0.017653,6.59017,80699
256,0,9.62434,127,1,0,0,0.462015,0.014179,6.64115,80827
257,0,9.69054,105,1,0,0,0.460629,0.014873,6.66756,80933
258,0,-1.2,400,0,0,1,0.459247,0.01167,6.71596,81333
259,0,-1.2,400,0,0,1,0.457869,0.012208,6.83181,81733
260,0,-1.19617,400,0,0,1,0.456495,0.010486,6.95434,82133
261,0,-1.19693,400,0,0,1,0.455126,0.012238,7.04603,82533
262,0,9.25261,251,1,0,0,0.45376,0.016428,7.15201,82785
263,0,9.06125,315,1,0,0,0.452399,0.012903,7.20151,83101
264,0,-1.19942,400,0,0,1,0.451042,0.013562,7.29001,83501
265,0,9.1448,288,1,0,0,0.449689,0.016734,7.35238,83790
266,0,-1.19887,400,0,0,1,0.44834,0.014792,7.45503,84190
267,0,9.18269,275,1,0,0,0.446995,0.015825,7.54637,84466
268,0,-1.19167,400,0,0,1,0.445654,0.011175,7.62835,84866
269,0,-1.2,400,0,0,1,0.444317,0.013433,7.72948,85266
270,0,-1.2,400,0,0,1,0.442984,0.011619,7.79983,85666
271,0,-1.19829,400,0,0,1,0.441655,0.013601,7.89447,86066
272,0,-1.2,400,0,0,1,0.44033,0.013817,8.00401,86466
273,0,-1.2,400,0,0,1,0.439009,0.017209,8.09763,86866
274,0,-1.2,400,0,0,1,0.437692,0.014945,8.17429,87266
275,0,-1.2,400,0,0,1,0.436379,0.014561,8.24664,87666
276,0,-1.2,400,0,0,1,0.43507,0.016274,8.34051,88066
277,0,-1.2,400,0,0,1,0.433765,0.010936,8.41362,88466
278,0,-1.2,400,0,0,1,0.432463,0.013022,8.49459,88866
279,0,-1.2,400,0,0,1,0.431166,0.015475,8.56131,89266
280,0,-1.2,400,0,0,1,0.429872,0.014891,8.63221,89666
281,0,-1.2,400,0,0,1,0.428583,0.013578,8.70995,90066
282,0,-1.2,400,0,0,1,0.427297,0.01303,8.72129,90466
283,0,-1.2,400,0,0,1,0.426015,0.014047,8.79807,90866
284,0,-1.2,400,0,0,1,0.424737,0.016036,8.84585,91266
285,0,-1.2,400,0,0,1,0.423463,0.013417,8.88779,91666
286,0,-1.2,400,0,0,1,0.422192,0.012507,8.92338,92066
287,0,-1.2,400,0,0,1,0.420926,0.014058,8.99167,92466
288,0,-1.2,400,0,0,1,0.419663,0.015358,9.02393,92866
289,0,-1.2,400,0,0,1,0.418404,0.017228,9.06739,93266
290,0,-1.2,400,0,0,1,0.417149,0.01339,9.09498,93666
291,0,-1.2,400,0,0,1,0.415897,0.014261,9.10374,94066
292,0,-1.2,400,0,0,1,0.41465,0.012329,9.15396,94466
293,0,-1.2,400,0,0,1,0.413406,0.014716,9.1867,94866
294,0,-1.2,400,0,0,1,0.412166,0.015639,9.21357,95266
295,0,-1.2,400,0,0,1,0.410929,0.015697,9.23727,95666
296,0,-1.2,400,0,0,1,0.409696,0.017295,9.25909,96066
297,0,-1.2,400,0,0,1,0.408467,0.014079,9.29079,96466
298,0,-1.2,400,0,0,1,0.407242,0.014338,9.29346,96866
299,0,-1.2,400,0,0,1,0.40602,0.014038,9.3367,97266
300,0,-1.2,400,0,0,1,0.404802,0.013981,9.35282,97666
301,0,-1.2,400,0,0,1,0.403588,0.016833,9.39568,98066
302,0,-1.2,400,0,0,1,0.402377,0.016174,9.41344,98466
303,0,-1.2,400,0,0,1,0.40117,0.015522,9.43062,98866
304,0,-1.2,400,0,0,1,0.399966,0.014206,9.44667,99266
305,0,-1.2,400,0,0,1,0.398766,0.018297,9.47393,99666
306,0,-1.2,400,0,0,1,0.39757,0.015719,9.48339,100066
307,0,-1.2,400,0,0,1,0.396377,0.016404,9.49213,100466
308,0,-1.2,400,0,0,1,0.395188,0.016817,9.49394,100866
309,0,-1.2,400,0,0,1,0.394003,0.015491,9.51076,101266
310,0,-1.2,400,0,0,1,0.392821,0.017275,9.49684,101666
311,0,-1.2,400,0,0,1,0.391642,0.014929,9.50278,102066
312,0,-1.2,400,0,0,1,0.390467,0.013424,9.49278,102466
313,0,-1.2,400,0,0,1,0.389296,0.012928,9.48694,102866
314,0,-1.2,400,0,0,1,0.388128,0.017319,9.47776,103266
315,0,9.66406,114,1,0,0,0.386964,0.012462,9.44935,103381
316,0,9.67648,110,1,0,0,0.385803,0.014269,9.45583,103492
317,0,9.58628,140,1,0,0,0.384645,0.01149,9.44764,103633
318,0,9.65224,118,1,0,0,0.383491,0.013435,9.44626,103752
319,0,-1.19406,400,0,0,1,0.382341,0.012353,9.41652,104152
320,0,-1.18636,400,0,0,1,0.381194,0.017108,9.3909,104552
321,0,-1.19228,400,0,0,1,0.38005,0.012038,9.36003,104952
322,0,9.39718,204,1,0,0,0.37891,0.011672,9.34122,105157
323,0,9.64564,120,1,0,0,0.377773,0.015495,9.3203,105278
324,0,9.42987,192,1,0,0,0.37664,0.014093,9.30612,105471
325,0,9.38455,207,1,0,0,0.37551,0.013286,9.29717,105679
326,0,9.66094,115,1,0,0,0.374384,0.011444,9.28068,105795
327,0,9.66968,112,1,0,0,0.37326,0.017752,9.27135,105908
328,0,9.60378,134,1,0,0,0.372141,0.011336,9.25373,106043
329,0,9.60142,135,1,0,0,0.371024,0.013523,9.24362,106179
330,0,9.61329,131,1,0,0,0.369911,0.006558,9.22811,106311
331,0,9.61309,131,1,0,0,0.368801,0.011624,9.21487,106443
332,0,9.68215,108,1,0,0,0.367695,0.012312,9.19692,106552
333,0,9.69064,105,1,0,0,0.366592,0.013605,9.19307,106658
334,0,9.62775,126,1,0,0,0.365492,0.018487,9.1761,106785
335,0,9.6787,110,1,0,0,0.364396,0.009027,9.16502,106896
336,0,9.64299,121,1,0,0,0.363302,0.01023,9.15261,107018
337,0,9.09369,304,1,0,0,0.362213,0.011854,9.13202,107323
338,0,9.49886,169,1,0,0,0.361126,0.010252,9.10793,107493
339,0,9.64581,120,1,0,0,0.360043,0.014214,9.08033,107614
340,0,9.6753,110,1,0,0,0.358962,0.009334,9.07833,107725
341,0,-1.2,400,0,0,1,0.357886,0.011108,9.05348,108125
342,0,-1.2,400,0,0,1,0.356812,0.01232,9.01397,108525
343,0,9.45344,184,1,0,0,0.355741,0.008983,8.98293,108710
344,0,-1.2,400,0,0,1,0.354674,0.010231,8.9575,109110
345,0,9.72664,93,1,0,0,0.35361,0.01669,8.93332,109204
346,0,9.71222,98,1,0,0,0.352549,0.013796,8.92806,109303
347,0,9.4659,180,1,0,0,0.351492,0.012405,8.90347,109484
348,0,9.76865,79,1,0,0,0.350437,0.014904,8.88671,109564
349,0,9.70303,101,1,0,0,0.349386,0.015797,8.87478,109666
350,0,9.62899,126,1,0,0,0.348338,0.013192,8.8554,109793
351,0,9.62305,128,1,0,0,0.347293,0.010755,8.84457,109922
352,0,9.75353,84,1,0,0,0.346251,0.010339,8.82992,110007
353,0,9.59443,137,1,0,0,0.345212,0.010014,8.82373,110145
354,0,9.75134,85,1,0,0,0.344176,0.010527,8.79554,110231
355,0,9.68467,107,1,0,0,0.343144,0.012864,8.79405,110339
356,0,9.76259,81,1,0,0,0.342115,0.013441,8.77535,110421
357,0,9.69113,105,1,0,0,0.341088,0.007442,8.76915,110527
358,0,9.65794,116,1,0,0,0.340065,0.012973,8.75802,110644
359,0,9.71184,98,1,0,0,0.339045,0.009053,8.73636,110743
360,0,9.706,100,1,0,0,0.338028,0.016728,8.72581,110844
361,0,9.76282,81,1,0,0,0.337014,0.006077,8.71839,110926
362,0,9.67942,109,1,0,0,0.336002,0.007207,8.70568,111036
363,0,9.74432,87,1,0,0,0.334994,0.005788,8.68921,111124
364,0,9.76297,81,1,0,0,0.333989,0.013851,8.69264,111206
365,0,9.61882,129,1,0,0,0.332988,0.013963,8.67209,111336
366,0,9.75393,84,1,0,0,0.331989,0.009791,8.65945,111421
367,0,9.71487,97,1,0,0,0.330993,0.010448,8.64126,111519
368,0,9.72724,93,1,0,0,0.33,0.011637,8.62589,111613
369,0,9.72959,92,1,0,0,0.32901,0.007866,8.63823,111706
370,0,9.76285,81,1,0,0,0.328023,0.01038,8.60971,111788
371,0,9.77173,78,1,0,0,0.327039,0.010628,8.59464,111867
372,0,9.68166,108,1,0,0,0.326057,0.013111,8.58325,111976
373,0,9.70876,99,1,0,0,0.325079,0.013828,8.5748,112076
374,0,9.77195,78,1,0,0,0.324104,0.01063,8.56321,112155
375,0,9.75163,85,1,0,0,0.323132,0.008185,8.54757,112241
376,0,9.74813,86,1,0,0,0.322162,0.011815,8.53875,112328
377,0,9.71192,98,1,0,0,0.321196,0.005834,8.52845,112427
378,0,9.71771,96,1,0,0,0.320232,0.011152,8.50797,112524
379,0,9.71224,98,1,0,0,0.319272,0.009222,8.48627,112623
380,0,9.73613,90,1,0,0,0.318314,0.006884,8.48716,112714
381,0,9.748,86,1,0,0,0.317359,0.013952,8.47124,112801
382,0,9.70383,101,1,0,0,0.316407,0.007063,8.46229,112903
383,0,9.68592,107,1,0,0,0.315457,0.008402,8.44347,113011
384,0,9.66739,113,1,0,0,0.314511,0.012648,8.42805,113125
385,0,9.77835,76,1,0,0,0.313568,0.012947,8.4178,113202
386,0,9.70612,100,1,0,0,0.312627,0.009909,8.39843,113303
387,0,9.75478,84,1,0,0,0.311689,0.00896,8.39203,113388
388,0,9.78049,75,1,0,0,0.310754,0.014675,8.37626,113464
389,0,9.7153,97,1,0,0,0.309822,0.014048,8.36892,113562
390,0,9.73252,91,1,0,0,0.308892,0.014231,8.35257,113654
391,0,9.76875,79,1,0,0,0.307965,0.007556,8.33424,113734
392,0,9.74452,87,1,0,0,0.307042,0.007577,8.33849,113822
393,0,9.7275,93,1,0,0,0.30612,0.006564,8.33316,113916
394,0,9.76905,79,1,0,0,0.305202,0.008362,8.31847,113996
395,0,9.79895,69,1,0,0,0.304287,0.009652,8.29692,114066
396,0,9.78067,75,1,0,0,0.303374,0.013031,8.29694,114142
397,0,9.74504,87,1,0,0,0.302464,0.004104,8.28719,114230
398,0,9.78123,75,1,0,0,0.301556,0.010358,8.26767,114306
399,0,9.73267,91,1,0,0,0.300651,0.015419,8.2638,114398
400,0,9.7363,90,1,0,0,0.29975,0.009375,8.24853,114489
401,0,9.80525,67,1,0,0,0.29885,0.011485,8.24077,114557
402,0,9.77826,76,1,0,0,0.297954,0.004431,8.2343,114634
403,0,9.74189,88,1,0,0,0.29706,0.013673,8.22791,114723
404,0,9.78392,74,1,0,0,0.296169,0.009286,8.2065,114798
405,0,9.72711,93,1,0,0,0.29528,0.00956,8.19091,114892
406,0,9.73027,92,1,0,0,0.294394,0.013772,8.19535,114985
407,0,9.73051,92,1,0,0,0.293511,0.008509,8.18472,115078
408,0,9.75107,85,1,0,0,0.292631,0.01186,8.16032,115164
409,0,9.77468,77,1,0,0,0.291753,0.008588,8.16892,115242
410,0,9.8084,66,1,0,0,0.290877,0.012322,8.15516,115309
411,0,9.77811,76,1,0,0,0.290005,0.009344,8.14437,115386
412,0,9.75715,83,1,0,0,0.289135,0.010029,8.12913,115470
413,0,9.78734,73,1,0,0,0.288267,0.007061,8.12381,115544
414,0,9.78679,73,1,0,0,0.287403,0.005343,8.10466,115618
415,0,9.76619,80,1,0,0,0.28654,0.010176,8.11234,115699
416,0,9.77149,78,1,0,0,0.285681,0.011891,8.09476,115778
417,0,9.79548,70,1,0,0,0.284824,0.014019,8.09607,115849
418,0,9.78656,73,1,0,0,0.283969,0.008562,8.09021,115923
419,0,9.76606,80,1,0,0,0.283117,0.013197,8.06859,116004
420,0,9.71537,97,1,0,0,0.282268,0.011119,8.05876,116102
421,0,9.77792,76,1,0,0,0.281421,0.01129,8.05721,116179
422,0,9.77488,77,1,0,0,0.280577,0.00618,8.0438,116257
423,0,9.74159,88,1,0,0,0.279735,0.010071,8.03644,116346
424,0,9.808,66,1,0,0,0.278896,0.008562,8.02875,116413
425,0,9.79258,71,1,0,0,0.278059,0.009351,8.02599,116485
426,0,9.75403,84,1,0,0,0.277225,0.007546,8.01405,116570
427,0,9.80484,67,1,0,0,0.276393,0.011824,8.01404,116638
428,0,9.77569,77,1,0,0,0.275564,0.010502,8.0061,116716
429,0,9.78082,75,1,0,0,0.274738,0.008351,7.99637,116792
430,0,9.7482,86,1,0,0,0.273913,0.014111,7.98019,116879
431,0,9.81365,64,1,0,0,0.273092,0.006043,7.9778,116944
432,0,9.76021,82,1,0,0,0.272272,0.010527,7.96513,117027
433,0,9.80826,66,1,0,0,0.271456,0.009485,7.97533,117094
434,0,9.79887,69,1,0,0,0.270641,0.010563,7.95958,117164
435,0,9.70592,100,1,0,0,0.269829,0.007415,7.94607,117265
436,0,9.78648,73,1,0,0,0.26902,0.00683,7.93039,117339
437,0,9.78741,73,1,0,0,0.268213,0.009028,7.93755,117413
438,0,9.8198,62,1,0,0,0.267408,0.013741,7.92581,117476
439,0,9.73331,91,1,0,0,0.266606,0.015476,7.90842,117568
440,0,9.76908,79,1,0,0,0.265806,0.007712,7.91233,117648
441,0,9.77211,78,1,0,0,0.265009,0.009889,7.89946,117727
442,0,9.82242,61,1,0,0,0.264214,0.014777,7.9017,117789
443,0,9.81348,64,1,0,0,0.263421,0.011387,7.89219,117854
444,0,9.80189,68,1,0,0,0.262631,0.008332,7.89044,117923
445,0,9.78049,75,1,0,0,0.261843,0.009539,7.8849,117999
446,0,9.72654,93,1,0,0,0.261057,0.013648,7.87233,118093
447,0,9.76668,80,1,0,0,0.260274,0.010632,7.86126,118174
448,0,9.76625,80,1,0,0,0.259493,0.011357,7.85822,118255
449,0,9.79969,69,1,0,0,0.258715,0.012595,7.84412,118325
450,0,9.73928,89,1,0,0,0.257939,0.011519,7.84159,118415
451,0,9.7622,81,1,0,0,0.257165,0.006721,7.84252,118497
452,0,9.81077,65,1,0,0,0.256393,0.010102,7.82636,118563
453,0,9.77746,76,1,0,0,0.255624,0.01192,7.82369,118640
454,0,9.77182,78,1,0,0,0.254857,0.013068,7.82048,118719
455,0,9.80161,68,1,0,0,0.254093,0.012429,7.82289,118788
456,0,9.78391,74,1,0,0,0.25333,0.00591,7.81776,118863
457,0,9.79299,71,1,0,0,0.25257,0.007839,7.8056,118935
458,0,9.79316,71,1,0,0,0.251813,0.006964,7.81441,119007
459,0,9.82315,61,1,0,0,0.251057,0.012791,7.8037,119069
460,0,9.79886,69,1,0,0,0.250304,0.009542,7.80164,119139
461,0,9.77851,76,1,0,0,0.249553,0.007069,7.7769,119216
462,0,9.80157,68,1,0,0,0.248805,0.009561,7.75755,119285
463,0,9.81328,64,1,0,0,0.248058,0.00484,7.77307,119350
464,0,9.78713,73,1,0,0,0.247314,0.006863,7.78534,119424
465,0,9.7648,81,1,0,0,0.246572,0.009097,7.7639,119506
466,0,9.74769,86,1,0,0,0.245832,0.008585,7.76452,119593
467,0,9.81079,65,1,0,0,0.245095,0.01314,7.7662,119659
468,0,9.79552,70,1,0,0,0.24436,0.010306,7.7499,119730
469,0,9.78679,73,1,0,0,0.243626,0.010278,7.75493,119804
470,0,9.73268,91,1,0,0,0.242896,0.007784,7.74399,119896
471,0,9.75687,83,1,0,0,0.242167,0.014063,7.74599,119980
472,0,9.78646,73,1,0,0,0.24144,0.007745,7.73187,120054
473,0,9.80208,68,1,0,0,0.240716,0.013721,7.72714,120123
474,0,9.82892,59,1,0,0,0.239994,0.009656,7.72873,120183
475,0,9.79615,70,1,0,0,0.239274,0.010776,7.72698,120254
476,0,9.80747,66,1,0,0,0.238556,0.010628,7.7111,120321
477,0,9.77165,78,1,0,0,0.23784,0.012324,7.71825,120400
478,0,9.78706,73,1,0,0,0.237127,0.011632,7.71183,120474
479,0,9.7781,76,1,0,0,0.236416,0.011117,7.71421,120551
480,0,9.77522,77,1,0,0,0.235706,0.006391,7.71648,120629
481,0,9.79857,69,1,0,0,0.234999,0.007696,7.71214,120699
482,0,9.76894,79,1,0,0,0.234294,0.011407,7.71507,120779
483,0,9.83503,57,1,0,0,0.233591,0.006111,7.71403,120837
484,0,9.82929,59,1,0,0,0.232891,0.013122,7.7129,120897
485,0,9.81057,65,1,0,0,0.232192,0.010693,7.70672,120963
486,0,9.73928,89,1,0,0,0.231495,0.006006,7.69876,121053
487,0,9.82914,59,1,0,0,0.230801,0.007434,7.67059,121113
488,0,9.83179,58,1,0,0,0.230108,0.005446,7.69383,121172
489,0,9.75127,85,1,0,0,0.229418,0.010663,7.69368,121258
490,0,9.79597,70,1,0,0,0.22873,0.013387,7.70879,121329
491,0,9.77772,76,1,0,0,0.228044,0.008919,7.68255,121406
492,0,9.80478,67,1,0,0,0.227359,0.00635,7.67101,121474
493,0,9.77523,77,1,0,0,0.226677,0.007736,7.68601,121552
494,0,9.75126,85,1,0,0,0.225997,0.010634,7.68551,121638
495,0,9.82273,61,1,0,0,0.225319,0.007249,7.69016,121700
496,0,9.80155,68,1,0,0,0.224643,0.007106,7.68313,121769
497,0,9.82283,61,1,0,0,0.223969,0.005011,7.67968,121831
498,0,9.8145,64,1,0,0,0.223298,0.01075,7.69455,121896
499,0,9.78685,73,1,0,0,0.222628,0.010998,7.67771,121970
500,0,9.7903,72,1,0,0,0.22196,0.009336,7.66162,122043
501,0,9.81681,63,1,0,0,0.221294,0.011776,7.67471,122107
502,0,9.76001,82,1,0,0,0.22063,0.00948,7.68605,122190
503,0,9.78394,74,1,0,0,0.219968,0.007213,7.68303,122265
504,0,9.80758,66,1,0,0,0.219308,0.010242,7.67508,122332
505,0,9.7988,69,1,0,0,0.21865,0.008535,7.69731,122402
506,0,9.80755,66,1,0,0,0.217994,0.015078,7.68072,122469
507,0,9.81962,62,1,0,0,0.21734,0.010225,7.67126,122532
508,0,9.80175,68,1,0,0,0.216688,0.012229,7.70045,122601
509,0,9.81947,62,1,0,0,0.216038,0.013103,7.68352,122664
510,0,9.81089,65,1,0,0,0.21539,0.017819,7.69705,122730
511,0,9.80829,66,1,0,0,0.214744,0.010461,7.67883,122797
512,0,9.82894,59,1,0,0,0.2141,0.004141,7.69929,122857
513,0,9.8081,66,1,0,0,0.213457,0.010656,7.66643,122924
514,0,9.8233,61,1,0,0,0.212817,0.011036,7.68157,122986
515,0,9.78171,75,1,0,0,0.212179,0.015529,7.70221,123062
516,0,9.7954,70,1,0,0,0.211542,0.011005,7.69516,123133
517,0,9.82281,61,1,0,0,0.210907,0.007709,7.68469,123195
518,0,9.78374,74,1,0,0,0.210275,0.010719,7.67421,123270
519,0,9.79658,70,1,0,0,0.209644,0.010328,7.69598,123341
520,0,9.74556,87,1,0,0,0.209015,0.013034,7.68647,123429
521,0,9.79631,70,1,0,0,0.208388,0.011195,7.70858,123500
522,0,9.80513,67,1,0,0,0.207763,0.011594,7.72059,123568
523,0,9.78065,75,1,0,0,0.20714,0.010145,7.70403,123644
524,0,9.79877,69,1,0,0,0.206518,0.011606,7.69334,123714
525,0,9.80498,67,1,0,0,0.205899,0.006544,7.71898,123782
526,0,9.80889,66,1,0,0,0.205281,0.010703,7.72238,123849
527,0,9.78091,75,1,0,0,0.204665,0.010472,7.72485,123925
528,0,9.80479,67,1,0,0,0.204051,0.010594,7.69901,123993
529,0,9.79322,71,1,0,0,0.203439,0.011951,7.72039,124065
530,0,9.82558,60,1,0,0,0.202829,0.013348,7.71767,124126
531,0,9.82918,59,1,0,0,0.20222,0.01027,7.70812,124186
532,0,9.78049,75,1,0,0,0.201613,0.009482,7.72242,124262
533,0,9.81668,63,1,0,0,0.201009,0.012433,7.75063,124326
534,0,9.79913,69,1,0,0,0.200406,0.012575,7.76053,124396
535,0,9.77755,76,1,0,0,0.199804,0.010636,7.72533,124473
536,0,9.81107,65,1,0,0,0.199205,0.010535,7.75684,124539
537,0,9.82004,62,1,0,0,0.198607,0.014405,7.78025,124602
538,0,9.81972,62,1,0,0,0.198011,0.011754,7.7641,124665
539,0,9.78691,73,1,0,0,0.197417,0.005586,7.77906,124739
540,0,9.79113,72,1,0,0,0.196825,0.013227,7.80159,124812
541,0,9.80515,67,1,0,0,0.196235,0.008765,7.77423,124880
542,0,9.81083,65,1,0,0,0.195646,0.003901,7.80057,124946
543,0,9.81087,65,1,0,0,0.195059,0.007989,7.77852,125012
544,0,9.83543,57,1,0,0,0.194474,0.008997,7.78083,125070
545,0,9.81103,65,1,0,0,0.19389,0.010545,7.80348,125136
546,0,9.80143,68,1,0,0,0.193309,0.009206,7.81887,125205
547,0,9.81069,65,1,0,0,0.192729,0.010864,7.81645,125271
548,0,9.78406,74,1,0,0,0.192151,0.010322,7.82471,125346
549,0,9.81364,64,1,0,0,0.191574,0.01579,7.82525,125411
550,0,9.79004,72,1,0,0,0.190999,0.010761,7.84355,125484
551,0,9.79269,71,1,0,0,0.190427,0.008541,7.81685,125556
552,0,9.79308,71,1,0,0,0.189855,0.0086,7.83729,125628
553,0,9.78409,74,1,0,0,0.189286,0.009732,7.86813,125703
554,0,9.80824,66,1,0,0,0.188718,0.009144,7.9032,125770
555,0,9.78029,75,1,0,0,0.188152,0.01685,7.86018,125846
556,0,9.81072,65,1,0,0,0.187587,0.005513,7.88731,125912
557,0,9.80243,68,1,0,0,0.187024,0.007064,7.88282,125981
558,0,9.81389,64,1,0,0,0.186463,0.01302,7.88683,126046
559,0,9.82349,61,1,0,0,0.185904,0.010168,7.95917,126108
560,0,9.83782,56,1,0,0,0.185346,0.007033,7.91625,126165
561,0,9.8108,65,1,0,0,0.18479,0.01308,7.90352,126231
562,0,9.82556,60,1,0,0,0.184236,0.015127,7.9363,126292
563,0,9.78668,73,1,0,0,0.183683,0.013499,7.9711,126366
564,0,9.7933,71,1,0,0,0.183132,0.00443,7.95274,126438
565,0,9.79887,69,1,0,0,0.182583,0.015692,7.96604,126508
566,0,9.82057,62,1,0,0,0.182035,0.015076,7.97311,126571
567,0,9.78369,74,1,0,0,0.181489,0.009167,8.00633,126646
568,0,9.7875,73,1,0,0,0.180944,0.007953,7.98624,126720
569,0,9.80157,68,1,0,0,0.180402,0.010436,8.04165,126789
570,0,9.8199,62,1,0,0,0.17986,0.013957,8.05297,126852
571,0,9.81691,63,1,0,0,0.179321,0.010454,8.01545,126916
572,0,9.82618,60,1,0,0,0.178783,0.007688,8.06045,126977
573,0,9.81099,65,1,0,0,0.178246,0.016159,8.09081,127043
574,0,9.8199,62,1,0,0,0.177712,0.010928,8.09388,127106
575,0,9.79868,69,1,0,0,0.177179,0.007946,8.08882,127176
576,0,9.79848,69,1,0,0,0.176647,0.00997,8.10217,127246
577,0,9.80797,66,1,0,0,0.176117,0.014586,8.10397,127313
578,0,9.80552,67,1,0,0,0.175589,0.007354,8.14482,127381
579,0,9.80481,67,1,0,0,0.175062,0.009557,8.12783,127449
580,0,9.78942,72,1,0,0,0.174537,0.007622,8.15236,127522
581,0,9.83512,57,1,0,0,0.174013,0.016804,8.14121,127580
582,0,9.83232,58,1,0,0,0.173491,0.01685,8.2444,127639
583,0,9.83871,56,1,0,0,0.172971,0.012431,8.21945,127696
584,0,9.82311,61,1,0,0,0.172452,0.006827,8.22003,127758
585,0,9.81696,63,1,0,0,0.171934,0.012066,8.21267,127822
586,0,9.82026,62,1,0,0,0.171419,0.015613,8.26469,127885
587,0,9.79907,69,1,0,0,0.170904,0.01765,8.21932,127955
588,0,9.83183,58,1,0,0,0.170392,0.01085,8.27745,128014
589,0,9.75381,84,1,0,0,0.16988,0.014959,8.27033,128099
590,0,9.81709,63,1,0,0,0.169371,0.019125,8.28492,128163
591,0,9.8412,55,1,0,0,0.168863,0.006985,8.30479,128219
592,0,9.82287,61,1,0,0,0.168356,0.014645,8.32011,128281
593,0,9.81133,65,1,0,0,0.167851,0.016762,8.33838,128347
594,0,9.82526,60,1,0,0,0.167347,0.010896,8.36434,128408
595,0,9.81985,62,1,0,0,0.166845,0.007163,8.32459,128471
596,0,9.84104,55,1,0,0,0.166345,0.011043,8.30039,128527
597,0,9.79598,70,1,0,0,0.165846,0.010002,8.37861,128598
598,0,9.82037,62,1,0,0,0.165348,0.014227,8.38121,128661
599,0,9.81112,65,1,0,0,0.164852,0.00829,8.39095,128727
600,1,-1.63,210,0,1,0,0.3988,0.012188,8.43326,128938
601,1,-1.636,212,0,1,0,0.397604,0.016198,8.47588,129151
602,1,-1.2,400,0,0,1,0.396411,0.016531,8.52079,129551
603,1,-1.2,400,0,0,1,0.395222,0.013273,8.58042,129951
604,1,-1.558,186,0,1,0,0.394036,0.014227,8.63514,130138
605,1,-1.216,72,0,1,0,0.392854,0.020383,8.64835,130211
606,1,-1.675,225,0,1,0,0.391675,0.018026,8.66874,130437
607,1,-1.2,400,0,0,1,0.3905,0.012823,8.7063,130837
608,1,-1.918,306,0,1,0,0.389329,0.015828,8.72959,131144
609,1,-1.138,46,0,1,0,0.388161,0.017513,8.78628,131191
610,1,-1.123,41,0,1,0,0.386996,0.017795,8.72328,131233
611,1,-1.153,51,0,1,0,0.385835,0.014647,8.74507,131285
612,1,-1.114,38,0,1,0,0.384678,0.014243,8.7898,131324
613,1,-1.333,111,0,1,0,0.383524,0.012389,8.75002,131436
614,1,-1.093,31,0,1,0,0.382373,0.027023,8.82518,131468
615,1,-1.351,117,0,1,0,0.381226,0.013076,8.80572,131586
616,1,9.67602,110,1,0,0,0.380082,0.00866,8.77581,131697
617,1,-1.19762,400,0,0,1,0.378942,0.014071,8.80959,132097
618,1,-1.19894,400,0,0,1,0.377805,0.016836,8.83174,132497
619,1,-1.2,400,0,0,1,0.376672,0.015702,8.88119,132897
620,1,-1.2,400,0,0,1,0.375542,0.014527,8.93433,133297
621,1,-1.2,400,0,0,1,0.374415,0.016887,8.98152,133697
622,1,-1.2,400,0,0,1,0.373292,0.01786,9.03812,134097
623,1,-1.2,400,0,0,1,0.372172,0.017978,9.05387,134497
624,1,-1.2,400,0,0,1,0.371056,0.014177,9.07234,134897
625,1,-1.2,400,0,0,1,0.369942,0.015792,9.10973,135297
626,1,-1.2,400,0,0,1,0.368833,0.017981,9.1087,135697
627,1,-1.093,31,0,1,0,0.367726,0.013117,9.05828,135729
628,1,-1.096,32,0,1,0,0.366623,0.011059,9.15562,135762
629,1,-1.132,44,0,1,0,0.365523,0.016939,9.14248,135807
630,1,-1.114,38,0,1,0,0.364426,0.014869,9.12627,135846
631,1,-1.2,400,0,0,1,0.363333,0.016967,9.09791,136246
632,1,-1.2,400,0,0,1,0.362243,0.01682,9.09804,136646
633,1,-1.19973,400,0,0,1,0.361156,0.020143,9.10322,137046
634,1,-1.2,400,0,0,1,0.360073,0.017224,9.11174,137446
635,1,-1.2,400,0,0,1,0.358993,0.017457,9.10284,137846
636,1,-1.09,30,0,1,0,0.357916,0.015536,9.188,137877
637,1,9.5053,167,1,0,0,0.356842,0.020958,9.09122,138045
638,1,9.51691,163,1,0,0,0.355772,0.017192,9.0902,138209
639,1,9.338,223,1,0,0,0.354704,0.017804,9.09485,138433
640,1,9.26583,247,1,0,0,0.35364,0.019895,9.08931,138681
641,1,9.45238,185,1,0,0,0.352579,0.020354,9.11528,138867
642,1,-1.093,31,0,1,0,0.351521,0.018534,9.16649,138899
643,1,9.60973,132,1,0,0,0.350467,0.015243,9.10511,139032
644,1,-1.19324,400,0,0,1,0.349415,0.019563,9.09718,139432
645,1,-1.19419,400,0,0,1,0.348367,0.015083,9.1056,139832
646,1,-1.19054,400,0,0,1,0.347322,0.017762,9.08954,140232
647,1,-1.19511,400,0,0,1,0.34628,0.014925,9.10008,140632
648,1,-1.075,25,0,1,0,0.345241,0.017524,9.12046,140658
649,1,-1.19546,400,0,0,1,0.344206,0.017387,9.10934,141058
650,1,-1.19566,400,0,0,1,0.343173,0.018049,9.13004,141458
651,1,-1.19853,400,0,0,1,0.342143,0.01743,9.11697,141858
652,1,-1.19494,400,0,0,1,0.341117,0.017077,9.1362,142258
653,1,-1.19561,400,0,0,1,0.340094,0.014144,9.1561,142658
654,1,-1.19558,400,0,0,1,0.339073,0.017468,9.1595,143058
655,1,-1.19654,400,0,0,1,0.338056,0.017961,9.15625,143458
656,1,-1.19715,400,0,0,1,0.337042,0.016669,9.17101,143858
657,1,-1.19802,400,0,0,1,0.336031,0.016729,9.16502,144258
658,1,-1.19625,400,0,0,1,0.335023,0.01577,9.16674,144658
659,1,-1.19605,400,0,0,1,0.334018,0.013548,9.17959,145058
660,1,-1.19892,400,0,0,1,0.333016,0.015035,9.17545,145458
661,1,-1.19718,400,0,0,1,0.332017,0.01537,9.16239,145858
662,1,-1.19486,400,0,0,1,0.331021,0.015835,9.16433,146258
663,1,-1.132,44,0,1,0,0.330027,0.020392,9.15637,146303
664,1,9.11311,298,1,0,0,0.329037,0.013822,9.17091,146602
665,1,-1.19859,400,0,0,1,0.32805,0.015021,9.14236,147002
666,1,-1.19624,400,0,0,1,0.327066,0.015746,9.13682,147402
667,1,-1.19615,400,0,0,1,0.326085,0.014716,9.11606,147802
668,1,-1.19481,400,0,0,1,0.325107,0.013502,9.10187,148202
669,1,-1.19787,400,0,0,1,0.324131,0.012358,9.07207,148602
670,1,9.51249,165,1,0,0,0.323159,0.01308,9.06407,148768
671,1,9.61932,129,1,0,0,0.32219,0.012872,9.0394,148898
672,1,9.73281,91,1,0,0,0.321223,0.016756,9.03325,148990
673,1,9.62166,128,1,0,0,0.320259,0.015086,9.01563,149119
674,1,9.44475,187,1,0,0,0.319298,0.010743,9.01792,149307
675,1,9.29303,238,1,0,0,0.318341,0.013989,8.99834,149546
676,1,9.46372,181,1,0,0,0.317386,0.016549,8.97343,149728
677,1,9.76566,80,1,0,0,0.316433,0.014823,8.97833,149809
678,1,9.50212,168,1,0,0,0.315484,0.015673,8.94119,149978
679,1,9.31601,230,1,0,0,0.314538,0.01207,8.93391,150209
680,1,9.34756,220,1,0,0,0.313594,0.015706,8.92079,150430
681,1,9.66975,112,1,0,0,0.312653,0.01471,8.89834,150543
682,1,-1.2,400,0,0,1,0.311715,0.014216,8.87378,150943
683,1,8.84167,388,1,0,0,0.31078,0.011501,8.8396,151332
684,1,9.09659,303,1,0,0,0.309848,0.010942,8.81622,151636
685,1,9.56788,146,1,0,0,0.308918,0.013428,8.79889,151783
686,1,9.40564,200,1,0,0,0.307992,0.010967,8.77958,151984
687,1,9.48691,173,1,0,0,0.307068,0.010807,8.76389,152158
688,1,9.05467,317,1,0,0,0.306146,0.01314,8.74859,152476
689,1,9.10324,301,1,0,0,0.305228,0.010927,8.72462,152778
690,1,9.42972,192,1,0,0,0.304312,0.00967,8.71608,152971
691,1,9.44759,186,1,0,0,0.303399,0.010663,8.69267,153158
692,1,9.7269,93,1,0,0,0.302489,0.011364,8.67788,153252
693,1,9.67276,111,1,0,0,0.301582,0.008599,8.68597,153364
694,1,-1.072,24,0,1,0,0.300677,0.011282,8.69567,153389
695,1,9.619,129,1,0,0,0.299775,0.015855,8.66195,153519
696,1,-1.069,23,0,1,0,0.298876,0.022707,8.67673,153543
697,1,9.70307,101,1,0,0,0.297979,0.016353,8.66206,153645
698,1,9.60645,133,1,0,0,0.297085,0.014399,8.64826,153779
699,1,9.52877,159,1,0,0,0.296194,0.01078,8.6432,153939
700,1,9.74171,88,1,0,0,0.295305,0.015624,8.61923,154028
701,1,9.75076,85,1,0,0,0.294419,0.011225,8.62481,154114
702,1,-1.075,25,0,1,0,0.293536,0.005224,8.6185,154140
703,1,-1.063,21,0,1,0,0.292655,0.010322,8.63468,154162
704,1,9.76048,82,1,0,0,0.291777,0.010452,8.60495,154245
705,1,9.70292,101,1,0,0,0.290902,0.012526,8.60943,154347
706,1,9.52323,161,1,0,0,0.290029,0.011396,8.59864,154509
707,1,9.64614,120,1,0,0,0.289159,0.009041,8.58365,154630
708,1,9.70896,99,1,0,0,0.288292,0.015432,8.57513,154730
709,1,9.70944,99,1,0,0,0.287427,0.015217,8.57765,154830
710,1,9.73275,91,1,0,0,0.286565,0.015218,8.555,154922
711,1,9.75126,85,1,0,0,0.285705,0.012296,8.5551,155008
712,1,9.77183,78,1,0,0,0.284848,0.009784,8.53866,155087
713,1,9.67628,110,1,0,0,0.283993,0.014775,8.5562,155198
714,1,9.7238,94,1,0,0,0.283141,0.011719,8.52821,155293
715,1,9.70908,99,1,0,0,0.282292,0.013876,8.53962,155393
716,1,-1.2,400,0,0,1,0.281445,0.012559,8.50834,155793
717,1,9.6668,113,1,0,0,0.280601,0.00987,8.49812,155907
718,1,9.7183,96,1,0,0,0.279759,0.011947,8.49297,156004
719,1,9.75029,85,1,0,0,0.27892,0.012394,8.48782,156090
720,1,9.62797,126,1,0,0,0.278083,0.008294,8.48529,156217
721,1,9.511,165,1,0,0,0.277249,0.013012,8.46877,156383
722,1,9.72712,93,1,0,0,0.276417,0.010099,8.46079,156477
723,1,9.72712,93,1,0,0,0.275588,0.009961,8.448,156571
724,1,9.64014,122,1,0,0,0.274761,0.016497,8.45922,156694
725,1,9.50784,166,1,0,0,0.273937,0.012891,8.44667,156861
726,1,9.77129,78,1,0,0,0.273115,0.01386,8.45175,156940
727,1,9.71823,96,1,0,0,0.272295,0.011566,8.44956,157037
728,1,9.65232,118,1,0,0,0.271478,0.0158,8.45172,157156
729,1,9.65733,116,1,0,0,0.270664,0.013928,8.42811,157273
730,1,-1.186,62,0,1,0,0.269852,0.006926,8.40423,157336
731,1,9.5352,157,1,0,0,0.269042,0.015167,8.4123,157494
732,1,9.649,119,1,0,0,0.268235,0.010682,8.40807,157614
733,1,9.48986,172,1,0,0,0.267431,0.014332,8.40099,157787
734,1,9.75074,85,1,0,0,0.266628,0.01422,8.41936,157873
735,1,9.67342,111,1,0,0,0.265828,0.009586,8.40724,157985
736,1,9.59529,137,1,0,0,0.265031,0.014875,8.39325,158123
737,1,9.76415,81,1,0,0,0.264236,0.01293,8.38237,158205
738,1,9.70295,101,1,0,0,0.263443,0.013525,8.37782,158307
739,1,9.76851,79,1,0,0,0.262653,0.008118,8.39304,158387
740,1,9.72364,94,1,0,0,0.261865,0.008175,8.37845,158482
741,1,9.72126,95,1,0,0,0.261079,0.009682,8.37934,158578
742,1,9.72935,92,1,0,0,0.260296,0.012007,8.37604,158671
743,1,9.75404,84,1,0,0,0.259515,0.01832,8.35104,158756
744,1,9.72392,94,1,0,0,0.258737,0.013521,8.36368,158851
745,1,9.74527,87,1,0,0,0.25796,0.021582,8.36412,158939
746,1,9.73675,90,1,0,0,0.257187,0.012782,8.35891,159030
747,1,-1.19933,400,0,0,1,0.256415,0.011371,8.36558,159430
748,1,9.78108,75,1,0,0,0.255646,0.015994,8.39484,159506
749,1,9.71436,97,1,0,0,0.254879,0.016563,8.38112,159604
750,1,9.60993,132,1,0,0,0.254114,0.014153,8.39681,159737
751,1,9.691,105,1,0,0,0.253352,0.010688,8.39263,159843
752,1,-1.19794,400,0,0,1,0.252592,0.012412,8.39872,160243
753,1,-1.19457,400,0,0,1,0.251834,0.014258,8.4391,160643
754,1,-1.19711,400,0,0,1,0.251079,0.014338,8.48742,161043
755,1,-1.19191,400,0,0,1,0.250325,0.011027,8.5239,161443
756,1,-1.19426,400,0,0,1,0.249574,0.015986,8.57853,161843
757,1,-1.19618,400,0,0,1,0.248826,0.015872,8.62827,162243
758,1,-1.19021,400,0,0,1,0.248079,0.016198,8.70042,162643
759,1,-1.18491,400,0,0,1,0.247335,0.015681,8.72816,163043
760,1,-1.18401,400,0,0,1,0.246593,0.018613,8.82126,163443
761,1,9.29215,239,1,0,0,0.245853,0.01778,8.84488,163683
762,1,-1.2,400,0,0,1,0.245116,0.016921,8.92337,164083
763,1,9.41788,197,1,0,0,0.24438,0.023548,8.94487,164281
764,1,-1.2,400,0,0,1,0.243647,0.02074,8.9881,164681
765,1,9.54095,155,1,0,0,0.242916,0.024434,9.04808,164837
766,1,-1.2,400,0,0,1,0.242187,0.019656,9.06728,165237
767,1,9.33984,222,1,0,0,0.241461,0.02002,9.12234,165460
768,1,-1.093,31,0,1,0,0.240736,0.012071,9.10374,165492
769,1,9.47905,176,1,0,0,0.240014,0.022517,9.19386,165669
770,1,8.87871,376,1,0,0,0.239294,0.021616,9.24552,166046
771,1,-1.2,400,0,0,1,0.238576,0.020863,9.36031,166446
772,1,-1.105,35,0,1,0,0.237861,0.015724,9.37329,166482
773,1,-1.18279,400,0,0,1,0.237147,0.026269,9.42181,166882
774,1,-1.135,45,0,1,0,0.236436,0.02466,9.46977,166928
775,1,-1.18607,400,0,0,1,0.235726,0.029078,9.56579,167328
776,1,-1.126,42,0,1,0,0.235019,0.020126,9.65384,167371
777,1,-1.129,43,0,1,0,0.234314,0.01762,9.6318,167415
778,1,-1.123,41,0,1,0,0.233611,0.028494,9.68576,167457
779,1,-1.17014,400,0,0,1,0.23291,0.027266,9.72287,167857
780,1,-1.354,118,0,1,0,0.232211,0.032254,9.82752,167976
781,1,-1.18,60,0,1,0,0.231515,0.031205,9.85824,168037
782,1,-1.198,66,0,1,0,0.23082,0.036529,9.85367,168104
783,1,-1.348,116,0,1,0,0.230128,0.033341,9.83428,168221
784,1,-1.33,110,0,1,0,0.229437,0.029266,9.91673,168332
785,1,-1.069,23,0,1,0,0.228749,0.031132,9.82142,168356
786,1,-1.19775,400,0,0,1,0.228063,0.033999,9.94529,168756
787,1,-1.057,19,0,1,0,0.227379,0.041214,9.89512,168776
788,1,-1.2,400,0,0,1,0.226697,0.031529,10.0447,169176
789,1,-1.06,20,0,1,0,0.226016,0.030915,10.15867,169197
790,1,-1.19739,400,0,0,1,0.225338,0.0313,10.1621,169597
791,1,-1.111,37,0,1,0,0.224662,0.038787,10.22036,169635
792,1,-1.072,24,0,1,0,0.223988,0.036043,10.2296,169660
793,1,-1.291,97,0,1,0,0.223316,0.030188,10.24208,169758
794,1,-1.2,400,0,0,1,0.222646,0.032862,10.26515,170158
795,1,-1.078,26,0,1,0,0.221979,0.040472,10.23385,170185
796,1,-1.477,159,0,1,0,0.221313,0.035162,10.2869,170345
797,1,-1.19767,400,0,0,1,0.220649,0.035008,10.34882,170745
798,1,-1.063,21,0,1,0,0.219987,0.039925,10.37969,170767
799,1,-1.19747,400,0,0,1,0.219327,0.033778,10.43994,171167
800,1,-1.081,27,0,1,0,0.218669,0.039416,10.50198,171195
801,1,-1.2,400,0,0,1,0.218013,0.035174,10.46223,171595
802,1,-1.078,26,0,1,0,0.217359,0.040704,10.57974,171622
803,1,-1.09,30,0,1,0,0.216707,0.019503,10.4358,171653
804,1,-1.197,400,0,0,1,0.216057,0.033467,10.53112,172053
805,1,-1.1957,400,0,0,1,0.215408,0.033574,10.60389,172453
806,1,-1.1958,400,0,0,1,0.214762,0.0314,10.6554,172853
807,1,9.30351,234,1,0,0,0.214118,0.0326,10.69781,173088
808,1,-1.096,32,0,1,0,0.213476,0.038354,10.71534,173121
809,1,-1.081,27,0,1,0,0.212835,0.040867,10.70929,173149
810,1,9.60141,135,1,0,0,0.212197,0.040353,10.69954,173285
811,1,9.65708,117,1,0,0,0.21156,0.04775,10.72203,173403
812,1,9.59662,137,1,0,0,0.210925,0.036099,10.72186,173541
813,1,9.64269,121,1,0,0,0.210293,0.041824,10.74861,173663
814,1,9.68812,106,1,0,0,0.209662,0.023547,10.7309,173770
815,1,9.64884,119,1,0,0,0.209033,0.036056,10.80326,173890
816,1,9.59446,137,1,0,0,0.208406,0.036169,10.80381,174028
817,1,9.72958,92,1,0,0,0.20778,0.040099,10.78234,174121
818,1,9.61819,130,1,0,0,0.207157,0.037665,10.83098,174252
819,1,9.69954,102,1,0,0,0.206536,0.042487,10.83248,174355
820,1,9.73561,90,1,0,0,0.205916,0.038439,10.88347,174446
821,1,9.66579,114,1,0,0,0.205298,0.031113,10.88387,174561
822,1,9.71176,98,1,0,0,0.204682,0.034102,10.9587,174660
823,1,9.68796,106,1,0,0,0.204068,0.042213,10.88603,174767
824,1,9.70322,101,1,0,0,0.203456,0.041759,10.94273,174869
825,1,9.69679,103,1,0,0,0.202846,0.033325,10.96615,174973
826,1,9.51563,164,1,0,0,0.202237,0.03708,10.99707,175138
827,1,9.67847,109,1,0,0,0.20163,0.042055,11.06065,175248
828,1,9.62517,127,1,0,0,0.201026,0.040643,11.04214,175376
829,1,9.75975,82,1,0,0,0.200422,0.047912,11.03094,175459
830,1,9.74485,87,1,0,0,0.199821,0.037898,11.10212,175547
831,1,9.58591,140,1,0,0,0.199222,0.044691,11.08604,175688
832,1,9.70019,102,1,0,0,0.198624,0.042697,11.15598,175791
833,1,9.58588,140,1,0,0,0.198028,0.037703,11.20619,175932
834,1,9.70525,100,1,0,0,0.197434,0.042258,11.19595,176033
835,1,9.70552,100,1,0,0,0.196842,0.05214,11.23339,176134
836,1,9.76265,81,1,0,0,0.196251,0.038564,11.26672,176216
837,1,9.62469,127,1,0,0,0.195663,0.052494,11.2789,176344
838,1,9.75676,83,1,0,0,0.195076,0.040811,11.26358,176428
839,1,9.13305,291,1,0,0,0.19449,0.046164,11.35689,176720
840,1,9.47218,178,1,0,0,0.193907,0.040507,11.40831,176899
841,1,9.3876,206,1,0,0,0.193325,0.04201,11.45615,177106
842,1,-1.19525,400,0,0,1,0.192745,0.042771,11.55976,177506
843,1,-1.057,19,0,1,0,0.192167,0.047986,11.63505,177526
844,1,-1.066,22,0,1,0,0.19159,0.045775,11.52578,177549
845,1,9.31577,230,1,0,0,0.191016,0.044754,11.67648,177780
846,1,-1.072,24,0,1,0,0.190443,0.054918,11.69166,177805
847,1,-1.072,24,0,1,0,0.189871,0.035578,11.68797,177830
848,1,-1.12,40,0,1,0,0.189302,0.051667,11.71709,177871
849,1,-1.075,25,0,1,0,0.188734,0.039053,11.67774,177897
850,1,9.27403,244,1,0,0,0.188168,0.047348,11.78849,178142
851,1,-1.087,29,0,1,0,0.187603,0.06419,11.69777,178172
852,1,-1.075,25,0,1,0,0.18704,0.053507,11.79608,178198
853,1,-1.075,25,0,1,0,0.186479,0.049021,11.77802,178224
854,1,-1.06,20,0,1,0,0.18592,0.052369,11.78898,178245
855,1,-1.054,18,0,1,0,0.185362,0.047638,11.92254,178264
856,1,-1.096,32,0,1,0,0.184806,0.040543,11.79214,178297
857,1,-1.099,33,0,1,0,0.184251,0.039213,11.83597,178331
858,1,-1.09,30,0,1,0,0.183699,0.035712,11.86237,178362
859,1,-1.054,18,0,1,0,0.183148,0.030442,11.76661,178381
860,1,-1.063,21,0,1,0,0.182598,0.072501,11.78752,178403
861,1,-1.066,22,0,1,0,0.18205,0.021425,11.7997,178426
862,1,-1.051,17,0,1,0,0.181504,0.047925,11.84878,178444
863,1,-1.051,17,0,1,0,0.18096,0.040605,11.84623,178462
864,1,-1.051,17,0,1,0,0.180417,0.046077,11.7902,178480
865,1,-1.09,30,0,1,0,0.179876,0.063846,11.87021,178511
866,1,-1.099,33,0,1,0,0.179336,0.051709,11.85298,178545
867,1,-1.09,30,0,1,0,0.178798,0.046996,11.81219,178576
868,1,-1.072,24,0,1,0,0.178262,0.051224,11.90836,178601
869,1,-1.075,25,0,1,0,0.177727,0.042256,11.86608,178627
870,1,-1.084,28,0,1,0,0.177194,0.049107,11.8609,178656
871,1,-1.075,25,0,1,0,0.176662,0.064502,11.86788,178682
872,1,-1.051,17,0,1,0,0.176132,0.051741,12.00243,178700
873,1,-1.102,34,0,1,0,0.175604,0.045913,11.93738,178735
874,1,-1.051,17,0,1,0,0.175077,0.060295,11.94269,178753
875,1,-1.114,38,0,1,0,0.174552,0.052362,11.96922,178792
876,1,-1.129,43,0,1,0,0.174028,0.054314,11.94414,178836
877,1,-1.096,32,0,1,0,0.173506,0.057918,11.95638,178869
878,1,-1.054,18,0,1,0,0.172985,0.041374,11.92393,178888
879,1,-1.123,41,0,1,0,0.172466,0.04899,11.90518,178930
880,1,-1.081,27,0,1,0,0.171949,0.055694,11.89893,178958
881,1,-1.06,20,0,1,0,0.171433,0.051606,11.94173,178979
882,1,-1.174,58,0,1,0,0.170919,0.056929,11.96482,179038
883,1,-1.057,19,0,1,0,0.170406,0.05392,11.90517,179058
884,1,-1.066,22,0,1,0,0.169895,0.053824,12.04157,179081
885,1,-1.063,21,0,1,0,0.169385,0.070144,11.99129,179103
886,1,-1.045,15,0,1,0,0.168877,0.035831,12.02649,179119
887,1,-1.048,16,0,1,0,0.16837,0.060175,11.94053,179136
888,1,-1.09,30,0,1,0,0.167865,0.041325,12.04792,179167
889,1,-1.19368,400,0,0,1,0.167362,0.056087,12.08554,179567
890,1,-1.069,23,0,1,0,0.16686,0.042497,12.19649,179591
891,1,-1.054,18,0,1,0,0.166359,0.064308,12.17723,179610
892,1,-1.408,136,0,1,0,0.16586,0.049814,12.16446,179747
893,1,-1.051,17,0,1,0,0.165362,0.036739,12.22129,179765
894,1,-1.558,186,0,1,0,0.164866,0.054741,12.16174,179952
895,1,-1.09,30,0,1,0,0.164372,0.049364,12.24041,179983
896,1,-1.189,63,0,1,0,0.163879,0.057692,12.24172,180047
897,1,-1.132,44,0,1,0,0.163387,0.048261,12.16325,180092
898,1,-1.252,84,0,1,0,0.162897,0.049624,12.28131,180177
899,1,-1.078,26,0,1,0,0.162408,0.056466,12.19606,180204
900,1,-1.45,150,0,1,0,0.161921,0.05391,12.27987,180355
901,1,-1.135,45,0,1,0,0.161435,0.043793,12.21688,180401
902,1,-1.126,42,0,1,0,0.160951,0.040945,12.28955,180444
903,1,-1.126,42,0,1,0,0.160468,0.067707,12.30197,180487
904,1,-1.066,22,0,1,0,0.159986,0.06705,12.24269,180510
905,1,-1.19585,400,0,0,1,0.159507,0.053389,12.38147,180910
906,1,-2.059,353,0,1,0,0.159028,0.047599,12.47321,181264
907,1,-1.108,36,0,1,0,0.158551,0.056942,12.40108,181301
908,1,-1.612,204,0,1,0,0.158075,0.047287,12.54386,181506
909,1,-1.174,58,0,1,0,0.157601,0.058014,12.55003,181565
910,1,-1.246,82,0,1,0,0.157128,0.043536,12.46098,181648
911,1,-1.19585,400,0,0,1,0.156657,0.047587,12.58397,182048
912,1,-1.19723,400,0,0,1,0.156187,0.051702,12.64508,182448
913,1,-1.174,58,0,1,0,0.155718,0.035909,12.70974,182507
914,1,-1.522,174,0,1,0,0.155251,0.050813,12.68222,182682
915,1,-1.27,90,0,1,0,0.154785,0.062164,12.68818,182773
916,1,-1.237,79,0,1,0,0.154321,0.059095,12.71527,182853
917,1,-1.609,203,0,1,0,0.153858,0.061212,12.70478,183057
918,1,-1.2,400,0,0,1,0.153397,0.050431,12.69686,183457
919,1,-1.19658,400,0,0,1,0.152936,0.052077,12.71954,183857
920,1,-1.19665,400,0,0,1,0.152478,0.052402,12.75933,184257
921,1,-1.19791,400,0,0,1,0.15202,0.050807,12.79041,184657
922,1,-1.19724,400,0,0,1,0.151564,0.049482,12.82931,185057
923,1,-1.066,22,0,1,0,0.151109,0.046861,12.86393,185080
924,1,-1.19729,400,0,0,1,0.150656,0.052889,12.83857,185480
925,1,-1.19639,400,0,0,1,0.150204,0.055829,12.8667,185880
926,1,-1.19674,400,0,0,1,0.149753,0.051228,12.88522,186280
927,1,-1.19731,400,0,0,1,0.149304,0.048967,12.87481,186680
928,1,-1.1969,400,0,0,1,0.148856,0.041707,12.87095,187080
929,1,9.25823,249,1,0,0,0.14841,0.045529,12.87263,187330
930,1,9.45987,182,1,0,0,0.147964,0.045473,12.84981,187513
931,1,9.55682,150,1,0,0,0.147521,0.042726,12.86092,187664
932,1,9.63984,122,1,0,0,0.147078,0.052658,12.82389,187787
933,1,-1.081,27,0,1,0,0.146637,0.048392,12.83295,187815
934,1,9.76294,81,1,0,0,0.146197,0.042765,12.78853,187897
935,1,9.75423,84,1,0,0,0.145758,0.033988,12.81642,187982
936,1,9.72991,92,1,0,0,0.145321,0.053101,12.8123,188075
937,1,9.76569,80,1,0,0,0.144885,0.047186,12.78047,188156
938,1,9.67043,112,1,0,0,0.14445,0.051767,12.75223,188269
939,1,9.71825,96,1,0,0,0.144017,0.04742,12.82566,188366
940,1,9.73928,89,1,0,0,0.143585,0.047984,12.78151,188456
941,1,9.77144,78,1,0,0,0.143154,0.044617,12.78998,188535
942,1,9.70269,101,1,0,0,0.142725,0.060524,12.78284,188637
943,1,9.74535,87,1,0,0,0.142297,0.033049,12.78485,188725
944,1,9.72661,93,1,0,0,0.14187,0.050558,12.77028,188819
945,1,9.74505,87,1,0,0,0.141444,0.044776,12.72587,188907
946,1,9.6575,116,1,0,0,0.14102,0.047516,12.74952,189024
947,1,9.72101,95,1,0,0,0.140597,0.043539,12.74146,189120
948,1,9.5602,149,1,0,0,0.140175,0.048271,12.71633,189270
949,1,9.78067,75,1,0,0,0.139754,0.048692,12.68901,189346
950,1,9.57763,143,1,0,0,0.139335,0.04221,12.70239,189490
951,1,9.7025,101,1,0,0,0.138917,0.042863,12.69194,189592
952,1,9.67884,109,1,0,0,0.1385,0.041289,12.67732,189702
953,1,9.64721,120,1,0,0,0.138085,0.052856,12.69017,189823
954,1,9.1429,288,1,0,0,0.137671,0.044149,12.66259,190112
955,1,9.51666,163,1,0,0,0.137258,0.040116,12.6149,190276
956,1,9.64273,121,1,0,0,0.136846,0.043361,12.60911,190398
957,1,9.60827,133,1,0,0,0.136435,0.052143,12.61881,190532
958,1,9.46702,181,1,0,0,0.136026,0.04324,12.56903,190714
959,1,9.50309,168,1,0,0,0.135618,0.044714,12.55879,190883
960,1,9.19898,269,1,0,0,0.135211,0.049357,12.5263,191153
961,1,9.30551,235,1,0,0,0.134805,0.043586,12.53968,191389
962,1,8.99993,336,1,0,0,0.134401,0.044414,12.48437,191726
963,1,-1.19395,400,0,0,1,0.133998,0.043375,12.42204,192126
964,1,-1.19744,400,0,0,1,0.133596,0.041345,12.38783,192526
965,1,-1.1968,400,0,0,1,0.133195,0.042708,12.3331,192926
966,1,-1.19207,400,0,0,1,0.132795,0.042605,12.28335,193326
967,1,9.12125,296,1,0,0,0.132397,0.035913,12.23359,193623
968,1,-1.1908,400,0,0,1,0.132,0.04162,12.17856,194023
969,1,-1.18935,400,0,0,1,0.131604,0.038321,12.11558,194423
970,1,-1.19315,400,0,0,1,0.131209,0.039512,12.05801,194823
971,1,-1.19489,400,0,0,1,0.130815,0.037335,11.98891,195223
972,1,-1.19185,400,0,0,1,0.130423,0.042004,11.90519,195623
973,1,-1.19901,400,0,0,1,0.130032,0.038764,11.84722,196023
974,1,-1.19292,400,0,0,1,0.129642,0.038512,11.77947,196423
975,1,-1.19245,400,0,0,1,0.129253,0.038114,11.70318,196823
976,1,-1.19699,400,0,0,1,0.128865,0.037412,11.62806,197223
977,1,-1.19443,400,0,0,1,0.128478,0.034406,11.5515,197623
978,1,-1.19568,400,0,0,1,0.128093,0.038952,11.4692,198023
979,1,-1.19871,400,0,0,1,0.127709,0.031015,11.39154,198423
980,1,-1.19237,400,0,0,1,0.127325,0.036246,11.3194,198823
981,1,-1.18964,400,0,0,1,0.126943,0.034297,11.23548,199223
982,1,-1.18849,400,0,0,1,0.126563,0.039381,11.16545,199623
983,1,-1.19896,400,0,0,1,0.126183,0.036412,11.09073,200023
984,1,-1.897,299,0,1,0,0.125804,0.039578,11.02001,200323
985,1,-1.19894,400,0,0,1,0.125427,0.036813,10.96129,200723
986,1,-1.19687,400,0,0,1,0.125051,0.037235,10.9009,201123
987,1,-1.2,400,0,0,1,0.124676,0.034466,10.8273,201523
988,1,-1.387,129,0,1,0,0.124302,0.031409,10.79516,201653
989,1,-1.19415,400,0,0,1,0.123929,0.037384,10.75397,202053
990,1,-1.507,169,0,1,0,0.123557,0.042148,10.73035,202223
991,1,-1.504,168,0,1,0,0.123186,0.034677,10.69795,202392
992,1,-1.621,207,0,1,0,0.122817,0.040146,10.6753,202600
993,1,-1.19342,400,0,0,1,0.122448,0.035864,10.65975,203000
994,1,9.5255,160,1,0,0,0.122081,0.037244,10.65172,203161
995,1,-1.315,105,0,1,0,0.121715,0.037393,10.63447,203267
996,1,-1.2,400,0,0,1,0.121349,0.039239,10.62199,203667
997,1,-1.2,400,0,0,1,0.120985,0.036952,10.60356,204067
998,1,-1.2,400,0,0,1,0.120622,0.037346,10.5865,204467
999,1,-1.19278,400,0,0,1,0.120261,0.037095,10.58817,204867
1000,1,-1.19094,400,0,0,1,0.1199,0.040005,10.64532,205267
1001,1,-1.093,31,0,1,0,0.11954,0.035402,10.65216,205299
1002,1,-1.084,28,0,1,0,0.119181,0.043341,10.67241,205328
1003,1,9.65047,119,1,0,0,0.118824,0.033235,10.68127,205448
1004,1,-1.132,44,0,1,0,0.118467,0.038638,10.6777,205493
1005,1,-1.186,62,0,1,0,0.118112,0.040891,10.69677,205556
1006,1,-1.528,176,0,1,0,0.117758,0.041421,10.70648,205733
1007,1,-1.222,74,0,1,0,0.117404,0.038955,10.72786,205808
1008,1,9.27533,244,1,0,0,0.117052,0.039572,10.73286,206053
1009,1,-1.19316,400,0,0,1,0.116701,0.043489,10.7812,206453
1010,1,-1.19553,400,0,0,1,0.116351,0.047664,10.8662,206853
1011,1,-1.375,125,0,1,0,0.116002,0.044164,10.93408,206979
1012,1,-1.19653,400,0,0,1,0.115654,0.046446,10.97083,207379
1013,1,9.39365,204,1,0,0,0.115307,0.042349,11.03813,207584
1014,1,9.35198,218,1,0,0,0.114961,0.049325,11.09889,207803
1015,1,9.16533,280,1,0,0,0.114616,0.040015,11.16209,208084
1016,1,-1.591,197,0,1,0,0.114272,0.0445,11.24441,208282
1017,1,-1.099,33,0,1,0,0.113929,0.062961,11.22984,208316
1018,1,9.04583,320,1,0,0,0.113588,0.046408,11.32276,208637
1019,1,-1.099,33,0,1,0,0.113247,0.034781,11.36583,208671
1020,1,-1.105,35,0,1,0,0.112907,0.049599,11.31233,208707
1021,1,9.7209,95,1,0,0,0.112568,0.046666,11.3447,208803
1022,1,-1.123,41,0,1,0,0.112231,0.042633,11.41175,208845
1023,1,-1.19584,400,0,0,1,0.111894,0.047659,11.4445,209245
1024,1,-1.19641,400,0,0,1,0.111558,0.043586,11.53939,209645
1025,1,-1.19536,400,0,0,1,0.111224,0.047862,11.67654,210045
1026,1,-1.156,52,0,1,0,0.11089,0.058199,11.75438,210098
1027,1,-1.19651,400,0,0,1,0.110557,0.043892,11.78099,210498
1028,1,-1.19588,400,0,0,1,0.110226,0.048036,11.87279,210898
1029,1,-1.069,23,0,1,0,0.109895,0.060349,11.91881,210922
1030,1,-1.19479,400,0,0,1,0.109565,0.04473,11.97045,211322
1031,1,-1.19641,400,0,0,1,0.109237,0.051537,12.0797,211722
1032,1,-1.19633,400,0,0,1,0.108909,0.047977,12.13079,212122
1033,1,-1.19585,400,0,0,1,0.108582,0.04862,12.19034,212522
1034,1,-1.19618,400,0,0,1,0.108256,0.048701,12.27842,212922
1035,1,-1.2,400,0,0,1,0.107932,0.052431,12.29661,213322
1036,1,-1.19639,400,0,0,1,0.107608,0.048715,12.33491,213722
1037,1,-1.19632,400,0,0,1,0.107285,0.053907,12.39954,214122
1038,1,-1.19607,400,0,0,1,0.106963,0.05002,12.4595,214522
1039,1,-1.19731,400,0,0,1,0.106642,0.041638,12.50006,214922
1040,1,-1.19654,400,0,0,1,0.106322,0.048729,12.5381,215322
1041,1,9.60096,135,1,0,0,0.106003,0.040595,12.58859,215458
1042,1,-1.19684,400,0,0,1,0.105685,0.046841,12.61385,215858
1043,1,9.73263,91,1,0,0,0.105368,0.037757,12.66272,215950
1044,1,9.72539,94,1,0,0,0.105052,0.053382,12.65434,216045
1045,1,-1.19722,400,0,0,1,0.104737,0.053149,12.65779,216445
1046,1,-1.1955,400,0,0,1,0.104423,0.051586,12.71115,216845
1047,1,-1.066,22,0,1,0,0.10411,0.058702,12.69829,216868
1048,1,-1.19604,400,0,0,1,0.103797,0.052111,12.73427,217268
1049,1,9.66913,113,1,0,0,0.103486,0.052045,12.71508,217382
1050,1,9.71272,99,1,0,0,0.103175,0.063116,12.73955,217482
1051,1,9.71209,98,1,0,0,0.102866,0.053063,12.76134,217581
1052,1,9.74077,89,1,0,0,0.102557,0.045516,12.7449,217671
1053,1,9.77152,78,1,0,0,0.10225,0.049978,12.76123,217750
1054,1,9.72096,96,1,0,0,0.101943,0.044273,12.68331,217847
1055,1,9.76574,80,1,0,0,0.101637,0.040489,12.72878,217928
1056,1,9.76238,81,1,0,0,0.101332,0.043082,12.79851,218010
1057,1,9.79897,69,1,0,0,0.101028,0.042453,12.76107,218080
1058,1,9.71598,97,1,0,0,0.100725,0.047825,12.77569,218178
1059,1,9.79027,72,1,0,0,0.100423,0.038858,12.76582,218251
1060,1,9.72453,94,1,0,0,0.100122,0.056546,12.78064,218346
1061,1,9.7631,81,1,0,0,0.1,0.065744,12.80721,218428
1062,1,9.76459,81,1,0,0,0.1,0.04728,12.82796,218510
1063,1,9.75127,85,1,0,0,0.1,0.044203,12.83159,218596
1064,1,9.77202,78,1,0,0,0.1,0.046852,12.82532,218675
1065,1,9.74924,86,1,0,0,0.1,0.05527,12.82137,218762
1066,1,9.77833,76,1,0,0,0.1,0.049324,12.81556,218839
1067,1,9.77002,79,1,0,0,0.1,0.049152,12.8127,218919
1068,1,9.77156,78,1,0,0,0.1,0.049534,12.84829,218998
1069,1,9.79015,72,1,0,0,0.1,0.040042,12.85457,219071
1070,1,9.77167,78,1,0,0,0.1,0.045981,12.88055,219150
1071,1,9.77794,76,1,0,0,0.1,0.042399,12.84428,219227
1072,1,9.79295,71,1,0,0,0.1,0.039864,12.88137,219299
1073,1,9.7746,77,1,0,0,0.1,0.04616,12.88509,219377
1074,1,9.77729,76,1,0,0,0.1,0.043494,12.90248,219454
1075,1,9.76872,79,1,0,0,0.1,0.044601,12.90496,219534
1076,1,9.79282,71,1,0,0,0.1,0.050111,12.8533,219606
1077,1,9.75151,85,1,0,0,0.1,0.05818,12.91474,219692
1078,1,9.77787,76,1,0,0,0.1,0.049816,12.92266,219769
1079,1,9.78646,73,1,0,0,0.1,0.054033,12.9531,219843
1080,1,9.75378,84,1,0,0,0.1,0.047244,12.92792,219928
1081,1,9.78378,74,1,0,0,0.1,0.05562,12.95621,220003
1082,1,9.7605,82,1,0,0,0.1,0.051983,12.90693,220086
1083,1,9.78394,74,1,0,0,0.1,0.057143,12.94223,220161
1084,1,9.79535,70,1,0,0,0.1,0.044174,12.97446,220232
1085,1,9.78651,73,1,0,0,0.1,0.045933,12.94099,220306
1086,1,9.81087,65,1,0,0,0.1,0.055972,13.0365,220372
1087,1,9.74446,87,1,0,0,0.1,0.056561,12.9938,220460
1088,1,9.76663,80,1,0,0,0.1,0.053361,12.96112,220541
1089,1,9.5886,139,1,0,0,0.1,0.053274,13.01412,220681
1090,1,9.74174,88,1,0,0,0.1,0.056663,12.95455,220770
1091,1,9.43628,190,1,0,0,0.1,0.061215,12.9873,220961
1092,1,9.30424,234,1,0,0,0.1,0.050525,13.01507,221196
1093,1,9.78326,74,1,0,0,0.1,0.045809,13.05839,221271
1094,1,9.65727,116,1,0,0,0.1,0.059951,13.03595,221388
1095,1,9.59803,136,1,0,0,0.1,0.042412,13.06828,221525
1096,1,9.41266,198,1,0,0,0.1,0.056635,13.03813,221724
1097,1,9.72117,95,1,0,0,0.1,0.058041,13.03822,221820
1098,1,9.67889,109,1,0,0,0.1,0.051632,13.09756,221930
1099,1,9.69386,104,1,0,0,0.1,0.049579,13.10223,222035
1100,1,9.7059,100,1,0,0,0.1,0.049757,13.09497,222136
1101,1,9.17133,279,1,0,0,0.1,0.047276,13.07569,222416
1102,1,9.55014,152,1,0,0,0.1,0.057076,13.06927,222569
1103,1,9.68463,107,1,0,0,0.1,0.045503,13.06669,222677
1104,1,9.80221,68,1,0,0,0.1,0.049835,13.12832,222746
1105,1,9.80811,66,1,0,0,0.1,0.064865,13.10565,222813
1106,1,9.81408,64,1,0,0,0.1,0.036932,13.10281,222878
1107,1,9.59205,138,1,0,0,0.1,0.046658,13.12332,223017
1108,1,9.82574,60,1,0,0,0.1,0.03506,13.05878,223078
1109,1,9.81672,63,1,0,0,0.1,0.056086,13.07638,223142
1110,1,9.81392,64,1,0,0,0.1,0.048922,13.06512,223207
1111,1,9.81044,65,1,0,0,0.1,0.038847,13.07284,223273
1112,1,9.76643,80,1,0,0,0.1,0.045458,13.12636,223354
1113,1,9.81406,64,1,0,0,0.1,0.043203,13.08922,223419
1114,1,9.77552,77,1,0,0,0.1,0.050036,13.07682,223497
1115,1,9.77496,77,1,0,0,0.1,0.049377,13.0886,223575
1116,1,9.66667,113,1,0,0,0.1,0.048149,13.07828,223689
1117,1,9.68193,108,1,0,0,0.1,0.051095,13.07325,223798
1118,1,9.82568,60,1,0,0,0.1,0.051551,13.06551,223859
1119,1,9.71805,96,1,0,0,0.1,0.04891,13.09495,223956
1120,1,9.76907,79,1,0,0,0.1,0.049068,13.09661,224036
1121,1,9.60065,135,1,0,0,0.1,0.047121,13.05446,224172
1122,1,9.78079,75,1,0,0,0.1,0.052774,13.04866,224248
1123,1,9.7027,101,1,0,0,0.1,0.0402,13.08953,224350
1124,1,-1.19708,400,0,0,1,0.1,0.049229,13.10262,224750
1125,1,-1.19562,400,0,0,1,0.1,0.046131,13.12387,225150
1126,1,-1.19557,400,0,0,1,0.1,0.048348,13.10673,225550
1127,1,-1.19507,400,0,0,1,0.1,0.049796,13.11962,225950
1128,1,9.70884,99,1,0,0,0.1,0.040917,13.10056,226050
1129,1,9.47186,178,1,0,0,0.1,0.050447,13.08533,226229
1130,1,-1.19511,400,0,0,1,0.1,0.048043,13.10069,226629
1131,1,9.69958,102,1,0,0,0.1,0.049686,13.06129,226732
1132,1,-1.19521,400,0,0,1,0.1,0.045067,13.04665,227132
1133,1,-1.19517,400,0,0,1,0.1,0.05089,13.02017,227532
1134,1,9.33633,223,1,0,0,0.1,0.039003,13.00099,227756
1135,1,-1.19594,400,0,0,1,0.1,0.039177,12.98883,228156
1136,1,9.23772,256,1,0,0,0.1,0.043012,12.9722,228413
1137,1,-1.19623,400,0,0,1,0.1,0.040901,12.9488,228813
1138,1,-1.19759,400,0,0,1,0.1,0.04185,12.95024,229213
1139,1,-1.19599,400,0,0,1,0.1,0.04312,12.89925,229613
1140,1,-1.19321,400,0,0,1,0.1,0.03692,12.88431,230013
1141,1,-1.19589,400,0,0,1,0.1,0.035236,12.87629,230413
1142,1,-1.19609,400,0,0,1,0.1,0.03257,12.85388,230813
1143,1,-1.19937,400,0,0,1,0.1,0.03964,12.81192,231213
1144,1,-1.19607,400,0,0,1,0.1,0.034461,12.77983,231613
1145,1,-1.19829,400,0,0,1,0.1,0.038374,12.76361,232013
1146,1,-1.1964,400,0,0,1,0.1,0.032962,12.69607,232413
1147,1,-1.19733,400,0,0,1,0.1,0.034385,12.63627,232813
1148,1,-1.19633,400,0,0,1,0.1,0.034745,12.60782,233213
1149,1,-1.19634,400,0,0,1,0.1,0.03538,12.55757,233613
1150,1,-1.19781,400,0,0,1,0.1,0.031465,12.48055,234013
1151,1,-1.075,25,0,1,0,0.1,0.030154,12.45486,234039
1152,1,-1.19797,400,0,0,1,0.1,0.033091,12.40426,234439
1153,1,-1.19693,400,0,0,1,0.1,0.03133,12.3166,234839
1154,1,-1.18482,400,0,0,1,0.1,0.033796,12.23539,235239
1155,1,-1.18557,400,0,0,1,0.1,0.033339,12.15174,235639
1156,1,-1.18468,400,0,0,1,0.1,0.029653,12.06684,236039
1157,1,-1.17595,400,0,0,1,0.1,0.029903,11.97774,236439
1158,1,-1.17723,400,0,0,1,0.1,0.031714,11.88843,236839
1159,1,-1.1921,400,0,0,1,0.1,0.029599,11.78847,237239
1160,1,-1.19193,400,0,0,1,0.1,0.024091,11.70851,237639
1161,1,-1.19314,400,0,0,1,0.1,0.028183,11.62156,238039
1162,1,-1.19618,400,0,0,1,0.1,0.026073,11.54152,238439
1163,1,-1.2,400,0,0,1,0.1,0.025284,11.46522,238839
1164,1,-1.2,400,0,0,1,0.1,0.024981,11.39406,239239
1165,1,-1.19902,400,0,0,1,0.1,0.027055,11.32038,239639
1166,1,-1.2,400,0,0,1,0.1,0.027177,11.24557,240039
1167,1,-1.2,400,0,0,1,0.1,0.024289,11.17566,240439
1168,1,-1.2,400,0,0,1,0.1,0.026032,11.11884,240839
1169,1,-1.2,400,0,0,1,0.1,0.026857,11.05406,241239
1170,1,-1.2,400,0,0,1,0.1,0.030577,10.99302,241639
1171,1,-1.354,118,0,1,0,0.1,0.02836,10.95518,241758
1172,1,-1.2,400,0,0,1,0.1,0.026778,10.91027,242158
1173,1,-1.156,52,0,1,0,0.1,0.023345,10.86404,242211
1174,1,-1.159,53,0,1,0,0.1,0.039219,10.86981,242265
1175,1,-1.2,400,0,0,1,0.1,0.026802,10.8287,242665
1176,1,-1.2,400,0,0,1,0.1,0.027122,10.75721,243065
1177,1,-1.2,400,0,0,1,0.1,0.025755,10.70001,243465
1178,1,-1.2,400,0,0,1,0.1,0.027814,10.63323,243865
1179,1,-1.2,400,0,0,1,0.1,0.02707,10.57764,244265
1180,1,-1.2,400,0,0,1,0.1,0.026111,10.51228,244665
1181,1,-1.2,400,0,0,1,0.1,0.022557,10.44923,245065
1182,1,-1.2,400,0,0,1,0.1,0.027388,10.38184,245465
1183,1,-1.2,400,0,0,1,0.1,0.031531,10.31501,245865
1184,1,-1.138,46,0,1,0,0.1,0.032325,10.27319,245912
1185,1,-1.198,66,0,1,0,0.1,0.02902,10.27567,245979
1186,1,-1.075,25,0,1,0,0.1,0.025318,10.28303,246005
1187,1,-1.06,20,0,1,0,0.1,0.033729,10.23321,246026
1188,1,-1.072,24,0,1,0,0.1,0.011296,10.23905,246051
1189,1,-1.063,21,0,1,0,0.1,0.040677,10.24898,246073
1190,1,-1.042,14,0,1,0,0.1,0.033908,10.22662,246088
1191,1,-1.171,57,0,1,0,0.1,0.021373,10.25767,246146
1192,1,-1.123,41,0,1,0,0.1,0.032638,10.23648,246188
1193,1,-1.108,36,0,1,0,0.1,0.024806,10.22917,246225
1194,1,-1.066,22,0,1,0,0.1,0.037395,10.19023,246248
1195,1,-1.126,42,0,1,0,0.1,0.028736,10.21124,246291
1196,1,-1.21,70,0,1,0,0.1,0.024281,10.18737,246362
1197,1,-1.2,400,0,0,1,0.1,0.031721,10.15377,246762
1198,1,-1.2,400,0,0,1,0.1,0.028384,10.09483,247162
1199,1,-1.2,400,0,0,1,0.1,0.02415,10.04318,247562
1200,1,-1.093,31,0,1,0,0.1,0.018387,10.05265,247594
1201,1,-1.2,400,0,0,1,0.1,0.027684,9.98588,247994
1202,1,-1.114,38,0,1,0,0.1,0.029646,9.95489,248033
1203,1,-1.099,33,0,1,0,0.1,0.033208,9.97144,248067
1204,1,-1.093,31,0,1,0,0.1,0.0301,9.95979,248099
1205,1,-1.102,34,0,1,0,0.1,0.041259,9.93546,248134
1206,1,-1.2,400,0,0,1,0.1,0.029657,9.92268,248534
1207,1,-1.363,121,0,1,0,0.1,0.027841,9.92184,248656
1208,1,-1.129,43,0,1,0,0.1,0.034313,9.87223,248700
1209,1,-1.2,400,0,0,1,0.1,0.027963,9.86713,249100
1210,1,-1.2,400,0,0,1,0.1,0.03083,9.83576,249500
1211,1,-1.066,22,0,1,0,0.1,0.020454,9.80501,249523
1212,1,-1.2,400,0,0,1,0.1,0.026005,9.79891,249923
1213,1,-1.189,63,0,1,0,0.1,0.027618,9.7621,249987
1214,1,-1.075,25,0,1,0,0.1,0.029977,9.77583,250013
1215,1,-1.2,400,0,0,1,0.1,0.029902,9.74314,250413
1216,1,-1.075,25,0,1,0,0.1,0.028256,9.72754,250439
1217,1,-1.2,400,0,0,1,0.1,0.02745,9.69892,250839
1218,1,-1.2,400,0,0,1,0.1,0.027417,9.66618,251239
1219,1,-1.2,400,0,0,1,0.1,0.031319,9.64031,251639
1220,1,-1.2,400,0,0,1,0.1,0.030633,9.60266,252039
1221,1,-1.2,400,0,0,1,0.1,0.026504,9.57475,252439
1222,1,-1.2,400,0,0,1,0.1,0.025514,9.53793,252839
1223,1,-1.2,400,0,0,1,0.1,0.027318,9.50592,253239
1224,1,-1.2,400,0,0,1,0.1,0.024094,9.47143,253639
1225,1,-1.2,400,0,0,1,0.1,0.028836,9.42682,254039
1226,1,-1.2,400,0,0,1,0.1,0.026199,9.37588,254439
1227,1,-1.2,400,0,0,1,0.1,0.02689,9.32455,254839
1228,1,-1.276,92,0,1,0,0.1,0.022767,9.30129,254932
1229,1,-1.2,400,0,0,1,0.1,0.027111,9.27276,255332
1230,1,-1.2,400,0,0,1,0.1,0.027247,9.22579,255732
1231,1,-1.2,400,0,0,1,0.1,0.02704,9.17991,256132
1232,1,-1.2,400,0,0,1,0.1,0.02405,9.13197,256532
1233,1,-1.2,400,0,0,1,0.1,0.020381,9.08783,256932
1234,1,-1.2,400,0,0,1,0.1,0.025581,9.0414,257332
1235,1,-1.2,400,0,0,1,0.1,0.024341,8.99709,257732
1236,1,-1.2,400,0,0,1,0.1,0.024403,8.94603,258132
1237,1,-1.2,400,0,0,1,0.1,0.025563,8.90265,258532
1238,1,-1.2,400,0,0,1,0.1,0.024193,8.85187,258932
1239,1,-1.2,400,0,0,1,0.1,0.021542,8.80474,259332
1240,1,-1.2,400,0,0,1,0.1,0.023257,8.75888,259732
1241,1,-1.2,400,0,0,1,0.1,0.024221,8.71341,260132
1242,1,-1.2,400,0,0,1,0.1,0.022474,8.67158,260532
1243,1,-1.2,400,0,0,1,0.1,0.020524,8.62985,260932
1244,1,-1.2,400,0,0,1,0.1,0.021163,8.59682,261332
1245,1,-1.19885,400,0,0,1,0.1,0.018868,8.55812,261732
1246,1,-1.2,400,0,0,1,0.1,0.021458,8.51856,262132
1247,1,9.43914,189,1,0,0,0.1,0.021257,8.49645,262322
1248,1,9.25605,250,1,0,0,0.1,0.023944,8.46646,262573
1249,1,9.175,277,1,0,0,0.1,0.02606,8.44859,262851
1250,1,9.15099,285,1,0,0,0.1,0.024174,8.41891,263137
1251,1,9.56455,147,1,0,0,0.1,0.016776,8.40413,263285
1252,1,9.41471,197,1,0,0,0.1,0.024491,8.39241,263483
1253,1,-1.2,400,0,0,1,0.1,0.020141,8.36192,263883
1254,1,-1.141,47,0,1,0,0.1,0.031284,8.34304,263931
1255,1,9.19881,269,1,0,0,0.1,0.022781,8.32425,264201
1256,1,9.35212,218,1,0,0,0.1,0.022675,8.30796,264420
1257,1,9.72726,93,1,0,0,0.1,0.029763,8.29062,264514
1258,1,-1.2,400,0,0,1,0.1,0.021763,8.27171,264914
1259,1,-1.207,69,0,1,0,0.1,0.01813,8.25261,264984
1260,1,-1.435,145,0,1,0,0.1,0.021591,8.2392,265130
1261,1,-1.2,400,0,0,1,0.1,0.019819,8.21363,265530
1262,1,-1.2,400,0,0,1,0.1,0.02069,8.18776,265930
1263,1,-1.2,400,0,0,1,0.1,0.019801,8.14906,266330
1264,1,-1.2,400,0,0,1,0.1,0.021556,8.11436,266730
1265,1,-1.2,400,0,0,1,0.1,0.020326,8.08836,267130
1266,1,-1.198,66,0,1,0,0.1,0.021465,8.07408,267197
1267,1,-1.2,400,0,0,1,0.1,0.020491,8.05313,267597
1268,1,-1.2,400,0,0,1,0.1,0.022573,8.03423,267997
1269,1,-1.2,400,0,0,1,0.1,0.020984,8.04021,268397
1270,1,-1.2,400,0,0,1,0.1,0.021345,8.0095,268797
1271,1,-1.2,400,0,0,1,0.1,0.022106,7.99332,269197
1272,1,-1.225,75,0,1,0,0.1,0.023169,8.00235,269273
1273,1,-1.2,400,0,0,1,0.1,0.020584,7.98223,269673
1274,1,-1.282,94,0,1,0,0.1,0.024946,7.98731,269768
1275,1,-1.2,400,0,0,1,0.1,0.021582,7.97992,270168
1276,1,-1.2,400,0,0,1,0.1,0.020851,7.99503,270568
1277,1,-1.2,400,0,0,1,0.1,0.023088,7.98998,270968
1278,1,-1.2,400,0,0,1,0.1,0.019756,7.98378,271368
1279,1,-1.2,400,0,0,1,0.1,0.024123,7.96682,271768
1280,1,-1.072,24,0,1,0,0.1,0.016538,7.95321,271793
1281,1,9.71215,98,1,0,0,0.1,0.022897,7.97262,271892
1282,1,9.39338,204,1,0,0,0.1,0.019252,7.96671,272097
1283,1,-1.315,105,0,1,0,0.1,0.020486,7.94968,272203
1284,1,-1.2,400,0,0,1,0.1,0.02336,7.95641,272603
1285,1,-1.2,400,0,0,1,0.1,0.023395,7.93337,273003
1286,1,-1.2,400,0,0,1,0.1,0.021099,7.96745,273403
1287,1,-1.2,400,0,0,1,0.1,0.026527,7.984,273803
1288,1,-1.2,400,0,0,1,0.1,0.024711,7.99536,274203
1289,1,-1.2,400,0,0,1,0.1,0.021371,7.98775,274603
1290,1,-1.2,400,0,0,1,0.1,0.023872,7.98813,275003
1291,1,-1.2,400,0,0,1,0.1,0.024295,7.97134,275403
1292,1,-1.2,400,0,0,1,0.1,0.020723,7.95271,275803
1293,1,-1.072,24,0,1,0,0.1,0.033838,7.96652,275828
1294,1,-1.2,400,0,0,1,0.1,0.021813,7.94973,276228
1295,1,-1.2,400,0,0,1,0.1,0.023358,7.94254,276628
1296,1,-1.2,400,0,0,1,0.1,0.025155,7.93771,277028
1297,1,-1.2,400,0,0,1,0.1,0.023877,7.93,277428
1298,1,-1.2,400,0,0,1,0.1,0.024508,7.91135,277828
1299,1,9.69425,104,1,0,0,0.1,0.025799,7.92205,277933
1300,1,-1.2,400,0,0,1,0.1,0.021425,7.8938,278333
1301,1,9.77211,78,1,0,0,0.1,0.022846,7.86037,278412
1302,1,9.793,71,1,0,0,0.1,0.024303,7.90622,278484
1303,1,9.77807,76,1,0,0,0.1,0.022686,7.89355,278561
1304,1,-1.2,400,0,0,1,0.1,0.026853,7.87842,278961
1305,1,-1.2,400,0,0,1,0.1,0.02659,7.85834,279361
1306,1,9.81959,62,1,0,0,0.1,0.026802,7.8859,279424
1307,1,9.59143,138,1,0,0,0.1,0.026061,7.85962,279563
1308,1,9.54134,155,1,0,0,0.1,0.020711,7.85576,279719
1309,1,9.78695,73,1,0,0,0.1,0.018127,7.85822,279793
1310,1,9.71452,97,1,0,0,0.1,0.022657,7.8358,279891
1311,1,-1.2,400,0,0,1,0.1,0.021111,7.83758,280291
1312,1,9.59764,136,1,0,0,0.1,0.024219,7.84801,280428
1313,1,9.58011,142,1,0,0,0.1,0.022903,7.85151,280571
1314,1,-1.2,400,0,0,1,0.1,0.019322,7.82986,280971
1315,1,9.55001,152,1,0,0,0.1,0.024658,7.81176,281124
1316,1,9.51103,165,1,0,0,0.1,0.024903,7.82917,281290
1317,1,-1.2,400,0,0,1,0.1,0.022873,7.81298,281690
1318,1,-1.19775,400,0,0,1,0.1,0.021741,7.8153,282090
1319,1,-1.2,400,0,0,1,0.1,0.025426,7.81031,282490
1320,1,-1.19595,400,0,0,1,0.1,0.024874,7.78695,282890
1321,1,-1.19653,400,0,0,1,0.1,0.019668,7.79181,283290
1322,1,9.09024,305,1,0,0,0.1,0.025539,7.78868,283596
1323,1,-1.19624,400,0,0,1,0.1,0.022927,7.78306,283996
1324,1,9.12733,293,1,0,0,0.1,0.021481,7.79398,284290
1325,1,-1.1965,400,0,0,1,0.1,0.022788,7.77836,284690
1326,1,9.75353,84,1,0,0,0.1,0.022347,7.78143,284775
1327,1,-1.19875,400,0,0,1,0.1,0.020917,7.77075,285175
1328,1,-1.19385,400,0,0,1,0.1,0.02479,7.76617,285575
1329,1,9.68735,106,1,0,0,0.1,0.01851,7.78953,285682
1330,1,9.68498,107,1,0,0,0.1,0.019408,7.7664,285790
1331,1,9.72753,93,1,0,0,0.1,0.023455,7.77642,285884
1332,1,9.71143,98,1,0,0,0.1,0.024287,7.76635,285983
1333,1,9.71831,96,1,0,0,0.1,0.019625,7.76814,286080
1334,1,9.81081,65,1,0,0,0.1,0.017449,7.75496,286146
1335,1,9.6941,104,1,0,0,0.1,0.022163,7.75935,286251
1336,1,9.72363,94,1,0,0,0.1,0.024269,7.76317,286346
1337,1,9.63412,124,1,0,0,0.1,0.026221,7.74235,286471
1338,1,9.70952,99,1,0,0,0.1,0.025963,7.73798,286571
1339,1,9.58577,140,1,0,0,0.1,0.023156,7.74356,286712
1340,1,9.75349,84,1,0,0,0.1,0.022409,7.7538,286797
1341,1,9.73891,89,1,0,0,0.1,0.025246,7.73779,286887
1342,1,9.75028,85,1,0,0,0.1,0.019816,7.75383,286973
1343,1,9.76279,81,1,0,0,0.1,0.028771,7.71718,287055
1344,1,9.72075,95,1,0,0,0.1,0.023744,7.74229,287151
1345,1,9.75261,85,1,0,0,0.1,0.019801,7.72582,287237
1346,1,-1.111,37,0,1,0,0.1,0.019443,7.73172,287275
1347,1,9.78985,72,1,0,0,0.1,0.024239,7.75746,287348
1348,1,9.75111,85,1,0,0,0.1,0.015285,7.74869,287434
1349,1,-1.19912,400,0,0,1,0.1,0.021455,7.72621,287834
1350,1,-1.19869,400,0,0,1,0.1,0.020958,7.73156,288234
1351,1,9.73881,89,1,0,0,0.1,0.021104,7.73297,288324
1352,1,9.69374,104,1,0,0,0.1,0.023344,7.72641,288429
1353,1,9.67438,111,1,0,0,0.1,0.022187,7.71103,288541
1354,1,9.78055,75,1,0,0,0.1,0.026648,7.72003,288617
1355,1,9.74212,88,1,0,0,0.1,0.020351,7.70626,288706
1356,1,9.76859,79,1,0,0,0.1,0.023065,7.69959,288786
1357,1,9.76273,81,1,0,0,0.1,0.01866,7.70152,288868
1358,1,9.65792,116,1,0,0,0.1,0.024893,7.71254,288985
1359,1,9.68169,108,1,0,0,0.1,0.024326,7.7186,289094
1360,1,9.70318,101,1,0,0,0.1,0.022173,7.69486,289196
1361,1,9.66084,115,1,0,0,0.1,0.018156,7.70422,289312
1362,1,9.6917,105,1,0,0,0.1,0.023339,7.71115,289418
1363,1,9.56517,147,1,0,0,0.1,0.021422,7.68943,289566
1364,1,9.72352,94,1,0,0,0.1,0.016632,7.69683,289661
1365,1,9.50166,168,1,0,0,0.1,0.020879,7.69719,289830
1366,1,9.78951,72,1,0,0,0.1,0.016162,7.69052,289903
1367,1,9.80177,68,1,0,0,0.1,0.031822,7.6764,289972
1368,1,9.75143,85,1,0,0,0.1,0.024687,7.68906,290058
1369,1,9.80798,66,1,0,0,0.1,0.023307,7.68604,290125
1370,1,9.81082,65,1,0,0,0.1,0.021671,7.69261,290191
1371,1,9.80781,66,1,0,0,0.1,0.021648,7.69103,290258
1372,1,9.79948,69,1,0,0,0.1,0.022355,7.69367,290328
1373,1,9.80126,68,1,0,0,0.1,0.02665,7.67388,290397
1374,1,9.70859,99,1,0,0,0.1,0.025168,7.68207,290497
1375,1,9.78683,73,1,0,0,0.1,0.021528,7.68548,290571
1376,1,9.80502,67,1,0,0,0.1,0.018691,7.70602,290639
1377,1,9.79223,71,1,0,0,0.1,0.023796,7.68161,290711
1378,1,9.7983,69,1,0,0,0.1,0.014385,7.69541,290781
1379,1,9.80469,67,1,0,0,0.1,0.026352,7.67871,290849
1380,1,9.8014,68,1,0,0,0.1,0.026225,7.67021,290918
1381,1,9.80722,66,1,0,0,0.1,0.015531,7.68308,290985
1382,1,9.78627,73,1,0,0,0.1,0.020332,7.67984,291059
1383,1,9.82016,62,1,0,0,0.1,0.028547,7.68675,291122
1384,1,9.79573,70,1,0,0,0.1,0.021248,7.67704,291193
1385,1,9.79303,71,1,0,0,0.1,0.014329,7.68728,291265
1386,1,9.76535,80,1,0,0,0.1,0.015647,7.68532,291346
1387,1,9.80797,66,1,0,0,0.1,0.019632,7.69383,291413
1388,1,9.79588,70,1,0,0,0.1,0.018308,7.69039,291484
1389,1,9.76007,82,1,0,0,0.1,0.019342,7.67617,291567
1390,1,9.79008,72,1,0,0,0.1,0.020296,7.66727,291640
1391,1,9.80196,68,1,0,0,0.1,0.013287,7.67938,291709
1392,1,9.80483,67,1,0,0,0.1,0.022132,7.67489,291777
1393,1,9.74162,88,1,0,0,0.1,0.023151,7.68311,291866
1394,1,9.79587,70,1,0,0,0.1,0.01913,7.6698,291937
1395,1,-1.939,313,0,1,0,0.1,0.022282,7.6746,292251
1396,1,-1.324,108,0,1,0,0.1,0.025032,7.66664,292360
1397,1,-1.099,33,0,1,0,0.1,0.009824,7.65287,292394
1398,1,9.69124,105,1,0,0,0.1,0.024574,7.66413,292500
1399,1,9.68182,108,1,0,0,0.1,0.019927,7.68026,292609
1400,1,-1.081,27,0,1,0,0.1,0.01807,7.66325,292637
1401,1,9.73576,90,1,0,0,0.1,0.017146,7.65292,292728
1402,1,-1.084,28,0,1,0,0.1,0.017653,7.65283,292757
1403,1,9.68833,106,1,0,0,0.1,0.019269,7.65227,292864
1404,1,9.61878,129,1,0,0,0.1,0.022356,7.65459,292994
1405,1,-1.582,194,0,1,0,0.1,0.02276,7.63953,293189
1406,1,9.74182,88,1,0,0,0.1,0.016949,7.6275,293278
1407,1,-1.057,19,0,1,0,0.1,0.015279,7.6426,293298
1408,1,9.65196,118,1,0,0,0.1,0.019484,7.62286,293417
1409,1,9.6637,114,1,0,0,0.1,0.026449,7.63382,293532
1410,1,-1.393,131,0,1,0,0.1,0.023116,7.62909,293664
1411,1,9.78091,75,1,0,0,0.1,0.020974,7.63161,293740
1412,1,9.75429,84,1,0,0,0.1,0.018715,7.62397,293825
1413,1,9.75989,82,1,0,0,0.1,0.018555,7.61295,293908
1414,1,9.72965,92,1,0,0,0.1,0.018056,7.59804,294001
1415,1,9.79281,71,1,0,0,0.1,0.018289,7.62408,294073
1416,1,-1.2,400,0,0,1,0.1,0.020135,7.60744,294473
1417,1,9.74499,87,1,0,0,0.1,0.016161,7.60848,294561
1418,1,9.72127,95,1,0,0,0.1,0.02214,7.61476,294657
1419,1,9.74226,88,1,0,0,0.1,0.020008,7.59832,294746
1420,1,9.72968,92,1,0,0,0.1,0.014939,7.61489,294839
1421,1,9.72094,95,1,0,0,0.1,0.01864,7.60299,294935
1422,1,9.72651,93,1,0,0,0.1,0.021248,7.59717,295029
1423,1,-1.12,40,0,1,0,0.1,0.014799,7.56496,295070
1424,1,9.78378,74,1,0,0,0.1,0.025768,7.58805,295145
1425,1,9.77199,78,1,0,0,0.1,0.023359,7.58819,295224
1426,1,9.76562,80,1,0,0,0.1,0.018621,7.58529,295305
1427,1,9.76285,81,1,0,0,0.1,0.018303,7.59192,295387
1428,1,9.7266,93,1,0,0,0.1,0.023135,7.58703,295481
1429,1,9.6583,116,1,0,0,0.1,0.018607,7.57602,295598
1430,1,9.7007,102,1,0,0,0.1,0.019879,7.58491,295701
1431,1,9.7232,94,1,0,0,0.1,0.018072,7.56559,295796
1432,1,9.76303,81,1,0,0,0.1,0.021856,7.5668,295878
1433,1,9.72072,95,1,0,0,0.1,0.019923,7.59679,295974
1434,1,9.72385,94,1,0,0,0.1,0.019351,7.57558,296069
1435,1,9.72435,94,1,0,0,0.1,0.016644,7.57013,296164
1436,1,9.77214,78,1,0,0,0.1,0.017354,7.58524,296243
1437,1,9.77839,76,1,0,0,0.1,0.022195,7.58944,296320
1438,1,8.98301,341,1,0,0,0.1,0.017985,7.58919,296662
1439,1,9.77132,78,1,0,0,0.1,0.021598,7.58493,296741
1440,1,9.72949,92,1,0,0,0.1,0.02147,7.60671,296834
1441,1,9.79635,70,1,0,0,0.1,0.021057,7.60317,296905
1442,1,9.7693,79,1,0,0,0.1,0.018182,7.60137,296985
1443,1,9.79232,71,1,0,0,0.1,0.023635,7.60424,297057
1444,1,9.44184,188,1,0,0,0.1,0.017627,7.59253,297246
1445,1,-1.2,400,0,0,1,0.1,0.021114,7.58995,297646
1446,1,9.75713,83,1,0,0,0.1,0.022607,7.59409,297730
1447,1,9.76621,80,1,0,0,0.1,0.016542,7.58834,297811
1448,1,9.80456,67,1,0,0,0.1,0.018305,7.6005,297879
1449,1,9.787,73,1,0,0,0.1,0.019665,7.61145,297953
1450,1,9.81083,65,1,0,0,0.1,0.023752,7.59584,298019
1451,1,9.7505,85,1,0,0,0.1,0.015383,7.59006,298105
1452,1,-1.084,28,0,1,0,0.1,0.021529,7.58484,298134
1453,1,9.75412,84,1,0,0,0.1,0.018729,7.59553,298219
1454,1,9.75712,83,1,0,0,0.1,0.021025,7.61003,298303
1455,1,9.79603,70,1,0,0,0.1,0.01408,7.60639,298374
1456,1,-1.2,400,0,0,1,0.1,0.014788,7.60006,298774
1457,1,9.82295,61,1,0,0,0.1,0.017504,7.59742,298836
1458,1,9.79279,71,1,0,0,0.1,0.019882,7.59158,298908
1459,1,9.81096,65,1,0,0,0.1,0.013533,7.61503,298974
1460,1,9.81393,64,1,0,0,0.1,0.014462,7.62351,299039
1461,1,9.81716,63,1,0,0,0.1,0.016647,7.61831,299103
1462,1,9.81983,62,1,0,0,0.1,0.010283,7.60524,299166
1463,1,9.73602,90,1,0,0,0.1,0.016849,7.60675,299257
1464,1,9.81352,64,1,0,0,0.1,0.017376,7.63095,299322
1465,1,9.82227,61,1,0,0,0.1,0.017897,7.61762,299384
1466,1,9.78712,73,1,0,0,0.1,0.019661,7.61042,299458
1467,1,9.8108,65,1,0,0,0.1,0.012803,7.59498,299524
1468,1,9.79569,70,1,0,0,0.1,0.025117,7.62622,299595
1469,1,9.76283,81,1,0,0,0.1,0.02011,7.62261,299677
1470,1,9.79867,69,1,0,0,0.1,0.020042,7.61365,299747
1471,1,9.80443,67,1,0,0,0.1,0.021222,7.60682,299815
1472,1,9.81984,62,1,0,0,0.1,0.018402,7.62908,299878
1473,1,9.80235,68,1,0,0,0.1,0.021777,7.61983,299947
1474,1,9.26148,248,1,0,0,0.1,0.018261,7.61081,300196
1475,1,9.82601,60,1,0,0,0.1,0.021057,7.64136,300257
1476,1,9.79573,70,1,0,0,0.1,0.021009,7.62209,300328
1477,1,9.80227,68,1,0,0,0.1,0.022095,7.604,300397
1478,1,9.81413,64,1,0,0,0.1,0.013157,7.63157,300462
1479,1,9.80759,66,1,0,0,0.1,0.013401,7.62813,300529
1480,1,9.79903,69,1,0,0,0.1,0.018887,7.62269,300599
1481,1,9.79615,70,1,0,0,0.1,0.020308,7.62251,300670
1482,1,9.81383,64,1,0,0,0.1,0.017653,7.61248,300735
1483,1,9.79333,71,1,0,0,0.1,0.017304,7.6039,300807
1484,1,9.81084,65,1,0,0,0.1,0.02035,7.61161,300873
1485,1,9.80182,68,1,0,0,0.1,0.014453,7.61705,300942
1486,1,9.80184,68,1,0,0,0.1,0.011546,7.63764,301011
1487,1,9.80836,66,1,0,0,0.1,0.014111,7.61949,301078
1488,1,-1.2,400,0,0,1,0.1,0.015705,7.62116,301478
1489,1,9.79883,69,1,0,0,0.1,0.012509,7.6172,301548
1490,1,9.83225,58,1,0,0,0.1,0.019168,7.62421,301607
1491,1,9.78733,73,1,0,0,0.1,0.015541,7.61184,301681
1492,1,9.81358,64,1,0,0,0.1,0.011338,7.65646,301746
1493,1,-1.2,400,0,0,1,0.1,0.015238,7.63545,302146
1494,1,9.48941,172,1,0,0,0.1,0.015707,7.62031,302319
1495,1,9.82003,62,1,0,0,0.1,0.011591,7.63312,302382
1496,1,9.81661,63,1,0,0,0.1,0.013529,7.62988,302446
1497,1,9.66083,115,1,0,0,0.1,0.015374,7.6114,302562
1498,1,9.80493,67,1,0,0,0.1,0.014316,7.63032,302630
1499,1,9.81984,62,1,0,0,0.1,0.010881,7.62649,302693
1500,1,9.64,122,1,0,0,0.1,0.01366,7.63004,302816
1501,1,9.61337,131,1,0,0,0.1,0.015101,7.59904,302948
1502,1,9.79322,71,1,0,0,0.1,0.016921,7.60702,303020
1503,1,9.66946,112,1,0,0,0.1,0.01548,7.63534,303133
1504,1,9.60054,135,1,0,0,0.1,0.016721,7.63276,303269
1505,1,9.81435,64,1,0,0,0.1,0.017136,7.61153,303334
1506,1,-1.162,54,0,1,0,0.1,0.014587,7.6338,303389
1507,1,9.79311,71,1,0,0,0.1,0.014999,7.64802,303461
1508,1,9.55557,150,1,0,0,0.1,0.013516,7.63867,303612
1509,1,9.6877,106,1,0,0,0.1,0.017103,7.62364,303719
1510,1,-1.159,53,0,1,0,0.1,0.014204,7.62844,303773
1511,1,-1.171,57,0,1,0,0.1,0.015961,7.59509,303831
1512,1,9.51973,162,1,0,0,0.1,0.013901,7.6301,303994
1513,1,9.80214,68,1,0,0,0.1,0.015409,7.61391,304063
1514,1,9.6463,120,1,0,0,0.1,0.012084,7.61422,304184
1515,1,9.57918,142,1,0,0,0.1,0.017292,7.63868,304327
1516,1,-1.2,400,0,0,1,0.1,0.013748,7.62885,304727
1517,1,9.811,65,1,0,0,0.1,0.021936,7.60824,304793
1518,1,-1.183,61,0,1,0,0.1,0.014707,7.60932,304855
1519,1,-1.2,400,0,0,1,0.1,0.014057,7.62703,305255
1520,1,9.80457,67,1,0,0,0.1,0.014899,7.64878,305323
1521,1,9.82915,59,1,0,0,0.1,0.014543,7.6336,305383
1522,1,9.79331,71,1,0,0,0.1,0.019546,7.6403,305455
1523,1,-1.156,52,0,1,0,0.1,0.012623,7.65007,305508
1524,1,-1.465,155,0,1,0,0.1,0.01216,7.63818,305664
1525,1,9.81355,64,1,0,0,0.1,0.013921,7.64385,305729
1526,1,9.81421,64,1,0,0,0.1,0.022705,7.63436,305794
1527,1,-1.084,28,0,1,0,0.1,0.010844,7.63812,305823
1528,1,9.81054,65,1,0,0,0.1,0.013932,7.66821,305889
1529,1,9.80787,66,1,0,0,0.1,0.016814,7.61802,305956
1530,1,9.80199,68,1,0,0,0.1,0.015982,7.63668,306025
1531,1,9.81349,64,1,0,0,0.1,0.010055,7.67084,306090
1532,1,9.81399,64,1,0,0,0.1,0.013571,7.65632,306155
1533,1,9.80505,67,1,0,0,0.1,0.022834,7.65491,306223
1534,1,9.78967,72,1,0,0,0.1,0.012977,7.62536,306296
1535,1,9.80804,66,1,0,0,0.1,0.013518,7.66425,306363
1536,1,9.82276,61,1,0,0,0.1,0.011848,7.67099,306425
1537,1,9.81734,63,1,0,0,0.1,0.016721,7.63946,306489
1538,1,9.82896,59,1,0,0,0.1,0.011234,7.64345,306549
1539,1,9.81999,62,1,0,0,0.1,0.014632,7.63858,306612
1540,1,9.81083,65,1,0,0,0.1,0.01218,7.65028,306678
1541,1,9.81665,63,1,0,0,0.1,0.020087,7.63655,306742
1542,1,9.84096,55,1,0,0,0.1,0.020746,7.62878,306798
1543,1,9.84081,55,1,0,0,0.1,0.010757,7.63757,306854
1544,1,9.8166,63,1,0,0,0.1,0.015439,7.64163,306918
1545,1,9.79898,69,1,0,0,0.1,0.019239,7.6632,306988
1546,1,9.82936,59,1,0,0,0.1,0.017697,7.64627,307048
1547,1,9.7898,72,1,0,0,0.1,0.01424,7.64463,307121
1548,1,9.82894,59,1,0,0,0.1,0.014407,7.64465,307181
1549,1,9.78422,74,1,0,0,0.1,0.017553,7.67836,307256
1550,1,9.81396,64,1,0,0,0.1,0.012108,7.64194,307321
1551,1,9.83483,57,1,0,0,0.1,0.011618,7.63822,307379
1552,1,9.82027,62,1,0,0,0.1,0.015366,7.63706,307442
1553,1,9.82012,62,1,0,0,0.1,0.016906,7.63525,307505
1554,1,9.8171,63,1,0,0,0.1,0.018063,7.63472,307569
1555,1,9.84099,55,1,0,0,0.1,0.015835,7.68573,307625
1556,1,9.81689,63,1,0,0,0.1,0.013057,7.64619,307689
1557,1,9.81377,64,1,0,0,0.1,0.014182,7.68456,307754
1558,1,9.8314,58,1,0,0,0.1,0.01665,7.62862,307813
1559,1,9.7992,69,1,0,0,0.1,0.018006,7.65402,307883
1560,1,9.80759,66,1,0,0,0.1,0.015531,7.65381,307950
1561,1,9.83457,57,1,0,0,0.1,0.012698,7.66218,308008
1562,1,9.82302,61,1,0,0,0.1,0.016323,7.64416,308070
1563,1,9.81645,63,1,0,0,0.1,0.01062,7.64,308134
1564,1,9.84101,55,1,0,0,0.1,0.010253,7.64828,308190
1565,1,9.82933,59,1,0,0,0.1,0.013213,7.66053,308250
1566,1,9.84384,54,1,0,0,0.1,0.009262,7.65482,308305
1567,1,9.83186,58,1,0,0,0.1,0.012638,7.66517,308364
1568,1,9.84437,54,1,0,0,0.1,0.016082,7.64825,308419
1569,1,9.82027,62,1,0,0,0.1,0.013396,7.6505,308482
1570,1,9.8408,55,1,0,0,0.1,0.0102,7.64841,308538
1571,1,9.84082,55,1,0,0,0.1,0.013201,7.704,308594
1572,1,9.83484,57,1,0,0,0.1,0.010996,7.64504,308652
1573,1,9.81673,63,1,0,0,0.1,0.020904,7.66922,308716
1574,1,9.81938,62,1,0,0,0.1,0.014212,7.65169,308779
1575,1,9.82328,61,1,0,0,0.1,0.016107,7.63379,308841
1576,1,9.82011,62,1,0,0,0.1,0.00916,7.66928,308904
1577,1,9.78696,73,1,0,0,0.1,0.013443,7.65441,308978
1578,1,9.83835,56,1,0,0,0.1,0.011705,7.66471,309035
1579,1,9.81807,63,1,0,0,0.1,0.018309,7.672,309099
1580,1,9.82011,62,1,0,0,0.1,0.018781,7.62543,309162
1581,1,9.83759,56,1,0,0,0.1,0.012456,7.65388,309219
1582,1,9.80513,67,1,0,0,0.1,0.011356,7.64512,309287
1583,1,9.83814,56,1,0,0,0.1,0.014628,7.67991,309344
1584,1,9.83514,57,1,0,0,0.1,0.015414,7.66921,309402
1585,1,9.81505,64,1,0,0,0.1,0.016618,7.64665,309467
1586,1,9.83156,58,1,0,0,0.1,0.008211,7.67018,309526
1587,1,9.80177,68,1,0,0,0.1,0.018312,7.65982,309595
1588,1,9.82303,61,1,0,0,0.1,0.008196,7.64702,309657
1589,1,9.83243,58,1,0,0,0.1,0.014669,7.62364,309716
1590,1,9.81091,65,1,0,0,0.1,0.008418,7.63781,309782
1591,1,9.81413,64,1,0,0,0.1,0.013561,7.63324,309847
1592,1,9.81952,62,1,0,0,0.1,0.015575,7.63261,309910
1593,1,9.83773,56,1,0,0,0.1,0.00983,7.66038,309967
1594,1,9.82904,59,1,0,0,0.1,0.010568,7.65723,310027
1595,1,9.82575,60,1,0,0,0.1,0.013547,7.65574,310088
1596,1,9.83791,56,1,0,0,0.1,0.020201,7.6694,310145
1597,1,9.82286,61,1,0,0,0.1,0.016292,7.65534,310207
1598,1,9.80518,67,1,0,0,0.1,0.012954,7.64462,310275
1599,1,9.81683,63,1,0,0,0.1,0.012318,7.64363,310339
1600,1,9.8321,58,1,0,0,0.1,0.013269,7.66509,310398
1601,1,9.79256,71,1,0,0,0.1,0.012743,7.62165,310470
1602,1,9.84103,55,1,0,0,0.1,0.013073,7.66746,310526
1603,1,9.81692,63,1,0,0,0.1,0.007772,7.63689,310590
1604,1,9.83484,57,1,0,0,0.1,0.010398,7.65451,310648
1605,1,9.82875,59,1,0,0,0.1,0.012476,7.66714,310708
1606,1,9.83809,56,1,0,0,0.1,0.007508,7.65646,310765
1607,1,9.84059,55,1,0,0,0.1,0.015293,7.62952,310821
1608,1,9.80515,67,1,0,0,0.1,0.009915,7.64629,310889
1609,1,9.81443,64,1,0,0,0.1,0.011861,7.6329,310954
1610,1,9.81688,63,1,0,0,0.1,0.014561,7.64454,311018
1611,1,9.81103,65,1,0,0,0.1,0.00751,7.64625,311084
1612,1,9.84645,53,1,0,0,0.1,0.012575,7.61289,311138
1613,1,9.81968,62,1,0,0,0.1,0.012332,7.64943,311201
1614,1,9.84369,54,1,0,0,0.1,0.013697,7.6536,311256
1615,1,9.81974,62,1,0,0,0.1,0.0079,7.63565,311319
1616,1,9.8376,56,1,0,0,0.1,0.015512,7.62262,311376
1617,1,9.83169,58,1,0,0,0.1,0.017228,7.63557,311435
1618,1,-1.2,400,0,0,1,0.1,0.01253,7.63054,311835
1619,1,9.81964,62,1,0,0,0.1,0.011237,7.63175,311898
1620,1,9.84099,55,1,0,0,0.1,0.008473,7.63013,311954
1621,1,9.8195,62,1,0,0,0.1,0.010305,7.64306,312017
1622,1,9.81081,65,1,0,0,0.1,0.014955,7.61828,312083
1623,1,9.84362,54,1,0,0,0.1,0.015453,7.63283,312138
1624,1,9.84028,55,1,0,0,0.1,0.011616,7.65449,312194
1625,1,9.81088,65,1,0,0,0.1,0.013257,7.60954,312260
1626,1,9.81743,63,1,0,0,0.1,0.00999,7.64399,312324
1627,1,9.83184,58,1,0,0,0.1,0.011244,7.6417,312383
1628,1,9.83172,58,1,0,0,0.1,0.01322,7.64279,312442
1629,1,9.82308,61,1,0,0,0.1,0.008786,7.63263,312504
1630,1,9.84112,55,1,0,0,0.1,0.01282,7.62785,312560
1631,1,9.81979,62,1,0,0,0.1,0.014327,7.63037,312623
1632,1,9.83809,56,1,0,0,0.1,0.017812,7.63071,312680
1633,1,9.82298,61,1,0,0,0.1,0.017915,7.62519,312742
1634,1,9.85032,52,1,0,0,0.1,0.008809,7.6321,312795
1635,1,9.82006,62,1,0,0,0.1,0.014652,7.625,312858
1636,1,9.8079,66,1,0,0,0.1,0.008256,7.63559,312925
1637,1,9.82914,59,1,0,0,0.1,0.008692,7.63784,312985
1638,1,9.83803,56,1,0,0,0.1,0.013652,7.60756,313042
1639,1,9.82826,59,1,0,0,0.1,0.013391,7.64528,313102
1640,1,9.84083,55,1,0,0,0.1,0.013583,7.6167,313158
1641,1,9.83178,58,1,0,0,0.1,0.015966,7.61374,313217
1642,1,9.83479,57,1,0,0,0.1,0.013597,7.62864,313275
1643,1,9.83799,56,1,0,0,0.1,0.013459,7.62374,313332
1644,1,9.82284,61,1,0,0,0.1,0.016206,7.62859,313394
1645,1,9.83511,57,1,0,0,0.1,0.010662,7.62656,313452
1646,1,9.81639,63,1,0,0,0.1,0.01171,7.58843,313516
1647,1,9.81448,64,1,0,0,0.1,0.012722,7.6138,313581
1648,1,9.84145,55,1,0,0,0.1,0.011675,7.61575,313637
1649,1,9.84099,55,1,0,0,0.1,0.016329,7.59372,313693
1650,1,9.81383,64,1,0,0,0.1,0.012002,7.60114,313758
1651,1,9.82298,61,1,0,0,0.1,0.010617,7.61995,313820
1652,1,9.79596,70,1,0,0,0.1,0.014643,7.60895,313891
1653,1,9.82603,60,1,0,0,0.1,0.006156,7.61625,313952
1654,1,9.81663,63,1,0,0,0.1,0.012263,7.61155,314016
1655,1,9.81403,64,1,0,0,0.1,0.014083,7.62352,314081
1656,1,9.84156,55,1,0,0,0.1,0.014372,7.62259,314137
1657,1,9.80831,66,1,0,0,0.1,0.016246,7.60578,314204
1658,1,9.83543,57,1,0,0,0.1,0.020318,7.60296,314262
1659,1,9.82006,62,1,0,0,0.1,0.011057,7.62558,314325
1660,1,9.80786,66,1,0,0,0.1,0.015338,7.57116,314392
1661,1,9.83209,58,1,0,0,0.1,0.012976,7.60195,314451
1662,1,9.82258,61,1,0,0,0.1,0.011234,7.59834,314513
1663,1,9.81679,63,1,0,0,0.1,0.006017,7.56945,314577
1664,1,9.83182,58,1,0,0,0.1,0.018701,7.56619,314636
1665,1,9.82623,60,1,0,0,0.1,0.018328,7.6014,314697
1666,1,9.79874,69,1,0,0,0.1,0.011132,7.59006,314767
1667,1,9.80733,66,1,0,0,0.1,0.012267,7.58054,314834
1668,1,9.83759,56,1,0,0,0.1,0.013015,7.59725,314891
1669,1,9.80488,67,1,0,0,0.1,0.009304,7.59495,314959
1670,1,9.79,72,1,0,0,0.1,0.012447,7.61837,315032
1671,1,9.81089,65,1,0,0,0.1,0.008509,7.59783,315098
1672,1,9.8256,60,1,0,0,0.1,0.010298,7.56036,315159
1673,1,9.80595,67,1,0,0,0.1,0.013161,7.6151,315227
1674,1,9.8076,66,1,0,0,0.1,0.007412,7.58547,315294
1675,1,9.82875,59,1,0,0,0.1,0.016,7.55479,315354
1676,1,9.80179,68,1,0,0,0.1,0.008451,7.59149,315423
1677,1,9.84132,55,1,0,0,0.1,0.012004,7.57024,315479
1678,1,9.82889,59,1,0,0,0.1,0.01342,7.59191,315539
1679,1,9.82296,61,1,0,0,0.1,0.014339,7.58944,315601
1680,1,-1.072,24,0,1,0,0.1,0.010127,7.59216,315626
1681,1,9.81084,65,1,0,0,0.1,0.014942,7.5659,315692
1682,1,9.83536,57,1,0,0,0.1,0.017892,7.56719,315750
1683,1,9.81981,62,1,0,0,0.1,0.011908,7.58139,315813
1684,1,9.79902,69,1,0,0,0.1,0.011352,7.58616,315883
1685,1,9.81145,65,1,0,0,0.1,0.017709,7.58317,315949
1686,1,9.79552,70,1,0,0,0.1,0.006437,7.57691,316020
1687,1,9.79058,72,1,0,0,0.1,0.015309,7.58746,316093
1688,1,9.78069,75,1,0,0,0.1,0.010469,7.5681,316169
1689,1,9.83232,58,1,0,0,0.1,0.010442,7.554,316228
1690,1,9.81382,64,1,0,0,0.1,0.014509,7.56966,316293
1691,1,9.83483,57,1,0,0,0.1,0.010965,7.5894,316351
1692,1,9.80784,66,1,0,0,0.1,0.01239,7.58694,316418
1693,1,9.83427,57,1,0,0,0.1,0.011029,7.57835,316476
1694,1,9.84978,52,1,0,0,0.1,0.008126,7.5657,316529
1695,1,9.82824,59,1,0,0,0.1,0.00862,7.59499,316589
1696,1,9.82881,59,1,0,0,0.1,0.008875,7.54677,316649
1697,1,9.81958,62,1,0,0,0.1,0.018466,7.56619,316712
1698,1,9.84027,55,1,0,0,0.1,0.017534,7.55485,316768
1699,1,-1.693,231,0,1,0,0.1,0.009808,7.57123,317000
1700,1,9.82892,59,1,0,0,0.1,0.009518,7.55995,317060
1701,1,9.82957,59,1,0,0,0.1,0.014653,7.57852,317120
1702,1,9.84679,53,1,0,0,0.1,0.005934,7.58403,317174
1703,1,-1.735,245,0,1,0,0.1,0.010854,7.58124,317420
1704,1,9.83459,57,1,0,0,0.1,0.015573,7.60681,317478
1705,1,9.83425,57,1,0,0,0.1,0.01049,7.59779,317536
1706,1,9.85528,50,1,0,0,0.1,0.01054,7.5796,317587
1707,1,9.81679,63,1,0,0,0.1,0.011707,7.5733,317651
1708,1,-1.2,400,0,0,1,0.1,0.011667,7.56533,318051
1709,1,-1.18,60,0,1,0,0.1,0.017957,7.58833,318112
1710,1,-1.2,400,0,0,1,0.1,0.011988,7.56512,318512
1711,1,-1.489,163,0,1,0,0.1,0.011245,7.54678,318676
1712,1,-1.2,400,0,0,1,0.1,0.01384,7.55269,319076
1713,1,-1.2,400,0,0,1,0.1,0.010539,7.54061,319476
1714,1,-1.2,400,0,0,1,0.1,0.011162,7.55755,319876
1715,1,-1.2,400,0,0,1,0.1,0.012123,7.56838,320276
1716,1,-1.72,240,0,1,0,0.1,0.01093,7.5751,320517
1717,1,-1.2,400,0,0,1,0.1,0.011191,7.57225,320917
1718,1,-1.2,400,0,0,1,0.1,0.012962,7.58621,321317
1719,1,-1.2,400,0,0,1,0.1,0.00949,7.57548,321717
1720,1,-1.489,163,0,1,0,0.1,0.009466,7.58755,321881
1721,1,-1.276,92,0,1,0,0.1,0.012275,7.58064,321974
1722,1,-1.846,282,0,1,0,0.1,0.01086,7.57788,322257
1723,1,-1.2,400,0,0,1,0.1,0.009354,7.58869,322657
1724,1,-1.981,327,0,1,0,0.1,0.009798,7.58316,322985
1725,1,-1.2,400,0,0,1,0.1,0.010506,7.57471,323385
1726,1,-1.2,400,0,0,1,0.1,0.012971,7.57771,323785
1727,1,-1.171,57,0,1,0,0.1,0.01614,7.60925,323843
1728,1,-1.2,400,0,0,1,0.1,0.010045,7.57448,324243
1729,1,-1.2,400,0,0,1,0.1,0.011458,7.56819,324643
1730,1,-1.2,400,0,0,1,0.1,0.011245,7.57094,325043
1731,1,-1.2,400,0,0,1,0.1,0.010011,7.55298,325443
1732,1,-1.165,55,0,1,0,0.1,0.011447,7.54708,325499
1733,1,-2.005,335,0,1,0,0.1,0.011434,7.53934,325835
1734,1,-1.2,400,0,0,1,0.1,0.011879,7.54609,326235
1735,1,-1.2,400,0,0,1,0.1,0.010555,7.51898,326635
1736,1,-1.513,171,0,1,0,0.1,0.01237,7.51976,326807
1737,1,-1.2,400,0,0,1,0.1,0.011513,7.50451,327207
1738,1,-1.477,159,0,1,0,0.1,0.015427,7.50063,327367
1739,1,-2.047,349,0,1,0,0.1,0.007509,7.49505,327717
1740,1,-1.222,74,0,1,0,0.1,0.014633,7.47316,327792
1741,1,-1.2,400,0,0,1,0.1,0.009932,7.47652,328192
1742,1,-1.891,297,0,1,0,0.1,0.011404,7.44846,328490
1743,1,-1.711,237,0,1,0,0.1,0.009854,7.44114,328728
1744,1,-1.426,142,0,1,0,0.1,0.010348,7.43026,328871
1745,1,-1.2,400,0,0,1,0.1,0.009805,7.40534,329271
1746,1,-1.249,83,0,1,0,0.1,0.006986,7.41204,329355
1747,1,-1.369,123,0,1,0,0.1,0.010508,7.38575,329479
1748,1,-1.2,400,0,0,1,0.1,0.010988,7.37784,329879
1749,1,-1.2,400,0,0,1,0.1,0.012394,7.361,330279
1750,1,-1.2,400,0,0,1,0.1,0.010425,7.33243,330679
1751,1,-1.69,230,0,1,0,0.1,0.009527,7.31916,330910
1752,1,9.42128,195,1,0,0,0.1,0.011852,7.29672,331106
1753,1,-1.234,78,0,1,0,0.1,0.015089,7.27791,331185
1754,1,9.52282,161,1,0,0,0.1,0.009186,7.28194,331347
1755,1,-1.537,179,0,1,0,0.1,0.013383,7.27967,331527
1756,1,-1.363,121,0,1,0,0.1,0.013362,7.25788,331649
1757,1,-1.249,83,0,1,0,0.1,0.013819,7.25066,331733
1758,1,-1.264,88,0,1,0,0.1,0.014997,7.23685,331822
1759,1,-1.2,400,0,0,1,0.1,0.011061,7.23011,332222
1760,1,-1.315,105,0,1,0,0.1,0.009987,7.2396,332328
1761,1,-1.066,22,0,1,0,0.1,0.014989,7.24853,332351
1762,1,-1.537,179,0,1,0,0.1,0.011293,7.24321,332531
1763,1,-1.216,72,0,1,0,0.1,0.012179,7.22681,332604
1764,1,-1.258,86,0,1,0,0.1,0.015384,7.21246,332691
1765,1,-1.582,194,0,1,0,0.1,0.006728,7.20959,332886
1766,1,-1.117,39,0,1,0,0.1,0.025361,7.17817,332926
1767,1,-1.042,14,0,1,0,0.1,0.011563,7.26912,332941
1768,1,-1.15,50,0,1,0,0.1,0.014548,7.22203,332992
1769,1,-1.048,16,0,1,0,0.1,0.004805,7.19269,333009
1770,1,-1.216,72,0,1,0,0.1,0.011591,7.19693,333082
1771,1,-1.498,166,0,1,0,0.1,0.00748,7.1796,333249
1772,1,-1.555,185,0,1,0,0.1,0.010119,7.15365,333435
1773,1,-1.156,52,0,1,0,0.1,0.013484,7.16652,333488
1774,1,-1.378,126,0,1,0,0.1,0.014025,7.1523,333615
1775,1,-1.069,23,0,1,0,0.1,0.011894,7.09213,333639
1776,1,-1.132,44,0,1,0,0.1,0.013882,7.13699,333684
1777,1,-1.162,54,0,1,0,0.1,0.011973,7.13843,333739
1778,1,-1.42,140,0,1,0,0.1,0.009123,7.11081,333880
1779,1,-1.135,45,0,1,0,0.1,0.010916,7.12822,333926
1780,1,-1.2,400,0,0,1,0.1,0.011215,7.09492,334326
1781,1,-1.072,24,0,1,0,0.1,0.031382,7.08092,334351
1782,1,-1.516,172,0,1,0,0.1,0.011079,7.07819,334524
1783,1,-1.234,78,0,1,0,0.1,0.008671,7.06832,334603
1784,1,-1.441,147,0,1,0,0.1,0.008558,7.05093,334751
1785,1,-1.564,188,0,1,0,0.1,0.01082,7.05722,334940
1786,1,-1.063,21,0,1,0,0.1,0.005949,7.0554,334962
1787,1,-1.432,144,0,1,0,0.1,0.008694,7.03735,335107
1788,1,-1.336,112,0,1,0,0.1,0.011222,7.03272,335220
1789,1,-1.2,400,0,0,1,0.1,0.01063,7.00421,335620
1790,1,-1.165,55,0,1,0,0.1,0.007493,7.00458,335676
1791,1,-1.399,133,0,1,0,0.1,0.01102,6.97067,335810
1792,1,8.93532,357,1,0,0,0.1,0.011829,6.96015,336168
1793,1,-1.165,55,0,1,0,0.1,0.009659,6.97501,336224
1794,1,9.59482,137,1,0,0,0.1,0.011887,6.96309,336362
1795,1,9.78028,75,1,0,0,0.1,0.010837,6.9436,336438
1796,1,-1.114,38,0,1,0,0.1,0.010007,6.91466,336477
1797,1,9.50743,166,1,0,0,0.1,0.01003,6.9374,336644
1798,1,9.81361,64,1,0,0,0.1,0.008903,6.94131,336709
1799,1,9.77198,78,1,0,0,0.1,0.009386,6.93779,336788
1800,1,9.75095,85,1,0,0,0.1,0.010707,6.89813,336874
1801,1,9.814,64,1,0,0,0.1,0.010611,6.90501,336939
1802,1,9.80493,67,1,0,0,0.1,0.009174,6.90118,337007
1803,1,9.80782,66,1,0,0,0.1,0.011814,6.9293,337074
1804,1,9.61603,130,1,0,0,0.1,0.012875,6.90086,337205
1805,1,9.80519,67,1,0,0,0.1,0.011595,6.91912,337273
1806,1,9.50786,166,1,0,0,0.1,0.009324,6.89534,337440
1807,1,9.75683,83,1,0,0,0.1,0.009833,6.88066,337524
1808,1,9.79001,72,1,0,0,0.1,0.011701,6.8868,337597
1809,1,9.81398,64,1,0,0,0.1,0.01063,6.86224,337662
1810,1,9.81059,65,1,0,0,0.1,0.014445,6.86488,337728
1811,1,9.75028,85,1,0,0,0.1,0.013036,6.87428,337814
1812,1,9.67294,111,1,0,0,0.1,0.013733,6.87473,337926
1813,1,9.84127,55,1,0,0,0.1,0.008896,6.84962,337982
1814,1,9.81366,64,1,0,0,0.1,0.010451,6.85581,338047
1815,1,9.82921,59,1,0,0,0.1,0.01478,6.81578,338107
1816,1,9.81681,63,1,0,0,0.1,0.013345,6.84881,338171
1817,1,9.81703,63,1,0,0,0.1,0.012224,6.84282,338235
1818,1,9.81347,64,1,0,0,0.1,0.009353,6.87538,338300
1819,1,9.8138,64,1,0,0,0.1,0.010395,6.8334,338365
1820,1,9.81027,65,1,0,0,0.1,0.010935,6.82805,338431
1821,1,9.79257,71,1,0,0,0.1,0.009816,6.81582,338503
1822,1,9.78413,74,1,0,0,0.1,0.012234,6.82652,338578
1823,1,9.84098,55,1,0,0,0.1,0.009752,6.85778,338634
1824,1,9.84403,54,1,0,0,0.1,0.011372,6.84127,338689
1825,1,9.81657,63,1,0,0,0.1,0.005236,6.82915,338753
1826,1,9.83193,58,1,0,0,0.1,0.007787,6.83037,338812
1827,1,9.82227,61,1,0,0,0.1,0.008589,6.79512,338874
1828,1,-1.054,18,0,1,0,0.1,0.005134,6.80751,338893
1829,1,9.83196,58,1,0,0,0.1,0.009672,6.78516,338952
1830,1,9.83503,57,1,0,0,0.1,0.008657,6.83422,339010
1831,1,9.83521,57,1,0,0,0.1,0.010281,6.82845,339068
1832,1,9.82324,61,1,0,0,0.1,0.009396,6.80806,339130
1833,1,9.84084,55,1,0,0,0.1,0.011424,6.81637,339186
1834,1,9.82318,61,1,0,0,0.1,0.007287,6.80017,339248
1835,1,9.83138,58,1,0,0,0.1,0.010068,6.79502,339307
1836,1,9.81403,64,1,0,0,0.1,0.012921,6.80256,339372
1837,1,9.82226,61,1,0,0,0.1,0.0116,6.79463,339434
1838,1,9.83183,58,1,0,0,0.1,0.009282,6.77456,339493
1839,1,9.83723,56,1,0,0,0.1,0.008016,6.80204,339550
1840,1,9.83803,56,1,0,0,0.1,0.006445,6.8212,339607
1841,1,9.85001,52,1,0,0,0.1,0.012298,6.79512,339660
1842,1,9.84149,55,1,0,0,0.1,0.007261,6.79015,339716
1843,1,9.84083,55,1,0,0,0.1,0.009908,6.80263,339772
1844,1,9.68816,106,1,0,0,0.1,0.013056,6.76663,339879
1845,1,9.81944,62,1,0,0,0.1,0.011402,6.75411,339942
1846,1,9.8379,56,1,0,0,0.1,0.007233,6.77337,339999
1847,1,9.83803,56,1,0,0,0.1,0.014735,6.7776,340056
1848,1,9.81696,63,1,0,0,0.1,0.00951,6.76646,340120
1849,1,9.80478,67,1,0,0,0.1,0.011346,6.77491,340188
1850,1,9.82284,61,1,0,0,0.1,0.009366,6.75371,340250
1851,1,9.81411,64,1,0,0,0.1,0.012369,6.79974,340315
1852,1,9.83427,57,1,0,0,0.1,0.011855,6.78724,340373
1853,1,9.80536,67,1,0,0,0.1,0.010487,6.77567,340441
1854,1,9.82656,60,1,0,0,0.1,0.011784,6.76893,340502
1855,1,9.80512,67,1,0,0,0.1,0.009765,6.77336,340570
1856,1,9.81049,65,1,0,0,0.1,0.01137,6.77118,340636
1857,1,9.81741,63,1,0,0,0.1,0.006292,6.74905,340700
1858,1,9.82598,60,1,0,0,0.1,0.01086,6.77869,340761
1859,1,9.81046,65,1,0,0,0.1,0.009382,6.78899,340827
1860,1,9.82858,59,1,0,0,0.1,0.010353,6.77589,340887
1861,1,9.78695,73,1,0,0,0.1,0.010619,6.77686,340961
1862,1,9.84378,54,1,0,0,0.1,0.009417,6.74082,341016
1863,1,9.81084,65,1,0,0,0.1,0.013091,6.75229,341082
1864,1,9.8253,60,1,0,0,0.1,0.010237,6.76654,341143
1865,1,9.80764,66,1,0,0,0.1,0.007998,6.79489,341210
1866,1,9.82269,61,1,0,0,0.1,0.015675,6.73173,341272
1867,1,9.81936,62,1,0,0,0.1,0.010711,6.76038,341335
1868,1,9.82896,59,1,0,0,0.1,0.010579,6.78243,341395
1869,1,9.80858,66,1,0,0,0.1,0.010282,6.76354,341462
1870,1,9.81698,63,1,0,0,0.1,0.008836,6.73827,341526
1871,1,9.83223,58,1,0,0,0.1,0.007137,6.76816,341585
1872,1,9.81678,63,1,0,0,0.1,0.010992,6.76522,341649
1873,1,9.82009,62,1,0,0,0.1,0.00723,6.77375,341712
1874,1,9.83764,56,1,0,0,0.1,0.013617,6.76277,341769
1875,1,9.83462,57,1,0,0,0.1,0.010124,6.7874,341827
1876,1,9.81367,64,1,0,0,0.1,0.01622,6.75706,341892
1877,1,9.83515,57,1,0,0,0.1,0.007317,6.7915,341950
1878,1,9.83213,58,1,0,0,0.1,0.01225,6.76754,342009
1879,1,9.83467,57,1,0,0,0.1,0.012971,6.76324,342067
1880,1,9.802,68,1,0,0,0.1,0.011,6.78922,342136
1881,1,9.83808,56,1,0,0,0.1,0.008112,6.75598,342193
1882,1,9.83819,56,1,0,0,0.1,0.01271,6.76645,342250
1883,1,9.82041,62,1,0,0,0.1,0.007661,6.76526,342313
1884,1,9.8194,62,1,0,0,0.1,0.006864,6.79585,342376
1885,1,9.8286,59,1,0,0,0.1,0.007756,6.7893,342436
1886,1,9.81961,62,1,0,0,0.1,0.011491,6.76883,342499
1887,1,9.8374,56,1,0,0,0.1,0.00711,6.79828,342556
1888,1,9.83203,58,1,0,0,0.1,0.010424,6.79756,342615
1889,1,9.82927,59,1,0,0,0.1,0.012448,6.78532,342675
1890,1,9.81103,65,1,0,0,0.1,0.011131,6.81841,342741
1891,1,9.83189,58,1,0,0,0.1,0.009943,6.78562,342800
1892,1,9.83193,58,1,0,0,0.1,0.013,6.7896,342859
1893,1,9.81384,64,1,0,0,0.1,0.010984,6.80002,342924
1894,1,9.81938,62,1,0,0,0.1,0.017186,6.77672,342987
1895,1,9.82358,61,1,0,0,0.1,0.013988,6.7812,343049
1896,1,9.83814,56,1,0,0,0.1,0.012808,6.77937,343106
1897,1,9.81979,62,1,0,0,0.1,0.009203,6.81245,343169
1898,1,9.81383,64,1,0,0,0.1,0.010439,6.80288,343234
1899,1,9.79279,71,1,0,0,0.1,0.012864,6.79218,343306
1900,1,9.79312,71,1,0,0,0.1,0.010305,6.82147,343378
1901,1,9.79871,69,1,0,0,0.1,0.013375,6.78867,343448
1902,1,9.84085,55,1,0,0,0.1,0.005912,6.82127,343504
1903,1,9.84961,52,1,0,0,0.1,0.00902,6.81257,343557
1904,1,9.84425,54,1,0,0,0.1,0.008055,6.81003,343612
1905,1,9.83184,58,1,0,0,0.1,0.013415,6.78139,343671
1906,1,9.82887,59,1,0,0,0.1,0.008012,6.79797,343731
1907,1,9.81084,65,1,0,0,0.1,0.008025,6.80851,343797
1908,1,9.82299,61,1,0,0,0.1,0.008678,6.7979,343859
1909,1,9.84736,53,1,0,0,0.1,0.013911,6.79724,343913
1910,1,9.83469,57,1,0,0,0.1,0.004783,6.82979,343971
1911,1,9.81964,62,1,0,0,0.1,0.007183,6.78328,344034
1912,1,9.85303,51,1,0,0,0.1,0.004913,6.82261,344086
1913,1,9.84682,53,1,0,0,0.1,0.013223,6.8183,344140
1914,1,9.80132,68,1,0,0,0.1,0.012995,6.79873,344209
1915,1,9.81343,64,1,0,0,0.1,0.014694,6.82633,344274
1916,1,9.82658,60,1,0,0,0.1,0.008539,6.81034,344335
1917,1,9.83479,57,1,0,0,0.1,0.010373,6.80507,344393
1918,1,9.83794,56,1,0,0,0.1,0.013815,6.8234,344450
1919,1,9.8286,59,1,0,0,0.1,0.014614,6.81148,344510
1920,1,9.83503,57,1,0,0,0.1,0.002033,6.81753,344568
1921,1,9.81939,62,1,0,0,0.1,0.007045,6.806,344631
1922,1,9.83804,56,1,0,0,0.1,0.009073,6.78626,344688
1923,1,9.80182,68,1,0,0,0.1,0.005852,6.80943,344757
1924,1,9.83782,56,1,0,0,0.1,0.015678,6.82641,344814
1925,1,9.82866,59,1,0,0,0.1,0.011984,6.84389,344874
1926,1,9.85227,51,1,0,0,0.1,0.009589,6.83847,344926
1927,1,9.84715,53,1,0,0,0.1,0.007695,6.81707,344980
1928,1,9.83481,57,1,0,0,0.1,0.008016,6.8229,345038
1929,1,9.83789,56,1,0,0,0.1,0.013694,6.80993,345095
1930,1,9.8259,60,1,0,0,0.1,0.012891,6.83595,345156
1931,1,9.82354,61,1,0,0,0.1,0.009425,6.83256,345218
1932,1,9.84396,54,1,0,0,0.1,0.009539,6.82755,345273
1933,1,9.84958,52,1,0,0,0.1,0.010872,6.80755,345326
1934,1,9.84415,54,1,0,0,0.1,0.008567,6.79158,345381
1935,1,9.84083,55,1,0,0,0.1,0.008413,6.8423,345437
1936,1,9.81983,62,1,0,0,0.1,0.012296,6.8223,345500
1937,1,9.8414,55,1,0,0,0.1,0.009647,6.82403,345556
1938,1,9.83503,57,1,0,0,0.1,0.008387,6.82148,345614
1939,1,9.83515,57,1,0,0,0.1,0.011207,6.81995,345672
1940,1,9.84703,53,1,0,0,0.1,0.012721,6.80438,345726
1941,1,9.82891,59,1,0,0,0.1,0.009192,6.82636,345786
1942,1,9.82647,60,1,0,0,0.1,0.012177,6.81649,345847
1943,1,9.83181,58,1,0,0,0.1,0.007981,6.84238,345906
1944,1,9.83751,56,1,0,0,0.1,0.013031,6.86705,345963
1945,1,9.83497,57,1,0,0,0.1,0.005678,6.82766,346021
1946,1,9.84403,54,1,0,0,0.1,0.012343,6.84475,346076
1947,1,9.84628,53,1,0,0,0.1,0.012922,6.83458,346130
1948,1,9.82866,59,1,0,0,0.1,0.008195,6.82703,346190
1949,1,9.79906,69,1,0,0,0.1,0.008089,6.83263,346260
1950,1,9.81023,65,1,0,0,0.1,0.004944,6.8208,346326
1951,1,9.83185,58,1,0,0,0.1,0.009347,6.84422,346385
1952,1,9.802,68,1,0,0,0.1,0.007596,6.84578,346454
1953,1,9.83422,57,1,0,0,0.1,0.010206,6.82548,346512
1954,1,9.82,62,1,0,0,0.1,0.009331,6.81082,346575
1955,1,9.84394,54,1,0,0,0.1,0.007847,6.82807,346630
1956,1,9.83815,56,1,0,0,0.1,0.008882,6.80408,346687
1957,1,9.83181,58,1,0,0,0.1,0.013855,6.86702,346746
1958,1,9.82583,60,1,0,0,0.1,0.007679,6.88059,346807
1959,1,9.82855,59,1,0,0,0.1,0.010255,6.82109,346867
1960,1,9.83803,56,1,0,0,0.1,0.005302,6.83724,346924
1961,1,9.83448,57,1,0,0,0.1,0.010843,6.81971,346982
1962,1,9.82599,60,1,0,0,0.1,0.010704,6.84261,347043
1963,1,9.83136,58,1,0,0,0.1,0.010664,6.84409,347102
1964,1,9.84062,55,1,0,0,0.1,0.01171,6.84033,347158
1965,1,9.81704,63,1,0,0,0.1,0.006441,6.82007,347222
1966,1,9.83534,57,1,0,0,0.1,0.004217,6.84327,347280
1967,1,9.83169,58,1,0,0,0.1,0.013535,6.81769,347339
1968,1,9.81439,64,1,0,0,0.1,0.019665,6.83592,347404
1969,1,9.81982,62,1,0,0,0.1,0.007372,6.84349,347467
1970,1,9.82555,60,1,0,0,0.1,0.009148,6.85554,347528
1971,1,9.8384,56,1,0,0,0.1,0.009146,6.84162,347585
1972,1,9.83759,56,1,0,0,0.1,0.008732,6.83577,347642
1973,1,9.80634,67,1,0,0,0.1,0.006781,6.84204,347710
1974,1,9.83203,58,1,0,0,0.1,0.009862,6.85583,347769
1975,1,9.84033,55,1,0,0,0.1,0.01177,6.86398,347825
1976,1,9.81037,65,1,0,0,0.1,0.007003,6.84199,347891
1977,1,9.83501,57,1,0,0,0.1,0.007525,6.82713,347949
1978,1,9.83203,58,1,0,0,0.1,0.008933,6.84567,348008
1979,1,9.84114,55,1,0,0,0.1,0.007969,6.84604,348064
1980,1,9.83184,58,1,0,0,0.1,0.005725,6.84589,348123
1981,1,9.84401,54,1,0,0,0.1,0.00438,6.86027,348178
1982,1,9.83149,58,1,0,0,0.1,0.008256,6.83329,348237
1983,1,9.81949,62,1,0,0,0.1,0.004715,6.86467,348300
1984,1,9.84401,54,1,0,0,0.1,0.007218,6.84337,348355
1985,1,9.82284,61,1,0,0,0.1,0.012231,6.8393,348417
1986,1,9.85284,51,1,0,0,0.1,0.01397,6.84757,348469
1987,1,9.83199,58,1,0,0,0.1,0.010059,6.83504,348528
1988,1,9.83483,57,1,0,0,0.1,0.010168,6.85836,348586
1989,1,9.84403,54,1,0,0,0.1,0.006157,6.8644,348641
1990,1,9.8444,54,1,0,0,0.1,0.00647,6.8439,348696
1991,1,9.84084,55,1,0,0,0.1,0.007882,6.81752,348752
1992,1,9.84665,53,1,0,0,0.1,0.007523,6.87346,348806
1993,1,9.82528,60,1,0,0,0.1,0.007486,6.86867,348867
1994,1,9.81384,64,1,0,0,0.1,0.007624,6.85887,348932
1995,1,9.81981,62,1,0,0,0.1,0.014075,6.84634,348995
1996,1,9.83169,58,1,0,0,0.1,0.012358,6.86307,349054
1997,1,9.83756,56,1,0,0,0.1,0.005846,6.8975,349111
1998,1,9.8444,54,1,0,0,0.1,0.00933,6.85296,349166
1999,1,9.83506,57,1,0,0,0.1,0.008566,6.86425,349224
2000,1,9.83804,56,1,0,0,0.1,0.008673,6.85756,349281
2001,1,9.838,56,1,0,0,0.1,0.006975,6.87888,349338
2002,1,9.83468,57,1,0,0,0.1,0.009903,6.8332,349396
2003,1,9.82821,59,1,0,0,0.1,0.008147,6.8472,349456
2004,1,9.80754,66,1,0,0,0.1,0.008504,6.8766,349523
2005,1,9.83211,58,1,0,0,0.1,0.009513,6.85645,349582
2006,1,9.84139,55,1,0,0,0.1,0.005713,6.85366,349638
2007,1,9.80199,68,1,0,0,0.1,0.009023,6.85044,349707
2008,1,9.83783,56,1,0,0,0.1,0.015085,6.8512,349764
2009,1,9.83728,56,1,0,0,0.1,0.011855,6.85189,349821
2010,1,9.84103,55,1,0,0,0.1,0.007944,6.87199,349877
2011,1,9.81956,62,1,0,0,0.1,0.010453,6.86451,349940
2012,1,9.85227,51,1,0,0,0.1,0.01054,6.88732,349992
2013,1,9.82269,61,1,0,0,0.1,0.010131,6.84962,350054
2014,1,9.83784,56,1,0,0,0.1,0.007222,6.86034,350111
2015,1,9.83501,57,1,0,0,0.1,0.011284,6.89126,350169
2016,1,9.84383,54,1,0,0,0.1,0.009865,6.84029,350224
2017,1,9.83482,57,1,0,0,0.1,0.009259,6.83295,350282
2018,1,9.82003,62,1,0,0,0.1,0.010079,6.85532,350345
2019,1,9.83783,56,1,0,0,0.1,0.009319,6.85425,350402
2020,1,9.84034,55,1,0,0,0.1,0.005262,6.83639,350458
2021,1,9.8228,61,1,0,0,0.1,0.005662,6.85128,350520
2022,1,9.84101,55,1,0,0,0.1,0.0093,6.85249,350576
2023,1,9.83812,56,1,0,0,0.1,0.011699,6.84925,350633
2024,1,9.84928,52,1,0,0,0.1,0.007335,6.86765,350686
2025,1,9.82934,59,1,0,0,0.1,0.005713,6.85516,350746
2026,1,9.83801,56,1,0,0,0.1,0.006702,6.84823,350803
2027,1,9.84103,55,1,0,0,0.1,0.009799,6.8614,350859
2028,1,9.83439,57,1,0,0,0.1,0.00863,6.86382,350917
2029,1,9.81743,63,1,0,0,0.1,0.007723,6.84897,350981
2030,1,9.82833,59,1,0,0,0.1,0.005873,6.86619,351041
2031,1,9.83482,57,1,0,0,0.1,0.013278,6.87532,351099
2032,1,9.84369,54,1,0,0,0.1,0.006124,6.87149,351154
2033,1,9.83731,56,1,0,0,0.1,0.010661,6.88243,351211
2034,1,9.81936,62,1,0,0,0.1,0.008562,6.8647,351274
2035,1,9.82277,61,1,0,0,0.1,0.007886,6.87247,351336
2036,1,9.82888,59,1,0,0,0.1,0.006841,6.86936,351396
2037,1,9.82582,60,1,0,0,0.1,0.007589,6.87406,351457
2038,1,9.82603,60,1,0,0,0.1,0.008963,6.84592,351518
2039,1,9.84022,55,1,0,0,0.1,0.007516,6.8525,351574
2040,1,9.83503,57,1,0,0,0.1,0.009202,6.85044,351632
2041,1,9.83803,56,1,0,0,0.1,0.012079,6.88153,351689
2042,1,9.83843,56,1,0,0,0.1,0.006482,6.86314,351746
2043,1,9.817,63,1,0,0,0.1,0.006852,6.87349,351810
2044,1,9.84103,55,1,0,0,0.1,0.010475,6.88225,351866
2045,1,9.82601,60,1,0,0,0.1,0.011572,6.87718,351927
2046,1,9.829,59,1,0,0,0.1,0.008459,6.84827,351987
2047,1,9.82563,60,1,0,0,0.1,0.007558,6.88966,352048
2048,1,9.82568,60,1,0,0,0.1,0.009362,6.85739,352109
2049,1,9.84703,53,1,0,0,0.1,0.007459,6.90272,352163
2050,1,9.83209,58,1,0,0,0.1,0.011532,6.84807,352222
2051,1,9.83503,57,1,0,0,0.1,0.014124,6.86444,352280
2052,1,9.85043,52,1,0,0,0.1,0.006725,6.88743,352333
2053,1,9.835,57,1,0,0,0.1,0.011152,6.88792,352391
2054,1,9.84732,53,1,0,0,0.1,0.012382,6.87768,352445
2055,1,9.83503,57,1,0,0,0.1,0.008186,6.91578,352503
2056,1,9.829,59,1,0,0,0.1,0.006926,6.84975,352563
2057,1,9.8381,56,1,0,0,0.1,0.014847,6.89959,352620
2058,1,9.81383,64,1,0,0,0.1,0.007129,6.89102,352685
2059,1,9.85003,52,1,0,0,0.1,0.008595,6.90946,352738
2060,1,9.8409,55,1,0,0,0.1,0.010893,6.86673,352794
2061,1,9.83728,56,1,0,0,0.1,0.007677,6.86029,352851
2062,1,9.83174,58,1,0,0,0.1,0.010652,6.89012,352910
2063,1,9.83236,58,1,0,0,0.1,0.011448,6.87482,352969
2064,1,9.81984,62,1,0,0,0.1,0.010928,6.87675,353032
2065,1,9.80456,67,1,0,0,0.1,0.008317,6.8821,353100
2066,1,9.82007,62,1,0,0,0.1,0.009036,6.89605,353163
2067,1,9.85003,52,1,0,0,0.1,0.006081,6.87964,353216
2068,1,9.84701,53,1,0,0,0.1,0.0037,6.86257,353270
2069,1,9.82529,60,1,0,0,0.1,0.010159,6.88094,353331
2070,1,9.85003,52,1,0,0,0.1,0.00592,6.8827,353384
2071,1,9.83484,57,1,0,0,0.1,0.004486,6.91837,353442
2072,1,9.83784,56,1,0,0,0.1,0.008153,6.87656,353499
2073,1,9.84732,53,1,0,0,0.1,0.007068,6.88345,353553
2074,1,9.81667,63,1,0,0,0.1,0.007876,6.87473,353617
2075,1,9.82626,60,1,0,0,0.1,0.012351,6.87755,353678
2076,1,9.84627,53,1,0,0,0.1,0.005302,6.87123,353732
2077,1,9.82299,61,1,0,0,0.1,0.00698,6.90739,353794
2078,1,9.82305,61,1,0,0,0.1,0.007515,6.88317,353856
2079,1,9.83802,56,1,0,0,0.1,0.002765,6.90898,353913
2080,1,9.82303,61,1,0,0,0.1,0.011526,6.86842,353975
2081,1,9.81142,65,1,0,0,0.1,0.007706,6.90746,354041
2082,1,9.83794,56,1,0,0,0.1,0.00892,6.90172,354098
2083,1,9.84103,55,1,0,0,0.1,0.003784,6.88189,354154
2084,1,9.84665,53,1,0,0,0.1,0.006369,6.87019,354208
2085,1,9.83128,58,1,0,0,0.1,0.007629,6.9079,354267
2086,1,9.83427,57,1,0,0,0.1,0.005182,6.87729,354325
2087,1,9.82021,62,1,0,0,0.1,0.008636,6.88775,354388
2088,1,9.83803,56,1,0,0,0.1,0.005716,6.90631,354445
2089,1,9.8254,60,1,0,0,0.1,0.009041,6.90747,354506
2090,1,9.83809,56,1,0,0,0.1,0.008097,6.90648,354563
2091,1,9.83653,57,1,0,0,0.1,0.005694,6.92907,354621
2092,1,9.8258,60,1,0,0,0.1,0.009782,6.89805,354682
2093,1,9.81666,63,1,0,0,0.1,0.006049,6.91503,354746
2094,1,9.83278,58,1,0,0,0.1,0.005212,6.932,354805
2095,1,9.84353,54,1,0,0,0.1,0.005852,6.9127,354860
2096,1,9.83803,56,1,0,0,0.1,0.007939,6.91877,354917
2097,1,9.83783,56,1,0,0,0.1,0.00681,6.94275,354974
2098,1,9.79309,71,1,0,0,0.1,0.00839,6.90441,355046
2099,1,9.82303,61,1,0,0,0.1,0.008089,6.92679,355108
2100,15,-1.939,313,0,1,0,0.3988,0.007846,6.93022,355422
2101,15,-1.306,102,0,1,0,0.397604,0.00614,6.94426,355525
2102,15,-1.2,400,0,0,1,0.396411,0.00755,6.958,355925
2103,15,9.66082,115,1,0,0,0.395222,0.01073,6.95574,356041
2104,15,-1.2,400,0,0,1,0.394036,0.007294,6.94928,356441
2105,15,-1.045,15,0,1,0,0.392854,0.010273,6.93344,356457
2106,15,-1.003,1,0,1,0,0.391675,0.001143,6.89395,356459
2107,15,9.83758,56,1,0,0,0.3905,0.007382,6.93142,356516
2108,15,-1.207,69,0,1,0,0.389329,0.008075,6.92699,356586
2109,15,-1.063,21,0,1,0,0.388161,0.005931,6.95104,356608
2110,15,9.8673,46,1,0,0,0.386996,0.005964,6.94796,356655
2111,15,9.73879,89,1,0,0,0.385835,0.007255,6.95123,356745
2112,15,9.66162,115,1,0,0,0.384678,0.008548,6.95547,356861
2113,15,-1.093,31,0,1,0,0.383524,0.008053,6.94464,356893
2114,15,9.77175,78,1,0,0,0.382373,0.009058,6.92754,356972
2115,15,9.03404,324,1,0,0,0.381226,0.008072,6.93887,357297
2116,15,9.88851,39,1,0,0,0.380082,0.007774,6.97385,357337
2117,15,9.89428,37,1,0,0,0.378942,0.00738,6.96084,357375
2118,15,-1.45,150,0,1,0,0.377805,0.008179,6.9451,357526
2119,15,-1.03,10,0,1,0,0.376672,0.008953,6.91852,357537
2120,15,-1.228,76,0,1,0,0.375542,0.006742,6.93874,357614
2121,15,-1.18,60,0,1,0,0.374415,0.00965,6.96691,357675
2122,15,-1.357,119,0,1,0,0.373292,0.008474,6.8983,357795
2123,15,-1.825,275,0,1,0,0.372172,0.010727,6.93277,358071
2124,15,9.67923,109,1,0,0,0.371056,0.007845,6.92134,358181
2125,15,-1.2,400,0,0,1,0.369942,0.009655,6.92009,358581
2126,15,9.75727,83,1,0,0,0.368833,0.010455,6.91752,358665
2127,15,9.71154,98,1,0,0,0.367726,0.013734,6.93029,358764
2128,15,-1.2,400,0,0,1,0.366623,0.009007,6.91949,359164
2129,15,9.60675,133,1,0,0,0.365523,0.010311,6.93071,359298
2130,15,9.78724,73,1,0,0,0.364426,0.013332,6.94107,359372
2131,15,-1.2,400,0,0,1,0.363333,0.010657,6.91581,359772
2132,15,9.8688,46,1,0,0,0.362243,0.012437,6.90777,359819
2133,15,-1.384,128,0,1,0,0.361156,0.01256,6.91523,359948
2134,15,9.70006,102,1,0,0,0.360073,0.013597,6.9328,360051
2135,15,-1.033,11,0,1,0,0.358993,0.00156,6.91226,360063
2136,15,-1.042,14,0,1,0,0.357916,0.014095,6.87847,360078
2137,15,-1.519,173,0,1,0,0.356842,0.009896,6.90547,360252
2138,15,9.82282,61,1,0,0,0.355772,0.011148,6.9214,360314
2139,15,9.81422,64,1,0,0,0.354704,0.013809,6.90548,360379
2140,15,9.73302,91,1,0,0,0.35364,0.010384,6.9146,360471
2141,15,-1.882,294,0,1,0,0.352579,0.010596,6.92106,360766
2142,15,-1.042,14,0,1,0,0.351521,0.018871,6.91999,360781
2143,15,9.06376,314,1,0,0,0.350467,0.010924,6.90977,361096
2144,15,-1.513,171,0,1,0,0.349415,0.013104,6.90327,361268
2145,15,-1.078,26,0,1,0,0.348367,0.016721,6.90585,361295
2146,15,-1.012,4,0,1,0,0.347322,0.010744,6.94226,361300
2147,15,9.94573,20,1,0,0,0.34628,0.0144,6.9049,361321
2148,15,-2.047,349,0,1,0,0.345241,0.010181,6.89587,361671
2149,15,-1.525,175,0,1,0,0.344206,0.011201,6.90787,361847
2150,15,9.71807,96,1,0,0,0.343173,0.014266,6.88976,361944
2151,15,9.88564,40,1,0,0,0.342143,0.0111,6.87668,361985
2152,15,9.86746,46,1,0,0,0.341117,0.00716,6.91139,362032
2153,15,-1.012,4,0,1,0,0.340094,0.01161,6.84264,362037
2154,15,-1.021,7,0,1,0,0.339073,0.007082,7.01201,362045
2155,15,-2.137,379,0,1,0,0.338056,0.013764,6.88967,362425
2156,15,9.89818,36,1,0,0,0.337042,0.012081,6.85093,362462
2157,15,9.79593,70,1,0,0,0.336031,0.010694,6.88346,362533
2158,15,9.90951,32,1,0,0,0.335023,0.012553,6.90441,362566
2159,15,9.94635,20,1,0,0,0.334018,0.007036,6.9361,362587
2160,15,9.81715,63,1,0,0,0.333016,0.013104,6.87946,362651
2161,15,9.84434,54,1,0,0,0.332017,0.012008,6.87331,362706
2162,15,9.66388,114,1,0,0,0.331021,0.018353,6.89009,362821
2163,15,-1.2,400,0,0,1,0.330027,0.012683,6.88154,363221
2164,15,-1.324,108,0,1,0,0.329037,0.010342,6.84602,363330
2165,15,-1.687,229,0,1,0,0.32805,0.010931,6.8574,363560
2166,15,9.87984,42,1,0,0,0.327066,0.012239,6.86041,363603
2167,15,-1.207,69,0,1,0,0.326085,0.008234,6.85461,363673
2168,15,9.8137,64,1,0,0,0.325107,0.013159,6.83686,363738
2169,15,9.84967,52,1,0,0,0.324131,0.015315,6.83098,363791
2170,15,-2.086,362,0,1,0,0.323159,0.012731,6.84778,364154
2171,15,-1.2,400,0,0,1,0.32219,0.013418,6.8341,364554
2172,15,9.77327,78,1,0,0,0.321223,0.015827,6.82181,364633
2173,15,9.84667,53,1,0,0,0.320259,0.018593,6.79297,364687
2174,15,9.72973,92,1,0,0,0.319298,0.012995,6.81074,364780
2175,15,-1.093,31,0,1,0,0.318341,0.008339,6.78624,364812
2176,15,-1.024,8,0,1,0,0.317386,0.013347,6.75443,364821
2177,15,9.7119,98,1,0,0,0.316433,0.01468,6.81269,364920
2178,15,-1.501,167,0,1,0,0.315484,0.011373,6.80958,365088
2179,15,9.81631,63,1,0,0,0.314538,0.008681,6.81591,365152
2180,15,-1.189,63,0,1,0,0.313594,0.018889,6.81233,365216
2181,15,-1.138,46,0,1,0,0.312653,0.007209,6.81475,365263
2182,15,-1.141,47,0,1,0,0.311715,0.015828,6.79219,365311
2183,15,-1.291,97,0,1,0,0.31078,0.013329,6.80939,365409
2184,15,9.82572,60,1,0,0,0.309848,0.019407,6.80281,365470
2185,15,9.77186,78,1,0,0,0.308918,0.013417,6.79815,365549
2186,15,9.79017,72,1,0,0,0.307992,0.01362,6.78126,365622
2187,15,9.88223,41,1,0,0,0.307068,0.012032,6.80902,365664
2188,15,-1.615,205,0,1,0,0.306146,0.012623,6.79948,365870
2189,15,-1.21,70,0,1,0,0.305228,0.014058,6.80124,365941
2190,15,-1.12,40,0,1,0,0.304312,0.014611,6.7524,365982
2191,15,-1.03,10,0,1,0,0.303399,0.018957,6.72837,365993
2192,15,9.63375,124,1,0,0,0.302489,0.012104,6.78941,366118
2193,15,9.85896,49,1,0,0,0.301582,0.01716,6.77972,366168
2194,15,9.87112,45,1,0,0,0.300677,0.021336,6.77351,366214
2195,15,-1.714,238,0,1,0,0.299775,0.015287,6.76068,366453
2196,15,-1.054,18,0,1,0,0.298876,0.025521,6.76018,366472
2197,15,-1.018,6,0,1,0,0.297979,0.02314,6.64829,366479
2198,15,9.6732,111,1,0,0,0.297085,0.020783,6.7464,366591
2199,15,-1.18,60,0,1,0,0.296194,0.008814,6.77331,366652
2200,15,9.8166,63,1,0,0,0.295305,0.013703,6.75265,366716
2201,15,-1.267,89,0,1,0,0.294419,0.012621,6.76242,366806
2202,15,-1.219,73,0,1,0,0.293536,0.015059,6.76555,366880
2203,15,-1.609,203,0,1,0,0.292655,0.015201,6.74881,367084
2204,15,9.78994,72,1,0,0,0.291777,0.014027,6.77318,367157
2205,15,-1.141,47,0,1,0,0.290902,0.015656,6.73763,367205
2206,15,-1.771,257,0,1,0,0.290029,0.01661,6.74825,367463
2207,15,-1.201,67,0,1,0,0.289159,0.012666,6.74137,367531
2208,15,-1.231,77,0,1,0,0.288292,0.017775,6.73431,367609
2209,15,-1.207,69,0,1,0,0.287427,0.01312,6.75147,367679
2210,15,9.84946,52,1,0,0,0.286565,0.015784,6.72731,367732
2211,15,9.84106,55,1,0,0,0.285705,0.012798,6.75725,367788
2212,15,-1.984,328,0,1,0,0.284848,0.013655,6.74546,368117
2213,15,9.73631,90,1,0,0,0.283993,0.013837,6.74946,368208
2214,15,-1.255,85,0,1,0,0.283141,0.01031,6.75442,368294
2215,15,9.77774,76,1,0,0,0.282292,0.015051,6.73358,368371
2216,15,-1.315,105,0,1,0,0.281445,0.010827,6.75423,368477
2217,15,9.90074,35,1,0,0,0.280601,0.018306,6.72516,368513
2218,15,-1.069,23,0,1,0,0.279759,0.027833,6.74918,368537
2219,15,9.78411,74,1,0,0,0.27892,0.016364,6.75057,368612
2220,15,-1.375,125,0,1,0,0.278083,0.016334,6.74489,368738
2221,15,9.75068,85,1,0,0,0.277249,0.012151,6.78053,368824
2222,15,-1.51,170,0,1,0,0.276417,0.0156,6.75117,368995
2223,15,9.69141,105,1,0,0,0.275588,0.014391,6.76884,369101
2224,15,-1.237,79,0,1,0,0.274761,0.01764,6.77501,369181
2225,15,9.91535,30,1,0,0,0.273937,0.015991,6.74444,369212
2226,15,9.87102,45,1,0,0,0.273115,0.009338,6.76897,369258
2227,15,9.84346,54,1,0,0,0.272295,0.016416,6.7766,369313
2228,15,-1.345,115,0,1,0,0.271478,0.013445,6.74571,369429
2229,15,9.91561,30,1,0,0,0.270664,0.00841,6.76321,369460
2230,15,9.8495,52,1,0,0,0.269852,0.015834,6.76827,369513
2231,15,9.63129,125,1,0,0,0.269042,0.017655,6.78546,369639
2232,15,9.5856,140,1,0,0,0.268235,0.017595,6.77257,369780
2233,15,-1.624,208,0,1,0,0.267431,0.017816,6.76353,369989
2234,15,-1.627,209,0,1,0,0.266628,0.019382,6.75979,370199
2235,15,9.89213,38,1,0,0,0.265828,0.014331,6.77418,370238
2236,15,9.83508,57,1,0,0,0.265031,0.016081,6.74638,370296
2237,15,-1.129,43,0,1,0,0.264236,0.013184,6.7748,370340
2238,15,9.30083,235,1,0,0,0.263443,0.015711,6.76575,370576
2239,15,9.80507,67,1,0,0,0.262653,0.020001,6.76989,370644
2240,15,9.75064,85,1,0,0,0.261865,0.01414,6.745,370730
2241,15,-1.129,43,0,1,0,0.261079,0.012991,6.77852,370774
2242,15,-1.519,173,0,1,0,0.260296,0.018623,6.77505,370948
2243,15,9.80489,67,1,0,0,0.259515,0.014961,6.75861,371016
2244,15,9.74149,88,1,0,0,0.258737,0.021695,6.77001,371105
2245,15,-1.051,17,0,1,0,0.25796,0.031472,6.74193,371123
2246,15,-1.234,78,0,1,0,0.257187,0.015103,6.77503,371202
2247,15,9.81968,62,1,0,0,0.256415,0.019958,6.7555,371265
2248,15,9.88334,41,1,0,0,0.255646,0.011957,6.76177,371307
2249,15,-1.135,45,0,1,0,0.254879,0.017872,6.79622,371353
2250,15,-1.186,62,0,1,0,0.254114,0.00981,6.74884,371416
2251,15,9.73878,89,1,0,0,0.253352,0.012679,6.75518,371506
2252,15,9.75076,85,1,0,0,0.252592,0.011707,6.78394,371592
2253,15,-1.219,73,0,1,0,0.251834,0.011304,6.77515,371666
2254,15,-1.0,0,0,1,0,0.251079,0.001975,6.61801,371667
2255,15,9.77444,77,1,0,0,0.250325,0.019058,6.79201,371745
2256,15,-1.261,87,0,1,0,0.249574,0.017911,6.76848,371833
2257,15,9.88565,40,1,0,0,0.248826,0.011868,6.80327,371874
2258,15,9.92559,27,1,0,0,0.248079,0.015995,6.75866,371902
2259,15,9.30688,233,1,0,0,0.247335,0.016271,6.7745,372136
2260,15,9.09687,303,1,0,0,0.246593,0.018561,6.7832,372440
2261,15,9.74488,87,1,0,0,0.245853,0.015675,6.77209,372528
2262,15,9.65245,118,1,0,0,0.245116,0.014583,6.78075,372647
2263,15,-1.024,8,0,1,0,0.24438,0.020596,6.82051,372656
2264,15,9.92825,26,1,0,0,0.243647,0.031206,6.80407,372683
2265,15,9.76591,80,1,0,0,0.242916,0.013016,6.76988,372764
2266,15,-1.195,65,0,1,0,0.242187,0.013578,6.79774,372830
2267,15,-1.141,47,0,1,0,0.241461,0.021802,6.80445,372878
2268,15,9.31938,229,1,0,0,0.240736,0.015535,6.77829,373108
2269,15,9.72417,94,1,0,0,0.240014,0.01815,6.78645,373203
2270,15,9.49383,171,1,0,0,0.239294,0.019105,6.76852,373375
2271,15,9.74484,87,1,0,0,0.238576,0.012823,6.79185,373463
2272,15,9.8654,47,1,0,0,0.237861,0.013931,6.78534,373511
2273,15,9.95803,16,1,0,0,0.237147,0.018915,6.76041,373528
2274,15,9.70288,101,1,0,0,0.236436,0.019939,6.76807,373630
2275,15,9.75944,82,1,0,0,0.235726,0.01634,6.80786,373713
2276,15,9.70335,101,1,0,0,0.235019,0.0165,6.78523,373815
2277,15,9.89177,38,1,0,0,0.234314,0.022531,6.78475,373854
2278,15,9.69963,102,1,0,0,0.233611,0.015155,6.76509,373957
2279,15,9.81096,65,1,0,0,0.23291,0.013099,6.76535,374023
2280,15,-1.165,55,0,1,0,0.232211,0.013808,6.78776,374079
2281,15,9.75672,83,1,0,0,0.231515,0.013352,6.79023,374163
2282,15,9.92011,29,1,0,0,0.23082,0.010745,6.79353,374193
2283,15,9.86199,48,1,0,0,0.230128,0.014685,6.78625,374242
2284,15,9.69068,105,1,0,0,0.229437,0.016132,6.80307,374348
2285,15,9.77827,76,1,0,0,0.228749,0.01482,6.80507,374425
2286,15,9.7596,82,1,0,0,0.228063,0.021897,6.81808,374508
2287,15,9.85573,50,1,0,0,0.227379,0.014577,6.77593,374559
2288,15,-1.252,84,0,1,0,0.226697,0.012422,6.79619,374644
2289,15,9.79882,69,1,0,0,0.226016,0.013657,6.7819,374714
2290,15,9.6335,124,1,0,0,0.225338,0.020491,6.81784,374839
2291,15,9.72378,94,1,0,0,0.224662,0.020285,6.80815,374934
2292,15,9.6672,113,1,0,0,0.223988,0.019028,6.80126,375048
2293,15,9.86244,48,1,0,0,0.223316,0.016087,6.83047,375097
2294,15,-1.525,175,0,1,0,0.222646,0.013466,6.80861,375273
2295,15,9.65201,118,1,0,0,0.221979,0.015997,6.78529,375392
2296,15,9.70527,100,1,0,0,0.221313,0.013649,6.81991,375493
2297,15,9.76028,82,1,0,0,0.220649,0.015524,6.82589,375576
2298,15,-1.111,37,0,1,0,0.219987,0.015574,6.80673,375614
2299,15,9.7813,75,1,0,0,0.219327,0.013977,6.839,375690
2300,15,9.86834,46,1,0,0,0.218669,0.013574,6.79989,375737
2301,15,9.8528,51,1,0,0,0.218013,0.019404,6.79219,375789
2302,15,9.78369,74,1,0,0,0.217359,0.013054,6.8258,375864
2303,15,9.71266,98,1,0,0,0.216707,0.016411,6.81776,375963
2304,15,9.61283,131,1,0,0,0.216057,0.020475,6.81578,376095
2305,15,9.70024,102,1,0,0,0.215408,0.017324,6.82745,376198
2306,15,9.66363,114,1,0,0,0.214762,0.012752,6.84154,376313
2307,15,9.75373,84,1,0,0,0.214118,0.013897,6.82867,376398
2308,15,9.78728,73,1,0,0,0.213476,0.010576,6.84589,376472
2309,15,9.73856,89,1,0,0,0.212835,0.017175,6.8211,376562
2310,15,9.80856,66,1,0,0,0.212197,0.013696,6.83321,376629
2311,15,9.73944,89,1,0,0,0.21156,0.016621,6.85057,376719
2312,15,-1.156,52,0,1,0,0.210925,0.013854,6.8522,376772
2313,15,9.91318,31,1,0,0,0.210293,0.013217,6.80434,376804
2314,15,9.9161,30,1,0,0,0.209662,0.023127,6.85149,376835
2315,15,9.41433,197,1,0,0,0.209033,0.015574,6.86481,377033
2316,15,9.73228,91,1,0,0,0.208406,0.016259,6.8866,377125
2317,15,9.84125,55,1,0,0,0.20778,0.013935,6.85448,377181
2318,15,9.66071,115,1,0,0,0.207157,0.011502,6.86326,377297
2319,15,9.84683,53,1,0,0,0.206536,0.01609,6.8577,377351
2320,15,9.64845,119,1,0,0,0.205916,0.01437,6.86901,377471
2321,15,9.85526,50,1,0,0,0.205298,0.020462,6.86317,377522
2322,15,9.68513,107,1,0,0,0.204682,0.017149,6.87303,377630
2323,15,9.86513,47,1,0,0,0.204068,0.013336,6.89669,377678
2324,15,9.81713,63,1,0,0,0.203456,0.013395,6.90132,377742
2325,15,9.73624,90,1,0,0,0.202846,0.018248,6.87424,377833
2326,15,-1.084,28,0,1,0,0.202237,0.016558,6.88608,377862
2327,15,-1.027,9,0,1,0,0.20163,0.018804,6.90148,377872
2328,15,9.73516,90,1,0,0,0.201026,0.018084,6.88544,377963
2329,15,9.91901,29,1,0,0,0.200422,0.010957,6.90401,377993
2330,15,-1.09,30,0,1,0,0.199821,0.016471,6.85239,378024
2331,15,9.78147,75,1,0,0,0.199222,0.012338,6.90988,378100
2332,15,9.84987,52,1,0,0,0.198624,0.01367,6.9059,378153
2333,15,9.76928,79,1,0,0,0.198028,0.012468,6.90212,378233
2334,15,9.67577,110,1,0,0,0.197434,0.013152,6.89842,378344
2335,15,9.86846,46,1,0,0,0.196842,0.013738,6.9105,378391
2336,15,9.83248,58,1,0,0,0.196251,0.018129,6.9322,378450
2337,15,9.87064,45,1,0,0,0.195663,0.021153,6.92677,378496
2338,15,-1.051,17,0,1,0,0.195076,0.008665,6.95876,378514
2339,15,9.73613,90,1,0,0,0.19449,0.018292,6.91429,378605
2340,15,9.93742,23,1,0,0,0.193907,0.017694,6.90983,378629
2341,15,9.66661,113,1,0,0,0.193325,0.013101,6.91938,378743
2342,15,9.92203,28,1,0,0,0.192745,0.012313,6.93149,378772
2343,15,9.93985,22,1,0,0,0.192167,0.022397,6.93152,378795
2344,15,9.80178,68,1,0,0,0.19159,0.013992,6.92773,378864
2345,15,9.79883,69,1,0,0,0.191016,0.019799,6.94688,378934
2346,15,9.84075,55,1,0,0,0.190443,0.010859,6.95499,378990
2347,15,9.80202,68,1,0,0,0.189871,0.023123,6.95855,379059
2348,15,9.86516,47,1,0,0,0.189302,0.018943,6.93634,379107
2349,15,9.92145,28,1,0,0,0.188734,0.011225,6.93513,379136
2350,15,9.74128,88,1,0,0,0.188168,0.015473,6.94435,379225
2351,15,9.87626,43,1,0,0,0.187603,0.009258,6.97398,379269
2352,15,9.84712,53,1,0,0,0.18704,0.014469,6.94993,379323
2353,15,9.88854,39,1,0,0,0.186479,0.014752,6.93629,379363
2354,15,9.74449,87,1,0,0,0.18592,0.021272,6.97035,379451
2355,15,9.88916,39,1,0,0,0.185362,0.011229,6.94035,379491
2356,15,9.77529,77,1,0,0,0.184806,0.015485,6.98483,379569
2357,15,9.81934,62,1,0,0,0.184251,0.019628,6.98493,379632
2358,15,9.84457,54,1,0,0,0.183699,0.015222,6.95555,379687
2359,15,9.78702,73,1,0,0,0.183148,0.015241,7.00004,379761
2360,15,9.80194,68,1,0,0,0.182598,0.022157,6.99025,379830
2361,15,9.75367,84,1,0,0,0.18205,0.014521,6.97114,379915
2362,15,-1.285,95,0,1,0,0.181504,0.015467,6.98047,380011
2363,15,9.62458,127,1,0,0,0.18096,0.01638,6.98133,380139
2364,15,9.79295,71,1,0,0,0.180417,0.014703,6.98271,380211
2365,15,9.77764,76,1,0,0,0.179876,0.016069,7.01101,380288
2366,15,9.9337,24,1,0,0,0.179336,0.021563,6.99454,380313
2367,15,9.92768,26,1,0,0,0.178798,0.015715,6.97578,380340
2368,15,9.88252,41,1,0,0,0.178262,0.009309,7.00961,380382
2369,15,9.81928,62,1,0,0,0.177727,0.013506,6.99386,380445
2370,15,9.68185,108,1,0,0,0.177194,0.017633,7.01855,380554
2371,15,9.63065,125,1,0,0,0.176662,0.016873,7.00876,380680
2372,15,9.78049,75,1,0,0,0.176132,0.017829,7.008,380756
2373,15,9.87093,45,1,0,0,0.175604,0.012773,7.03764,380802
2374,15,9.75697,83,1,0,0,0.175077,0.016325,7.00792,380886
2375,15,9.70597,100,1,0,0,0.174552,0.013637,7.03508,380987
2376,15,9.78972,72,1,0,0,0.174028,0.014453,7.03503,381060
2377,15,9.7658,80,1,0,0,0.173506,0.016,7.02148,381141
2378,15,9.76858,79,1,0,0,0.172985,0.01994,7.05315,381221
2379,15,9.82057,62,1,0,0,0.172466,0.014666,7.02763,381284
2380,15,9.72113,95,1,0,0,0.171949,0.018876,7.05222,381380
2381,15,9.92477,27,1,0,0,0.171433,0.023168,6.99107,381408
2382,15,9.7154,97,1,0,0,0.170919,0.018105,7.05133,381506
2383,15,9.84953,52,1,0,0,0.170406,0.014705,7.07832,381559
2384,15,9.79859,69,1,0,0,0.169895,0.019516,7.04662,381629
2385,15,9.76011,82,1,0,0,0.169385,0.019591,7.07463,381712
2386,15,9.76988,79,1,0,0,0.168877,0.014577,7.04343,381792
2387,15,9.62481,127,1,0,0,0.16837,0.012447,7.06189,381920
2388,15,9.86159,48,1,0,0,0.167865,0.009866,7.07898,381969
2389,15,9.82917,59,1,0,0,0.167362,0.018223,7.07507,382029
2390,15,9.76887,79,1,0,0,0.16686,0.012306,7.07933,382109
2391,15,-1.033,11,0,1,0,0.166359,0.017612,7.12627,382121
2392,15,9.88022,42,1,0,0,0.16586,0.014899,7.07585,382164
2393,15,9.73283,91,1,0,0,0.165362,0.016458,7.07877,382256
2394,15,9.80189,68,1,0,0,0.164866,0.017213,7.09423,382325
2395,15,9.78732,73,1,0,0,0.164372,0.013186,7.08355,382399
2396,15,9.84652,53,1,0,0,0.163879,0.021192,7.11217,382453
2397,15,9.92171,28,1,0,0,0.163387,0.011705,7.10832,382482
2398,15,-1.195,65,0,1,0,0.162897,0.017957,7.06279,382548
2399,15,-1.084,28,0,1,0,0.162408,0.019908,7.10462,382577
2400,15,9.78103,75,1,0,0,0.161921,0.018199,7.08271,382653
2401,15,9.80502,67,1,0,0,0.161435,0.013471,7.11653,382721
2402,15,9.79574,70,1,0,0,0.160951,0.014739,7.09629,382792
2403,15,9.90401,34,1,0,0,0.160468,0.024915,7.09248,382827
2404,15,9.82911,59,1,0,0,0.159986,0.012427,7.1109,382887
2405,15,9.70903,99,1,0,0,0.159507,0.016822,7.10538,382987
2406,15,9.76597,80,1,0,0,0.159028,0.018229,7.09296,383068
2407,15,9.88889,39,1,0,0,0.158551,0.016137,7.11846,383108
2408,15,9.84708,53,1,0,0,0.158075,0.018198,7.12187,383162
2409,15,9.82901,59,1,0,0,0.157601,0.014828,7.11935,383222
2410,15,9.9433,21,1,0,0,0.157128,0.014567,7.12398,383244
2411,15,9.84128,55,1,0,0,0.156657,0.015607,7.1272,383300
2412,15,9.86816,46,1,0,0,0.156187,0.01268,7.12368,383347
2413,15,9.88312,41,1,0,0,0.155718,0.019854,7.16549,383389
2414,15,9.82597,60,1,0,0,0.155251,0.016043,7.15941,383450
2415,15,9.65533,117,1,0,0,0.154785,0.016107,7.17466,383568
2416,15,9.75424,84,1,0,0,0.154321,0.015922,7.14516,383653
2417,15,9.82569,60,1,0,0,0.153858,0.015328,7.17064,383714
2418,15,9.81667,63,1,0,0,0.153397,0.014396,7.15194,383778
2419,15,9.95502,17,1,0,0,0.152936,0.016419,7.10959,383796
2420,15,9.81672,63,1,0,0,0.152478,0.011616,7.17197,383860
2421,15,9.73314,91,1,0,0,0.15202,0.014332,7.1869,383952
2422,15,9.80487,67,1,0,0,0.151564,0.012113,7.19868,384020
2423,15,9.76298,81,1,0,0,0.151109,0.016931,7.19239,384102
2424,15,-1.072,24,0,1,0,0.150656,0.024771,7.17849,384127
2425,15,-1.048,16,0,1,0,0.150204,0.017441,7.18486,384144
2426,15,9.81651,63,1,0,0,0.149753,0.015662,7.19411,384208
2427,15,9.83215,58,1,0,0,0.149304,0.017926,7.1924,384267
2428,15,9.75094,85,1,0,0,0.148856,0.010741,7.20425,384353
2429,15,9.9249,27,1,0,0,0.14841,0.019629,7.20281,384381
2430,15,9.79932,69,1,0,0,0.147964,0.014005,7.20081,384451
2431,15,9.68502,107,1,0,0,0.147521,0.017313,7.19144,384559
2432,15,9.79297,71,1,0,0,0.147078,0.015961,7.19926,384631
2433,15,9.84956,52,1,0,0,0.146637,0.012289,7.21495,384684
2434,15,9.80239,68,1,0,0,0.146197,0.012491,7.20252,384753
2435,15,9.86177,48,1,0,0,0.145758,0.017545,7.22652,384802
2436,15,9.86151,48,1,0,0,0.145321,0.018877,7.22787,384851
2437,15,9.91592,30,1,0,0,0.144885,0.015611,7.20711,384882
2438,15,9.78419,74,1,0,0,0.14445,0.012976,7.23437,384957
2439,15,9.93326,24,1,0,0,0.144017,0.010759,7.21365,384982
2440,15,9.82884,59,1,0,0,0.143585,0.011085,7.24802,385042
2441,15,9.77483,77,1,0,0,0.143154,0.020843,7.23972,385120
2442,15,-1.174,58,0,1,0,0.142725,0.012968,7.2635,385179
2443,15,9.89234,38,1,0,0,0.142297,0.01903,7.24531,385218
2444,15,-1.009,3,0,1,0,0.14187,0.002369,7.17183,385222
2445,15,9.87982,42,1,0,0,0.141444,0.011655,7.24175,385265
2446,15,9.89188,38,1,0,0,0.14102,0.00817,7.26585,385304
2447,15,9.8446,54,1,0,0,0.140597,0.015196,7.24497,385359
2448,15,9.79582,70,1,0,0,0.140175,0.014882,7.25072,385430
2449,15,9.77782,76,1,0,0,0.139754,0.01322,7.25311,385507
2450,15,9.84103,55,1,0,0,0.139335,0.013212,7.28119,385563
2451,15,9.86504,47,1,0,0,0.138917,0.013766,7.29983,385611
2452,15,9.78952,72,1,0,0,0.1385,0.010667,7.25032,385684
2453,15,9.92227,28,1,0,0,0.138085,0.030152,7.24,385713
2454,15,9.87983,42,1,0,0,0.137671,0.011471,7.28362,385756
2455,15,9.78337,74,1,0,0,0.137258,0.015469,7.28387,385831
2456,15,9.7775,76,1,0,0,0.136846,0.011976,7.29701,385908
2457,15,9.87638,43,1,0,0,0.136435,0.014038,7.30109,385952
2458,15,9.8918,38,1,0,0,0.136026,0.011798,7.26173,385991
2459,15,9.82268,61,1,0,0,0.135618,0.012196,7.29149,386053
2460,15,9.81084,65,1,0,0,0.135211,0.011361,7.30421,386119
2461,15,9.84643,53,1,0,0,0.134805,0.017352,7.25521,386173
2462,15,9.82007,62,1,0,0,0.134401,0.012684,7.30591,386236
2463,15,9.89862,36,1,0,0,0.133998,0.018201,7.30233,386273
2464,15,-1.138,46,0,1,0,0.133596,0.017409,7.32894,386320
2465,15,9.79594,70,1,0,0,0.133195,0.017825,7.30879,386391
2466,15,-1.015,5,0,1,0,0.132795,0.010504,7.26013,386397
2467,15,9.86773,46,1,0,0,0.132397,0.014131,7.32251,386444
2468,15,9.78998,72,1,0,0,0.132,0.01244,7.33522,386517
2469,15,9.82873,59,1,0,0,0.131604,0.011504,7.31643,386577
2470,15,9.82281,61,1,0,0,0.131209,0.023927,7.33134,386639
2471,15,9.86129,48,1,0,0,0.130815,0.018312,7.2944,386688
2472,15,9.86255,48,1,0,0,0.130423,0.016599,7.31186,386737
2473,15,-1.057,19,0,1,0,0.130032,0.007004,7.35628,386757
2474,15,9.7956,70,1,0,0,0.129642,0.013156,7.31309,386828
2475,15,9.86166,48,1,0,0,0.129253,0.014656,7.33843,386877
2476,15,9.75392,84,1,0,0,0.128865,0.014795,7.33683,386962
2477,15,9.81051,65,1,0,0,0.128478,0.01453,7.3232,387028
2478,15,9.77202,78,1,0,0,0.128093,0.013061,7.3133,387107
2479,15,9.83436,57,1,0,0,0.127709,0.0217,7.34975,387165
2480,15,9.73002,92,1,0,0,0.127325,0.014831,7.30841,387258
2481,15,-1.162,54,0,1,0,0.126943,0.014075,7.29489,387313
2482,15,9.82554,60,1,0,0,0.126563,0.022646,7.34037,387374
2483,15,9.72981,92,1,0,0,0.126183,0.016718,7.34035,387467
2484,15,9.78977,72,1,0,0,0.125804,0.018947,7.36722,387540
2485,15,9.95514,17,1,0,0,0.125427,0.020441,7.35727,387558
2486,15,9.77728,76,1,0,0,0.125051,0.015291,7.33986,387635
2487,15,-1.186,62,0,1,0,0.124676,0.016057,7.33083,387698
2488,15,9.7538,84,1,0,0,0.124302,0.012158,7.37209,387783
2489,15,9.8055,67,1,0,0,0.123929,0.011323,7.35123,387851
2490,15,9.8262,60,1,0,0,0.123557,0.020483,7.3588,387912
2491,15,9.78681,73,1,0,0,0.123186,0.015545,7.34339,387986
2492,15,9.76298,81,1,0,0,0.122817,0.014337,7.35171,388068
2493,15,9.73599,90,1,0,0,0.122448,0.011197,7.34956,388159
2494,15,9.89739,36,1,0,0,0.122081,0.01454,7.33743,388196
2495,15,9.89488,37,1,0,0,0.121715,0.01617,7.3436,388234
2496,15,9.8353,57,1,0,0,0.121349,0.01089,7.37004,388292
2497,15,9.79341,71,1,0,0,0.120985,0.015359,7.35337,388364
2498,15,9.92164,28,1,0,0,0.120622,0.017298,7.35872,388393
2499,15,9.75153,85,1,0,0,0.120261,0.01329,7.37266,388479
2500,15,9.79894,69,1,0,0,0.1199,0.013163,7.3813,388549
2501,15,9.8015,68,1,0,0,0.11954,0.018531,7.36989,388618
2502,15,-1.051,17,0,1,0,0.119181,0.018577,7.34708,388636
2503,15,9.93732,23,1,0,0,0.118824,0.011613,7.36004,388660
2504,15,9.83232,58,1,0,0,0.118467,0.014794,7.35291,388719
2505,15,9.90377,34,1,0,0,0.118112,0.00832,7.36673,388754
2506,15,9.79333,71,1,0,0,0.117758,0.012217,7.36728,388826
2507,15,9.89484,37,1,0,0,0.117404,0.016449,7.3541,388864
2508,15,9.92462,27,1,0,0,0.117052,0.007072,7.39758,388892
2509,15,9.85873,49,1,0,0,0.116701,0.016609,7.36401,388942
2510,15,9.86805,46,1,0,0,0.116351,0.016608,7.40015,388989
2511,15,9.88296,41,1,0,0,0.116002,0.011575,7.37521,389031
2512,15,9.80503,67,1,0,0,0.115654,0.014076,7.35197,389099
2513,15,9.82539,60,1,0,0,0.115307,0.009855,7.39344,389160
2514,15,9.88289,41,1,0,0,0.114961,0.007472,7.39297,389202
2515,15,-1.183,61,0,1,0,0.114616,0.00999,7.40087,389264
2516,15,9.80505,67,1,0,0,0.114272,0.025388,7.38195,389332
2517,15,9.87678,43,1,0,0,0.113929,0.005303,7.39718,389376
2518,15,9.84403,54,1,0,0,0.113588,0.017019,7.36062,389431
2519,15,9.93095,25,1,0,0,0.113247,0.020524,7.38438,389457
2520,15,9.80466,67,1,0,0,0.112907,0.014636,7.39611,389525
2521,15,9.87347,44,1,0,0,0.112568,0.024106,7.39927,389570
2522,15,9.83467,57,1,0,0,0.112231,0.01209,7.38264,389628
2523,15,-1.051,17,0,1,0,0.111894,0.023422,7.36607,389646
2524,15,9.76003,82,1,0,0,0.111558,0.015392,7.35864,389729
2525,15,-1.015,5,0,1,0,0.111224,0.003841,7.4775,389735
2526,15,9.79884,69,1,0,0,0.11089,0.014775,7.38458,389805
2527,15,-1.078,26,0,1,0,0.110557,0.029316,7.42607,389832
2528,15,9.84083,55,1,0,0,0.110226,0.017154,7.35927,389888
2529,15,9.88003,42,1,0,0,0.109895,0.014175,7.40262,389931
2530,15,-1.003,1,0,1,0,0.109565,0.027864,7.40853,389933
2531,15,9.9159,30,1,0,0,0.109237,0.023808,7.37084,389964
2532,15,9.79882,69,1,0,0,0.108909,0.013886,7.40986,390034
2533,15,-1.114,38,0,1,0,0.108582,0.012958,7.35451,390073
2534,15,9.79893,69,1,0,0,0.108256,0.017286,7.37157,390143
2535,15,9.88593,40,1,0,0,0.107932,0.012222,7.36806,390184
2536,15,9.83432,57,1,0,0,0.107608,0.017828,7.3704,390242
2537,15,9.88906,39,1,0,0,0.107285,0.016915,7.40347,390282
2538,15,-1.015,5,0,1,0,0.106963,0.01485,7.40738,390288
2539,15,-1.096,32,0,1,0,0.106642,0.013448,7.40506,390321
2540,15,9.70678,100,1,0,0,0.106322,0.020788,7.38576,390422
2541,15,9.94857,19,1,0,0,0.106003,0.00683,7.35287,390442
2542,15,9.81119,65,1,0,0,0.105685,0.007202,7.38752,390508
2543,15,9.81982,62,1,0,0,0.105368,0.016541,7.40509,390571
2544,15,9.82909,59,1,0,0,0.105052,0.013312,7.36907,390631
2545,15,9.79377,71,1,0,0,0.104737,0.016951,7.37982,390703
2546,15,9.85023,52,1,0,0,0.104423,0.009497,7.38264,390756
2547,15,9.89733,36,1,0,0,0.10411,0.019137,7.4107,390793
2548,15,9.90124,35,1,0,0,0.103797,0.012506,7.37517,390829
2549,15,9.94916,19,1,0,0,0.103486,0.015941,7.39272,390849
2550,15,9.81393,64,1,0,0,0.103175,0.013648,7.42789,390914
2551,15,-1.159,53,0,1,0,0.102866,0.016479,7.36627,390968
2552,15,9.92202,28,1,0,0,0.102557,0.008041,7.4231,390997
2553,15,9.73263,91,1,0,0,0.10225,0.014997,7.41127,391089
2554,15,9.73576,90,1,0,0,0.101943,0.015396,7.39741,391180
2555,15,9.82903,59,1,0,0,0.101637,0.01556,7.38471,391240
2556,15,9.85931,49,1,0,0,0.101332,0.013998,7.39505,391290
2557,15,9.77551,77,1,0,0,0.101028,0.016607,7.4116,391368
2558,15,9.82055,62,1,0,0,0.100725,0.014301,7.39131,391431
2559,15,9.88328,41,1,0,0,0.100423,0.009637,7.43898,391473
2560,15,9.92241,28,1,0,0,0.100122,0.016168,7.41801,391502
2561,15,-1.027,9,0,1,0,0.1,0.007337,7.4192,391512
2562,15,-1.075,25,0,1,0,0.1,0.013918,7.41873,391538
2563,15,9.85003,52,1,0,0,0.1,0.012227,7.40773,391591
2564,15,9.83521,57,1,0,0,0.1,0.016994,7.38846,391649
2565,15,-1.03,10,0,1,0,0.1,0.017371,7.37986,391660
2566,15,9.92502,27,1,0,0,0.1,0.01455,7.37755,391688
2567,15,9.84702,53,1,0,0,0.1,0.013904,7.43058,391742
2568,15,-1.174,58,0,1,0,0.1,0.014875,7.39432,391801
2569,15,9.70882,99,1,0,0,0.1,0.013606,7.39842,391901
2570,15,9.9246,27,1,0,0,0.1,0.021166,7.37737,391929
2571,15,9.80783,66,1,0,0,0.1,0.020127,7.3844,391996
2572,15,9.85272,51,1,0,0,0.1,0.018645,7.3825,392048
2573,15,9.91884,29,1,0,0,0.1,0.009204,7.42785,392078
2574,15,9.87722,43,1,0,0,0.1,0.011813,7.42504,392122
2575,15,9.94043,22,1,0,0,0.1,0.016077,7.40936,392145
2576,15,9.79828,69,1,0,0,0.1,0.015106,7.40176,392215
2577,15,9.78984,72,1,0,0,0.1,0.014635,7.40234,392288
2578,15,9.75351,84,1,0,0,0.1,0.011257,7.42705,392373
2579,15,9.8108,65,1,0,0,0.1,0.018294,7.41039,392439
2580,15,9.92493,27,1,0,0,0.1,0.00614,7.43836,392467
2581,15,9.83219,58,1,0,0,0.1,0.018899,7.41576,392526
2582,15,9.81374,64,1,0,0,0.1,0.01345,7.39171,392591
2583,15,9.91255,31,1,0,0,0.1,0.015816,7.42179,392623
2584,15,-1.021,7,0,1,0,0.1,0.023329,7.43332,392631
2585,15,9.84103,55,1,0,0,0.1,0.018233,7.41787,392687
2586,15,9.9126,31,1,0,0,0.1,0.011107,7.40667,392719
2587,15,9.84928,52,1,0,0,0.1,0.016758,7.42488,392772
2588,15,9.81384,64,1,0,0,0.1,0.01264,7.39476,392837
2589,15,-1.033,11,0,1,0,0.1,0.011656,7.38584,392849
2590,15,9.82003,62,1,0,0,0.1,0.012655,7.40663,392912
2591,15,9.91675,30,1,0,0,0.1,0.014812,7.39897,392943
2592,15,-1.009,3,0,1,0,0.1,0.03378,7.33369,392947
2593,15,-1.132,44,0,1,0,0.1,0.020127,7.39338,392992
2594,15,9.76903,79,1,0,0,0.1,0.010918,7.41369,393072
2595,15,9.94883,19,1,0,0,0.1,0.020928,7.36033,393092
2596,15,9.7958,70,1,0,0,0.1,0.011733,7.397,393163
2597,15,9.79012,72,1,0,0,0.1,0.016214,7.41484,393236
2598,15,9.71799,96,1,0,0,0.1,0.014042,7.40581,393333
2599,15,9.89223,38,1,0,0,0.1,0.033454,7.38009,393372
2600,2,-1.42,140,0,1,0,0.4995,0.0,0.0,393372
2601,2,-1.027,9,0,1,0,0.499001,0.0,0.0,393372
2602,2,9.64306,121,1,0,0,0.498501,0.0,0.0,393372
2603,2,9.73288,91,1,0,0,0.498003,0.0,0.0,393372
2604,2,9.76853,79,1,0,0,0.497505,0.0,0.0,393372
2605,2,-1.522,174,0,1,0,0.497007,0.0,0.0,393372
2606,2,9.5196,162,1,0,0,0.49651,0.0,0.0,393372
2607,2,9.51543,164,1,0,0,0.496014,0.0,0.0,393372
2608,2,-1.549,183,0,1,0,0.495518,0.037298,8.34591,393505
2609,2,9.64569,120,1,0,0,0.495022,0.043108,8.33687,393626
2610,2,9.85282,51,1,0,0,0.494527,0.034189,8.31621,393678
2611,2,-1.492,164,0,1,0,0.494033,0.033492,8.27611,393843
2612,2,-1.129,43,0,1,0,0.493539,0.036004,8.24288,393887
2613,2,9.75046,85,1,0,0,0.493045,0.041171,8.24146,393973
2614,2,-1.147,49,0,1,0,0.492552,0.04289,8.23528,394023
2615,2,9.69384,104,1,0,0,0.49206,0.034795,8.19782,394128
2616,2,9.27962,242,1,0,0,0.491568,0.032887,8.11562,394371
2617,2,-1.651,217,0,1,0,0.491076,0.029498,8.07665,394589
2618,2,9.77774,76,1,0,0,0.490585,0.040378,8.05613,394666
2619,2,-1.2,400,0,0,1,0.490094,0.028307,8.02452,395066
2620,2,9.14173,288,1,0,0,0.489604,0.029806,8.00828,395355
2621,2,-1.2,400,0,0,1,0.489115,0.025345,8.12039,395755
2622,2,-1.459,153,0,1,0,0.488626,0.025035,8.15805,395909
2623,2,-1.18,60,0,1,0,0.488137,0.028477,8.14315,395970
2624,2,9.84091,55,1,0,0,0.487649,0.030839,8.13323,396026
2625,2,-1.46418,156,0,1,0,0.487161,0.030057,8.09916,396183
2626,2,-1.054,18,0,1,0,0.486674,0.023597,8.13013,396202
2627,2,-1.33,110,0,1,0,0.486187,0.03517,8.09111,396313
2628,2,-1.924,308,0,1,0,0.485701,0.033913,8.05566,396622
2629,2,-1.24,80,0,1,0,0.485215,0.034165,8.06361,396703
2630,2,9.70841,99,1,0,0,0.48473,0.042087,8.0631,396803
2631,2,9.68735,106,1,0,0,0.484246,0.038219,8.04716,396910
2632,2,-1.591,197,0,1,0,0.483761,0.03615,8.05323,397108
2633,2,-1.063,21,0,1,0,0.483278,0.050527,8.05038,397130
2634,2,-1.066,22,0,1,0,0.482794,0.051293,8.05369,397153
2635,2,-1.2,400,0,0,1,0.482311,0.037032,8.01154,397553
2636,2,9.85026,52,1,0,0,0.481829,0.026158,7.98468,397606
2637,2,-1.738,246,0,1,0,0.481347,0.031754,7.97101,397853
2638,2,-1.123,41,0,1,0,0.480866,0.031283,7.9475,397895
2639,2,-1.411,137,0,1,0,0.480385,0.038898,7.94269,398033
2640,2,-1.468,156,0,1,0,0.479905,0.039189,7.90385,398190
2641,2,9.61402,131,1,0,0,0.479425,0.040268,7.88604,398322
2642,2,9.63415,124,1,0,0,0.478945,0.044273,7.89207,398447
2643,2,-1.183,61,0,1,0,0.478466,0.035618,7.89212,398509
2644,2,-1.2,400,0,0,1,0.477988,0.036861,7.87518,398909
2645,2,9.73631,90,1,0,0,0.47751,0.040043,7.87763,399000
2646,2,-1.1934,400,0,0,1,0.477032,0.035256,7.89985,399400
2647,2,9.70282,101,1,0,0,0.476555,0.036614,7.92316,399502
2648,2,-1.19864,400,0,0,1,0.476079,0.03257,7.90012,399902
2649,2,-1.2,400,0,0,1,0.475603,0.032029,7.87801,400302
2650,2,-1.762,254,0,1,0,0.475127,0.032869,7.83474,400557
2651,2,9.91574,30,1,0,0,0.474652,0.025206,7.79767,400588
2652,2,-1.339,113,0,1,0,0.474177,0.030798,7.79612,400702
2653,2,9.63977,122,1,0,0,0.473703,0.038333,7.7784,400825
2654,2,9.50257,168,1,0,0,0.47323,0.033479,7.79449,400994
2655,2,-1.192,64,0,1,0,0.472756,0.031776,7.78571,401059
2656,2,-1.192,64,0,1,0,0.472284,0.030436,7.77777,401124
2657,2,-1.018,6,0,1,0,0.471811,0.015541,7.79906,401131
2658,2,9.61679,130,1,0,0,0.471339,0.031234,7.77903,401262
2659,2,-1.324,108,0,1,0,0.470868,0.035075,7.76998,401371
2660,2,9.73851,89,1,0,0,0.470397,0.028617,7.77882,401461
2661,2,9.69683,103,1,0,0,0.469927,0.033701,7.77412,401565
2662,2,-1.141,47,0,1,0,0.469457,0.031712,7.75109,401613
2663,2,-1.2,400,0,0,1,0.468987,0.036892,7.72286,402013
2664,2,9.81391,64,1,0,0,0.468518,0.035026,7.6946,402078
2665,2,-1.279,93,0,1,0,0.46805,0.026579,7.67769,402172
2666,2,9.78727,73,1,0,0,0.467582,0.042859,7.69299,402246
2667,2,-1.12,40,0,1,0,0.467114,0.041568,7.68927,402287
2668,2,-1.033,11,0,1,0,0.466647,0.022305,7.67218,402299
2669,2,-1.075,25,0,1,0,0.466181,0.043379,7.67426,402325
2670,2,9.18195,275,1,0,0,0.465714,0.038404,7.66636,402601
2671,2,9.57856,143,1,0,0,0.465249,0.034876,7.68128,402745
2672,2,-1.225,75,0,1,0,0.464783,0.031732,7.68313,402821
2673,2,9.62206,128,1,0,0,0.464319,0.039959,7.66209,402950
2674,2,-1.12,40,0,1,0,0.463854,0.037266,7.68978,402991
2675,2,-1.102,34,0,1,0,0.46339,0.033186,7.6648,403026
2676,2,9.49657,170,1,0,0,0.462927,0.028891,7.6651,403197
2677,2,-1.114,38,0,1,0,0.462464,0.043555,7.66711,403236
2678,2,-1.732,244,0,1,0,0.462002,0.034514,7.6726,403481
2679,2,9.72981,92,1,0,0,0.46154,0.03927,7.66607,403574
2680,2,-1.117,39,0,1,0,0.461078,0.030172,7.65377,403614
2681,2,9.49861,169,1,0,0,0.460617,0.037459,7.68325,403784
2682,2,9.77545,77,1,0,0,0.460156,0.033818,7.68429,403862
2683,2,-1.69,230,0,1,0,0.459696,0.037165,7.68178,404093
2684,2,9.66077,115,1,0,0,0.459237,0.036896,7.67344,404209
2685,2,-1.207,69,0,1,0,0.458777,0.027685,7.65757,404279
2686,2,9.45375,184,1,0,0,0.458319,0.035368,7.65059,404464
2687,2,-1.141,47,0,1,0,0.45786,0.038659,7.65822,404512
2688,2,-1.069,23,0,1,0,0.457402,0.032263,7.67511,404536
2689,2,-1.24,80,0,1,0,0.456945,0.04342,7.65562,404617
2690,2,9.82408,61,1,0,0,0.456488,0.036737,7.65788,404679
2691,2,-1.177,59,0,1,0,0.456032,0.036796,7.65046,404739
2692,2,9.86184,48,1,0,0,0.455576,0.036992,7.63165,404788
2693,2,-2.083,361,0,1,0,0.45512,0.039374,7.60481,405150
2694,2,9.83279,58,1,0,0,0.454665,0.041382,7.57546,405209
2695,2,9.83178,58,1,0,0,0.45421,0.027076,7.57827,405268
2696,2,9.79281,71,1,0,0,0.453756,0.032168,7.57304,405340
2697,2,-1.213,71,0,1,0,0.453302,0.034665,7.58532,405412
2698,2,9.69469,104,1,0,0,0.452849,0.037498,7.59305,405517
2699,2,-1.066,22,0,1,0,0.452396,0.02789,7.5749,405540
2700,2,-1.324,108,0,1,0,0.451944,0.034841,7.58528,405649
2701,2,-1.051,17,0,1,0,0.451492,0.047151,7.55113,405667
2702,2,-1.531,177,0,1,0,0.45104,0.038733,7.58047,405845
2703,2,9.69736,103,1,0,0,0.450589,0.049711,7.56409,405949
2704,2,-1.33,110,0,1,0,0.450139,0.049145,7.5447,406060
2705,2,9.71588,97,1,0,0,0.449688,0.038988,7.54545,406158
2706,2,9.56172,148,1,0,0,0.449239,0.036259,7.55661,406307
2707,2,9.65259,118,1,0,0,0.44879,0.041721,7.54241,406426
2708,2,9.74791,86,1,0,0,0.448341,0.03647,7.56032,406513
2709,2,9.82276,61,1,0,0,0.447892,0.034549,7.55571,406575
2710,2,9.06344,314,1,0,0,0.447445,0.035579,7.55521,406890
2711,2,9.71806,96,1,0,0,0.446997,0.035386,7.54479,406987
2712,2,-1.093,31,0,1,0,0.44655,0.04228,7.55115,407019
2713,2,-1.801,267,0,1,0,0.446104,0.035098,7.52893,407287
2714,2,9.71753,96,1,0,0,0.445657,0.032714,7.51026,407384
2715,2,9.68204,108,1,0,0,0.445212,0.043574,7.502,407493
2716,2,9.83732,56,1,0,0,0.444767,0.039621,7.49731,407550
2717,2,-1.033,11,0,1,0,0.444322,0.045346,7.49117,407562
2718,2,-1.213,71,0,1,0,0.443877,0.036412,7.51493,407634
2719,2,-1.237,79,0,1,0,0.443434,0.034546,7.5245,407714
2720,2,-1.2,400,0,0,1,0.44299,0.035795,7.4858,408114
2721,2,-1.207,69,0,1,0,0.442547,0.043371,7.45153,408184
2722,2,-1.168,56,0,1,0,0.442105,0.043493,7.4385,408241
2723,2,-1.096,32,0,1,0,0.441663,0.03293,7.47996,408274
2724,2,9.84694,53,1,0,0,0.441221,0.041343,7.45541,408328
2725,2,9.85648,50,1,0,0,0.44078,0.033945,7.44167,408379
2726,2,-1.186,62,0,1,0,0.440339,0.031237,7.45866,408442
2727,2,9.36731,213,1,0,0,0.439899,0.034722,7.4598,408656
2728,2,-1.048,16,0,1,0,0.439459,0.042878,7.44396,408673
2729,2,-1.225,75,0,1,0,0.439019,0.032838,7.43973,408749
2730,2,-1.021,7,0,1,0,0.43858,0.052664,7.49442,408757
2731,2,-1.12,40,0,1,0,0.438142,0.03596,7.45971,408798
2732,2,-1.165,55,0,1,0,0.437703,0.036256,7.44632,408854
2733,2,-1.105,35,0,1,0,0.437266,0.041823,7.45045,408890
2734,2,-1.144,48,0,1,0,0.436828,0.04653,7.43966,408939
2735,2,9.85555,50,1,0,0,0.436392,0.049588,7.45207,408990
2736,2,-1.339,113,0,1,0,0.435955,0.03328,7.4483,409104
2737,2,9.79311,71,1,0,0,0.435519,0.033376,7.4331,409176
2738,2,9.72156,95,1,0,0,0.435084,0.033079,7.44182,409272
2739,2,9.81654,63,1,0,0,0.434649,0.038217,7.43375,409336
2740,2,-1.096,32,0,1,0,0.434214,0.057426,7.4352,409369
2741,2,-1.066,22,0,1,0,0.43378,0.035046,7.43846,409392
2742,2,-1.102,34,0,1,0,0.433346,0.052352,7.45204,409427
2743,2,9.78661,73,1,0,0,0.432913,0.033409,7.42236,409501
2744,2,9.60084,135,1,0,0,0.43248,0.041391,7.42665,409637
2745,2,9.87764,43,1,0,0,0.432047,0.044383,7.43691,409681
2746,2,9.802,68,1,0,0,0.431615,0.043332,7.41641,409750
2747,2,9.62085,129,1,0,0,0.431184,0.03976,7.43484,409880
2748,2,-1.078,26,0,1,0,0.430752,0.049598,7.43976,409907
2749,2,9.81333,64,1,0,0,0.430322,0.044401,7.41552,409972
2750,2,9.6385,123,1,0,0,0.429891,0.041995,7.43209,410096
2751,2,9.6013,135,1,0,0,0.429461,0.039445,7.43097,410232
2752,2,9.7062,100,1,0,0,0.429032,0.039662,7.46136,410333
2753,2,9.71198,98,1,0,0,0.428603,0.039879,7.43964,410432
2754,2,9.56896,146,1,0,0,0.428174,0.043862,7.43257,410579
2755,2,-1.267,89,0,1,0,0.427746,0.035162,7.42452,410669
2756,2,-1.201,67,0,1,0,0.427318,0.033995,7.41009,410737
2757,2,9.86172,48,1,0,0,0.426891,0.040247,7.42946,410786
2758,2,-1.2,400,0,0,1,0.426464,0.043365,7.43056,411186
2759,2,-1.16939,58,0,1,0,0.426038,0.031068,7.3995,411245
2760,2,-1.2,400,0,0,1,0.425612,0.035063,7.40038,411645
2761,2,9.83217,58,1,0,0,0.425186,0.056783,7.35468,411704
2762,2,9.73899,89,1,0,0,0.424761,0.043725,7.34338,411794
2763,2,-1.255,85,0,1,0,0.424336,0.043389,7.3513,411880
2764,2,-1.105,35,0,1,0,0.423912,0.034843,7.33113,411916
2765,2,-1.021,7,0,1,0,0.423488,0.039477,7.41542,411924
2766,2,9.85269,51,1,0,0,0.423064,0.038503,7.36572,411976
2767,2,-1.108,36,0,1,0,0.422641,0.03414,7.37718,412013
2768,2,-1.039,13,0,1,0,0.422219,0.039683,7.34197,412027
2769,2,-1.123,41,0,1,0,0.421797,0.03291,7.36212,412069
2770,2,9.72712,93,1,0,0,0.421375,0.042208,7.32414,412163
2771,2,9.82899,59,1,0,0,0.420953,0.038709,7.34973,412223
2772,2,-1.096,32,0,1,0,0.420532,0.035148,7.35684,412256
2773,2,9.9006,35,1,0,0,0.420112,0.031641,7.35568,412292
2774,2,9.80273,68,1,0,0,0.419692,0.045924,7.35564,412361
2775,2,9.86487,47,1,0,0,0.419272,0.037484,7.38388,412409
2776,2,-1.153,51,0,1,0,0.418853,0.038027,7.37418,412461
2777,2,-1.162,54,0,1,0,0.418434,0.049856,7.34695,412516
2778,2,-1.105,35,0,1,0,0.418016,0.040728,7.32269,412552
2779,2,9.83621,57,1,0,0,0.417597,0.048226,7.33435,412610
2780,2,9.73668,90,1,0,0,0.41718,0.044173,7.35569,412701
2781,2,-1.093,31,0,1,0,0.416763,0.026316,7.35406,412733
2782,2,-1.237,79,0,1,0,0.416346,0.040308,7.33392,412813
2783,2,-1.072,24,0,1,0,0.41593,0.035087,7.32321,412838
2784,2,-1.552,184,0,1,0,0.415514,0.042955,7.35274,413023
2785,2,9.69711,103,1,0,0,0.415098,0.03934,7.34738,413127
2786,2,-1.09,30,0,1,0,0.414683,0.052185,7.31856,413158
2787,2,-1.2,400,0,0,1,0.414268,0.046567,7.30845,413558
2788,2,9.63139,125,1,0,0,0.413854,0.048444,7.28971,413684
2789,2,-1.321,107,0,1,0,0.41344,0.040398,7.28074,413792
2790,2,-1.09,30,0,1,0,0.413027,0.044337,7.2585,413823
2791,2,9.66373,114,1,0,0,0.412614,0.047175,7.28358,413938
2792,2,-1.078,26,0,1,0,0.412201,0.055717,7.26696,413965
2793,2,-1.378,126,0,1,0,0.411789,0.036594,7.28366,414092
2794,2,9.59814,136,1,0,0,0.411377,0.041342,7.27814,414229
2795,2,9.56121,148,1,0,0,0.410966,0.041149,7.26942,414378
2796,2,-1.522,174,0,1,0,0.410555,0.039913,7.27144,414553
2797,2,9.78412,74,1,0,0,0.410144,0.034938,7.26449,414628
2798,2,-1.084,28,0,1,0,0.409734,0.040556,7.24078,414657
2799,2,-1.336,112,0,1,0,0.409324,0.040272,7.25471,414770
2800,2,-1.15,50,0,1,0,0.408915,0.034803,7.25832,414821
2801,2,9.61909,129,1,0,0,0.408506,0.042198,7.24493,414951
2802,2,-1.2,400,0,0,1,0.408098,0.040052,7.24074,415351
2803,2,-1.222,74,0,1,0,0.40769,0.031485,7.2337,415426
2804,2,-1.246,82,0,1,0,0.407282,0.04123,7.22104,415509
2805,2,-1.2,400,0,0,1,0.406875,0.038137,7.20301,415909
2806,2,-1.285,95,0,1,0,0.406468,0.040007,7.19872,416005
2807,2,-1.276,92,0,1,0,0.406061,0.04134,7.16565,416098
2808,2,-1.516,172,0,1,0,0.405655,0.039361,7.17986,416271
2809,2,-2.113,371,0,1,0,0.40525,0.044287,7.18553,416643
2810,2,9.61602,130,1,0,0,0.404844,0.043962,7.18835,416774
2811,2,9.88868,39,1,0,0,0.404439,0.035681,7.19905,416814
2812,2,9.86169,48,1,0,0,0.404035,0.048754,7.15814,416863
2813,2,9.76254,81,1,0,0,0.403631,0.044922,7.17989,416945
2814,2,-1.081,27,0,1,0,0.403227,0.04682,7.16175,416973
2815,2,-1.432,144,0,1,0,0.402824,0.046425,7.17852,417118
2816,2,9.80791,66,1,0,0,0.402421,0.039955,7.17132,417185
2817,2,9.80126,68,1,0,0,0.402019,0.034533,7.16404,417254
2818,2,-1.222,74,0,1,0,0.401617,0.041451,7.19009,417329
2819,2,9.79546,70,1,0,0,0.401215,0.043205,7.16069,417400
2820,2,-1.048,16,0,1,0,0.400814,0.03431,7.14772,417417
2821,2,-1.315,105,0,1,0,0.400413,0.038422,7.17595,417523
2822,2,-1.261,87,0,1,0,0.400013,0.035623,7.1781,417611
2823,2,-1.045,15,0,1,0,0.399613,0.042511,7.18993,417627
2824,2,9.65163,118,1,0,0,0.399213,0.044326,7.16617,417746
2825,2,-1.2,400,0,0,1,0.398814,0.038582,7.15756,418146
2826,2,-1.18,60,0,1,0,0.398415,0.044195,7.15404,418207
2827,2,9.56766,146,1,0,0,0.398017,0.033928,7.15411,418354
2828,2,-1.216,72,0,1,0,0.397619,0.035078,7.15596,418427
2829,2,-1.066,22,0,1,0,0.397221,0.042734,7.13231,418450
2830,2,9.84952,52,1,0,0,0.396824,0.030803,7.15698,418503
2831,2,9.46929,179,1,0,0,0.396427,0.043892,7.1515,418683
2832,2,-1.042,14,0,1,0,0.396031,0.03914,7.14328,418698
2833,2,-1.138,46,0,1,0,0.395635,0.038404,7.13523,418745
2834,2,9.89522,37,1,0,0,0.395239,0.053466,7.12327,418783
2835,2,9.85599,50,1,0,0,0.394844,0.044502,7.14038,418834
2836,2,9.88976,39,1,0,0,0.394449,0.035658,7.14735,418874
2837,2,9.81416,64,1,0,0,0.394054,0.042396,7.14141,418939
2838,2,-1.06,20,0,1,0,0.39366,0.047707,7.10647,418960
2839,2,-1.441,147,0,1,0,0.393267,0.049772,7.1303,419108
2840,2,-1.165,55,0,1,0,0.392873,0.047701,7.12424,419164
2841,2,9.7928,71,1,0,0,0.392481,0.040982,7.13294,419236
2842,2,9.65168,118,1,0,0,0.392088,0.042575,7.12489,419355
2843,2,-1.2,400,0,0,1,0.391696,0.042283,7.10214,419755
2844,2,9.57981,142,1,0,0,0.391304,0.044437,7.09555,419898
2845,2,-1.225,75,0,1,0,0.390913,0.03509,7.09122,419974
2846,2,9.29531,237,1,0,0,0.390522,0.042213,7.07932,420212
2847,2,9.32475,227,1,0,0,0.390132,0.041978,7.08224,420440
2848,2,-1.078,26,0,1,0,0.389741,0.044967,7.09448,420467
2849,2,9.82576,60,1,0,0,0.389352,0.037056,7.07381,420528
2850,2,9.85099,52,1,0,0,0.388962,0.048043,7.09098,420581
2851,2,9.84659,53,1,0,0,0.388573,0.030515,7.06603,420635
2852,2,-1.48,160,0,1,0,0.388185,0.036507,7.0785,420796
2853,2,9.76888,79,1,0,0,0.387797,0.036708,7.06575,420876
2854,2,9.84143,55,1,0,0,0.387409,0.04461,7.0498,420932
2855,2,9.8622,48,1,0,0,0.387021,0.039797,7.06871,420981
2856,2,9.76545,80,1,0,0,0.386634,0.042035,7.07034,421062
2857,2,-1.2,400,0,0,1,0.386248,0.036894,7.06442,421462
2858,2,9.90713,33,1,0,0,0.385862,0.02307,7.06413,421496
2859,2,9.80261,68,1,0,0,0.385476,0.032607,7.06886,421565
2860,2,-1.651,217,0,1,0,0.38509,0.037809,7.04219,421783
2861,2,9.88331,41,1,0,0,0.384705,0.055465,7.01961,421825
2862,2,-1.042,14,0,1,0,0.38432,0.031705,7.0539,421840
2863,2,9.73393,91,1,0,0,0.383936,0.037826,7.04784,421932
2864,2,9.837,57,1,0,0,0.383552,0.046192,7.03618,421990
2865,2,-1.2,400,0,0,1,0.383169,0.039235,7.02066,422390
2866,2,9.85269,51,1,0,0,0.382785,0.042035,7.02664,422442
2867,2,9.91635,30,1,0,0,0.382403,0.028936,6.99908,422473
2868,2,9.92527,27,1,0,0,0.38202,0.033099,7.01744,422501
2869,2,9.83493,57,1,0,0,0.381638,0.039492,6.9978,422559
2870,2,9.85923,49,1,0,0,0.381257,0.042141,7.02628,422609
2871,2,-1.39,130,0,1,0,0.380875,0.034153,7.0028,422740
2872,2,-1.2,400,0,0,1,0.380494,0.038357,7.00878,423140
2873,2,9.57638,143,1,0,0,0.380114,0.03334,6.98503,423284
2874,2,9.86561,47,1,0,0,0.379734,0.044159,7.0005,423332
2875,2,9.70868,99,1,0,0,0.379354,0.039238,6.9802,423432
2876,2,9.78325,74,1,0,0,0.378975,0.031233,6.97175,423507
2877,2,-1.279,93,0,1,0,0.378596,0.045932,6.99624,423601
2878,2,9.66118,115,1,0,0,0.378217,0.03451,6.98013,423717
2879,2,9.81404,64,1,0,0,0.377839,0.034,6.98278,423782
2880,2,-1.075,25,0,1,0,0.377461,0.029868,6.98759,423808
2881,2,9.82327,61,1,0,0,0.377084,0.03305,6.98933,423870
2882,2,-1.105,35,0,1,0,0.376707,0.034416,6.96736,423906
2883,2,9.76917,79,1,0,0,0.37633,0.044164,6.99506,423986
2884,2,9.78989,72,1,0,0,0.375954,0.034955,6.95886,424059
2885,2,9.75386,84,1,0,0,0.375578,0.03827,6.98919,424144
2886,2,9.82098,62,1,0,0,0.375202,0.043703,6.96492,424207
2887,2,-1.405,135,0,1,0,0.374827,0.041178,6.997,424343
2888,2,9.87676,43,1,0,0,0.374452,0.032142,6.98619,424387
2889,2,9.87394,44,1,0,0,0.374078,0.024635,6.97318,424432
2890,2,-1.129,43,0,1,0,0.373703,0.050838,6.98216,424476
2891,2,-1.048,16,0,1,0,0.37333,0.024721,6.99742,424493
2892,2,9.92147,28,1,0,0,0.372956,0.035503,6.99845,424522
2893,2,9.60531,134,1,0,0,0.372583,0.035316,6.99068,424657
2894,2,9.27127,245,1,0,0,0.372211,0.034457,6.97907,424903
2895,2,-1.036,12,0,1,0,0.371839,0.041553,6.91511,424916
2896,2,9.80166,68,1,0,0,0.371467,0.0368,6.96543,424985
2897,2,-1.195,65,0,1,0,0.371095,0.02874,6.97669,425051
2898,2,9.62204,128,1,0,0,0.370724,0.036544,6.98614,425180
2899,2,-1.156,52,0,1,0,0.370354,0.038381,6.95978,425233
2900,2,9.65202,118,1,0,0,0.369983,0.031251,6.98879,425352
2901,2,-1.552,184,0,1,0,0.369613,0.037909,6.98695,425537
2902,2,-1.19538,400,0,0,1,0.369244,0.037935,6.98174,425937
2903,2,9.76926,79,1,0,0,0.368874,0.040635,6.97491,426017
2904,2,-1.2,400,0,0,1,0.368505,0.036849,6.96933,426417
2905,2,-1.078,26,0,1,0,0.368137,0.037672,7.0166,426444
2906,2,-1.204,68,0,1,0,0.367769,0.033865,6.94846,426513
2907,2,9.78517,74,1,0,0,0.367401,0.030183,6.93666,426588
2908,2,9.65145,118,1,0,0,0.367034,0.036695,6.97053,426707
2909,2,9.66943,112,1,0,0,0.366667,0.036004,6.96397,426820
2910,2,-1.078,26,0,1,0,0.3663,0.035016,6.98225,426847
2911,2,-1.2,400,0,0,1,0.365934,0.033695,6.97208,427247
2912,2,9.05187,318,1,0,0,0.365568,0.036547,6.94022,427566
2913,2,-1.372,124,0,1,0,0.365202,0.033431,6.93646,427691
2914,2,9.89191,38,1,0,0,0.364837,0.032726,6.92167,427730
2915,2,9.87945,42,1,0,0,0.364472,0.032929,6.95153,427773
2916,2,9.63136,125,1,0,0,0.364108,0.039753,6.93897,427899
2917,2,9.6787,109,1,0,0,0.363744,0.038211,6.93348,428009
2918,2,9.66421,114,1,0,0,0.36338,0.035365,6.92394,428124
2919,2,9.8286,59,1,0,0,0.363016,0.041281,6.90832,428184
2920,2,9.84484,54,1,0,0,0.362653,0.036422,6.93099,428239
2921,2,9.89502,37,1,0,0,0.362291,0.048629,6.93539,428277
2922,2,9.66093,115,1,0,0,0.361928,0.035376,6.94173,428393
2923,2,9.79617,70,1,0,0,0.361567,0.042061,6.9115,428464
2924,2,9.76917,79,1,0,0,0.361205,0.038355,6.93211,428544
2925,2,-1.048,16,0,1,0,0.360844,0.036937,6.92649,428561
2926,2,9.78946,72,1,0,0,0.360483,0.033304,6.92437,428634
2927,2,-1.27,90,0,1,0,0.360122,0.038432,6.94922,428725
2928,2,9.82308,61,1,0,0,0.359762,0.035969,6.94925,428787
2929,2,-1.021,7,0,1,0,0.359403,0.052576,6.93543,428795
2930,2,9.76307,81,1,0,0,0.359043,0.035226,6.94161,428877
2931,2,9.82867,59,1,0,0,0.358684,0.036116,6.94365,428937
2932,2,-1.36,120,0,1,0,0.358325,0.037089,6.9419,429058
2933,2,8.8898,372,1,0,0,0.357967,0.038001,6.91662,429431
2934,2,9.88018,42,1,0,0,0.357609,0.038518,6.91065,429474
2935,2,9.75392,84,1,0,0,0.357251,0.041161,6.8933,429559
2936,2,9.85286,51,1,0,0,0.356894,0.037175,6.95043,429611
2937,2,9.91616,30,1,0,0,0.356537,0.031321,6.87135,429642
2938,2,9.71123,98,1,0,0,0.356181,0.035757,6.90516,429741
2939,2,-1.435,145,0,1,0,0.355825,0.032109,6.90928,429887
2940,2,9.44256,188,1,0,0,0.355469,0.034956,6.89568,430076
2941,2,9.52539,160,1,0,0,0.355113,0.031488,6.90768,430237
2942,2,9.87669,43,1,0,0,0.354758,0.026132,6.93223,430281
2943,2,-1.2,400,0,0,1,0.354403,0.036647,6.89787,430681
2944,2,-1.351,117,0,1,0,0.354049,0.03428,6.89191,430799
2945,2,-1.12,40,0,1,0,0.353695,0.022812,6.876,430840
2946,2,9.77784,76,1,0,0,0.353341,0.038132,6.88896,430917
2947,2,9.72094,95,1,0,0,0.352988,0.035797,6.88502,431013
2948,2,9.81055,65,1,0,0,0.352635,0.032802,6.87977,431079
2949,2,-1.246,82,0,1,0,0.352282,0.029652,6.89015,431162
2950,2,9.80498,67,1,0,0,0.35193,0.044469,6.88432,431230
2951,2,9.82666,60,1,0,0,0.351578,0.032249,6.90919,431291
2952,2,9.85885,49,1,0,0,0.351227,0.034635,6.90811,431341
2953,2,9.78042,75,1,0,0,0.350875,0.034523,6.8794,431417
2954,2,9.82331,61,1,0,0,0.350524,0.03191,6.89943,431479
2955,2,-1.189,63,0,1,0,0.350174,0.03663,6.87993,431543
2956,2,9.76604,80,1,0,0,0.349824,0.035834,6.90774,431624
2957,2,-1.099,33,0,1,0,0.349474,0.033525,6.86245,431658
2958,2,8.89018,372,1,0,0,0.349124,0.033123,6.88053,432031
2959,2,9.84663,53,1,0,0,0.348775,0.031382,6.88923,432085
2960,2,9.87104,45,1,0,0,0.348427,0.025201,6.88354,432131
2961,2,9.88761,40,1,0,0,0.348078,0.031115,6.93557,432172
2962,2,-1.063,21,0,1,0,0.34773,0.017317,6.82637,432194
2963,2,9.80223,68,1,0,0,0.347382,0.030978,6.92693,432263
2964,2,9.78068,75,1,0,0,0.347035,0.042256,6.87981,432339
2965,2,-1.036,12,0,1,0,0.346688,0.031211,6.90072,432352
2966,2,9.40875,199,1,0,0,0.346341,0.032435,6.87392,432552
2967,2,9.6192,129,1,0,0,0.345995,0.033553,6.89657,432682
2968,2,-2.179,393,0,1,0,0.345649,0.03285,6.87548,433076
2969,2,9.85533,50,1,0,0,0.345303,0.027418,6.9142,433127
2970,2,9.90049,35,1,0,0,0.344958,0.051618,6.87788,433163
2971,2,9.78386,74,1,0,0,0.344613,0.040899,6.85515,433238
2972,2,9.84381,54,1,0,0,0.344268,0.032151,6.84288,433293
2973,2,-1.18,60,0,1,0,0.343924,0.038693,6.86553,433354
2974,2,9.7954,70,1,0,0,0.34358,0.027798,6.8746,433425
2975,2,9.88019,42,1,0,0,0.343237,0.030493,6.88447,433468
2976,2,9.74147,88,1,0,0,0.342893,0.032273,6.86582,433557
2977,2,-1.2,400,0,0,1,0.34255,0.033888,6.86475,433957
2978,2,9.70573,100,1,0,0,0.342208,0.039328,6.85895,434058
2979,2,9.87472,44,1,0,0,0.341866,0.041213,6.84464,434103
2980,2,9.89248,38,1,0,0,0.341524,0.027817,6.88325,434142
2981,2,9.83126,58,1,0,0,0.341182,0.028784,6.86673,434201
2982,2,9.87685,43,1,0,0,0.340841,0.033776,6.83951,434245
2983,2,9.84666,53,1,0,0,0.3405,0.045268,6.85771,434299
2984,2,-1.051,17,0,1,0,0.34016,0.034295,6.87605,434317
2985,2,-1.174,58,0,1,0,0.33982,0.026001,6.87569,434376
2986,2,9.72682,93,1,0,0,0.33948,0.036749,6.88277,434470
2987,2,9.90478,34,1,0,0,0.33914,0.02914,6.85614,434505
2988,2,-1.066,22,0,1,0,0.338801,0.022976,6.93131,434528
2989,2,9.7685,79,1,0,0,0.338462,0.024798,6.87735,434608
2990,2,9.80215,68,1,0,0,0.338124,0.040732,6.82732,434677
2991,2,9.67925,109,1,0,0,0.337786,0.031531,6.86271,434787
2992,2,-1.093,31,0,1,0,0.337448,0.034354,6.91177,434819
2993,2,9.81407,64,1,0,0,0.337111,0.033108,6.87299,434884
2994,2,9.79252,71,1,0,0,0.336773,0.028856,6.90881,434956
2995,2,9.06364,314,1,0,0,0.336437,0.031917,6.8805,435271
2996,2,9.80432,67,1,0,0,0.3361,0.040695,6.85265,435339
2997,2,-1.213,71,0,1,0,0.335764,0.035991,6.88567,435411
2998,2,9.93106,25,1,0,0,0.335428,0.030225,6.90863,435437
2999,2,9.86147,48,1,0,0,0.335093,0.039452,6.86279,435486
3000,2,-1.18991,64,0,1,0,0.334758,0.033559,6.87302,435551
3001,2,9.85562,50,1,0,0,0.334423,0.032914,6.87486,435602
3002,2,9.81662,63,1,0,0,0.334089,0.030949,6.87433,435666
3003,2,-1.309,103,0,1,0,0.333755,0.03298,6.87047,435770
3004,2,9.81072,65,1,0,0,0.333421,0.037366,6.88175,435836
3005,2,9.83485,57,1,0,0,0.333087,0.033051,6.89013,435894
3006,2,9.85238,51,1,0,0,0.332754,0.033456,6.9067,435946
3007,2,9.64328,121,1,0,0,0.332422,0.038265,6.89273,436068
3008,2,9.90674,33,1,0,0,0.332089,0.030794,6.85321,436102
3009,2,-1.2,400,0,0,1,0.331757,0.03488,6.87688,436502
3010,2,9.69942,102,1,0,0,0.331425,0.033614,6.86959,436605
3011,2,9.76046,82,1,0,0,0.331094,0.031291,6.86781,436688
3012,2,9.85013,52,1,0,0,0.330763,0.03799,6.88857,436741
3013,2,-1.2,400,0,0,1,0.330432,0.031923,6.85713,437141
3014,2,9.88248,41,1,0,0,0.330102,0.038629,6.89199,437183
3015,2,9.65793,116,1,0,0,0.329771,0.031486,6.84531,437300
3016,2,9.81397,64,1,0,0,0.329442,0.034146,6.83721,437365
3017,2,9.70574,100,1,0,0,0.329112,0.025281,6.86679,437466
3018,2,9.76322,81,1,0,0,0.328783,0.039249,6.85172,437548
3019,2,9.74484,87,1,0,0,0.328454,0.034456,6.85114,437636
3020,2,9.67221,111,1,0,0,0.328126,0.039813,6.8568,437748
3021,2,9.85862,49,1,0,0,0.327798,0.032584,6.85798,437798
3022,2,9.8723,45,1,0,0,0.32747,0.033041,6.84474,437844
3023,2,9.74786,86,1,0,0,0.327143,0.023145,6.87408,437931
3024,2,9.87082,45,1,0,0,0.326815,0.025613,6.89704,437977
3025,2,9.68179,108,1,0,0,0.326489,0.033664,6.86084,438086
3026,2,9.84411,54,1,0,0,0.326162,0.036909,6.89753,438141
3027,2,9.82684,60,1,0,0,0.325836,0.029141,6.8757,438202
3028,2,-1.096,32,0,1,0,0.32551,0.024719,6.82546,438235
3029,2,9.73341,91,1,0,0,0.325185,0.037343,6.87054,438327
3030,2,9.86474,47,1,0,0,0.324859,0.032958,6.89339,438375
3031,2,9.74169,88,1,0,0,0.324535,0.029484,6.85114,438464
3032,2,9.79958,69,1,0,0,0.32421,0.031341,6.85936,438534
3033,2,-1.102,34,0,1,0,0.323886,0.033796,6.90613,438569
3034,2,9.9162,30,1,0,0,0.323562,0.037548,6.86799,438600
3035,2,9.7865,73,1,0,0,0.323238,0.031417,6.86853,438674
3036,2,9.8707,45,1,0,0,0.322915,0.030736,6.8747,438720
3037,2,9.77178,78,1,0,0,0.322592,0.029305,6.88391,438799
3038,2,-1.069,23,0,1,0,0.32227,0.048927,6.92331,438823
3039,2,9.87056,45,1,0,0,0.321947,0.030576,6.89697,438869
3040,2,9.87388,44,1,0,0,0.321625,0.035282,6.92457,438914
3041,2,-1.123,41,0,1,0,0.321304,0.033528,6.90199,438956
3042,2,9.87388,44,1,0,0,0.320982,0.027995,6.9043,439001
3043,2,-1.051,17,0,1,0,0.320661,0.036776,6.84213,439019
3044,2,9.82562,60,1,0,0,0.320341,0.029917,6.88331,439080
3045,2,9.72982,92,1,0,0,0.32002,0.029884,6.88872,439173
3046,2,-1.126,42,0,1,0,0.3197,0.024856,6.89266,439216
3047,2,9.87383,44,1,0,0,0.319381,0.043391,6.91988,439261
3048,2,-1.672,224,0,1,0,0.319061,0.036042,6.88244,439486
3049,2,-1.111,37,0,1,0,0.318742,0.027513,6.90252,439524
3050,2,9.85257,51,1,0,0,0.318424,0.034011,6.88711,439576
3051,2,-1.081,27,0,1,0,0.318105,0.026905,6.88895,439604
3052,2,9.90703,33,1,0,0,0.317787,0.02103,6.83197,439638
3053,2,9.74203,88,1,0,0,0.317469,0.03643,6.88012,439727
3054,2,9.77741,76,1,0,0,0.317152,0.040443,6.85193,439804
3055,2,9.78403,74,1,0,0,0.316835,0.034706,6.8873,439879
3056,2,9.86769,46,1,0,0,0.316518,0.03313,6.9036,439926
3057,2,9.68764,106,1,0,0,0.316201,0.038926,6.89474,440033
3058,2,9.92589,27,1,0,0,0.315885,0.036634,6.93479,440061
3059,2,-1.192,64,0,1,0,0.315569,0.038343,6.92464,440126
3060,2,9.83174,58,1,0,0,0.315254,0.036033,6.86613,440185
3061,2,9.91017,32,1,0,0,0.314938,0.026904,6.95247,440218
3062,2,9.89484,37,1,0,0,0.314623,0.022836,6.91005,440256
3063,2,-1.2,400,0,0,1,0.314309,0.034652,6.91718,440656
3064,2,-1.012,4,0,1,0,0.313994,0.035991,6.93101,440661
3065,2,9.87389,44,1,0,0,0.31368,0.039446,6.90289,440706
3066,2,-1.744,248,0,1,0,0.313367,0.032761,6.91225,440955
3067,2,9.72702,93,1,0,0,0.313053,0.033827,6.89592,441049
3068,2,9.70886,99,1,0,0,0.31274,0.03568,6.91111,441149
3069,2,9.87999,42,1,0,0,0.312428,0.042327,6.94953,441192
3070,2,9.76299,81,1,0,0,0.312115,0.034161,6.90721,441274
3071,2,9.76882,79,1,0,0,0.311803,0.031903,6.90817,441354
3072,2,9.82621,60,1,0,0,0.311491,0.033735,6.90902,441415
3073,2,-1.063,21,0,1,0,0.31118,0.022833,6.90718,441437
3074,2,9.88059,42,1,0,0,0.310869,0.03272,6.95154,441480
3075,2,-1.219,73,0,1,0,0.310558,0.034774,6.9488,441554
3076,2,9.92788,26,1,0,0,0.310247,0.024747,6.87316,441581
3077,2,9.85591,50,1,0,0,0.309937,0.032055,6.92064,441632
3078,2,9.66145,115,1,0,0,0.309627,0.026754,6.93103,441748
3079,2,9.92737,26,1,0,0,0.309317,0.012766,6.90777,441775
3080,2,9.77446,77,1,0,0,0.309008,0.028299,6.90872,441853
3081,2,9.84674,53,1,0,0,0.308699,0.033995,6.89345,441907
3082,2,9.88929,39,1,0,0,0.30839,0.03417,6.94938,441947
3083,2,9.80182,68,1,0,0,0.308082,0.031406,6.9104,442016
3084,2,9.85543,50,1,0,0,0.307774,0.034034,6.93919,442067
3085,2,-1.081,27,0,1,0,0.307466,0.027894,6.96561,442095
3086,2,9.77825,76,1,0,0,0.307159,0.034731,6.91548,442172
3087,2,9.73825,89,1,0,0,0.306852,0.023366,6.93978,442262
3088,2,9.86456,47,1,0,0,0.306545,0.028821,6.9365,442310
3089,2,9.90697,33,1,0,0,0.306238,0.040834,6.94098,442344
3090,2,9.7956,70,1,0,0,0.305932,0.035355,6.92203,442415
3091,2,9.82868,59,1,0,0,0.305626,0.03542,6.93928,442475
3092,2,-1.2,400,0,0,1,0.30532,0.032053,6.935,442875
3093,2,9.78118,75,1,0,0,0.305015,0.026103,6.93164,442951
3094,2,-1.09,30,0,1,0,0.30471,0.031701,6.88395,442982
3095,2,9.87379,44,1,0,0,0.304405,0.030468,6.91531,443027
3096,2,9.84434,54,1,0,0,0.304101,0.030739,6.94763,443082
3097,2,9.70602,100,1,0,0,0.303797,0.035198,6.9372,443183
3098,2,9.82569,60,1,0,0,0.303493,0.032084,6.93616,443244
3099,2,-1.099,33,0,1,0,0.303189,0.034135,6.91466,443278
3100,2,-1.027,9,0,1,0,0.302886,0.033017,6.88118,443288
3101,2,9.74166,88,1,0,0,0.302583,0.03364,6.94137,443377
3102,2,9.84081,55,1,0,0,0.302281,0.033265,6.95346,443433
3103,2,9.71127,98,1,0,0,0.301979,0.035443,6.93074,443532
3104,2,9.79607,70,1,0,0,0.301677,0.028306,6.91824,443603
3105,2,9.87114,45,1,0,0,0.301375,0.026179,6.91832,443649
3106,2,9.57951,142,1,0,0,0.301074,0.032747,6.92689,443792
3107,2,9.88641,40,1,0,0,0.300772,0.032207,6.92509,443833
3108,2,9.9334,24,1,0,0,0.300472,0.023854,6.93582,443858
3109,2,-1.027,9,0,1,0,0.300171,0.021879,7.03834,443868
3110,2,9.87449,44,1,0,0,0.299871,0.033901,6.91976,443913
3111,2,9.89757,36,1,0,0,0.299571,0.022193,6.91903,443950
3112,2,9.87075,45,1,0,0,0.299272,0.035967,6.97139,443996
3113,2,9.83455,57,1,0,0,0.298972,0.033383,6.9611,444054
3114,2,-1.171,57,0,1,0,0.298673,0.02801,6.90331,444112
3115,2,9.86194,48,1,0,0,0.298375,0.022028,6.93965,444161
3116,2,9.92481,27,1,0,0,0.298076,0.028076,6.93886,444189
3117,2,9.70883,99,1,0,0,0.297778,0.029968,6.94911,444289
3118,2,9.78688,73,1,0,0,0.29748,0.032202,6.96693,444363
3119,2,9.12098,295,1,0,0,0.297183,0.032215,6.93757,444659
3120,2,9.81064,65,1,0,0,0.296886,0.034487,6.9175,444725
3121,2,9.88257,41,1,0,0,0.296589,0.030258,6.91131,444767
3122,2,9.85861,49,1,0,0,0.296292,0.029495,6.96721,444817
3123,2,9.69686,103,1,0,0,0.295996,0.033115,6.96688,444921
3124,2,9.79903,69,1,0,0,0.2957,0.037043,6.9636,444991
3125,2,9.71196,98,1,0,0,0.295404,0.039293,6.97376,445090
3126,2,9.70591,100,1,0,0,0.295109,0.03293,6.97153,445191
3127,2,9.74813,86,1,0,0,0.294814,0.033147,6.97104,445278
3128,2,9.70932,99,1,0,0,0.294519,0.033557,6.95188,445378
3129,2,9.92209,28,1,0,0,0.294224,0.026417,7.01098,445407
3130,2,9.79263,71,1,0,0,0.29393,0.030639,6.99179,445479
3131,2,9.59505,137,1,0,0,0.293636,0.034779,7.00864,445617
3132,2,9.84997,52,1,0,0,0.293343,0.032224,6.99158,445670
3133,2,-1.036,12,0,1,0,0.293049,0.028288,6.94264,445683
3134,2,9.80152,68,1,0,0,0.292756,0.027104,6.94172,445752
3135,2,-1.369,123,0,1,0,0.292464,0.033351,6.97071,445876
3136,2,9.85008,52,1,0,0,0.292171,0.034998,6.93565,445929
3137,2,9.81715,63,1,0,0,0.291879,0.028518,6.94768,445993
3138,2,-1.219,73,0,1,0,0.291587,0.038075,6.98582,446067
3139,2,-1.162,54,0,1,0,0.291295,0.03218,6.96625,446122
3140,2,-1.291,97,0,1,0,0.291004,0.0324,6.96542,446220
3141,2,9.85856,49,1,0,0,0.290713,0.021901,6.97295,446270
3142,2,9.78375,74,1,0,0,0.290422,0.03692,6.96827,446345
3143,2,9.71192,98,1,0,0,0.290132,0.027399,6.97523,446444
3144,2,9.87375,44,1,0,0,0.289842,0.024997,6.98355,446489
3145,2,9.77525,77,1,0,0,0.289552,0.031827,6.965,446567
3146,2,9.88264,41,1,0,0,0.289262,0.030301,6.97089,446609
3147,2,9.85843,49,1,0,0,0.288973,0.042942,6.96585,446659
3148,2,9.93072,25,1,0,0,0.288684,0.033054,6.99045,446685
3149,2,9.91303,31,1,0,0,0.288396,0.022145,6.96769,446717
3150,2,9.81983,62,1,0,0,0.288107,0.029809,6.98255,446780
3151,2,-1.051,17,0,1,0,0.287819,0.027693,6.96983,446798
3152,2,9.72963,92,1,0,0,0.287531,0.025058,7.0011,446891
3153,2,-1.051,17,0,1,0,0.287244,0.036273,7.01621,446909
3154,2,9.90043,35,1,0,0,0.286956,0.026613,6.98989,446945
3155,2,9.78443,74,1,0,0,0.286669,0.028258,6.98938,447020
3156,2,-1.114,38,0,1,0,0.286383,0.03506,6.99186,447059
3157,2,9.8592,49,1,0,0,0.286096,0.033252,7.02572,447109
3158,2,9.71833,96,1,0,0,0.28581,0.030878,7.01408,447206
3159,2,-1.057,19,0,1,0,0.285525,0.033176,7.0113,447226
3160,2,9.84961,52,1,0,0,0.285239,0.020814,7.01943,447279
3161,2,9.87946,42,1,0,0,0.284954,0.035642,7.02257,447322
3162,2,-1.213,71,0,1,0,0.284669,0.039228,7.01163,447394
3163,2,9.73309,91,1,0,0,0.284384,0.031424,7.04505,447486
3164,2,9.89171,38,1,0,0,0.2841,0.022832,7.07445,447525
3165,2,9.80813,66,1,0,0,0.283816,0.025925,7.02174,447592
3166,2,9.80792,66,1,0,0,0.283532,0.021491,7.04858,447659
3167,2,9.88633,40,1,0,0,0.283248,0.03541,7.048,447700
3168,2,9.84955,52,1,0,0,0.282965,0.041228,7.03808,447753
3169,2,-1.252,84,0,1,0,0.282682,0.042153,7.04867,447838
3170,2,9.87332,44,1,0,0,0.282399,0.030833,7.03612,447883
3171,2,9.84667,53,1,0,0,0.282117,0.038426,7.06009,447937
3172,2,9.83889,56,1,0,0,0.281835,0.034843,7.03487,447994
3173,2,9.8566,50,1,0,0,0.281553,0.033878,7.00036,448045
3174,2,9.87981,42,1,0,0,0.281272,0.028012,7.04799,448088
3175,2,9.79574,70,1,0,0,0.28099,0.028218,7.05976,448159
3176,2,9.80201,68,1,0,0,0.280709,0.031302,7.0493,448228
3177,2,-1.825,275,0,1,0,0.280429,0.032322,7.04098,448504
3178,2,9.92793,26,1,0,0,0.280148,0.031312,7.09938,448531
3179,2,9.80479,67,1,0,0,0.279868,0.031599,7.00115,448599
3180,2,9.78106,75,1,0,0,0.279588,0.032941,7.04668,448675
3181,2,9.9249,27,1,0,0,0.279308,0.025744,7.06303,448703
3182,2,9.88004,42,1,0,0,0.279029,0.033648,7.04072,448746
3183,2,-1.39,130,0,1,0,0.27875,0.033663,7.05226,448877
3184,2,9.60026,135,1,0,0,0.278471,0.028618,7.04121,449013
3185,2,9.79296,71,1,0,0,0.278193,0.033711,7.04777,449085
3186,2,-1.279,93,0,1,0,0.277915,0.035171,7.07571,449179
3187,2,9.83797,56,1,0,0,0.277637,0.023503,7.03515,449236
3188,2,9.67048,112,1,0,0,0.277359,0.034691,7.06427,449349
3189,2,9.81384,64,1,0,0,0.277082,0.026568,7.03781,449414
3190,2,-1.045,15,0,1,0,0.276805,0.03014,7.03484,449430
3191,2,9.01274,331,1,0,0,0.276528,0.029693,7.03519,449762
3192,2,-1.2,400,0,0,1,0.276251,0.029716,7.0309,450162
3193,2,9.8079,66,1,0,0,0.275975,0.02929,7.04774,450229
3194,2,-1.153,51,0,1,0,0.275699,0.030048,7.03461,450281
3195,2,9.69108,105,1,0,0,0.275423,0.03294,7.06427,450387
3196,2,9.90681,33,1,0,0,0.275148,0.027238,7.03994,450421
3197,2,9.78939,72,1,0,0,0.274873,0.031971,7.03941,450494
3198,2,9.70301,101,1,0,0,0.274598,0.030835,7.08916,450596
3199,2,9.79829,69,1,0,0,0.274323,0.032564,7.06187,450666
3200,2,9.84658,53,1,0,0,0.274049,0.026275,7.05879,450720
3201,2,9.73287,91,1,0,0,0.273775,0.025683,7.07799,450812
3202,2,9.89825,36,1,0,0,0.273501,0.045762,7.06095,450849
3203,2,9.9159,30,1,0,0,0.273228,0.030317,7.09598,450880
3204,2,9.77149,78,1,0,0,0.272955,0.02916,7.06685,450959
3205,2,9.70243,101,1,0,0,0.272682,0.029228,7.06902,451061
3206,2,9.80792,66,1,0,0,0.272409,0.041128,7.07456,451128
3207,2,9.92766,26,1,0,0,0.272137,0.027946,7.07558,451155
3208,2,9.88357,41,1,0,0,0.271864,0.02809,7.06917,451197
3209,2,9.62503,127,1,0,0,0.271593,0.035983,7.07168,451325
3210,2,9.54095,155,1,0,0,0.271321,0.031135,7.05909,451481
3211,2,-1.06,20,0,1,0,0.27105,0.035527,7.1129,451502
3212,2,9.79578,70,1,0,0,0.270779,0.029384,7.08811,451573
3213,2,9.7685,79,1,0,0,0.270508,0.030907,7.08974,451653
3214,2,-1.333,111,0,1,0,0.270237,0.032768,7.06135,451765
3215,2,9.87356,44,1,0,0,0.269967,0.029003,7.0729,451810
3216,2,9.77514,77,1,0,0,0.269697,0.032055,7.05989,451888
3217,2,9.79289,71,1,0,0,0.269427,0.031015,7.0753,451960
3218,2,9.90347,34,1,0,0,0.269158,0.038504,7.05774,451995
3219,2,-1.045,15,0,1,0,0.268889,0.039159,7.08798,452011
3220,2,9.89809,36,1,0,0,0.26862,0.029458,7.08672,452048
3221,2,9.90703,33,1,0,0,0.268351,0.041197,7.08147,452082
3222,2,-1.06,20,0,1,0,0.268083,0.029538,7.12166,452103
3223,2,9.81971,62,1,0,0,0.267815,0.028081,7.09609,452166
3224,2,-1.027,9,0,1,0,0.267547,0.025549,7.1143,452176
3225,2,9.75365,84,1,0,0,0.267279,0.031458,7.07313,452261
3226,2,9.68363,108,1,0,0,0.267012,0.032567,7.07751,452370
3227,2,9.77497,77,1,0,0,0.266745,0.029059,7.08788,452448
3228,2,9.90156,35,1,0,0,0.266478,0.021979,7.12858,452484
3229,2,9.86172,48,1,0,0,0.266212,0.024758,7.0691,452533
3230,2,9.84329,54,1,0,0,0.265946,0.026567,7.07466,452588
3231,2,9.78115,75,1,0,0,0.26568,0.024154,7.09201,452664
3232,2,9.90708,33,1,0,0,0.265414,0.037881,7.04574,452698
3233,2,9.72981,92,1,0,0,0.265149,0.029175,7.10505,452791
3234,2,9.75101,85,1,0,0,0.264884,0.034159,7.1113,452877
3235,2,9.76629,80,1,0,0,0.264619,0.02815,7.11401,452958
3236,2,9.69718,103,1,0,0,0.264354,0.031635,7.11941,453062
3237,2,9.8172,63,1,0,0,0.26409,0.030248,7.1074,453126
3238,2,9.89798,36,1,0,0,0.263826,0.0303,7.11292,453163
3239,2,9.93963,22,1,0,0,0.263562,0.027832,7.1202,453186
3240,2,9.84399,54,1,0,0,0.263298,0.026378,7.08321,453241
3241,2,9.76912,79,1,0,0,0.263035,0.032119,7.11294,453321
3242,2,9.65482,117,1,0,0,0.262772,0.032124,7.11428,453439
3243,2,9.78688,73,1,0,0,0.262509,0.031758,7.11321,453513
3244,2,9.90736,33,1,0,0,0.262247,0.032248,7.09786,453547
3245,2,9.91318,31,1,0,0,0.261984,0.023883,7.11373,453579
3246,2,-1.042,14,0,1,0,0.261722,0.029806,7.12114,453594
3247,2,9.90715,33,1,0,0,0.261461,0.037305,7.05551,453628
3248,2,-1.312,104,0,1,0,0.261199,0.033082,7.1032,453733
3249,2,9.94006,22,1,0,0,0.260938,0.034563,7.097,453756
3250,2,9.84978,52,1,0,0,0.260677,0.032687,7.13869,453809
3251,2,9.79846,69,1,0,0,0.260416,0.027565,7.08805,453879
3252,2,9.79876,69,1,0,0,0.260156,0.029483,7.09436,453949
3253,2,9.82915,59,1,0,0,0.259896,0.037244,7.11163,454009
3254,2,9.77169,78,1,0,0,0.259636,0.027902,7.12427,454088
3255,2,9.86187,48,1,0,0,0.259376,0.026028,7.13388,454137
3256,2,9.70767,100,1,0,0,0.259117,0.032495,7.13747,454238
3257,2,9.71788,96,1,0,0,0.258858,0.032483,7.11337,454335
3258,2,9.93698,23,1,0,0,0.258599,0.031197,7.11831,454359
3259,2,9.87947,42,1,0,0,0.25834,0.029094,7.14725,454402
3260,2,-1.006,2,0,1,0,0.258082,0.027111,6.94616,454405
3261,2,9.82606,60,1,0,0,0.257824,0.030207,7.10471,454466
3262,2,9.76407,81,1,0,0,0.257566,0.031098,7.16619,454548
3263,2,9.86757,46,1,0,0,0.257309,0.031178,7.11633,454595
3264,2,9.76653,80,1,0,0,0.257051,0.027949,7.13044,454676
3265,2,9.84958,52,1,0,0,0.256794,0.024912,7.13553,454729
3266,2,-1.048,16,0,1,0,0.256537,0.014811,7.19773,454746
3267,2,9.84335,54,1,0,0,0.256281,0.026573,7.11875,454801
3268,2,9.93431,24,1,0,0,0.256025,0.029706,7.08443,454826
3269,2,9.865,47,1,0,0,0.255769,0.032268,7.11643,454874
3270,2,9.87629,43,1,0,0,0.255513,0.034303,7.13819,454918
3271,2,9.73292,91,1,0,0,0.255257,0.031296,7.13007,455010
3272,2,-1.228,76,0,1,0,0.255002,0.025268,7.16053,455087
3273,2,9.86507,47,1,0,0,0.254747,0.027887,7.12546,455135
3274,2,9.78967,72,1,0,0,0.254492,0.034567,7.1694,455208
3275,2,-1.123,41,0,1,0,0.254238,0.01871,7.13465,455250
3276,2,9.862,48,1,0,0,0.253984,0.029026,7.13541,455299
3277,2,9.92842,26,1,0,0,0.25373,0.030117,7.11101,455326
3278,2,9.91876,29,1,0,0,0.253476,0.031361,7.12958,455356
3279,2,9.45971,182,1,0,0,0.253222,0.027106,7.14112,455539
3280,2,9.76286,81,1,0,0,0.252969,0.037694,7.1339,455621
3281,2,9.78732,73,1,0,0,0.252716,0.033545,7.14251,455695
3282,2,9.80511,67,1,0,0,0.252463,0.028559,7.15955,455763
3283,2,9.88277,41,1,0,0,0.252211,0.036943,7.15574,455805
3284,2,-1.096,32,0,1,0,0.251959,0.023281,7.10563,455838
3285,2,-1.921,307,0,1,0,0.251707,0.026055,7.14538,456146
3286,2,-1.168,56,0,1,0,0.251455,0.029169,7.16487,456203
3287,2,9.79628,70,1,0,0,0.251204,0.037761,7.16018,456274
3288,2,9.74752,86,1,0,0,0.250952,0.032977,7.16767,456361
3289,2,-1.162,54,0,1,0,0.250701,0.029278,7.1066,456416
3290,2,-1.057,19,0,1,0,0.250451,0.018378,7.16724,456436
3291,2,8.96169,348,1,0,0,0.2502,0.028743,7.15022,456785
3292,2,-1.117,39,0,1,0,0.24995,0.026516,7.11552,456825
3293,2,9.81997,62,1,0,0,0.2497,0.032033,7.09971,456888
3294,2,-1.2,400,0,0,1,0.24945,0.032601,7.12409,457288
3295,2,9.73034,92,1,0,0,0.249201,0.030392,7.10155,457381
3296,2,9.82822,59,1,0,0,0.248952,0.027537,7.12289,457441
3297,2,-1.153,51,0,1,0,0.248703,0.036793,7.11781,457493
3298,2,-1.078,26,0,1,0,0.248454,0.022138,7.09876,457520
3299,2,9.77753,76,1,0,0,0.248206,0.029607,7.13707,457597
3300,2,9.82319,61,1,0,0,0.247958,0.02925,7.11209,457659
3301,2,9.89185,38,1,0,0,0.24771,0.034691,7.10395,457698
3302,2,9.93393,24,1,0,0,0.247462,0.029594,7.1079,457723
3303,2,9.9276,26,1,0,0,0.247214,0.039599,7.14375,457750
3304,2,9.9094,32,1,0,0,0.246967,0.039036,7.08836,457783
3305,2,9.88583,40,1,0,0,0.24672,0.028968,7.13748,457824
3306,2,9.62512,127,1,0,0,0.246473,0.027875,7.15116,457952
3307,2,9.94268,21,1,0,0,0.246227,0.024677,7.14904,457974
3308,2,-1.129,43,0,1,0,0.245981,0.032381,7.14217,458018
3309,2,9.89223,38,1,0,0,0.245735,0.031237,7.14725,458057
3310,2,9.77837,76,1,0,0,0.245489,0.026947,7.1368,458134
3311,2,9.78347,74,1,0,0,0.245244,0.035641,7.15482,458209
3312,2,-1.03,10,0,1,0,0.244998,0.030121,7.1726,458220
3313,2,9.80825,66,1,0,0,0.244753,0.025615,7.14508,458287
3314,2,9.87687,43,1,0,0,0.244509,0.023182,7.11142,458331
3315,2,9.89191,38,1,0,0,0.244264,0.02634,7.10529,458370
3316,2,9.78999,72,1,0,0,0.24402,0.032783,7.14094,458443
3317,2,9.73543,90,1,0,0,0.243776,0.025647,7.13323,458534
3318,2,9.81358,64,1,0,0,0.243532,0.029226,7.1361,458599
3319,2,9.83778,56,1,0,0,0.243288,0.029015,7.16721,458656
3320,2,-1.078,26,0,1,0,0.243045,0.026069,7.17709,458683
3321,2,9.84967,52,1,0,0,0.242802,0.037099,7.13731,458736
3322,2,9.90128,35,1,0,0,0.242559,0.027825,7.18326,458772
3323,2,9.8227,61,1,0,0,0.242317,0.029629,7.17098,458834
3324,2,-1.2,400,0,0,1,0.242074,0.030938,7.1721,459234
3325,2,9.90401,34,1,0,0,0.241832,0.023433,7.16617,459269
3326,2,-1.207,69,0,1,0,0.241591,0.027497,7.15489,459339
3327,2,9.88569,40,1,0,0,0.241349,0.034717,7.15133,459380
3328,2,9.87396,44,1,0,0,0.241108,0.032032,7.19169,459425
3329,2,9.81098,65,1,0,0,0.240867,0.036579,7.17406,459491
3330,2,9.77794,76,1,0,0,0.240626,0.025376,7.1662,459568
3331,2,9.83534,57,1,0,0,0.240385,0.031477,7.17135,459626
3332,2,9.82017,62,1,0,0,0.240145,0.023049,7.17048,459689
3333,2,9.89187,38,1,0,0,0.239904,0.031892,7.16649,459728
3334,2,9.79836,69,1,0,0,0.239665,0.02633,7.14413,459798
3335,2,9.84441,54,1,0,0,0.239425,0.034402,7.15294,459853
3336,2,-1.06,20,0,1,0,0.239185,0.029186,7.16746,459874
3337,2,9.90094,35,1,0,0,0.238946,0.034437,7.12115,459910
3338,2,-1.102,34,0,1,0,0.238707,0.03591,7.17606,459945
3339,2,-1.306,102,0,1,0,0.238469,0.027938,7.18089,460048
3340,2,9.83171,58,1,0,0,0.23823,0.026263,7.14613,460107
3341,2,9.91575,30,1,0,0,0.237992,0.034404,7.1664,460138
3342,2,9.7809,75,1,0,0,0.237754,0.028542,7.15274,460214
3343,2,9.82583,60,1,0,0,0.237516,0.031922,7.19115,460275
3344,2,9.8555,50,1,0,0,0.237279,0.022985,7.16074,460326
3345,2,-1.108,36,0,1,0,0.237041,0.028184,7.13055,460363
3346,2,9.86749,46,1,0,0,0.236804,0.023688,7.14191,460410
3347,2,9.87686,43,1,0,0,0.236568,0.026981,7.17098,460454
3348,2,9.70249,101,1,0,0,0.236331,0.021394,7.14898,460556
3349,2,9.75669,83,1,0,0,0.236095,0.02803,7.15333,460640
3350,2,9.63362,124,1,0,0,0.235859,0.029029,7.15372,460765
3351,2,9.7746,77,1,0,0,0.235623,0.027749,7.14583,460843
3352,2,9.89827,36,1,0,0,0.235387,0.028106,7.13442,460880
3353,2,9.89159,38,1,0,0,0.235152,0.030061,7.13688,460919
3354,2,-1.102,34,0,1,0,0.234917,0.030118,7.15797,460954
3355,2,9.83503,57,1,0,0,0.234682,0.023111,7.11197,461012
3356,2,9.80506,67,1,0,0,0.234447,0.019144,7.15393,461080
3357,2,9.75405,84,1,0,0,0.234213,0.036176,7.1523,461165
3358,2,9.75379,84,1,0,0,0.233978,0.026078,7.15147,461250
3359,2,9.73277,91,1,0,0,0.233744,0.02725,7.14332,461342
3360,2,9.82283,61,1,0,0,0.233511,0.02724,7.17972,461404
3361,2,9.85868,49,1,0,0,0.233277,0.01705,7.1489,461454
3362,2,9.87955,42,1,0,0,0.233044,0.030782,7.16071,461497
3363,2,9.84977,52,1,0,0,0.232811,0.027531,7.1936,461550
3364,2,-1.732,244,0,1,0,0.232578,0.027797,7.17607,461795
3365,2,-1.033,11,0,1,0,0.232345,0.032668,7.18659,461807
3366,2,-1.2,400,0,0,1,0.232113,0.026999,7.18232,462207
3367,2,9.78104,75,1,0,0,0.231881,0.028904,7.16874,462283
3368,2,9.91308,31,1,0,0,0.231649,0.023386,7.1781,462315
3369,2,9.86181,48,1,0,0,0.231417,0.024858,7.1642,462364
3370,2,9.85594,50,1,0,0,0.231186,0.019505,7.12165,462415
3371,2,9.80508,67,1,0,0,0.230955,0.02833,7.15566,462483
3372,2,-1.075,25,0,1,0,0.230724,0.035975,7.15664,462509
3373,2,9.84991,52,1,0,0,0.230493,0.028221,7.17138,462562
3374,2,-1.051,17,0,1,0,0.230263,0.030714,7.17968,462580
3375,2,9.91868,29,1,0,0,0.230032,0.022389,7.17338,462610
3376,2,-1.054,18,0,1,0,0.229802,0.032478,7.12386,462629
3377,2,-1.126,42,0,1,0,0.229572,0.018437,7.1859,462672
3378,2,9.8349,57,1,0,0,0.229343,0.026663,7.14752,462730
3379,2,9.77483,77,1,0,0,0.229114,0.019769,7.18197,462808
3380,2,9.58888,139,1,0,0,0.228884,0.028775,7.16678,462948
3381,2,9.91279,31,1,0,0,0.228656,0.018562,7.20057,462980
3382,2,9.8653,47,1,0,0,0.228427,0.025314,7.11457,463028
3383,2,-1.036,12,0,1,0,0.228198,0.008487,7.18577,463041
3384,2,-1.03,10,0,1,0,0.22797,0.039684,7.22714,463052
3385,2,9.92452,27,1,0,0,0.227742,0.029555,7.23086,463080
3386,2,9.75029,85,1,0,0,0.227515,0.02558,7.17385,463166
3387,2,9.83805,56,1,0,0,0.227287,0.025901,7.17987,463223
3388,2,9.90623,33,1,0,0,0.22706,0.02367,7.15423,463257
3389,2,9.85605,50,1,0,0,0.226833,0.031932,7.19234,463308
3390,2,9.87115,45,1,0,0,0.226606,0.02086,7.15307,463354
3391,2,9.91,32,1,0,0,0.226379,0.029179,7.17053,463387
3392,2,9.88567,40,1,0,0,0.226153,0.019007,7.20718,463428
3393,2,9.84328,54,1,0,0,0.225927,0.034346,7.17734,463483
3394,2,9.79356,71,1,0,0,0.225701,0.027981,7.16817,463555
3395,2,9.84977,52,1,0,0,0.225475,0.027946,7.21701,463608
3396,2,9.8738,44,1,0,0,0.22525,0.025014,7.24233,463653
3397,2,-1.117,39,0,1,0,0.225024,0.026556,7.17664,463693
3398,2,9.81097,65,1,0,0,0.224799,0.026565,7.19754,463759
3399,2,9.91595,30,1,0,0,0.224575,0.027245,7.20945,463790
3400,2,9.88594,40,1,0,0,0.22435,0.037311,7.19941,463831
3401,2,-1.045,15,0,1,0,0.224126,0.026474,7.18949,463847
3402,2,9.79238,71,1,0,0,0.223902,0.02958,7.20407,463919
3403,2,9.8254,60,1,0,0,0.223678,0.025898,7.20733,463980
3404,2,9.78101,75,1,0,0,0.223454,0.026647,7.20429,464056
3405,2,-1.054,18,0,1,0,0.22323,0.023295,7.19516,464075
3406,2,-1.06,20,0,1,0,0.223007,0.029901,7.20079,464096
3407,2,-1.393,131,0,1,0,0.222784,0.023931,7.19732,464228
3408,2,9.84395,54,1,0,0,0.222561,0.027938,7.23689,464283
3409,2,9.89484,37,1,0,0,0.222339,0.031656,7.22175,464321
3410,2,9.84667,53,1,0,0,0.222117,0.022675,7.2301,464375
3411,2,9.91908,29,1,0,0,0.221894,0.034887,7.20935,464405
3412,2,9.74487,87,1,0,0,0.221673,0.023589,7.21159,464493
3413,2,-1.054,18,0,1,0,0.221451,0.027993,7.23697,464512
3414,2,9.82909,59,1,0,0,0.221229,0.020011,7.20417,464572
3415,2,-1.057,19,0,1,0,0.221008,0.032123,7.26396,464592
3416,2,9.79884,69,1,0,0,0.220787,0.023508,7.17476,464662
3417,2,9.70255,101,1,0,0,0.220566,0.027689,7.20581,464764
3418,2,-1.129,43,0,1,0,0.220346,0.030736,7.18967,464808
3419,2,-1.204,68,0,1,0,0.220125,0.022786,7.21955,464877
3420,2,9.87088,45,1,0,0,0.219905,0.026122,7.23502,464923
3421,2,9.88873,39,1,0,0,0.219685,0.023272,7.18347,464963
3422,2,9.8194,62,1,0,0,0.219466,0.022012,7.24505,465026
3423,2,-1.069,23,0,1,0,0.219246,0.012031,7.20922,465050
3424,2,-1.2,400,0,0,1,0.219027,0.027791,7.20457,465450
3425,2,9.85271,51,1,0,0,0.218808,0.018906,7.20551,465502
3426,2,9.91289,31,1,0,0,0.218589,0.021344,7.2395,465534
3427,2,9.86196,48,1,0,0,0.218371,0.02571,7.2251,465583
3428,2,-1.063,21,0,1,0,0.218152,0.023332,7.23863,465605
3429,2,9.8743,44,1,0,0,0.217934,0.016822,7.23188,465650
3430,2,9.8947,37,1,0,0,0.217716,0.021719,7.25023,465688
3431,2,9.88295,41,1,0,0,0.217498,0.0273,7.23434,465730
3432,2,9.91628,30,1,0,0,0.217281,0.02729,7.26592,465761
3433,2,9.68781,106,1,0,0,0.217064,0.020714,7.24421,465868
3434,2,9.79266,71,1,0,0,0.216847,0.020567,7.25134,465940
3435,2,9.92306,28,1,0,0,0.21663,0.031163,7.26624,465969
3436,2,9.74166,88,1,0,0,0.216413,0.026158,7.25442,466058
3437,2,9.88,42,1,0,0,0.216197,0.035043,7.26834,466101
3438,2,9.89797,36,1,0,0,0.215981,0.034368,7.25434,466138
3439,2,-1.117,39,0,1,0,0.215765,0.037278,7.2387,466178
3440,2,9.79881,69,1,0,0,0.215549,0.019029,7.2431,466248
3441,2,-1.189,63,0,1,0,0.215333,0.021398,7.29729,466312
3442,2,-1.024,8,0,1,0,0.215118,0.00992,7.30417,466321
3443,2,9.70649,100,1,0,0,0.214903,0.024847,7.2325,466422
3444,2,9.47202,178,1,0,0,0.214688,0.033701,7.25264,466601
3445,2,9.83182,58,1,0,0,0.214473,0.025771,7.27041,466660
3446,2,9.89478,37,1,0,0,0.214259,0.024586,7.2396,466698
3447,2,9.88388,41,1,0,0,0.214044,0.031532,7.2364,466740
3448,2,9.73926,89,1,0,0,0.21383,0.026209,7.24619,466830
3449,2,9.89145,38,1,0,0,0.213617,0.026434,7.22472,466869
3450,2,9.82539,60,1,0,0,0.213403,0.022141,7.25373,466930
3451,2,9.84985,52,1,0,0,0.21319,0.023043,7.24172,466983
3452,2,9.90365,34,1,0,0,0.212976,0.032912,7.24002,467018
3453,2,9.87669,43,1,0,0,0.212763,0.020135,7.2707,467062
3454,2,9.87368,44,1,0,0,0.212551,0.026167,7.2634,467107
3455,2,-1.24,80,0,1,0,0.212338,0.025602,7.25947,467188
3456,2,9.86529,47,1,0,0,0.212126,0.024879,7.22132,467236
3457,2,9.92492,27,1,0,0,0.211914,0.027745,7.22816,467264
3458,2,9.87949,42,1,0,0,0.211702,0.031308,7.28464,467307
3459,2,-1.09,30,0,1,0,0.21149,0.02424,7.24711,467338
3460,2,-1.024,8,0,1,0,0.211279,0.032362,7.1495,467347
3461,2,-1.084,28,0,1,0,0.211067,0.017871,7.24996,467376
3462,2,9.90089,35,1,0,0,0.210856,0.026917,7.2227,467412
3463,2,9.8201,62,1,0,0,0.210645,0.017612,7.25649,467475
3464,2,9.71457,97,1,0,0,0.210435,0.030289,7.23604,467573
3465,2,9.88304,41,1,0,0,0.210224,0.029487,7.21987,467615
3466,2,9.82894,59,1,0,0,0.210014,0.026973,7.24187,467675
3467,2,9.78726,73,1,0,0,0.209804,0.023784,7.24121,467749
3468,2,9.92261,28,1,0,0,0.209594,0.025737,7.27831,467778
3469,2,9.72676,93,1,0,0,0.209385,0.020129,7.26716,467872
3470,2,9.83798,56,1,0,0,0.209175,0.032607,7.28339,467929
3471,2,-1.078,26,0,1,0,0.208966,0.031271,7.25583,467956
3472,2,9.86139,48,1,0,0,0.208757,0.027139,7.29876,468005
3473,2,9.87661,43,1,0,0,0.208548,0.02427,7.26249,468049
3474,2,9.82033,62,1,0,0,0.20834,0.021742,7.27416,468112
3475,2,9.93741,23,1,0,0,0.208131,0.020175,7.27597,468136
3476,2,9.89187,38,1,0,0,0.207923,0.025499,7.27956,468175
3477,2,9.48063,175,1,0,0,0.207715,0.023165,7.27263,468351
3478,2,9.90929,32,1,0,0,0.207508,0.019566,7.24446,468384
3479,2,9.83195,58,1,0,0,0.2073,0.021874,7.28832,468443
3480,2,-1.081,27,0,1,0,0.207093,0.017144,7.28575,468471
3481,2,-1.06,20,0,1,0,0.206886,0.030111,7.22004,468492
3482,2,9.81077,65,1,0,0,0.206679,0.029189,7.29486,468558
3483,2,9.81381,64,1,0,0,0.206472,0.019112,7.2618,468623
3484,2,9.87357,44,1,0,0,0.206266,0.017818,7.27088,468668
3485,2,9.87358,44,1,0,0,0.206059,0.030921,7.24129,468713
3486,2,9.87109,45,1,0,0,0.205853,0.027399,7.26388,468759
3487,2,-2.107,369,0,1,0,0.205648,0.02414,7.27807,469129
3488,2,9.88575,40,1,0,0,0.205442,0.031278,7.28571,469170
3489,2,9.82287,61,1,0,0,0.205236,0.020131,7.24682,469232
3490,2,9.90991,32,1,0,0,0.205031,0.021404,7.27319,469265
3491,2,9.78675,73,1,0,0,0.204826,0.025436,7.25635,469339
3492,2,9.87338,44,1,0,0,0.204621,0.035934,7.32175,469384
3493,2,-1.489,163,0,1,0,0.204417,0.019763,7.26099,469548
3494,2,9.75412,84,1,0,0,0.204212,0.025979,7.26559,469633
3495,2,9.90045,35,1,0,0,0.204008,0.026566,7.29305,469669
3496,2,9.87729,43,1,0,0,0.203804,0.019663,7.26053,469713
3497,2,9.81367,64,1,0,0,0.2036,0.024393,7.25513,469778
3498,2,9.9339,24,1,0,0,0.203397,0.022979,7.26376,469803
3499,2,-1.216,72,0,1,0,0.203193,0.027353,7.28069,469876
3500,2,9.86158,48,1,0,0,0.20299,0.028604,7.29921,469925
3501,2,-1.129,43,0,1,0,0.202787,0.027386,7.25771,469969
3502,2,9.91267,31,1,0,0,0.202584,0.027582,7.24891,470001
3503,2,9.83781,56,1,0,0,0.202382,0.023695,7.26822,470058
3504,2,9.84966,52,1,0,0,0.202179,0.025714,7.26121,470111
3505,2,9.88312,41,1,0,0,0.201977,0.036472,7.27143,470153
3506,2,9.86446,47,1,0,0,0.201775,0.01665,7.30637,470201
3507,2,-1.051,17,0,1,0,0.201573,0.034075,7.24777,470219
3508,2,9.86254,48,1,0,0,0.201372,0.016746,7.29656,470268
3509,2,9.82877,59,1,0,0,0.20117,0.03076,7.28492,470328
3510,2,-1.066,22,0,1,0,0.200969,0.029168,7.31936,470351
3511,2,-1.237,79,0,1,0,0.200768,0.028998,7.28731,470431
3512,2,9.71506,97,1,0,0,0.200568,0.025783,7.28774,470529
3513,2,9.8534,51,1,0,0,0.200367,0.031792,7.2889,470581
3514,2,9.81643,63,1,0,0,0.200167,0.023474,7.28619,470645
3515,2,9.90695,33,1,0,0,0.199966,0.015904,7.28263,470679
3516,2,9.76002,82,1,0,0,0.199767,0.02363,7.28962,470762
3517,2,-1.132,44,0,1,0,0.199567,0.02168,7.2478,470807
3518,2,9.77789,76,1,0,0,0.199367,0.019516,7.29499,470884
3519,2,9.90094,35,1,0,0,0.199168,0.027764,7.30616,470920
3520,2,9.92222,28,1,0,0,0.198969,0.027555,7.24384,470949
3521,2,-1.036,12,0,1,0,0.19877,0.019997,7.29037,470962
3522,2,9.83199,58,1,0,0,0.198571,0.029997,7.28066,471021
3523,2,9.80028,69,1,0,0,0.198372,0.030382,7.26453,471091
3524,2,9.93985,22,1,0,0,0.198174,0.031095,7.27841,471114
3525,2,9.90148,35,1,0,0,0.197976,0.032539,7.29463,471150
3526,2,-1.012,4,0,1,0,0.197778,0.01713,7.17006,471155
3527,2,9.89521,37,1,0,0,0.19758,0.017929,7.28948,471193
3528,2,9.91042,32,1,0,0,0.197382,0.038262,7.2982,471226
3529,2,9.84987,52,1,0,0,0.197185,0.024961,7.29779,471279
3530,2,9.76303,81,1,0,0,0.196988,0.03131,7.30844,471361
3531,2,9.71778,96,1,0,0,0.196791,0.021757,7.30921,471458
3532,2,9.79608,70,1,0,0,0.196594,0.025917,7.29805,471529
3533,2,9.77459,77,1,0,0,0.196398,0.028715,7.29227,471607
3534,2,-1.18,60,0,1,0,0.196201,0.022386,7.2909,471668
3535,2,9.8286,59,1,0,0,0.196005,0.035432,7.2963,471728
3536,2,9.85267,51,1,0,0,0.195809,0.019643,7.29432,471780
3537,2,-1.108,36,0,1,0,0.195613,0.02843,7.33049,471817
3538,2,9.80457,67,1,0,0,0.195417,0.025051,7.31199,471885
3539,2,9.91866,29,1,0,0,0.195222,0.025481,7.31424,471915
3540,2,9.87068,45,1,0,0,0.195027,0.029406,7.27198,471961
3541,2,-1.165,55,0,1,0,0.194832,0.02177,7.3067,472017
3542,2,9.82869,59,1,0,0,0.194637,0.020998,7.30244,472077
3543,2,-1.09,30,0,1,0,0.194442,0.020376,7.28445,472108
3544,2,-1.132,44,0,1,0,0.194248,0.02442,7.29153,472153
3545,2,9.86191,48,1,0,0,0.194054,0.024293,7.31623,472202
3546,2,9.73296,91,1,0,0,0.19386,0.024119,7.31738,472294
3547,2,-1.153,51,0,1,0,0.193666,0.025589,7.35706,472346
3548,2,9.83192,58,1,0,0,0.193472,0.032445,7.32552,472405
3549,2,9.83494,57,1,0,0,0.193279,0.021755,7.33571,472463
3550,2,-1.138,46,0,1,0,0.193085,0.022331,7.32594,472510
3551,2,9.88826,39,1,0,0,0.192892,0.024807,7.27337,472550
3552,2,-1.084,28,0,1,0,0.192699,0.015653,7.34105,472579
3553,2,9.3488,219,1,0,0,0.192507,0.025084,7.3105,472799
3554,2,9.67854,109,1,0,0,0.192314,0.025774,7.33706,472909
3555,2,9.87099,45,1,0,0,0.192122,0.0218,7.32613,472955
3556,2,9.92152,28,1,0,0,0.19193,0.021269,7.33105,472984
3557,2,9.90346,34,1,0,0,0.191738,0.024703,7.26968,473019
3558,2,9.8684,46,1,0,0,0.191546,0.025533,7.35203,473066
3559,2,9.74883,86,1,0,0,0.191355,0.025937,7.35391,473153
3560,2,9.88516,40,1,0,0,0.191163,0.024033,7.32069,473194
3561,2,9.88222,41,1,0,0,0.190972,0.032659,7.34918,473236
3562,2,9.73926,89,1,0,0,0.190781,0.031894,7.33149,473326
3563,2,-1.096,32,0,1,0,0.19059,0.031885,7.38438,473359
3564,2,9.93335,24,1,0,0,0.1904,0.025301,7.35851,473384
3565,2,9.86182,48,1,0,0,0.190209,0.03257,7.35465,473433
3566,2,9.72395,94,1,0,0,0.190019,0.029903,7.33067,473528
3567,2,9.73829,89,1,0,0,0.189829,0.025738,7.33601,473618
3568,2,9.93109,25,1,0,0,0.189639,0.029364,7.35997,473644
3569,2,9.8169,63,1,0,0,0.18945,0.026695,7.35121,473708
3570,2,-1.024,8,0,1,0,0.18926,0.020165,7.31604,473717
3571,2,9.90628,33,1,0,0,0.189071,0.029938,7.33702,473751
3572,2,9.75661,83,1,0,0,0.188882,0.026753,7.345,473835
3573,2,-1.045,15,0,1,0,0.188693,0.031972,7.36601,473851
3574,2,9.87389,44,1,0,0,0.188504,0.029227,7.34108,473896
3575,2,9.83499,57,1,0,0,0.188316,0.029369,7.32987,473954
3576,2,9.67868,109,1,0,0,0.188127,0.024746,7.35566,474064
3577,2,-1.027,9,0,1,0,0.187939,0.057075,7.27844,474074
3578,2,9.87369,44,1,0,0,0.187751,0.020621,7.35212,474119
3579,2,9.82055,62,1,0,0,0.187564,0.024745,7.33758,474182
3580,2,-1.2,400,0,0,1,0.187376,0.025821,7.32201,474582
3581,2,9.86516,47,1,0,0,0.187189,0.024579,7.31265,474630
3582,2,9.81669,63,1,0,0,0.187001,0.025627,7.3088,474694
3583,2,9.9242,27,1,0,0,0.186814,0.030289,7.30969,474722
3584,2,9.90731,33,1,0,0,0.186628,0.025979,7.3127,474756
3585,2,9.92178,28,1,0,0,0.186441,0.024497,7.32169,474785
3586,2,-1.162,54,0,1,0,0.186255,0.031751,7.3448,474840
3587,2,9.84932,52,1,0,0,0.186068,0.023242,7.34833,474893
3588,2,9.79585,70,1,0,0,0.185882,0.022917,7.35899,474964
3589,2,9.82272,61,1,0,0,0.185696,0.021989,7.32967,475026
3590,2,-1.297,99,0,1,0,0.185511,0.02787,7.35172,475126
3591,2,9.92208,28,1,0,0,0.185325,0.025186,7.35494,475155
3592,2,9.86796,46,1,0,0,0.18514,0.024282,7.33744,475202
3593,2,9.71805,96,1,0,0,0.184955,0.035516,7.33171,475299
3594,2,9.85878,49,1,0,0,0.18477,0.021759,7.32032,475349
3595,2,9.81701,63,1,0,0,0.184585,0.027033,7.33226,475413
3596,2,9.84363,54,1,0,0,0.1844,0.032427,7.32791,475468
3597,2,9.65535,117,1,0,0,0.184216,0.0297,7.33145,475586
3598,2,9.84372,54,1,0,0,0.184032,0.02834,7.37204,475641
3599,2,9.73008,92,1,0,0,0.183848,0.024109,7.32785,475734
3600,2,9.80137,68,1,0,0,0.183664,0.021606,7.31908,475803
3601,2,9.82262,61,1,0,0,0.18348,0.021115,7.31724,475865
3602,2,-1.126,42,0,1,0,0.183297,0.021371,7.29623,475908
3603,2,-1.006,2,0,1,0,0.183113,0.042594,7.33434,475911
3604,2,9.83458,57,1,0,0,0.18293,0.030814,7.30014,475969
3605,2,9.9454,20,1,0,0,0.182747,0.032297,7.3005,475990
3606,2,9.94303,21,1,0,0,0.182565,0.025192,7.30517,476012
3607,2,9.87126,45,1,0,0,0.182382,0.04221,7.28327,476058
3608,2,9.80245,68,1,0,0,0.1822,0.022708,7.36044,476127
3609,2,-1.078,26,0,1,0,0.182017,0.015545,7.34734,476154
3610,2,9.7954,70,1,0,0,0.181835,0.02929,7.32966,476225
3611,2,-1.015,5,0,1,0,0.181654,0.017379,7.38646,476231
3612,2,9.90383,34,1,0,0,0.181472,0.034088,7.35145,476266
3613,2,9.89129,38,1,0,0,0.181291,0.03351,7.35101,476305
3614,2,9.87957,42,1,0,0,0.181109,0.023596,7.30636,476348
3615,2,9.90423,34,1,0,0,0.180928,0.033653,7.40269,476383
3616,2,9.8853,40,1,0,0,0.180747,0.02277,7.34227,476424
3617,2,9.87777,43,1,0,0,0.180566,0.023537,7.34478,476468
3618,2,9.86444,47,1,0,0,0.180386,0.027234,7.32181,476516
3619,2,-1.135,45,0,1,0,0.180205,0.023258,7.36091,476562
3620,2,9.85883,49,1,0,0,0.180025,0.020344,7.34832,476612
3621,2,9.90675,33,1,0,0,0.179845,0.021057,7.37069,476646
3622,2,9.88324,41,1,0,0,0.179665,0.027901,7.33771,476688
3623,2,9.87943,42,1,0,0,0.179486,0.022348,7.35632,476731
3624,2,9.87379,44,1,0,0,0.179306,0.033952,7.34065,476776
3625,2,9.67331,111,1,0,0,0.179127,0.025975,7.33676,476888
3626,2,9.81345,64,1,0,0,0.178948,0.017528,7.342,476953
3627,2,9.85557,50,1,0,0,0.178769,0.025656,7.35494,477004
3628,2,9.93075,25,1,0,0,0.17859,0.021059,7.30627,477030
3629,2,9.88302,41,1,0,0,0.178412,0.017392,7.34568,477072
3630,2,9.85622,50,1,0,0,0.178233,0.022875,7.323,477123
3631,2,9.90053,35,1,0,0,0.178055,0.028113,7.34014,477159
3632,2,9.90693,33,1,0,0,0.177877,0.021579,7.36259,477193
3633,2,9.7807,75,1,0,0,0.177699,0.030861,7.33858,477269
3634,2,9.86557,47,1,0,0,0.177521,0.025608,7.34042,477317
3635,2,9.76837,79,1,0,0,0.177344,0.02449,7.36997,477397
3636,2,-1.045,15,0,1,0,0.177166,0.018633,7.36035,477413
3637,2,-1.009,3,0,1,0,0.176989,0.024765,7.36491,477417
3638,2,9.81996,62,1,0,0,0.176812,0.025705,7.38593,477480
3639,2,9.87431,44,1,0,0,0.176635,0.020362,7.37093,477525
3640,2,-1.129,43,0,1,0,0.176459,0.02396,7.34515,477569
3641,2,-1.051,17,0,1,0,0.176282,0.018081,7.36706,477587
3642,2,9.90064,35,1,0,0,0.176106,0.034027,7.35295,477623
3643,2,-1.2,400,0,0,1,0.17593,0.026397,7.37257,478023
3644,2,9.85329,51,1,0,0,0.175754,0.023544,7.36229,478075
3645,2,9.86175,48,1,0,0,0.175578,0.030862,7.35355,478124
3646,2,9.86505,47,1,0,0,0.175403,0.027203,7.33173,478172
3647,2,9.81975,62,1,0,0,0.175227,0.024579,7.33359,478235
3648,2,9.88585,40,1,0,0,0.175052,0.02858,7.36683,478276
3649,2,-1.204,68,0,1,0,0.174877,0.02579,7.35694,478345
3650,2,9.87107,45,1,0,0,0.174702,0.027054,7.34378,478391
3651,2,-1.3,100,0,1,0,0.174527,0.030954,7.34359,478492
3652,2,9.83499,57,1,0,0,0.174353,0.026122,7.31081,478550
3653,2,9.68162,108,1,0,0,0.174179,0.024712,7.32603,478659
3654,2,9.9338,24,1,0,0,0.174004,0.017808,7.3891,478684
3655,2,-1.078,26,0,1,0,0.17383,0.025003,7.33701,478711
3656,2,9.90106,35,1,0,0,0.173657,0.027317,7.35585,478747
3657,2,9.88888,39,1,0,0,0.173483,0.01975,7.35649,478787
3658,2,9.89264,38,1,0,0,0.173309,0.029922,7.32099,478826
3659,2,9.92479,27,1,0,0,0.173136,0.024467,7.33581,478854
3660,2,9.91003,32,1,0,0,0.172963,0.018882,7.3628,478887
3661,2,9.77001,79,1,0,0,0.17279,0.023349,7.35974,478967
3662,2,9.84328,54,1,0,0,0.172617,0.032538,7.32349,479022
3663,2,9.87106,45,1,0,0,0.172445,0.018035,7.32859,479068
3664,2,9.77434,77,1,0,0,0.172272,0.021143,7.3213,479146
3665,2,9.87423,44,1,0,0,0.1721,0.033643,7.36399,479191
3666,2,9.85312,51,1,0,0,0.171928,0.02658,7.32628,479243
3667,2,-1.2,400,0,0,1,0.171756,0.023803,7.33369,479643
3668,2,9.86201,48,1,0,0,0.171584,0.025563,7.31646,479692
3669,2,-1.063,21,0,1,0,0.171412,0.01333,7.33875,479714
3670,2,9.86118,48,1,0,0,0.171241,0.032366,7.33413,479763
3671,2,9.76015,82,1,0,0,0.17107,0.031067,7.31958,479846
3672,2,9.78067,75,1,0,0,0.170899,0.025596,7.32494,479922
3673,2,9.85086,52,1,0,0,0.170728,0.022734,7.31529,479975
3674,2,9.81025,65,1,0,0,0.170557,0.024402,7.3318,480041
3675,2,9.89757,36,1,0,0,0.170387,0.021153,7.31028,480078
3676,2,9.87729,43,1,0,0,0.170216,0.022833,7.27002,480122
3677,2,9.8473,53,1,0,0,0.170046,0.024264,7.32137,480176
3678,2,9.90429,34,1,0,0,0.169876,0.032339,7.32462,480211
3679,2,9.91898,29,1,0,0,0.169706,0.020027,7.30352,480241
3680,2,-1.099,33,0,1,0,0.169536,0.022359,7.30836,480275
3681,2,9.77818,76,1,0,0,0.169367,0.02092,7.35336,480352
3682,2,9.8978,36,1,0,0,0.169197,0.023576,7.35682,480389
3683,2,9.88869,39,1,0,0,0.169028,0.03671,7.33501,480429
3684,2,-1.216,72,0,1,0,0.168859,0.029405,7.34163,480502
3685,2,9.88595,40,1,0,0,0.16869,0.031842,7.32159,480543
3686,2,-1.057,19,0,1,0,0.168522,0.028774,7.26914,480563
3687,2,-1.192,64,0,1,0,0.168353,0.020091,7.35616,480628
3688,2,9.87067,45,1,0,0,0.168185,0.022044,7.31086,480674
3689,2,9.76586,80,1,0,0,0.168017,0.023275,7.33666,480755
3690,2,9.91584,30,1,0,0,0.167849,0.020355,7.31558,480786
3691,2,-1.054,18,0,1,0,0.167681,0.017935,7.3872,480805
3692,2,9.82279,61,1,0,0,0.167513,0.034124,7.34754,480867
3693,2,9.83158,58,1,0,0,0.167346,0.025622,7.335,480926
3694,2,-1.204,68,0,1,0,0.167178,0.022255,7.34147,480995
3695,2,9.79906,69,1,0,0,0.167011,0.023439,7.34519,481065
3696,2,9.93995,22,1,0,0,0.166844,0.027176,7.33382,481088
3697,2,9.81734,63,1,0,0,0.166677,0.018059,7.36618,481152
3698,2,9.78059,75,1,0,0,0.16651,0.024635,7.32145,481228
3699,2,9.87111,45,1,0,0,0.166344,0.028167,7.3563,481274
3700,2,-1.078,26,0,1,0,0.166178,0.01779,7.29911,481301
3701,2,-1.03,10,0,1,0,0.166011,0.034928,7.29288,481312
3702,2,9.80234,68,1,0,0,0.165845,0.023271,7.33921,481381
3703,2,9.85899,49,1,0,0,0.16568,0.032814,7.33279,481431
3704,2,-1.588,196,0,1,0,0.165514,0.02633,7.33755,481628
3705,2,9.91845,29,1,0,0,0.165348,0.02018,7.29958,481658
3706,2,9.83496,57,1,0,0,0.165183,0.029722,7.32309,481716
3707,2,9.88284,41,1,0,0,0.165018,0.022324,7.34228,481758
3708,2,9.87366,44,1,0,0,0.164853,0.022109,7.34083,481803
3709,2,9.91325,31,1,0,0,0.164688,0.025313,7.33342,481835
3710,2,9.7658,80,1,0,0,0.164523,0.02808,7.35084,481916
3711,2,9.63074,125,1,0,0,0.164359,0.023915,7.32671,482042
3712,2,9.86481,47,1,0,0,0.164194,0.025257,7.33868,482090
3713,2,9.87693,43,1,0,0,0.16403,0.033023,7.35347,482134
3714,2,-1.189,63,0,1,0,0.163866,0.020769,7.33154,482198
3715,2,9.91569,30,1,0,0,0.163702,0.033785,7.36755,482229
3716,2,9.63084,125,1,0,0,0.163539,0.026305,7.33161,482355
3717,2,9.81712,63,1,0,0,0.163375,0.021909,7.33991,482419
3718,2,9.90945,32,1,0,0,0.163212,0.026292,7.34759,482452
3719,2,9.90629,33,1,0,0,0.163049,0.020643,7.3427,482486
3720,2,9.77813,76,1,0,0,0.162885,0.030739,7.29854,482563
3721,2,9.90407,34,1,0,0,0.162723,0.026666,7.3403,482598
3722,2,9.91876,29,1,0,0,0.16256,0.037682,7.28604,482628
3723,2,9.84128,55,1,0,0,0.162397,0.029045,7.33532,482684
3724,2,-1.234,78,0,1,0,0.162235,0.03651,7.32931,482763
3725,2,-1.06,20,0,1,0,0.162073,0.017081,7.38409,482784
3726,2,9.78969,72,1,0,0,0.161911,0.025483,7.3339,482857
3727,2,9.89743,36,1,0,0,0.161749,0.030841,7.33221,482894
3728,2,9.90995,32,1,0,0,0.161587,0.031054,7.28994,482927
3729,2,9.85319,51,1,0,0,0.161425,0.02159,7.32179,482979
3730,2,9.93079,25,1,0,0,0.161264,0.033138,7.34164,483005
3731,2,9.82309,61,1,0,0,0.161103,0.02431,7.33963,483067
3732,2,-1.111,37,0,1,0,0.160942,0.01578,7.36586,483105
3733,2,9.88303,41,1,0,0,0.160781,0.028739,7.3163,483147
3734,2,9.78423,74,1,0,0,0.16062,0.02513,7.35659,483222
3735,2,9.81727,63,1,0,0,0.160459,0.028387,7.32661,483286
3736,2,9.8976,36,1,0,0,0.160299,0.025028,7.34409,483323
3737,2,-1.612,204,0,1,0,0.160138,0.028852,7.33811,483528
3738,2,9.90102,35,1,0,0,0.159978,0.022659,7.35745,483564
3739,2,9.80241,68,1,0,0,0.159818,0.022939,7.33741,483633
3740,2,9.62489,127,1,0,0,0.159659,0.027295,7.31301,483761
3741,2,9.83199,58,1,0,0,0.159499,0.028014,7.35044,483820
3742,2,9.88308,41,1,0,0,0.159339,0.024912,7.31836,483862
3743,2,-1.162,54,0,1,0,0.15918,0.019108,7.36249,483917
3744,2,9.81701,63,1,0,0,0.159021,0.019397,7.38373,483981
3745,2,-1.075,25,0,1,0,0.158862,0.0258,7.35602,484007
3746,2,9.91326,31,1,0,0,0.158703,0.028813,7.3733,484039
3747,2,-1.084,28,0,1,0,0.158544,0.020281,7.37483,484068
3748,2,9.91606,30,1,0,0,0.158386,0.02934,7.36458,484099
3749,2,-1.327,109,0,1,0,0.158227,0.024465,7.35433,484209
3750,2,9.92797,26,1,0,0,0.158069,0.021534,7.40073,484236
3751,2,9.91869,29,1,0,0,0.157911,0.035276,7.29918,484266
3752,2,9.88886,39,1,0,0,0.157753,0.030503,7.32584,484306
3753,2,-1.075,25,0,1,0,0.157595,0.032969,7.32207,484332
3754,2,9.80183,68,1,0,0,0.157438,0.027107,7.35526,484401
3755,2,9.84687,53,1,0,0,0.15728,0.027383,7.35457,484455
3756,2,9.85564,50,1,0,0,0.157123,0.029895,7.37824,484506
3757,2,9.79011,72,1,0,0,0.156966,0.020382,7.36421,484579
3758,2,9.88533,40,1,0,0,0.156809,0.020159,7.35112,484620
3759,2,9.90745,33,1,0,0,0.156652,0.04004,7.34736,484654
3760,2,9.83183,58,1,0,0,0.156495,0.029642,7.34163,484713
3761,2,9.93384,24,1,0,0,0.156339,0.018082,7.37059,484738
3762,2,9.8796,42,1,0,0,0.156183,0.023349,7.33241,484781
3763,2,9.87379,44,1,0,0,0.156026,0.025098,7.37036,484826
3764,2,9.90673,33,1,0,0,0.15587,0.028636,7.35632,484860
3765,2,9.8406,55,1,0,0,0.155715,0.037105,7.39421,484916
3766,2,9.86459,47,1,0,0,0.155559,0.025182,7.37542,484964
3767,2,9.9184,29,1,0,0,0.155403,0.015057,7.33932,484994
3768,2,9.79599,70,1,0,0,0.155248,0.028212,7.38207,485065
3769,2,9.93727,23,1,0,0,0.155093,0.021971,7.32905,485089
3770,2,9.85867,49,1,0,0,0.154938,0.020377,7.34725,485139
3771,2,9.8466,53,1,0,0,0.154783,0.022226,7.38401,485193
3772,2,9.70958,99,1,0,0,0.154628,0.024292,7.36928,485293
3773,2,-1.075,25,0,1,0,0.154473,0.039643,7.35058,485319
3774,2,9.88574,40,1,0,0,0.154319,0.019826,7.37541,485360
3775,2,9.86469,47,1,0,0,0.154164,0.028886,7.34841,485408
3776,2,9.8437,54,1,0,0,0.15401,0.026089,7.38084,485463
3777,2,9.8708,45,1,0,0,0.153856,0.023055,7.3798,485509
3778,2,9.94592,20,1,0,0,0.153702,0.013838,7.37816,485530
3779,2,9.80221,68,1,0,0,0.153549,0.033842,7.35906,485599
3780,2,9.93078,25,1,0,0,0.153395,0.035293,7.39651,485625
3781,2,9.84702,53,1,0,0,0.153242,0.031107,7.35892,485679
3782,2,-1.069,23,0,1,0,0.153089,0.025261,7.35355,485703
3783,2,-1.639,213,0,1,0,0.152935,0.025882,7.37882,485917
3784,2,9.83146,58,1,0,0,0.152782,0.028283,7.34998,485976
3785,2,9.85246,51,1,0,0,0.15263,0.027288,7.36698,486028
3786,2,-1.042,14,0,1,0,0.152477,0.035506,7.34111,486043
3787,2,9.87059,45,1,0,0,0.152325,0.038051,7.36079,486089
3788,2,-1.195,65,0,1,0,0.152172,0.027814,7.39119,486155
3789,2,-1.141,47,0,1,0,0.15202,0.026497,7.3994,486203
3790,2,9.84657,53,1,0,0,0.151868,0.022377,7.37423,486257
3791,2,9.87041,45,1,0,0,0.151716,0.033768,7.36892,486303
3792,2,9.86747,46,1,0,0,0.151564,0.023531,7.37675,486350
3793,2,9.78399,74,1,0,0,0.151413,0.023428,7.37673,486425
3794,2,9.93692,23,1,0,0,0.151262,0.019094,7.35688,486449
3795,2,9.94257,21,1,0,0,0.15111,0.027337,7.40098,486471
3796,2,9.81148,65,1,0,0,0.150959,0.020616,7.39301,486537
3797,2,9.8106,65,1,0,0,0.150808,0.030473,7.3906,486603
3798,2,9.87651,43,1,0,0,0.150657,0.025284,7.39312,486647
3799,2,9.70574,100,1,0,0,0.150507,0.026749,7.39228,486748
3800,2,9.81141,65,1,0,0,0.150356,0.024903,7.39698,486814
3801,2,9.81039,65,1,0,0,0.150206,0.032998,7.36559,486880
3802,2,9.87103,45,1,0,0,0.150056,0.026945,7.40778,486926
3803,2,-1.06682,23,0,1,0,0.149906,0.028273,7.36628,486950
3804,2,9.90965,32,1,0,0,0.149756,0.020089,7.38397,486983
3805,2,-1.087,29,0,1,0,0.149606,0.026507,7.38362,487013
3806,2,9.90984,32,1,0,0,0.149456,0.024091,7.38598,487046
3807,2,-1.36,120,0,1,0,0.149307,0.021614,7.40965,487167
3808,2,9.78959,72,1,0,0,0.149158,0.024359,7.41393,487240
3809,2,9.89758,36,1,0,0,0.149008,0.026209,7.41154,487277
3810,2,9.89528,37,1,0,0,0.148859,0.02476,7.37987,487315
3811,2,9.88326,41,1,0,0,0.148711,0.02839,7.38135,487357
3812,2,-1.258,86,0,1,0,0.148562,0.026845,7.4182,487444
3813,2,9.82862,59,1,0,0,0.148413,0.026694,7.40751,487504
3814,2,9.92204,28,1,0,0,0.148265,0.029857,7.40551,487533
3815,2,9.75983,82,1,0,0,0.148117,0.032773,7.38542,487616
3816,2,9.7832,74,1,0,0,0.147968,0.033885,7.40652,487691
3817,2,9.86826,46,1,0,0,0.14782,0.03443,7.38808,487738
3818,2,-1.135,45,0,1,0,0.147673,0.02925,7.3696,487784
3819,2,9.89775,36,1,0,0,0.147525,0.031217,7.40586,487821
3820,2,9.86529,47,1,0,0,0.147377,0.036543,7.36956,487869
3821,2,-1.156,52,0,1,0,0.14723,0.022631,7.41068,487922
3822,2,-1.138,46,0,1,0,0.147083,0.02917,7.36159,487969
3823,2,9.83173,58,1,0,0,0.146936,0.029333,7.40451,488028
3824,2,9.895,37,1,0,0,0.146789,0.027582,7.3976,488066
3825,2,-1.04425,15,0,1,0,0.146642,0.032841,7.42633,488082
3826,2,9.76261,81,1,0,0,0.146495,0.032939,7.40715,488164
3827,2,9.87657,43,1,0,0,0.146349,0.032414,7.43364,488208
3828,2,-1.21,70,0,1,0,0.146203,0.03012,7.39262,488279
3829,2,-1.039,13,0,1,0,0.146056,0.024773,7.41716,488293
3830,2,9.87103,45,1,0,0,0.14591,0.035409,7.38255,488339
3831,2,9.92743,26,1,0,0,0.145764,0.025401,7.38515,488366
3832,2,9.86765,46,1,0,0,0.145619,0.028612,7.40838,488413
3833,2,9.84661,53,1,0,0,0.145473,0.023307,7.39226,488467
3834,2,9.92142,28,1,0,0,0.145328,0.034953,7.41934,488496
3835,2,9.81328,64,1,0,0,0.145182,0.027425,7.3863,488561
3836,2,9.81129,65,1,0,0,0.145037,0.023281,7.39055,488627
3837,2,9.80484,67,1,0,0,0.144892,0.034525,7.35502,488695
3838,2,9.9068,33,1,0,0,0.144747,0.016844,7.39346,488729
3839,2,9.74807,86,1,0,0,0.144602,0.021894,7.35941,488816
3840,2,9.8622,48,1,0,0,0.144458,0.025772,7.39141,488865
3841,2,9.86554,47,1,0,0,0.144313,0.038462,7.40095,488913
3842,2,9.89777,36,1,0,0,0.144169,0.017695,7.37971,488950
3843,2,9.94303,21,1,0,0,0.144025,0.029713,7.43578,488972
3844,2,9.80217,68,1,0,0,0.143881,0.030067,7.3766,489041
3845,2,9.82569,60,1,0,0,0.143737,0.024433,7.38017,489102
3846,2,9.77173,78,1,0,0,0.143593,0.030966,7.38524,489181
3847,2,9.92752,26,1,0,0,0.14345,0.023697,7.39901,489208
3848,2,9.75425,84,1,0,0,0.143306,0.022759,7.3939,489293
3849,2,9.9426,21,1,0,0,0.143163,0.037123,7.38421,489315
3850,2,9.83528,57,1,0,0,0.14302,0.027716,7.38601,489373
3851,2,9.75965,82,1,0,0,0.142877,0.032846,7.41394,489456
3852,2,9.84123,55,1,0,0,0.142734,0.031992,7.38316,489512
3853,2,9.9043,34,1,0,0,0.142591,0.037739,7.40432,489547
3854,2,-1.546,182,0,1,0,0.142448,0.027615,7.40037,489730
3855,2,9.7895,72,1,0,0,0.142306,0.025173,7.34594,489803
3856,2,9.84928,52,1,0,0,0.142164,0.029398,7.39868,489856
3857,2,9.93327,24,1,0,0,0.142022,0.030429,7.40978,489881
3858,2,9.87052,45,1,0,0,0.14188,0.031723,7.41795,489927
3859,2,9.81075,65,1,0,0,0.141738,0.028745,7.39487,489993
3860,2,9.91874,29,1,0,0,0.141596,0.022408,7.35097,490023
3861,2,9.92483,27,1,0,0,0.141454,0.022843,7.40439,490051
3862,2,9.83181,58,1,0,0,0.141313,0.024837,7.39261,490110
3863,2,9.88057,42,1,0,0,0.141172,0.02663,7.36331,490153
3864,2,9.80823,66,1,0,0,0.14103,0.022926,7.37224,490220
3865,2,9.79869,69,1,0,0,0.140889,0.022755,7.38014,490290
3866,2,9.85866,49,1,0,0,0.140748,0.026089,7.36351,490340
3867,2,9.85314,51,1,0,0,0.140608,0.033855,7.34886,490392
3868,2,9.90365,34,1,0,0,0.140467,0.040818,7.35728,490427
3869,2,9.91568,30,1,0,0,0.140327,0.016308,7.43748,490458
3870,2,-1.018,6,0,1,0,0.140186,0.019035,7.36516,490465
3871,2,9.86784,46,1,0,0,0.140046,0.025857,7.38934,490512
3872,2,9.89487,37,1,0,0,0.139906,0.02883,7.4122,490550
3873,2,9.92456,27,1,0,0,0.139766,0.028454,7.40561,490578
3874,2,-1.072,24,0,1,0,0.139626,0.027055,7.40642,490603
3875,2,9.87066,45,1,0,0,0.139487,0.034005,7.38955,490649
3876,2,9.80473,67,1,0,0,0.139347,0.03087,7.40953,490717
3877,2,9.80496,67,1,0,0,0.139208,0.020366,7.39218,490785
3878,2,9.90992,32,1,0,0,0.139069,0.037804,7.38099,490818
3879,2,9.92726,26,1,0,0,0.13893,0.031468,7.40385,490845
3880,2,-1.087,29,0,1,0,0.138791,0.028162,7.41326,490875
3881,2,9.88869,39,1,0,0,0.138652,0.020681,7.4091,490915
3882,2,9.9455,20,1,0,0,0.138513,0.024059,7.42284,490936
3883,2,9.83748,56,1,0,0,0.138375,0.03151,7.43602,490993
3884,2,9.86494,47,1,0,0,0.138236,0.034918,7.39906,491041
3885,2,9.82228,61,1,0,0,0.138098,0.030532,7.41857,491103
3886,2,9.93104,25,1,0,0,0.13796,0.034972,7.39108,491129
3887,2,9.86253,48,1,0,0,0.137822,0.023871,7.43901,491178
3888,2,9.92759,26,1,0,0,0.137684,0.029515,7.40729,491205
3889,2,9.86182,48,1,0,0,0.137547,0.018238,7.387,491254
3890,2,9.94286,21,1,0,0,0.137409,0.029376,7.40265,491276
3891,2,9.90727,33,1,0,0,0.137272,0.024567,7.41251,491310
3892,2,9.8375,56,1,0,0,0.137134,0.021828,7.41816,491367
3893,2,9.81065,65,1,0,0,0.136997,0.02461,7.38461,491433
3894,2,9.89531,37,1,0,0,0.13686,0.027115,7.389,491471
3895,2,9.89778,36,1,0,0,0.136723,0.035066,7.41253,491508
3896,2,9.80213,68,1,0,0,0.136587,0.031109,7.4206,491577
3897,2,9.77819,76,1,0,0,0.13645,0.021352,7.36916,491654
3898,2,9.40005,202,1,0,0,0.136314,0.027806,7.41185,491857
3899,2,9.76268,81,1,0,0,0.136177,0.027298,7.39943,491939
3900,2,9.79017,72,1,0,0,0.136041,0.029368,7.38763,492012
3901,2,9.74475,87,1,0,0,0.135905,0.029755,7.41744,492100
3902,2,9.29764,236,1,0,0,0.135769,0.028619,7.39156,492337
3903,2,9.91294,31,1,0,0,0.135633,0.026559,7.37196,492369
3904,2,9.81053,65,1,0,0,0.135498,0.030421,7.36798,492435
3905,2,9.87424,44,1,0,0,0.135362,0.030081,7.38112,492480
3906,2,-1.351,117,0,1,0,0.135227,0.02676,7.38101,492598
3907,2,9.90679,33,1,0,0,0.135092,0.03301,7.40307,492632
3908,2,9.86157,48,1,0,0,0.134957,0.026288,7.37818,492681
3909,2,9.8616,48,1,0,0,0.134822,0.024335,7.40861,492730
3910,2,9.90055,35,1,0,0,0.134687,0.027652,7.41735,492766
3911,2,9.84061,55,1,0,0,0.134552,0.036467,7.39293,492822
3912,2,9.92505,27,1,0,0,0.134418,0.023636,7.36903,492850
3913,2,9.93119,25,1,0,0,0.134283,0.032863,7.41827,492876
3914,2,9.89498,37,1,0,0,0.134149,0.025317,7.38969,492914
3915,2,9.94598,20,1,0,0,0.134015,0.033387,7.35584,492935
3916,2,9.92469,27,1,0,0,0.133881,0.030159,7.44197,492963
3917,2,9.83791,56,1,0,0,0.133747,0.017509,7.4357,493020
3918,2,9.91896,29,1,0,0,0.133613,0.032096,7.4344,493050
3919,2,9.8402,55,1,0,0,0.133479,0.026443,7.42816,493106
3920,2,9.75401,84,1,0,0,0.133346,0.03214,7.43168,493191
3921,2,9.93376,24,1,0,0,0.133213,0.019478,7.4238,493216
3922,2,9.75959,82,1,0,0,0.133079,0.022288,7.46052,493299
3923,2,9.90958,32,1,0,0,0.132946,0.028273,7.43338,493332
3924,2,9.76606,80,1,0,0,0.132813,0.028466,7.41674,493413
3925,2,9.8944,37,1,0,0,0.132681,0.029131,7.43185,493451
3926,2,9.81976,62,1,0,0,0.132548,0.024836,7.3912,493514
3927,2,9.88879,39,1,0,0,0.132415,0.032027,7.42547,493554
3928,2,-1.027,9,0,1,0,0.132283,0.018018,7.35989,493564
3929,2,9.8382,56,1,0,0,0.132151,0.021771,7.42894,493621
3930,2,9.87986,42,1,0,0,0.132019,0.032911,7.42645,493664
3931,2,9.92232,28,1,0,0,0.131886,0.027062,7.44069,493693
3932,2,-1.03848,13,0,1,0,0.131755,0.015437,7.37523,493707
3933,2,9.78728,73,1,0,0,0.131623,0.0291,7.40969,493781
3934,2,9.93355,24,1,0,0,0.131491,0.027702,7.40053,493806
3935,2,9.80511,67,1,0,0,0.13136,0.026177,7.40459,493874
3936,2,9.88599,40,1,0,0,0.131228,0.028462,7.41496,493915
3937,2,9.90676,33,1,0,0,0.131097,0.03398,7.4394,493949
3938,2,9.82003,62,1,0,0,0.130966,0.023495,7.41674,494012
3939,2,9.92449,27,1,0,0,0.130835,0.013547,7.43509,494040
3940,2,9.89162,38,1,0,0,0.130704,0.036369,7.44028,494079
3941,2,9.92469,27,1,0,0,0.130574,0.024492,7.41287,494107
3942,2,-1.033,11,0,1,0,0.130443,0.036365,7.40041,494119
3943,2,9.86499,47,1,0,0,0.130313,0.025908,7.41252,494167
3944,2,9.82552,60,1,0,0,0.130182,0.026044,7.41553,494228
3945,2,9.94343,21,1,0,0,0.130052,0.030783,7.4177,494250
3946,2,9.93983,22,1,0,0,0.129922,0.029836,7.41873,494273
3947,2,9.87457,44,1,0,0,0.129792,0.027297,7.41891,494318
3948,2,9.81951,62,1,0,0,0.129662,0.021402,7.4326,494381
3949,2,9.82304,61,1,0,0,0.129533,0.025125,7.38608,494443
3950,2,9.51077,165,1,0,0,0.129403,0.026564,7.42073,494609
3951,2,9.90683,33,1,0,0,0.129274,0.021496,7.45946,494643
3952,2,9.8589,49,1,0,0,0.129144,0.027293,7.41985,494693
3953,2,9.81083,65,1,0,0,0.129015,0.033369,7.39936,494759
3954,2,9.78669,73,1,0,0,0.128886,0.02863,7.42452,494833
3955,2,9.84108,55,1,0,0,0.128757,0.0304,7.40747,494889
3956,2,9.76558,80,1,0,0,0.128629,0.026074,7.4209,494970
3957,2,9.84957,52,1,0,0,0.1285,0.024085,7.43729,495023
3958,2,9.87953,42,1,0,0,0.128371,0.019819,7.44893,495066
3959,2,9.79657,70,1,0,0,0.128243,0.022593,7.43782,495137
3960,2,-1.129,43,0,1,0,0.128115,0.02902,7.44216,495181
3961,2,9.9245,27,1,0,0,0.127987,0.032499,7.45801,495209
3962,2,-1.078,26,0,1,0,0.127859,0.024991,7.45915,495236
3963,2,9.8766,43,1,0,0,0.127731,0.028054,7.45208,495280
3964,2,9.78724,73,1,0,0,0.127603,0.027632,7.4613,495354
3965,2,9.93343,24,1,0,0,0.127476,0.02593,7.45041,495379
3966,2,-1.123,41,0,1,0,0.127348,0.021391,7.4293,495421
3967,2,9.90926,32,1,0,0,0.127221,0.029768,7.50432,495454
3968,2,9.85307,51,1,0,0,0.127094,0.023173,7.41449,495506
3969,2,-1.045,15,0,1,0,0.126966,0.016467,7.42575,495522
3970,2,9.78981,72,1,0,0,0.126839,0.034818,7.44945,495595
3971,2,9.8769,43,1,0,0,0.126713,0.026855,7.40593,495639
3972,2,9.91871,29,1,0,0,0.126586,0.024867,7.38001,495669
3973,2,9.88948,39,1,0,0,0.126459,0.025201,7.46898,495709
3974,2,-1.069,23,0,1,0,0.126333,0.025715,7.41653,495733
3975,2,9.87658,43,1,0,0,0.126207,0.028784,7.42955,495777
3976,2,9.85308,51,1,0,0,0.12608,0.026686,7.4501,495829
3977,2,-1.021,7,0,1,0,0.125954,0.013126,7.43704,495837
3978,2,9.87726,43,1,0,0,0.125828,0.034115,7.44141,495881
3979,2,9.90125,35,1,0,0,0.125702,0.031878,7.45818,495917
3980,2,9.88886,39,1,0,0,0.125577,0.018527,7.422,495957
3981,2,9.90103,35,1,0,0,0.125451,0.027767,7.46407,495993
3982,2,9.91578,30,1,0,0,0.125326,0.027567,7.46538,496024
3983,2,9.92463,27,1,0,0,0.1252,0.021275,7.45687,496052
3984,2,9.89184,38,1,0,0,0.125075,0.021233,7.43967,496091
3985,2,9.83256,58,1,0,0,0.12495,0.023371,7.471,496150
3986,2,-1.087,29,0,1,0,0.124825,0.020371,7.41607,496180
3987,2,9.84359,54,1,0,0,0.1247,0.031492,7.46551,496235
3988,2,9.862,48,1,0,0,0.124576,0.0329,7.45539,496284
3989,2,9.79295,71,1,0,0,0.124451,0.024636,7.43533,496356
3990,2,9.81081,65,1,0,0,0.124327,0.025387,7.45098,496422
3991,2,9.87102,45,1,0,0,0.124202,0.029803,7.45331,496468
3992,2,9.68468,107,1,0,0,0.124078,0.023333,7.4542,496576
3993,2,9.86492,47,1,0,0,0.123954,0.030695,7.44233,496624
3994,2,9.83464,57,1,0,0,0.12383,0.028659,7.43797,496682
3995,2,9.88595,40,1,0,0,0.123706,0.026605,7.43276,496723
3996,2,9.93115,25,1,0,0,0.123583,0.012017,7.45396,496749
3997,2,9.92775,26,1,0,0,0.123459,0.024615,7.44276,496776
3998,2,9.8736,44,1,0,0,0.123335,0.020936,7.45763,496821
3999,2,9.77227,78,1,0,0,0.123212,0.026897,7.43783,496900
4000,2,9.93356,24,1,0,0,0.123089,0.028881,7.47534,496925
4001,2,9.84684,53,1,0,0,0.122966,0.031971,7.4021,496979
4002,2,-1.048,16,0,1,0,0.122843,0.029967,7.41364,496996
4003,2,9.74793,86,1,0,0,0.12272,0.033491,7.44774,497083
4004,2,9.68836,106,1,0,0,0.122597,0.026313,7.44698,497190
4005,2,9.91023,32,1,0,0,0.122475,0.018383,7.46797,497223
4006,2,9.85623,50,1,0,0,0.122352,0.023613,7.43562,497274
4007,2,9.93695,23,1,0,0,0.12223,0.026781,7.46484,497298
4008,2,9.93684,23,1,0,0,0.122108,0.039777,7.46307,497322
4009,2,-1.093,31,0,1,0,0.121986,0.033018,7.45946,497354
4010,2,9.66706,113,1,0,0,0.121864,0.022745,7.4428,497468
4011,2,9.91919,29,1,0,0,0.121742,0.029215,7.48435,497498
4012,2,9.78394,74,1,0,0,0.12162,0.02836,7.45411,497573
4013,2,9.85589,50,1,0,0,0.121498,0.034024,7.45988,497624
4014,2,9.67259,111,1,0,0,0.121377,0.028052,7.43634,497736
4015,2,9.7902,72,1,0,0,0.121255,0.027796,7.4293,497809
4016,2,-1.084,28,0,1,0,0.121134,0.020675,7.45948,497838
4017,2,9.80795,66,1,0,0,0.121013,0.021637,7.44531,497905
4018,2,9.91627,30,1,0,0,0.120892,0.016489,7.43652,497936
4019,2,9.82026,62,1,0,0,0.120771,0.033936,7.41449,497999
4020,2,9.88927,39,1,0,0,0.12065,0.024657,7.46293,498039
4021,2,9.91042,32,1,0,0,0.12053,0.017027,7.44817,498072
4022,2,9.92208,28,1,0,0,0.120409,0.031666,7.45993,498101
4023,2,-1.2,400,0,0,1,0.120289,0.028984,7.44133,498501
4024,2,9.88012,42,1,0,0,0.120169,0.023887,7.42229,498544
4025,2,-1.084,28,0,1,0,0.120048,0.026716,7.42405,498573
4026,2,9.90334,34,1,0,0,0.119928,0.027039,7.42781,498608
4027,2,9.92766,26,1,0,0,0.119808,0.025927,7.39009,498635
4028,2,9.84399,54,1,0,0,0.119689,0.02554,7.44474,498690
4029,2,-1.2,400,0,0,1,0.119569,0.02694,7.43281,499090
4030,2,9.79591,70,1,0,0,0.119449,0.032939,7.43467,499161
4031,2,-1.144,48,0,1,0,0.11933,0.020366,7.42961,499210
4032,2,9.83482,57,1,0,0,0.119211,0.02823,7.42212,499268
4033,2,9.91603,30,1,0,0,0.119091,0.022237,7.44224,499299
4034,2,9.8283,59,1,0,0,0.118972,0.025956,7.40948,499359
4035,2,9.74495,87,1,0,0,0.118853,0.026396,7.42616,499447
4036,2,9.925,27,1,0,0,0.118734,0.021305,7.43517,499475
4037,2,9.85324,51,1,0,0,0.118616,0.030352,7.44107,499527
4038,2,9.83152,58,1,0,0,0.118497,0.029317,7.43551,499586
4039,2,-1.099,33,0,1,0,0.118379,0.026025,7.44322,499620
4040,2,9.90377,34,1,0,0,0.11826,0.023536,7.4123,499655
4041,2,-1.051,17,0,1,0,0.118142,0.017091,7.46409,499673
4042,2,9.90955,32,1,0,0,0.118024,0.025847,7.44092,499706
4043,2,9.90431,34,1,0,0,0.117906,0.024132,7.42995,499741
4044,2,9.83143,58,1,0,0,0.117788,0.019596,7.46964,499800
4045,2,9.82895,59,1,0,0,0.11767,0.0188,7.41867,499860
4046,2,9.82886,59,1,0,0,0.117552,0.023252,7.45943,499920
4047,2,9.88898,39,1,0,0,0.117435,0.028598,7.41188,499960
4048,2,9.91931,29,1,0,0,0.117317,0.022758,7.4153,499990
4049,2,-1.108,36,0,1,0,0.1172,0.024492,7.44744,500027
4050,2,9.89148,38,1,0,0,0.117083,0.024997,7.43412,500066
4051,2,9.86822,46,1,0,0,0.116966,0.026961,7.46256,500113
4052,2,9.8858,40,1,0,0,0.116849,0.028141,7.44429,500154
4053,2,9.90963,32,1,0,0,0.116732,0.022093,7.47213,500187
4054,2,-1.033,11,0,1,0,0.116615,0.013887,7.50098,500199
4055,2,9.94594,20,1,0,0,0.116499,0.020498,7.44918,500220
4056,2,9.89783,36,1,0,0,0.116382,0.032681,7.4496,500257
4057,2,9.9366,23,1,0,0,0.116266,0.023101,7.43953,500281
4058,2,9.84984,52,1,0,0,0.116149,0.028415,7.43361,500334
4059,2,9.90668,33,1,0,0,0.116033,0.042393,7.46679,500368
4060,2,9.94528,20,1,0,0,0.115917,0.025636,7.50309,500389
4061,2,9.93696,23,1,0,0,0.115801,0.031576,7.44471,500413
4062,2,9.80781,66,1,0,0,0.115686,0.035666,7.44529,500480
4063,2,9.8019,68,1,0,0,0.11557,0.028437,7.45496,500549
4064,2,9.86471,47,1,0,0,0.115454,0.02657,7.44822,500597
4065,2,9.88899,39,1,0,0,0.115339,0.027363,7.42541,500637
4066,2,9.90398,34,1,0,0,0.115224,0.024417,7.47353,500672
4067,2,9.86514,47,1,0,0,0.115108,0.029934,7.46612,500720
4068,2,9.83484,57,1,0,0,0.114993,0.027662,7.47035,500778
4069,2,9.79286,71,1,0,0,0.114878,0.028206,7.48807,500850
4070,2,9.8979,36,1,0,0,0.114763,0.024742,7.50649,500887
4071,2,9.68522,107,1,0,0,0.114649,0.025946,7.46035,500995
4072,2,9.90969,32,1,0,0,0.114534,0.029902,7.45931,501028
4073,2,9.81063,65,1,0,0,0.114419,0.022936,7.4682,501094
4074,2,9.92773,26,1,0,0,0.114305,0.025175,7.4491,501121
4075,2,9.89478,37,1,0,0,0.114191,0.029587,7.46201,501159
4076,2,-1.111,37,0,1,0,0.114076,0.027304,7.51524,501197
4077,2,9.85276,51,1,0,0,0.113962,0.025103,7.41346,501249
4078,2,9.90687,33,1,0,0,0.113848,0.020155,7.44978,501283
4079,2,9.94933,19,1,0,0,0.113735,0.021003,7.43809,501303
4080,2,9.9282,26,1,0,0,0.113621,0.020904,7.41935,501330
4081,2,9.83172,58,1,0,0,0.113507,0.026863,7.45407,501389
4082,2,9.84383,54,1,0,0,0.113394,0.018499,7.46776,501444
4083,2,9.90088,35,1,0,0,0.11328,0.024501,7.44226,501480
4084,2,9.87977,42,1,0,0,0.113167,0.015417,7.45804,501523
4085,2,9.89779,36,1,0,0,0.113054,0.033715,7.45755,501560
4086,2,9.82884,59,1,0,0,0.112941,0.029245,7.47283,501620
4087,2,9.77489,77,1,0,0,0.112828,0.029038,7.47256,501698
4088,2,9.75057,85,1,0,0,0.112715,0.02251,7.44186,501784
4089,2,9.83226,58,1,0,0,0.112602,0.029655,7.45678,501843
4090,2,9.81681,63,1,0,0,0.11249,0.023031,7.46984,501907
4091,2,9.8288,59,1,0,0,0.112377,0.019811,7.46119,501967
4092,2,9.81085,65,1,0,0,0.112265,0.032012,7.47044,502033
4093,2,9.90932,32,1,0,0,0.112153,0.021738,7.49469,502066
4094,2,9.84674,53,1,0,0,0.11204,0.028195,7.50168,502120
4095,2,9.83182,58,1,0,0,0.111928,0.03405,7.44948,502179
4096,2,9.83839,56,1,0,0,0.111816,0.025432,7.4707,502236
4097,2,-1.084,28,0,1,0,0.111705,0.030727,7.42988,502265
4098,2,-1.021,7,0,1,0,0.111593,0.035279,7.47963,502273
4099,2,9.81395,64,1,0,0,0.111481,0.023169,7.49218,502338
4100,2,9.84352,54,1,0,0,0.11137,0.025818,7.46736,502393
4101,2,9.66098,115,1,0,0,0.111259,0.023074,7.45525,502509
4102,2,9.86787,46,1,0,0,0.111147,0.029805,7.47528,502556
4103,2,9.87682,43,1,0,0,0.111036,0.025781,7.46182,502600
4104,2,9.9096,32,1,0,0,0.110925,0.030141,7.4973,502633
4105,2,9.88268,41,1,0,0,0.110814,0.030543,7.48684,502675
4106,2,9.85897,49,1,0,0,0.110703,0.020396,7.44138,502725
4107,2,8.82433,394,1,0,0,0.110593,0.023787,7.42557,503120
4108,2,9.72054,95,1,0,0,0.110482,0.024864,7.44683,503216
4109,2,9.81969,62,1,0,0,0.110372,0.030232,7.44276,503279
4110,2,9.79565,70,1,0,0,0.110261,0.027665,7.42764,503350
4111,2,9.7899,72,1,0,0,0.110151,0.02646,7.45047,503423
4112,2,9.88025,42,1,0,0,0.110041,0.02043,7.41034,503466
4113,2,9.90956,32,1,0,0,0.109931,0.030371,7.44767,503499
4114,2,9.91582,30,1,0,0,0.109821,0.03567,7.40605,503530
4115,2,9.23549,257,1,0,0,0.109711,0.027354,7.43667,503788
4116,2,9.86248,48,1,0,0,0.109601,0.032513,7.40477,503837
4117,2,9.8143,64,1,0,0,0.109492,0.021953,7.46554,503902
4118,2,9.94023,22,1,0,0,0.109382,0.024783,7.41806,503925
4119,2,9.79881,69,1,0,0,0.109273,0.015826,7.42115,503995
4120,2,-1.324,108,0,1,0,0.109164,0.021362,7.42597,504104
4121,2,9.89812,36,1,0,0,0.109054,0.026633,7.42526,504141
4122,2,9.92828,26,1,0,0,0.108945,0.030641,7.3734,504168
4123,2,9.92203,28,1,0,0,0.108836,0.032148,7.43369,504197
4124,2,9.86797,46,1,0,0,0.108728,0.026217,7.43487,504244
4125,2,9.82554,60,1,0,0,0.108619,0.027114,7.39854,504305
4126,2,9.7783,76,1,0,0,0.10851,0.024676,7.4109,504382
4127,2,-1.048,16,0,1,0,0.108402,0.028296,7.43395,504399
4128,2,9.83492,57,1,0,0,0.108293,0.028491,7.41453,504457
4129,2,-1.207,69,0,1,0,0.108185,0.025071,7.41137,504527
4130,2,-1.135,45,0,1,0,0.108077,0.02497,7.41304,504573
4131,2,9.85336,51,1,0,0,0.107969,0.024676,7.40539,504625
4132,2,9.82596,60,1,0,0,0.107861,0.027183,7.39672,504686
4133,2,9.79903,69,1,0,0,0.107753,0.022972,7.41609,504756
4134,2,9.76625,80,1,0,0,0.107645,0.028367,7.4073,504837
4135,2,9.89455,37,1,0,0,0.107537,0.03002,7.43345,504875
4136,2,9.86786,46,1,0,0,0.10743,0.022927,7.42738,504922
4137,2,9.86835,46,1,0,0,0.107323,0.030375,7.41782,504969
4138,2,9.91602,30,1,0,0,0.107215,0.026586,7.41054,505000
4139,2,9.81062,65,1,0,0,0.107108,0.023435,7.40351,505066
4140,2,-1.039,13,0,1,0,0.107001,0.038821,7.38261,505080
4141,2,9.82613,60,1,0,0,0.106894,0.02687,7.36941,505141
4142,2,9.87046,45,1,0,0,0.106787,0.0257,7.39551,505187
4143,2,9.9363,23,1,0,0,0.10668,0.01974,7.45172,505211
4144,2,-1.318,106,0,1,0,0.106574,0.026261,7.41407,505318
4145,2,9.93046,25,1,0,0,0.106467,0.026589,7.37421,505344
4146,2,9.89756,36,1,0,0,0.10636,0.026915,7.40841,505381
4147,2,9.69366,104,1,0,0,0.106254,0.029655,7.41223,505486
4148,2,9.88242,41,1,0,0,0.106148,0.03066,7.43152,505528
4149,2,9.92502,27,1,0,0,0.106042,0.024612,7.42523,505556
4150,2,9.89271,38,1,0,0,0.105936,0.023638,7.41035,505595
4151,2,9.90682,33,1,0,0,0.10583,0.025808,7.39782,505629
4152,2,9.77223,78,1,0,0,0.105724,0.018933,7.44746,505708
4153,2,9.82581,60,1,0,0,0.105618,0.032207,7.44042,505769
4154,2,-1.075,25,0,1,0,0.105513,0.019788,7.37807,505795
4155,2,9.895,37,1,0,0,0.105407,0.039508,7.44396,505833
4156,2,9.80184,68,1,0,0,0.105302,0.028047,7.40222,505902
4157,2,9.87351,44,1,0,0,0.105196,0.017904,7.44749,505947
4158,2,-1.069,23,0,1,0,0.105091,0.017682,7.49219,505971
4159,2,9.90652,33,1,0,0,0.104986,0.030622,7.43791,506005
4160,2,9.92771,26,1,0,0,0.104881,0.032897,7.42175,506032
4161,2,9.90948,32,1,0,0,0.104776,0.028032,7.41671,506065
4162,2,9.84969,52,1,0,0,0.104671,0.02344,7.44782,506118
4163,2,9.83419,57,1,0,0,0.104567,0.025632,7.40058,506176
4164,2,9.93378,24,1,0,0,0.104462,0.024433,7.46121,506201
4165,2,9.84094,55,1,0,0,0.104358,0.03166,7.42014,506257
4166,2,9.90102,35,1,0,0,0.104253,0.018754,7.44445,506293
4167,2,-1.2,400,0,0,1,0.104149,0.026766,7.43233,506693
4168,2,9.83835,56,1,0,0,0.104045,0.019744,7.43611,506750
4169,2,9.90974,32,1,0,0,0.103941,0.028938,7.44838,506783
4170,2,9.91603,30,1,0,0,0.103837,0.031001,7.42056,506814
4171,2,9.93326,24,1,0,0,0.103733,0.022046,7.43182,506839
4172,2,9.88227,41,1,0,0,0.103629,0.024293,7.41455,506881
4173,2,9.90955,32,1,0,0,0.103526,0.017555,7.43888,506914
4174,2,9.81972,62,1,0,0,0.103422,0.022487,7.43368,506977
4175,2,9.89521,37,1,0,0,0.103319,0.023364,7.46477,507015
4176,2,-1.114,38,0,1,0,0.103216,0.021259,7.46829,507054
4177,2,9.84686,53,1,0,0,0.103112,0.022871,7.44359,507108
4178,2,9.90042,35,1,0,0,0.103009,0.024803,7.39136,507144
4179,2,9.93323,24,1,0,0,0.102906,0.023845,7.4543,507169
4180,2,-1.081,27,0,1,0,0.102803,0.026483,7.43636,507197
4181,2,9.90434,34,1,0,0,0.1027,0.037808,7.49291,507232
4182,2,9.80786,66,1,0,0,0.102598,0.025492,7.45403,507299
4183,2,9.89799,36,1,0,0,0.102495,0.026081,7.48769,507336
4184,2,9.93095,25,1,0,0,0.102393,0.025662,7.39624,507362
4185,2,9.89503,37,1,0,0,0.10229,0.024696,7.45432,507400
4186,2,9.92446,27,1,0,0,0.102188,0.026682,7.45213,507428
4187,2,9.94828,19,1,0,0,0.102086,0.030128,7.42341,507448
4188,2,9.83782,56,1,0,0,0.101984,0.025299,7.45063,507505
4189,2,9.91826,29,1,0,0,0.101882,0.018998,7.46777,507535
4190,2,9.93964,22,1,0,0,0.10178,0.01527,7.42334,507558
4191,2,9.84684,53,1,0,0,0.101678,0.026246,7.46815,507612
4192,2,9.81403,64,1,0,0,0.101576,0.019763,7.46468,507677
4193,2,9.9129,31,1,0,0,0.101475,0.022948,7.46432,507709
4194,2,9.90096,35,1,0,0,0.101373,0.023081,7.51381,507745
4195,2,9.89825,36,1,0,0,0.101272,0.019958,7.45435,507782
4196,2,9.82287,61,1,0,0,0.101171,0.025201,7.48866,507844
4197,2,-1.231,77,0,1,0,0.10107,0.028124,7.47435,507922
4198,2,9.93936,22,1,0,0,0.100968,0.023197,7.47322,507945
4199,2,9.81969,62,1,0,0,0.100867,0.025326,7.49073,508008
4200,2,-1.054,18,0,1,0,0.100767,0.031196,7.48732,508027
4201,2,9.86183,48,1,0,0,0.100666,0.028185,7.48907,508076
4202,2,9.8736,44,1,0,0,0.100565,0.019401,7.46892,508121
4203,2,9.90725,33,1,0,0,0.100465,0.02654,7.49585,508155
4204,2,-1.012,4,0,1,0,0.100364,0.004109,7.45998,508160
4205,2,9.92228,28,1,0,0,0.100264,0.034067,7.48791,508189
4206,2,9.87677,43,1,0,0,0.100164,0.020242,7.46366,508233
4207,2,-1.219,73,0,1,0,0.100063,0.028151,7.47688,508307
4208,2,9.80789,66,1,0,0,0.1,0.026392,7.44834,508374
4209,2,9.94879,19,1,0,0,0.1,0.021133,7.51129,508394
4210,2,9.82262,61,1,0,0,0.1,0.029057,7.45412,508456
4211,2,-1.2,400,0,0,1,0.1,0.022938,7.45819,508856
4212,2,9.90797,33,1,0,0,0.1,0.027249,7.45795,508890
4213,2,9.92227,28,1,0,0,0.1,0.029894,7.42385,508919
4214,2,9.92502,27,1,0,0,0.1,0.02932,7.40987,508947
4215,2,9.89186,38,1,0,0,0.1,0.039361,7.45925,508986
4216,2,9.92756,26,1,0,0,0.1,0.022187,7.42357,509013
4217,2,-1.13094,44,0,1,0,0.1,0.019182,7.43304,509058
4218,2,9.84725,53,1,0,0,0.1,0.021307,7.46048,509112
4219,2,9.93358,24,1,0,0,0.1,0.031824,7.4269,509137
4220,2,9.79555,70,1,0,0,0.1,0.026167,7.47945,509208
4221,2,9.85961,49,1,0,0,0.1,0.016823,7.48901,509258
4222,2,9.86594,47,1,0,0,0.1,0.020343,7.46635,509306
4223,2,9.92469,27,1,0,0,0.1,0.034255,7.42371,509334
4224,2,9.91281,31,1,0,0,0.1,0.02356,7.46602,509366
4225,2,9.86225,48,1,0,0,0.1,0.025499,7.44651,509415
4226,2,9.78991,72,1,0,0,0.1,0.025918,7.44568,509488
4227,2,9.81702,63,1,0,0,0.1,0.01732,7.45002,509552
4228,2,9.92748,26,1,0,0,0.1,0.023163,7.44324,509579
4229,2,-1.099,33,0,1,0,0.1,0.033248,7.49084,509613
4230,2,9.72403,94,1,0,0,0.1,0.023718,7.41642,509708
4231,2,9.84949,52,1,0,0,0.1,0.03572,7.43868,509761
4232,2,9.81697,63,1,0,0,0.1,0.020747,7.4785,509825
4233,2,9.87689,43,1,0,0,0.1,0.023109,7.46804,509869
4234,2,9.88592,40,1,0,0,0.1,0.026109,7.48012,509910
4235,2,9.84103,55,1,0,0,0.1,0.02257,7.44462,509966
4236,2,9.78134,75,1,0,0,0.1,0.025874,7.45221,510042
4237,2,-1.186,62,0,1,0,0.1,0.024071,7.47378,510105
4238,2,9.8141,64,1,0,0,0.1,0.02272,7.45742,510170
4239,2,9.80463,67,1,0,0,0.1,0.02678,7.47015,510238
4240,2,9.9278,26,1,0,0,0.1,0.026377,7.42934,510265
4241,2,9.66124,115,1,0,0,0.1,0.027668,7.45451,510381
4242,2,9.90454,34,1,0,0,0.1,0.025912,7.43496,510416
4243,2,9.87066,45,1,0,0,0.1,0.026125,7.45753,510462
4244,2,9.88562,40,1,0,0,0.1,0.023218,7.49361,510503
4245,2,9.81747,63,1,0,0,0.1,0.031839,7.46362,510567
4246,2,9.883,41,1,0,0,0.1,0.020722,7.51393,510609
4247,2,9.89165,38,1,0,0,0.1,0.033218,7.43598,510648
4248,2,-1.012,4,0,1,0,0.1,0.037633,7.44444,510653
4249,2,9.77467,77,1,0,0,0.1,0.023227,7.4488,510731
4250,2,9.72669,93,1,0,0,0.1,0.025655,7.43191,510825
4251,2,9.78083,75,1,0,0,0.1,0.032651,7.46803,510901
4252,2,-1.027,9,0,1,0,0.1,0.027853,7.46608,510911
4253,2,9.90712,33,1,0,0,0.1,0.030606,7.48582,510945
4254,2,9.76252,81,1,0,0,0.1,0.022087,7.43219,511027
4255,2,9.85884,49,1,0,0,0.1,0.013392,7.46538,511077
4256,2,9.87079,45,1,0,0,0.1,0.021297,7.46205,511123
4257,2,9.85322,51,1,0,0,0.1,0.033373,7.46424,511175
4258,2,9.69403,104,1,0,0,0.1,0.026235,7.46269,511280
4259,2,9.81086,65,1,0,0,0.1,0.019984,7.48746,511346
4260,2,9.72103,95,1,0,0,0.1,0.032101,7.45895,511442
4261,2,9.89803,36,1,0,0,0.1,0.028961,7.44034,511479
4262,2,9.88589,40,1,0,0,0.1,0.012846,7.46195,511520
4263,2,9.88592,40,1,0,0,0.1,0.038672,7.46577,511561
4264,2,9.86757,46,1,0,0,0.1,0.029689,7.43641,511608
4265,2,9.90454,34,1,0,0,0.1,0.026403,7.44482,511643
4266,2,9.81969,62,1,0,0,0.1,0.018529,7.48068,511706
4267,2,9.91293,31,1,0,0,0.1,0.01916,7.47477,511738
4268,2,9.88903,39,1,0,0,0.1,0.023718,7.46287,511778
4269,2,9.80551,67,1,0,0,0.1,0.031411,7.45964,511846
4270,2,-1.084,28,0,1,0,0.1,0.028835,7.46412,511875
4271,2,-1.078,26,0,1,0,0.1,0.016057,7.46147,511902
4272,2,-1.069,23,0,1,0,0.1,0.032705,7.48528,511926
4273,2,9.91284,31,1,0,0,0.1,0.019774,7.50062,511958
4274,2,9.93982,22,1,0,0,0.1,0.025244,7.44544,511981
4275,2,9.89753,36,1,0,0,0.1,0.023649,7.48156,512018
4276,2,9.88612,40,1,0,0,0.1,0.021472,7.47981,512059
4277,2,9.81109,65,1,0,0,0.1,0.032091,7.463,512125
4278,2,9.9185,29,1,0,0,0.1,0.028807,7.52463,512155
4279,2,9.87388,44,1,0,0,0.1,0.029022,7.47293,512200
4280,2,9.93649,23,1,0,0,0.1,0.019768,7.467,512224
4281,2,9.93969,22,1,0,0,0.1,0.021493,7.52148,512247
4282,2,9.91857,29,1,0,0,0.1,0.022472,7.53715,512277
4283,2,9.61644,130,1,0,0,0.1,0.024529,7.47784,512408
4284,2,9.79327,71,1,0,0,0.1,0.022976,7.46623,512480
4285,2,9.92515,27,1,0,0,0.1,0.027641,7.46103,512508
4286,2,-1.342,114,0,1,0,0.1,0.027287,7.48493,512623
4287,2,9.82829,59,1,0,0,0.1,0.026142,7.48591,512683
4288,2,9.92233,28,1,0,0,0.1,0.01969,7.48507,512712
4289,2,9.901,35,1,0,0,0.1,0.024266,7.52848,512748
4290,2,9.9102,32,1,0,0,0.1,0.024892,7.44089,512781
4291,2,9.92495,27,1,0,0,0.1,0.034836,7.52506,512809
4292,2,9.85247,51,1,0,0,0.1,0.023919,7.47854,512861
4293,2,9.87098,45,1,0,0,0.1,0.019022,7.4735,512907
4294,2,-1.177,59,0,1,0,0.1,0.030703,7.5159,512967
4295,2,9.91953,29,1,0,0,0.1,0.016623,7.52115,512997
4296,2,9.78457,74,1,0,0,0.1,0.020541,7.46172,513072
4297,2,-1.03,10,0,1,0,0.1,0.037996,7.41656,513083
4298,2,9.91914,29,1,0,0,0.1,0.025373,7.46673,513113
4299,2,9.88567,40,1,0,0,0.1,0.019344,7.51399,513154
4300,2,9.37893,209,1,0,0,0.1,0.023735,7.4685,513364
4301,2,9.9343,24,1,0,0,0.1,0.033467,7.43335,513389
4302,2,-1.06,20,0,1,0,0.1,0.026936,7.47042,513410
4303,2,-1.153,51,0,1,0,0.1,0.026683,7.46615,513462
4304,2,9.93982,22,1,0,0,0.1,0.017542,7.48364,513485
4305,2,9.83829,56,1,0,0,0.1,0.020455,7.49494,513542
4306,2,9.6434,121,1,0,0,0.1,0.018127,7.46332,513664
4307,2,9.91818,29,1,0,0,0.1,0.01892,7.49941,513694
4308,2,9.90699,33,1,0,0,0.1,0.028225,7.49225,513728
4309,2,-1.09,30,0,1,0,0.1,0.023481,7.45675,513759
4310,2,9.89198,38,1,0,0,0.1,0.028424,7.4434,513798
4311,2,9.77146,78,1,0,0,0.1,0.02356,7.47153,513877
4312,2,9.79032,72,1,0,0,0.1,0.030424,7.47026,513950
4313,2,9.93363,24,1,0,0,0.1,0.024038,7.4205,513975
4314,2,9.82254,61,1,0,0,0.1,0.017298,7.47611,514037
4315,2,9.89783,36,1,0,0,0.1,0.026092,7.47388,514074
4316,2,9.92187,28,1,0,0,0.1,0.012123,7.49561,514103
4317,2,9.79828,69,1,0,0,0.1,0.030398,7.465,514173
4318,2,9.80207,68,1,0,0,0.1,0.031922,7.4976,514242
4319,2,9.83489,57,1,0,0,0.1,0.034496,7.45916,514300
4320,2,9.93954,22,1,0,0,0.1,0.024106,7.49537,514323
4321,2,9.93677,23,1,0,0,0.1,0.016089,7.47524,514347
4322,2,9.86476,47,1,0,0,0.1,0.022662,7.43689,514395
4323,2,9.94583,20,1,0,0,0.1,0.019022,7.47827,514416
4324,2,9.85939,49,1,0,0,0.1,0.022177,7.47788,514466
4325,2,9.84702,53,1,0,0,0.1,0.020117,7.5012,514520
4326,2,9.94023,22,1,0,0,0.1,0.019551,7.49416,514543
4327,2,9.71491,97,1,0,0,0.1,0.024061,7.49997,514641
4328,2,9.86221,48,1,0,0,0.1,0.025708,7.48771,514690
4329,2,9.81994,62,1,0,0,0.1,0.019134,7.50452,514753
4330,2,9.8799,42,1,0,0,0.1,0.021752,7.49684,514796
4331,2,9.88276,41,1,0,0,0.1,0.024922,7.48834,514838
4332,2,9.86484,47,1,0,0,0.1,0.029974,7.47794,514886
4333,2,-1.108,36,0,1,0,0.1,0.018365,7.47946,514923
4334,2,9.93995,22,1,0,0,0.1,0.022863,7.48792,514946
4335,2,-1.306,102,0,1,0,0.1,0.02242,7.50296,515049
4336,2,9.83779,56,1,0,0,0.1,0.022569,7.45455,515106
4337,2,9.94298,21,1,0,0,0.1,0.015642,7.48895,515128
4338,2,9.92522,27,1,0,0,0.1,0.020295,7.45466,515156
4339,2,9.92474,27,1,0,0,0.1,0.022524,7.46394,515184
4340,2,9.84705,53,1,0,0,0.1,0.023111,7.49989,515238
4341,2,9.82303,61,1,0,0,0.1,0.022856,7.48264,515300
4342,2,9.86849,46,1,0,0,0.1,0.013897,7.51276,515347
4343,2,9.89802,36,1,0,0,0.1,0.026048,7.50635,515384
4344,2,9.87797,43,1,0,0,0.1,0.024305,7.51307,515428
4345,2,9.82604,60,1,0,0,0.1,0.026024,7.5241,515489
4346,2,9.90438,34,1,0,0,0.1,0.031629,7.52464,515524
4347,2,9.87344,44,1,0,0,0.1,0.019454,7.49554,515569
4348,2,9.87414,44,1,0,0,0.1,0.013207,7.4725,515614
4349,2,9.76269,81,1,0,0,0.1,0.021516,7.50224,515696
4350,2,9.87091,45,1,0,0,0.1,0.034418,7.49384,515742
4351,2,9.898,36,1,0,0,0.1,0.024404,7.46718,515779
4352,2,9.93122,25,1,0,0,0.1,0.016644,7.51259,515805
4353,2,9.91276,31,1,0,0,0.1,0.027764,7.47674,515837
4354,2,9.76875,79,1,0,0,0.1,0.028596,7.51271,515917
4355,2,9.9221,28,1,0,0,0.1,0.017342,7.52405,515946
4356,2,9.83236,58,1,0,0,0.1,0.033637,7.50074,516005
4357,2,-1.045,15,0,1,0,0.1,0.017057,7.55577,516021
4358,2,9.90997,32,1,0,0,0.1,0.018227,7.4934,516054
4359,2,9.91257,31,1,0,0,0.1,0.029684,7.47921,516086
4360,2,9.85282,51,1,0,0,0.1,0.023361,7.54209,516138
4361,2,9.90357,34,1,0,0,0.1,0.015684,7.51089,516173
4362,2,9.90062,35,1,0,0,0.1,0.022342,7.49512,516209
4363,2,9.88828,39,1,0,0,0.1,0.022717,7.51545,516249
4364,2,9.88267,41,1,0,0,0.1,0.017284,7.49347,516291
4365,2,9.87072,45,1,0,0,0.1,0.027532,7.49293,516337
4366,2,9.81051,65,1,0,0,0.1,0.018433,7.52196,516403
4367,2,9.87425,44,1,0,0,0.1,0.025952,7.53225,516448
4368,2,-1.201,67,0,1,0,0.1,0.027697,7.49691,516516
4369,2,9.92799,26,1,0,0,0.1,0.017844,7.51017,516543
4370,2,9.92807,26,1,0,0,0.1,0.011849,7.52758,516570
4371,2,9.75973,82,1,0,0,0.1,0.022874,7.51187,516653
4372,2,9.8226,61,1,0,0,0.1,0.016046,7.4948,516715
4373,2,9.91256,31,1,0,0,0.1,0.031118,7.51536,516747
4374,2,9.83835,56,1,0,0,0.1,0.017501,7.49119,516804
4375,2,9.91943,29,1,0,0,0.1,0.015044,7.47778,516834
4376,2,9.93114,25,1,0,0,0.1,0.032593,7.49798,516860
4377,2,9.90662,33,1,0,0,0.1,0.022351,7.49381,516894
4378,2,-1.117,39,0,1,0,0.1,0.026816,7.47211,516934
4379,2,9.85305,51,1,0,0,0.1,0.02541,7.51232,516986
4380,2,9.90657,33,1,0,0,0.1,0.025314,7.49321,517020
4381,2,9.94337,21,1,0,0,0.1,0.016026,7.53126,517042
4382,2,9.49869,169,1,0,0,0.1,0.025969,7.51075,517212
4383,2,9.92211,28,1,0,0,0.1,0.02083,7.5103,517241
4384,2,9.90969,32,1,0,0,0.1,0.026778,7.52523,517274
4385,2,9.90969,32,1,0,0,0.1,0.025546,7.516,517307
4386,2,-1.198,66,0,1,0,0.1,0.028121,7.49136,517374
4387,2,9.91013,32,1,0,0,0.1,0.021409,7.53178,517407
4388,2,9.85588,50,1,0,0,0.1,0.023263,7.51679,517458
4389,2,9.85567,50,1,0,0,0.1,0.027097,7.53589,517509
4390,2,9.92757,26,1,0,0,0.1,0.040435,7.47813,517536
4391,2,9.90708,33,1,0,0,0.1,0.02776,7.51207,517570
4392,2,9.82842,59,1,0,0,0.1,0.021829,7.50529,517630
4393,2,9.81384,64,1,0,0,0.1,0.020449,7.52149,517695
4394,2,9.88264,41,1,0,0,0.1,0.023121,7.5387,517737
4395,2,9.75653,83,1,0,0,0.1,0.015899,7.50569,517821
4396,2,9.88884,39,1,0,0,0.1,0.01353,7.52586,517861
4397,2,9.81669,63,1,0,0,0.1,0.021556,7.51487,517925
4398,2,9.90989,32,1,0,0,0.1,0.021041,7.50112,517958
4399,2,9.87367,44,1,0,0,0.1,0.018495,7.50273,518003
4400,2,9.84743,53,1,0,0,0.1,0.029846,7.51576,518057
4401,2,9.78366,74,1,0,0,0.1,0.019022,7.50685,518132
4402,2,9.89499,37,1,0,0,0.1,0.015569,7.48777,518170
4403,2,9.77158,78,1,0,0,0.1,0.023345,7.51741,518249
4404,2,9.89205,38,1,0,0,0.1,0.027185,7.47329,518288
4405,2,9.84951,52,1,0,0,0.1,0.025829,7.48958,518341
4406,2,-1.09,30,0,1,0,0.1,0.01941,7.52372,518372
4407,2,-1.06,20,0,1,0,0.1,0.022021,7.50809,518393
4408,2,9.91583,30,1,0,0,0.1,0.018767,7.48878,518424
4409,2,9.90958,32,1,0,0,0.1,0.032678,7.52096,518457
4410,2,9.82841,59,1,0,0,0.1,0.028476,7.48883,518517
4411,2,9.8289,59,1,0,0,0.1,0.020196,7.47853,518577
4412,2,9.85899,49,1,0,0,0.1,0.025281,7.51434,518627
4413,2,-1.036,12,0,1,0,0.1,0.031565,7.46127,518640
4414,2,9.79619,70,1,0,0,0.1,0.022767,7.51307,518711
4415,2,9.78723,73,1,0,0,0.1,0.021419,7.53646,518785
4416,2,9.83289,58,1,0,0,0.1,0.020937,7.506,518844
4417,2,-1.066,22,0,1,0,0.1,0.025577,7.52947,518867
4418,2,9.75684,83,1,0,0,0.1,0.025693,7.47663,518951
4419,2,9.87389,44,1,0,0,0.1,0.0215,7.47886,518996
4420,2,9.83535,57,1,0,0,0.1,0.018354,7.53585,519054
4421,2,9.90429,34,1,0,0,0.1,0.017144,7.56135,519089
4422,2,9.89805,36,1,0,0,0.1,0.019283,7.54166,519126
4423,2,9.88284,41,1,0,0,0.1,0.024369,7.53891,519168
4424,2,9.88838,39,1,0,0,0.1,0.031795,7.5251,519208
4425,2,9.93984,22,1,0,0,0.1,0.020508,7.51389,519231
4426,2,9.82287,61,1,0,0,0.1,0.026145,7.53594,519293
4427,2,9.93628,23,1,0,0,0.1,0.031005,7.56827,519317
4428,2,9.8925,38,1,0,0,0.1,0.025049,7.55529,519356
4429,2,9.8654,47,1,0,0,0.1,0.02456,7.53525,519404
4430,2,9.92757,26,1,0,0,0.1,0.014564,7.55627,519431
4431,2,9.88868,39,1,0,0,0.1,0.018077,7.53775,519471
4432,2,-1.132,44,0,1,0,0.1,0.017634,7.53876,519516
4433,2,9.93386,24,1,0,0,0.1,0.017984,7.55895,519541
4434,2,-1.12,40,0,1,0,0.1,0.0275,7.54936,519582
4435,2,-1.129,43,0,1,0,0.1,0.027857,7.48408,519626
4436,2,-1.06,20,0,1,0,0.1,0.040144,7.53401,519647
4437,2,9.87028,45,1,0,0,0.1,0.030051,7.53513,519693
4438,2,9.81697,63,1,0,0,0.1,0.02386,7.51545,519757
4439,2,9.77823,76,1,0,0,0.1,0.021063,7.535,519834
4440,2,9.92547,27,1,0,0,0.1,0.019197,7.54095,519862
4441,2,9.90058,35,1,0,0,0.1,0.023129,7.51859,519898
4442,2,9.91592,30,1,0,0,0.1,0.030525,7.50931,519929
4443,2,9.84644,53,1,0,0,0.1,0.020883,7.55696,519983
4444,2,9.86776,46,1,0,0,0.1,0.02612,7.5462,520030
4445,2,9.9071,33,1,0,0,0.1,0.023954,7.50243,520064
4446,2,9.91631,30,1,0,0,0.1,0.015338,7.55053,520095
4447,2,-1.066,22,0,1,0,0.1,0.017369,7.58415,520118
4448,2,9.82877,59,1,0,0,0.1,0.032015,7.51965,520178
4449,2,9.86182,48,1,0,0,0.1,0.020739,7.51205,520227
4450,2,9.93024,25,1,0,0,0.1,0.033825,7.55277,520253
4451,2,9.8375,56,1,0,0,0.1,0.025044,7.52832,520310
4452,2,9.81978,62,1,0,0,0.1,0.023448,7.50855,520373
4453,2,9.83815,56,1,0,0,0.1,0.026136,7.53489,520430
4454,2,9.70578,100,1,0,0,0.1,0.021934,7.53935,520531
4455,2,9.87931,42,1,0,0,0.1,0.017595,7.50876,520574
4456,2,9.9188,29,1,0,0,0.1,0.017768,7.54676,520604
4457,2,9.90951,32,1,0,0,0.1,0.025095,7.50388,520637
4458,2,9.87954,42,1,0,0,0.1,0.017636,7.53044,520680
4459,2,9.86798,46,1,0,0,0.1,0.020127,7.55049,520727
4460,2,9.87094,45,1,0,0,0.1,0.023037,7.53627,520773
4461,2,9.8858,40,1,0,0,0.1,0.021879,7.55557,520814
4462,2,9.78978,72,1,0,0,0.1,0.020542,7.56614,520887
4463,2,9.81649,63,1,0,0,0.1,0.026538,7.53844,520951
4464,2,9.94861,19,1,0,0,0.1,0.007718,7.526,520971
4465,2,9.89207,38,1,0,0,0.1,0.016619,7.51889,521010
4466,2,-1.015,5,0,1,0,0.1,0.032279,7.52588,521016
4467,2,9.76947,79,1,0,0,0.1,0.027711,7.56115,521096
4468,2,9.7296,92,1,0,0,0.1,0.023933,7.5364,521189
4469,2,-1.078,26,0,1,0,0.1,0.017343,7.53889,521216
4470,2,9.80454,67,1,0,0,0.1,0.024577,7.4999,521284
4471,2,9.92489,27,1,0,0,0.1,0.019454,7.55442,521312
4472,2,9.90091,35,1,0,0,0.1,0.021634,7.53478,521348
4473,2,9.80527,67,1,0,0,0.1,0.01723,7.53278,521416
4474,2,9.90404,34,1,0,0,0.1,0.016589,7.55628,521451
4475,2,9.84997,52,1,0,0,0.1,0.022418,7.52866,521504
4476,2,9.87652,43,1,0,0,0.1,0.021056,7.53829,521548
4477,2,9.92255,28,1,0,0,0.1,0.025977,7.58654,521577
4478,2,9.91867,29,1,0,0,0.1,0.020895,7.55362,521607
4479,2,-1.024,8,0,1,0,0.1,0.047015,7.57554,521616
4480,2,9.79276,71,1,0,0,0.1,0.017323,7.56405,521688
4481,2,9.92212,28,1,0,0,0.1,0.031569,7.53647,521717
4482,2,9.7872,73,1,0,0,0.1,0.024878,7.56368,521791
4483,2,9.86169,48,1,0,0,0.1,0.022612,7.59341,521840
4484,2,9.89167,38,1,0,0,0.1,0.021976,7.55866,521879
4485,2,-1.138,46,0,1,0,0.1,0.01459,7.56195,521926
4486,2,-1.054,18,0,1,0,0.1,0.018536,7.53526,521945
4487,2,9.93068,25,1,0,0,0.1,0.029336,7.59099,521971
4488,2,9.91631,30,1,0,0,0.1,0.020151,7.53632,522002
4489,2,9.84948,52,1,0,0,0.1,0.025953,7.55465,522055
4490,2,9.89173,38,1,0,0,0.1,0.024309,7.5272,522094
4491,2,9.84355,54,1,0,0,0.1,0.029624,7.57265,522149
4492,2,-1.024,8,0,1,0,0.1,0.026958,7.49755,522158
4493,2,9.87053,45,1,0,0,0.1,0.021444,7.53367,522204
4494,2,9.91289,31,1,0,0,0.1,0.017345,7.5483,522236
4495,2,9.89758,36,1,0,0,0.1,0.018681,7.55161,522273
4496,2,9.84669,53,1,0,0,0.1,0.027569,7.57232,522327
4497,2,9.90406,34,1,0,0,0.1,0.014221,7.56263,522362
4498,2,9.89858,36,1,0,0,0.1,0.018834,7.52248,522399
4499,2,9.93431,24,1,0,0,0.1,0.015856,7.56025,522424
4500,2,-1.048,16,0,1,0,0.1,0.013682,7.58094,522441
4501,2,9.91262,31,1,0,0,0.1,0.021647,7.52367,522473
4502,2,9.94297,21,1,0,0,0.1,0.02136,7.53538,522495
4503,2,9.85866,49,1,0,0,0.1,0.025757,7.57249,522545
4504,2,-1.147,49,0,1,0,0.1,0.025489,7.56878,522595
4505,2,9.89757,36,1,0,0,0.1,0.026417,7.58977,522632
4506,2,9.88553,40,1,0,0,0.1,0.022978,7.54381,522673
4507,2,9.79619,70,1,0,0,0.1,0.020775,7.55966,522744
4508,2,9.80756,66,1,0,0,0.1,0.020465,7.55701,522811
4509,2,9.81111,65,1,0,0,0.1,0.029991,7.57349,522877
4510,2,9.91315,31,1,0,0,0.1,0.020756,7.6106,522909
4511,2,9.90094,35,1,0,0,0.1,0.01867,7.57101,522945
4512,2,9.79627,70,1,0,0,0.1,0.024632,7.55803,523016
4513,2,9.87386,44,1,0,0,0.1,0.018439,7.56708,523061
4514,2,9.54403,154,1,0,0,0.1,0.024918,7.57442,523216
4515,2,9.93969,22,1,0,0,0.1,0.031157,7.52295,523239
4516,2,9.84367,54,1,0,0,0.1,0.025933,7.55972,523294
4517,2,9.77427,77,1,0,0,0.1,0.023318,7.56896,523372
4518,2,9.78332,74,1,0,0,0.1,0.016931,7.58623,523447
4519,2,9.92803,26,1,0,0,0.1,0.018308,7.57433,523474
4520,2,9.82284,61,1,0,0,0.1,0.031038,7.53422,523536
4521,2,9.78103,75,1,0,0,0.1,0.02033,7.56162,523612
4522,2,9.85826,49,1,0,0,0.1,0.016341,7.57642,523662
4523,2,9.81924,62,1,0,0,0.1,0.01961,7.5752,523725
4524,2,9.94033,22,1,0,0,0.1,0.016026,7.55691,523748
4525,2,9.8496,52,1,0,0,0.1,0.019831,7.58071,523801
4526,2,9.59749,136,1,0,0,0.1,0.019127,7.56856,523938
4527,2,9.91859,29,1,0,0,0.1,0.02577,7.5998,523968
4528,2,9.93687,23,1,0,0,0.1,0.02313,7.57224,523992
4529,2,9.82557,60,1,0,0,0.1,0.01886,7.57284,524053
4530,2,9.8527,51,1,0,0,0.1,0.020544,7.57585,524105
4531,2,9.91553,30,1,0,0,0.1,0.010994,7.54878,524136
4532,2,9.79037,72,1,0,0,0.1,0.024199,7.56158,524209
4533,2,9.87101,45,1,0,0,0.1,0.018682,7.60278,524255
4534,2,9.83418,57,1,0,0,0.1,0.020732,7.55325,524313
4535,2,9.86478,47,1,0,0,0.1,0.022755,7.59019,524361
4536,2,9.69117,105,1,0,0,0.1,0.024928,7.56826,524467
4537,2,9.90962,32,1,0,0,0.1,0.02289,7.60104,524500
4538,2,-1.006,2,0,1,0,0.1,0.084895,7.7375,524503
4539,2,9.89202,38,1,0,0,0.1,0.023342,7.56381,524542
4540,2,9.90963,32,1,0,0,0.1,0.025021,7.54544,524575
4541,2,9.78327,74,1,0,0,0.1,0.022759,7.61797,524650
4542,2,9.84093,55,1,0,0,0.1,0.019682,7.58722,524706
4543,2,9.88913,39,1,0,0,0.1,0.013747,7.57674,524746
4544,2,9.88266,41,1,0,0,0.1,0.031287,7.53128,524788
4545,2,9.8316,58,1,0,0,0.1,0.016223,7.59544,524847
4546,2,9.91924,29,1,0,0,0.1,0.017297,7.55284,524877
4547,2,9.8891,39,1,0,0,0.1,0.023541,7.57957,524917
4548,2,9.83202,58,1,0,0,0.1,0.023446,7.5735,524976
4549,2,9.9344,24,1,0,0,0.1,0.016252,7.56869,525001
4550,2,-1.048,16,0,1,0,0.1,0.036022,7.59874,525018
4551,2,9.91865,29,1,0,0,0.1,0.026234,7.6049,525048
4552,2,9.94258,21,1,0,0,0.1,0.01725,7.53541,525070
4553,2,9.85887,49,1,0,0,0.1,0.024418,7.57522,525120
4554,2,9.91031,32,1,0,0,0.1,0.025284,7.57148,525153
4555,2,9.93127,25,1,0,0,0.1,0.025339,7.59413,525179
4556,2,9.9036,34,1,0,0,0.1,0.018862,7.60881,525214
4557,2,9.86768,46,1,0,0,0.1,0.022897,7.60596,525261
4558,2,9.88328,41,1,0,0,0.1,0.013898,7.60766,525303
4559,2,9.90398,34,1,0,0,0.1,0.014599,7.57085,525338
4560,2,9.93978,22,1,0,0,0.1,0.012296,7.58514,525361
4561,2,9.84694,53,1,0,0,0.1,0.016511,7.6102,525415
4562,2,9.87058,45,1,0,0,0.1,0.022476,7.57836,525461
4563,2,-1.102,34,0,1,0,0.1,0.022225,7.57862,525496
4564,2,9.70315,101,1,0,0,0.1,0.023892,7.59417,525598
4565,2,9.93133,25,1,0,0,0.1,0.026353,7.58763,525624
4566,2,-1.327,109,0,1,0,0.1,0.018968,7.58977,525734
4567,2,9.90104,35,1,0,0,0.1,0.024216,7.59352,525770
4568,2,9.78324,74,1,0,0,0.1,0.018536,7.59975,525845
4569,2,9.83195,58,1,0,0,0.1,0.028264,7.59021,525904
4570,2,9.8528,51,1,0,0,0.1,0.021475,7.58272,525956
4571,2,9.76928,79,1,0,0,0.1,0.029221,7.58791,526036
4572,2,9.93993,22,1,0,0,0.1,0.017904,7.5725,526059
4573,2,9.877,43,1,0,0,0.1,0.015057,7.57892,526103
4574,2,9.75954,82,1,0,0,0.1,0.016676,7.58264,526186
4575,2,9.88342,41,1,0,0,0.1,0.017399,7.61694,526228
4576,2,9.88884,39,1,0,0,0.1,0.021282,7.59138,526268
4577,2,9.81111,65,1,0,0,0.1,0.020253,7.61419,526334
4578,2,9.80229,68,1,0,0,0.1,0.021226,7.60301,526403
4579,2,9.82828,59,1,0,0,0.1,0.017378,7.6152,526463
4580,2,-1.057,19,0,1,0,0.1,0.016385,7.59964,526483
4581,2,9.80771,66,1,0,0,0.1,0.018143,7.58693,526550
4582,2,9.84997,52,1,0,0,0.1,0.023016,7.56576,526603
4583,2,9.81317,64,1,0,0,0.1,0.019049,7.60266,526668
4584,2,9.81958,62,1,0,0,0.1,0.017843,7.63628,526731
4585,2,9.83497,57,1,0,0,0.1,0.025605,7.5687,526789
4586,2,9.91859,29,1,0,0,0.1,0.013718,7.58596,526819
4587,2,9.91827,29,1,0,0,0.1,0.018087,7.57431,526849
4588,2,9.9246,27,1,0,0,0.1,0.014508,7.5732,526877
4589,2,9.63109,125,1,0,0,0.1,0.021489,7.59707,527003
4590,2,9.78403,74,1,0,0,0.1,0.015206,7.60459,527078
4591,2,9.92736,26,1,0,0,0.1,0.02135,7.60874,527105
4592,2,-1.054,18,0,1,0,0.1,0.032299,7.56768,527124
4593,2,9.81966,62,1,0,0,0.1,0.025843,7.60132,527187
4594,2,9.85306,51,1,0,0,0.1,0.021229,7.58818,527239
4595,2,-1.042,14,0,1,0,0.1,0.016374,7.56268,527254
4596,2,-1.057,19,0,1,0,0.1,0.018662,7.56842,527274
4597,2,9.8923,38,1,0,0,0.1,0.014768,7.56618,527313
4598,2,9.91295,31,1,0,0,0.1,0.025898,7.53678,527345
4599,2,9.93079,25,1,0,0,0.1,0.0184,7.58294,527371
4600,2,9.82,62,1,0,0,0.1,0.019832,7.58509,527434
4601,2,9.85312,51,1,0,0,0.1,0.020916,7.54061,527486
4602,2,9.80141,68,1,0,0,0.1,0.026623,7.5939,527555
4603,2,9.83814,56,1,0,0,0.1,0.018869,7.59172,527612
4604,2,9.72083,95,1,0,0,0.1,0.019655,7.58775,527708
4605,2,9.85583,50,1,0,0,0.1,0.023258,7.57416,527759
4606,2,-1.156,52,0,1,0,0.1,0.022943,7.58759,527812
4607,2,9.92815,26,1,0,0,0.1,0.015999,7.64745,527839
4608,2,9.8622,48,1,0,0,0.1,0.018526,7.6105,527888
4609,2,9.928,26,1,0,0,0.1,0.012997,7.58294,527915
4610,2,-1.093,31,0,1,0,0.1,0.020274,7.61285,527947
4611,2,9.87966,42,1,0,0,0.1,0.01345,7.59051,527990
4612,2,9.84726,53,1,0,0,0.1,0.020843,7.60432,528044
4613,2,9.85894,49,1,0,0,0.1,0.010682,7.60046,528094
4614,2,9.91603,30,1,0,0,0.1,0.0227,7.61984,528125
4615,2,9.88245,41,1,0,0,0.1,0.022736,7.59304,528167
4616,2,9.85922,49,1,0,0,0.1,0.023051,7.59935,528217
4617,2,9.60741,133,1,0,0,0.1,0.020326,7.60325,528351
4618,2,9.88583,40,1,0,0,0.1,0.014604,7.61595,528392
4619,2,-1.042,14,0,1,0,0.1,0.021707,7.63026,528407
4620,2,9.89461,37,1,0,0,0.1,0.021376,7.61518,528445
4621,2,9.82618,60,1,0,0,0.1,0.014848,7.5965,528506
4622,2,-1.057,19,0,1,0,0.1,0.003772,7.57768,528526
4623,2,9.93968,22,1,0,0,0.1,0.032243,7.60014,528549
4624,2,-1.072,24,0,1,0,0.1,0.025493,7.58836,528574
4625,2,9.83515,57,1,0,0,0.1,0.021348,7.578,528632
4626,2,9.84384,54,1,0,0,0.1,0.022197,7.60047,528687
4627,2,9.8715,45,1,0,0,0.1,0.021265,7.61521,528733
4628,2,9.88623,40,1,0,0,0.1,0.015039,7.62941,528774
4629,2,9.92174,28,1,0,0,0.1,0.022593,7.65907,528803
4630,2,9.84373,54,1,0,0,0.1,0.01899,7.5854,528858
4631,2,-1.15,50,0,1,0,0.1,0.028109,7.59089,528909
4632,2,9.85532,50,1,0,0,0.1,0.027589,7.61892,528960
4633,2,9.84323,54,1,0,0,0.1,0.019043,7.63652,529015
4634,2,9.7813,75,1,0,0,0.1,0.024109,7.59062,529091
4635,2,9.89812,36,1,0,0,0.1,0.017375,7.62725,529128
4636,2,9.78959,72,1,0,0,0.1,0.027871,7.6241,529201
4637,2,9.77842,76,1,0,0,0.1,0.023865,7.59946,529278
4638,2,-1.087,29,0,1,0,0.1,0.0185,7.57105,529308
4639,2,9.8288,59,1,0,0,0.1,0.019773,7.62417,529368
4640,2,9.83249,58,1,0,0,0.1,0.019098,7.62958,529427
4641,2,9.82875,59,1,0,0,0.1,0.019624,7.61117,529487
4642,2,9.78662,73,1,0,0,0.1,0.015681,7.63842,529561
4643,2,9.7836,74,1,0,0,0.1,0.019934,7.62178,529636
4644,2,9.92532,27,1,0,0,0.1,0.020778,7.61925,529664
4645,2,9.91295,31,1,0,0,0.1,0.013649,7.62133,529696
4646,2,9.84041,55,1,0,0,0.1,0.026632,7.63601,529752
4647,2,9.84082,55,1,0,0,0.1,0.017463,7.61133,529808
4648,2,9.85286,51,1,0,0,0.1,0.017326,7.62634,529860
4649,2,9.81984,62,1,0,0,0.1,0.018422,7.65062,529923
4650,2,9.73573,90,1,0,0,0.1,0.025462,7.60562,530014
4651,2,-1.024,8,0,1,0,0.1,0.010786,7.66176,530023
4652,2,9.84679,53,1,0,0,0.1,0.016279,7.62276,530077
4653,2,9.78338,74,1,0,0,0.1,0.022927,7.61587,530152
4654,2,9.93426,24,1,0,0,0.1,0.025807,7.6244,530177
4655,2,9.86721,46,1,0,0,0.1,0.023749,7.5987,530224
4656,2,9.83125,58,1,0,0,0.1,0.024886,7.59393,530283
4657,2,9.907,33,1,0,0,0.1,0.026395,7.62769,530317
4658,2,-1.216,72,0,1,0,0.1,0.020041,7.6271,530390
4659,2,-1.051,17,0,1,0,0.1,0.032941,7.64711,530408
4660,2,9.93058,25,1,0,0,0.1,0.020183,7.61791,530434
4661,2,9.93397,24,1,0,0,0.1,0.027765,7.64971,530459
4662,2,9.83218,58,1,0,0,0.1,0.019425,7.64539,530518
4663,2,9.87969,42,1,0,0,0.1,0.018712,7.61575,530561
4664,2,9.7746,77,1,0,0,0.1,0.026867,7.59122,530639
4665,2,9.8407,55,1,0,0,0.1,0.018974,7.60142,530695
4666,2,9.92477,27,1,0,0,0.1,0.016511,7.65407,530723
4667,2,9.92503,27,1,0,0,0.1,0.014404,7.64214,530751
4668,2,9.89245,38,1,0,0,0.1,0.019702,7.68169,530790
4669,2,9.90695,33,1,0,0,0.1,0.016408,7.64454,530824
4670,2,9.78713,73,1,0,0,0.1,0.024123,7.64068,530898
4671,2,9.89788,36,1,0,0,0.1,0.025851,7.63472,530935
4672,2,9.93089,25,1,0,0,0.1,0.034816,7.63994,530961
4673,2,9.91328,31,1,0,0,0.1,0.013357,7.63754,530993
4674,2,9.93077,25,1,0,0,0.1,0.022009,7.6808,531019
4675,2,9.92452,27,1,0,0,0.1,0.02386,7.65271,531047
4676,2,9.92445,27,1,0,0,0.1,0.019557,7.6599,531075
4677,2,-1.153,51,0,1,0,0.1,0.011905,7.65906,531127
4678,2,-1.015,5,0,1,0,0.1,0.012483,7.66235,531133
4679,2,9.92198,28,1,0,0,0.1,0.015077,7.6441,531162
4680,2,9.91623,30,1,0,0,0.1,0.018107,7.63943,531193
4681,2,9.86481,47,1,0,0,0.1,0.021944,7.63088,531241
4682,2,9.89491,37,1,0,0,0.1,0.019277,7.67091,531279
4683,2,9.81964,62,1,0,0,0.1,0.023932,7.59073,531342
4684,2,9.93112,25,1,0,0,0.1,0.016236,7.6555,531368
4685,2,-1.138,46,0,1,0,0.1,0.023457,7.62031,531415
4686,2,9.91897,29,1,0,0,0.1,0.020356,7.61841,531445
4687,2,9.88868,39,1,0,0,0.1,0.012992,7.64839,531485
4688,2,9.83532,57,1,0,0,0.1,0.020875,7.66083,531543
4689,2,9.87096,45,1,0,0,0.1,0.016758,7.64543,531589
4690,2,9.92487,27,1,0,0,0.1,0.02382,7.65231,531617
4691,2,9.94226,21,1,0,0,0.1,0.029199,7.68254,531639
4692,2,9.89175,38,1,0,0,0.1,0.014311,7.66614,531678
4693,2,9.80783,66,1,0,0,0.1,0.021475,7.6418,531745
4694,2,-1.141,47,0,1,0,0.1,0.019874,7.64911,531793
4695,2,9.9246,27,1,0,0,0.1,0.017853,7.66592,531821
4696,2,-1.018,6,0,1,0,0.1,0.031408,7.64621,531828
4697,2,9.89442,37,1,0,0,0.1,0.020713,7.66135,531866
4698,2,9.75375,84,1,0,0,0.1,0.02373,7.62662,531951
4699,2,9.89786,36,1,0,0,0.1,0.014764,7.66244,531988
4700,2,9.89543,37,1,0,0,0.1,0.026432,7.63176,532026
4701,2,9.90725,33,1,0,0,0.1,0.020905,7.63822,532060
4702,2,9.1119,298,1,0,0,0.1,0.021079,7.63861,532359
4703,2,9.88861,39,1,0,0,0.1,0.017937,7.61733,532399
4704,2,9.93989,22,1,0,0,0.1,0.013658,7.68305,532422
4705,2,9.83181,58,1,0,0,0.1,0.025296,7.64501,532481
4706,2,9.87997,42,1,0,0,0.1,0.014695,7.63115,532524
4707,2,-1.2,400,0,0,1,0.1,0.021209,7.63183,532924
4708,2,9.8196,62,1,0,0,0.1,0.013995,7.63409,532987
4709,2,9.75973,82,1,0,0,0.1,0.014437,7.6289,533070
4710,2,9.83527,57,1,0,0,0.1,0.017655,7.61101,533128
4711,2,9.91889,29,1,0,0,0.1,0.021257,7.59645,533158
4712,2,9.73595,90,1,0,0,0.1,0.020547,7.62915,533249
4713,2,-1.15,50,0,1,0,0.1,0.021627,7.64386,533300
4714,2,9.73911,89,1,0,0,0.1,0.017567,7.6194,533390
4715,2,9.89481,37,1,0,0,0.1,0.026687,7.63757,533428
4716,2,9.88224,41,1,0,0,0.1,0.028828,7.61359,533470
4717,2,9.92156,28,1,0,0,0.1,0.019442,7.64916,533499
4718,2,9.76868,79,1,0,0,0.1,0.017987,7.6309,533579
4719,2,9.86469,47,1,0,0,0.1,0.018141,7.6106,533627
4720,2,9.91879,29,1,0,0,0.1,0.024508,7.61666,533657
4721,2,-1.171,57,0,1,0,0.1,0.029546,7.64058,533715
4722,2,9.86769,46,1,0,0,0.1,0.023883,7.62588,533762
4723,2,-1.069,23,0,1,0,0.1,0.020439,7.57752,533786
4724,2,9.85951,49,1,0,0,0.1,0.029486,7.61473,533836
4725,2,9.94872,19,1,0,0,0.1,0.027341,7.61382,533856
4726,2,9.90413,34,1,0,0,0.1,0.018838,7.62383,533891
4727,2,9.89196,38,1,0,0,0.1,0.017361,7.63851,533930
4728,2,9.82027,62,1,0,0,0.1,0.016657,7.6166,533993
4729,2,9.79549,70,1,0,0,0.1,0.014225,7.63427,534064
4730,2,9.90994,32,1,0,0,0.1,0.016686,7.58621,534097
4731,2,9.9276,26,1,0,0,0.1,0.024048,7.61151,534124
4732,2,-1.285,95,0,1,0,0.1,0.018986,7.62087,534220
4733,2,9.88645,40,1,0,0,0.1,0.019054,7.64626,534261
4734,2,-1.096,32,0,1,0,0.1,0.019487,7.6183,534294
4735,2,9.84422,54,1,0,0,0.1,0.017481,7.66378,534349
4736,2,9.91249,31,1,0,0,0.1,0.021237,7.58139,534381
4737,2,9.93691,23,1,0,0,0.1,0.013785,7.65449,534405
4738,2,9.94899,19,1,0,0,0.1,0.017059,7.62461,534425
4739,2,9.85851,49,1,0,0,0.1,0.020625,7.60682,534475
4740,2,9.8409,55,1,0,0,0.1,0.024327,7.65298,534531
4741,2,9.81389,64,1,0,0,0.1,0.014409,7.62432,534596
4742,2,9.89741,36,1,0,0,0.1,0.016313,7.66907,534633
4743,2,9.92749,26,1,0,0,0.1,0.024701,7.61208,534660
4744,2,9.91851,29,1,0,0,0.1,0.019234,7.64978,534690
4745,2,9.90962,32,1,0,0,0.1,0.022606,7.63815,534723
4746,2,9.87663,43,1,0,0,0.1,0.015931,7.67596,534767
4747,2,9.93954,22,1,0,0,0.1,0.016897,7.65722,534790
4748,2,9.90383,34,1,0,0,0.1,0.016774,7.65115,534825
4749,2,9.93389,24,1,0,0,0.1,0.018453,7.60707,534850
4750,2,9.8136,64,1,0,0,0.1,0.017017,7.63759,534915
4751,2,9.89832,36,1,0,0,0.1,0.020757,7.67103,534952
4752,2,9.91587,30,1,0,0,0.1,0.026677,7.62222,534983
4753,2,9.91573,30,1,0,0,0.1,0.023452,7.63685,535014
4754,2,9.85606,50,1,0,0,0.1,0.022731,7.65552,535065
4755,2,-1.117,39,0,1,0,0.1,0.015225,7.62015,535105
4756,2,9.92476,27,1,0,0,0.1,0.019322,7.63701,535133
4757,2,9.83741,56,1,0,0,0.1,0.017726,7.62914,535190
4758,2,9.84703,53,1,0,0,0.1,0.023236,7.64156,535244
4759,2,9.80751,66,1,0,0,0.1,0.025817,7.66249,535311
4760,2,9.94026,22,1,0,0,0.1,0.021273,7.64189,535334
4761,2,9.82303,61,1,0,0,0.1,0.029641,7.63719,535396
4762,2,9.9221,28,1,0,0,0.1,0.014503,7.67228,535425
4763,2,9.87704,43,1,0,0,0.1,0.01658,7.66909,535469
4764,2,9.86527,47,1,0,0,0.1,0.02073,7.62536,535517
4765,2,-1.066,22,0,1,0,0.1,0.027935,7.63968,535540
4766,2,9.81392,64,1,0,0,0.1,0.021907,7.63415,535605
4767,2,9.87376,44,1,0,0,0.1,0.008596,7.64853,535650
4768,2,-1.03,10,0,1,0,0.1,0.027781,7.57982,535661
4769,2,9.87125,45,1,0,0,0.1,0.025581,7.64271,535707
4770,2,9.89794,36,1,0,0,0.1,0.024362,7.63105,535744
4771,2,9.76913,79,1,0,0,0.1,0.019789,7.64102,535824
4772,2,9.82233,61,1,0,0,0.1,0.019735,7.65358,535886
4773,2,9.88001,42,1,0,0,0.1,0.023776,7.62138,535929
4774,2,9.86758,46,1,0,0,0.1,0.023777,7.62678,535976
4775,2,-1.03,10,0,1,0,0.1,0.015217,7.57308,535987
4776,2,9.85332,51,1,0,0,0.1,0.015675,7.6433,536039
4777,2,9.91944,29,1,0,0,0.1,0.017888,7.64822,536069
4778,2,9.82302,61,1,0,0,0.1,0.020952,7.62788,536131
4779,2,9.86461,47,1,0,0,0.1,0.027584,7.64709,536179
4780,2,9.85898,49,1,0,0,0.1,0.019537,7.64824,536229
4781,2,-1.072,24,0,1,0,0.1,0.019988,7.61083,536254
4782,2,9.82606,60,1,0,0,0.1,0.01829,7.643,536315
4783,2,9.84702,53,1,0,0,0.1,0.014296,7.64386,536369
4784,2,9.75079,85,1,0,0,0.1,0.020542,7.65111,536455
4785,2,9.82569,60,1,0,0,0.1,0.018662,7.65215,536516
4786,2,9.84719,53,1,0,0,0.1,0.015717,7.64399,536570
4787,2,9.89507,37,1,0,0,0.1,0.023125,7.63082,536608
4788,2,9.91624,30,1,0,0,0.1,0.026485,7.62451,536639
4789,2,9.93048,25,1,0,0,0.1,0.013599,7.64638,536665
4790,2,9.88006,42,1,0,0,0.1,0.01206,7.64548,536708
4791,2,9.80459,67,1,0,0,0.1,0.013194,7.62814,536776
4792,2,9.90473,34,1,0,0,0.1,0.027315,7.65324,536811
4793,2,9.85,52,1,0,0,0.1,0.025356,7.61441,536864
4794,2,9.91569,30,1,0,0,0.1,0.027932,7.64061,536895
4795,2,9.80804,66,1,0,0,0.1,0.019734,7.64697,536962
4796,2,-1.09,30,0,1,0,0.1,0.020208,7.64312,536993
4797,2,9.91557,30,1,0,0,0.1,0.023516,7.67594,537024
4798,2,9.81366,64,1,0,0,0.1,0.022602,7.64805,537089
4799,2,-1.096,32,0,1,0,0.1,0.016742,7.61661,537122
4800,2,9.84689,53,1,0,0,0.1,0.01852,7.63148,537176
4801,2,9.9366,23,1,0,0,0.1,0.032055,7.61741,537200
4802,2,-1.009,3,0,1,0,0.1,0.003213,7.5522,537204
4803,2,9.84441,54,1,0,0,0.1,0.015363,7.63302,537259
4804,2,9.81954,62,1,0,0,0.1,0.019257,7.62548,537322
4805,2,9.85935,49,1,0,0,0.1,0.018595,7.63968,537372
4806,2,9.93661,23,1,0,0,0.1,0.011691,7.62501,537396
4807,2,9.78349,74,1,0,0,0.1,0.027877,7.65022,537471
4808,2,9.88295,41,1,0,0,0.1,0.02623,7.59314,537513
4809,2,-1.198,66,0,1,0,0.1,0.019781,7.6458,537580
4810,2,9.74453,87,1,0,0,0.1,0.022441,7.66381,537668
4811,2,9.91583,30,1,0,0,0.1,0.014838,7.60955,537699
4812,2,-1.144,48,0,1,0,0.1,0.016937,7.65963,537748
4813,2,9.87129,45,1,0,0,0.1,0.015325,7.6508,537794
4814,2,9.8376,56,1,0,0,0.1,0.017572,7.66258,537851
4815,2,-1.051,17,0,1,0,0.1,0.023907,7.65628,537869
4816,2,9.91937,29,1,0,0,0.1,0.025911,7.62301,537899
4817,2,9.82899,59,1,0,0,0.1,0.022428,7.65023,537959
4818,2,-1.225,75,0,1,0,0.1,0.023977,7.65044,538035
4819,2,9.91825,29,1,0,0,0.1,0.027594,7.63367,538065
4820,2,9.81696,63,1,0,0,0.1,0.021528,7.62282,538129
4821,2,9.79894,69,1,0,0,0.1,0.016232,7.66088,538199
4822,2,-1.105,35,0,1,0,0.1,0.012348,7.66305,538235
4823,2,9.89187,38,1,0,0,0.1,0.02664,7.64326,538274
4824,2,9.81428,64,1,0,0,0.1,0.023588,7.63391,538339
4825,2,9.91042,32,1,0,0,0.1,0.017007,7.65232,538372
4826,2,-1.06,20,0,1,0,0.1,0.01184,7.61449,538393
4827,2,9.94286,21,1,0,0,0.1,0.030403,7.66369,538415
4828,2,9.75428,84,1,0,0,0.1,0.021853,7.6418,538500
4829,2,9.93981,22,1,0,0,0.1,0.018684,7.58987,538523
4830,2,-1.018,6,0,1,0,0.1,0.012297,7.58281,538530
4831,2,-1.048,16,0,1,0,0.1,0.013022,7.63276,538547
4832,2,9.88263,41,1,0,0,0.1,0.012714,7.62327,538589
4833,2,-1.063,21,0,1,0,0.1,0.017855,7.65081,538611
4834,2,9.85332,51,1,0,0,0.1,0.021892,7.65433,538663
4835,2,9.91253,31,1,0,0,0.1,0.021727,7.65889,538695
4836,2,9.8859,40,1,0,0,0.1,0.014759,7.64689,538736
4837,2,9.87414,44,1,0,0,0.1,0.019812,7.64529,538781
4838,2,9.93056,25,1,0,0,0.1,0.020011,7.65333,538807
4839,2,9.89223,38,1,0,0,0.1,0.018578,7.63963,538846
4840,2,9.92758,26,1,0,0,0.1,0.020104,7.66653,538873
4841,2,9.91346,31,1,0,0,0.1,0.019252,7.62676,538905
4842,2,9.93353,24,1,0,0,0.1,0.020644,7.66404,538930
4843,2,9.70855,99,1,0,0,0.1,0.019908,7.63213,539030
4844,2,9.92184,28,1,0,0,0.1,0.018505,7.66826,539059
4845,2,9.93677,23,1,0,0,0.1,0.017999,7.67175,539083
4846,2,9.84754,53,1,0,0,0.1,0.016708,7.65218,539137
4847,2,9.85039,52,1,0,0,0.1,0.02085,7.67435,539190
4848,2,9.93698,23,1,0,0,0.1,0.021481,7.64007,539214
4849,2,9.88306,41,1,0,0,0.1,0.022774,7.62889,539256
4850,2,9.82311,61,1,0,0,0.1,0.02401,7.62513,539318
4851,2,9.54703,153,1,0,0,0.1,0.01687,7.65922,539472
4852,2,9.8976,36,1,0,0,0.1,0.020925,7.65847,539509
4853,2,9.89459,37,1,0,0,0.1,0.021483,7.65447,539547
4854,2,-1.24,80,0,1,0,0.1,0.024413,7.65854,539628
4855,2,-1.036,12,0,1,0,0.1,0.027087,7.61078,539641
4856,2,9.82615,60,1,0,0,0.1,0.017656,7.67114,539702
4857,2,9.93362,24,1,0,0,0.1,0.004747,7.64551,539727
4858,2,9.90673,33,1,0,0,0.1,0.023008,7.62122,539761
4859,2,9.92528,27,1,0,0,0.1,0.008881,7.65705,539789
4860,2,9.86241,48,1,0,0,0.1,0.021934,7.66164,539838
4861,2,9.87393,44,1,0,0,0.1,0.021664,7.59998,539883
4862,2,9.87121,45,1,0,0,0.1,0.019014,7.66001,539929
4863,2,9.81345,64,1,0,0,0.1,0.02306,7.67087,539994
4864,2,9.89752,36,1,0,0,0.1,0.017504,7.67243,540031
4865,2,-1.015,5,0,1,0,0.1,0.003476,7.61766,540037
4866,2,9.75356,84,1,0,0,0.1,0.017565,7.65154,540122
4867,2,9.85899,49,1,0,0,0.1,0.029036,7.65707,540172
4868,2,9.92744,26,1,0,0,0.1,0.027774,7.64321,540199
4869,2,9.87701,43,1,0,0,0.1,0.024338,7.63174,540243
4870,2,9.91551,30,1,0,0,0.1,0.014959,7.67548,540274
4871,2,9.88548,40,1,0,0,0.1,0.021869,7.66705,540315
4872,2,9.88019,42,1,0,0,0.1,0.012057,7.64437,540358
4873,2,9.78397,74,1,0,0,0.1,0.017052,7.65927,540433
4874,2,9.81402,64,1,0,0,0.1,0.016022,7.63285,540498
4875,2,9.87135,45,1,0,0,0.1,0.018427,7.66667,540544
4876,2,9.92768,26,1,0,0,0.1,0.015997,7.61401,540571
4877,2,9.93955,22,1,0,0,0.1,0.024028,7.63178,540594
4878,2,9.93967,22,1,0,0,0.1,0.015811,7.62326,540617
4879,2,9.88895,39,1,0,0,0.1,0.014152,7.64994,540657
4880,2,9.81686,63,1,0,0,0.1,0.022715,7.65117,540721
4881,2,9.91298,31,1,0,0,0.1,0.018686,7.70529,540753
4882,2,9.91843,29,1,0,0,0.1,0.01219,7.62248,540783
4883,2,9.81958,62,1,0,0,0.1,0.021225,7.64719,540846
4884,2,9.87919,42,1,0,0,0.1,0.008523,7.6861,540889
4885,2,9.83536,57,1,0,0,0.1,0.025275,7.63056,540947
4886,2,9.83485,57,1,0,0,0.1,0.020731,7.6353,541005
4887,2,9.85888,49,1,0,0,0.1,0.017074,7.63658,541055
4888,2,9.92733,26,1,0,0,0.1,0.023673,7.66445,541082
4889,2,9.82607,60,1,0,0,0.1,0.022369,7.65516,541143
4890,2,9.92177,28,1,0,0,0.1,0.01278,7.63384,541172
4891,2,9.8886,39,1,0,0,0.1,0.0203,7.67189,541212
4892,2,9.91287,31,1,0,0,0.1,0.018357,7.63477,541244
4893,2,9.92232,28,1,0,0,0.1,0.027391,7.61463,541273
4894,2,9.87716,43,1,0,0,0.1,0.01484,7.64612,541317
4895,2,-1.219,73,0,1,0,0.1,0.027187,7.65776,541391
4896,2,9.9068,33,1,0,0,0.1,0.020459,7.68773,541425
4897,2,9.88258,41,1,0,0,0.1,0.022978,7.65028,541467
4898,2,9.84065,55,1,0,0,0.1,0.022721,7.65037,541523
4899,2,9.8532,51,1,0,0,0.1,0.023101,7.65924,541575
4900,2,9.87687,43,1,0,0,0.1,0.022082,7.68332,541619
4901,2,9.907,33,1,0,0,0.1,0.023487,7.6628,541653
4902,2,9.89246,38,1,0,0,0.1,0.021138,7.67538,541692
4903,2,9.83486,57,1,0,0,0.1,0.012693,7.62491,541750
4904,2,9.90339,34,1,0,0,0.1,0.023831,7.66719,541785
4905,2,9.92825,26,1,0,0,0.1,0.024744,7.62999,541812
4906,2,9.77785,76,1,0,0,0.1,0.023119,7.68083,541889
4907,2,9.925,27,1,0,0,0.1,0.013677,7.61953,541917
4908,2,9.87366,44,1,0,0,0.1,0.017857,7.65966,541962
4909,2,9.89191,38,1,0,0,0.1,0.017927,7.69949,542001
4910,2,9.87693,43,1,0,0,0.1,0.020456,7.65059,542045
4911,2,9.84119,55,1,0,0,0.1,0.011641,7.6683,542101
4912,2,9.81654,63,1,0,0,0.1,0.02023,7.67819,542165
4913,2,-1.072,24,0,1,0,0.1,0.01261,7.6822,542190
4914,2,9.81364,64,1,0,0,0.1,0.022269,7.65955,542255
4915,2,9.79582,70,1,0,0,0.1,0.023175,7.66199,542326
4916,2,9.85897,49,1,0,0,0.1,0.019327,7.6665,542376
4917,2,9.81349,64,1,0,0,0.1,0.021167,7.64173,542441
4918,2,9.81062,65,1,0,0,0.1,0.013694,7.67763,542507
4919,2,9.86459,47,1,0,0,0.1,0.020995,7.64441,542555
4920,2,9.93367,24,1,0,0,0.1,0.017583,7.68643,542580
4921,2,9.89501,37,1,0,0,0.1,0.024016,7.65569,542618
4922,2,9.74757,86,1,0,0,0.1,0.021445,7.63755,542705
4923,2,9.9099,32,1,0,0,0.1,0.019876,7.68381,542738
4924,2,-1.141,47,0,1,0,0.1,0.021108,7.69332,542786
4925,2,9.92502,27,1,0,0,0.1,0.022662,7.7151,542814
4926,2,9.89174,38,1,0,0,0.1,0.017424,7.67744,542853
4927,2,9.90682,33,1,0,0,0.1,0.029285,7.65016,542887
4928,2,9.59187,138,1,0,0,0.1,0.02023,7.65958,543026
4929,2,9.73301,91,1,0,0,0.1,0.019953,7.65661,543118
4930,2,9.7989,69,1,0,0,0.1,0.013534,7.66947,543188
4931,2,9.90069,35,1,0,0,0.1,0.025894,7.6955,543224
4932,2,9.75058,85,1,0,0,0.1,0.019934,7.66474,543310
4933,2,9.89201,38,1,0,0,0.1,0.026257,7.68655,543349
4934,2,9.78126,75,1,0,0,0.1,0.021911,7.66014,543425
4935,2,9.91908,29,1,0,0,0.1,0.024646,7.66494,543455
4936,2,9.88588,40,1,0,0,0.1,0.021673,7.66684,543496
4937,2,9.81415,64,1,0,0,0.1,0.011877,7.70497,543561
4938,2,8.85955,382,1,0,0,0.1,0.01856,7.64887,543944
4939,2,-1.072,24,0,1,0,0.1,0.01953,7.63299,543969
4940,2,9.90674,33,1,0,0,0.1,0.016844,7.62475,544003
4941,2,9.84656,53,1,0,0,0.1,0.024672,7.6388,544057
4942,2,9.85856,49,1,0,0,0.1,0.012484,7.67046,544107
4943,2,9.87984,42,1,0,0,0.1,0.020304,7.64733,544150
4944,2,9.90663,33,1,0,0,0.1,0.01517,7.63312,544184
4945,2,9.84973,52,1,0,0,0.1,0.015142,7.64265,544237
4946,2,-1.228,76,0,1,0,0.1,0.01851,7.62994,544314
4947,2,9.88854,39,1,0,0,0.1,0.0169,7.61039,544354
4948,2,9.92198,28,1,0,0,0.1,0.025952,7.66231,544383
4949,2,9.90366,34,1,0,0,0.1,0.017544,7.61977,544418
4950,2,9.91268,31,1,0,0,0.1,0.024109,7.63609,544450
4951,2,9.55029,152,1,0,0,0.1,0.022136,7.63376,544603
4952,2,9.86233,48,1,0,0,0.1,0.025265,7.66032,544652
4953,2,9.84712,53,1,0,0,0.1,0.02173,7.59878,544706
4954,2,9.82613,60,1,0,0,0.1,0.015901,7.64535,544767
4955,2,9.86219,48,1,0,0,0.1,0.0175,7.64106,544816
4956,2,9.81343,64,1,0,0,0.1,0.017504,7.64564,544881
4957,2,9.79889,69,1,0,0,0.1,0.018252,7.65927,544951
4958,2,-1.096,32,0,1,0,0.1,0.020533,7.67244,544984
4959,2,9.90071,35,1,0,0,0.1,0.02706,7.67278,545020
4960,2,9.84055,55,1,0,0,0.1,0.01326,7.64841,545076
4961,2,9.8199,62,1,0,0,0.1,0.020653,7.61788,545139
4962,2,9.86757,46,1,0,0,0.1,0.016803,7.65177,545186
4963,2,9.91263,31,1,0,0,0.1,0.032221,7.65293,545218
4964,2,-1.162,54,0,1,0,0.1,0.021274,7.64205,545273
4965,2,9.89125,38,1,0,0,0.1,0.016467,7.63838,545312
4966,2,9.79325,71,1,0,0,0.1,0.012675,7.6303,545384
4967,2,-1.078,26,0,1,0,0.1,0.011569,7.69268,545411
4968,2,9.832,58,1,0,0,0.1,0.013498,7.64078,545470
4969,2,9.81128,65,1,0,0,0.1,0.01363,7.64567,545536
4970,2,9.81122,65,1,0,0,0.1,0.021897,7.65458,545602
4971,2,9.92179,28,1,0,0,0.1,0.016861,7.63172,545631
4972,2,9.7874,73,1,0,0,0.1,0.018391,7.65927,545705
4973,2,9.91859,29,1,0,0,0.1,0.014249,7.66957,545735
4974,2,-1.087,29,0,1,0,0.1,0.015357,7.66616,545765
4975,2,9.81988,62,1,0,0,0.1,0.02161,7.6378,545828
4976,2,9.89525,37,1,0,0,0.1,0.019244,7.6482,545866
4977,2,-1.063,21,0,1,0,0.1,0.024917,7.65329,545888
4978,2,-1.045,15,0,1,0,0.1,0.021749,7.56305,545904
4979,2,9.87716,43,1,0,0,0.1,0.015074,7.67971,545948
4980,2,9.85294,51,1,0,0,0.1,0.023473,7.64401,546000
4981,2,9.87928,42,1,0,0,0.1,0.015928,7.62374,546043
4982,2,-1.018,6,0,1,0,0.1,0.032151,7.66715,546050
4983,2,9.92152,28,1,0,0,0.1,0.022796,7.62803,546079
4984,2,9.80527,67,1,0,0,0.1,0.024058,7.65724,546147
4985,2,9.93079,25,1,0,0,0.1,0.026616,7.63412,546173
4986,2,9.89182,38,1,0,0,0.1,0.017972,7.61222,546212
4987,2,9.80461,67,1,0,0,0.1,0.021856,7.62247,546280
4988,2,9.85244,51,1,0,0,0.1,0.023081,7.64974,546332
4989,2,9.88259,41,1,0,0,0.1,0.015174,7.67162,546374
4990,2,9.94874,19,1,0,0,0.1,0.016574,7.63868,546394
4991,2,-1.066,22,0,1,0,0.1,0.01433,7.61268,546417
4992,2,9.8946,37,1,0,0,0.1,0.019927,7.64799,546455
4993,2,9.83484,57,1,0,0,0.1,0.009689,7.6154,546513
4994,2,9.93956,22,1,0,0,0.1,0.023508,7.62832,546536
4995,2,-1.087,29,0,1,0,0.1,0.025896,7.65207,546566
4996,2,9.90701,33,1,0,0,0.1,0.018732,7.64417,546600
4997,2,9.91632,30,1,0,0,0.1,0.025655,7.63294,546631
4998,2,9.87957,42,1,0,0,0.1,0.021661,7.62964,546674
4999,2,9.82558,60,1,0,0,0.1,0.020974,7.64319,546735
5000,2,9.87953,42,1,0,0,0.1,0.018513,7.65265,546778
5001,2,9.84657,53,1,0,0,0.1,0.018449,7.6832,546832
5002,2,-1.039,13,0,1,0,0.1,0.017211,7.62402,546846
5003,2,9.90084,35,1,0,0,0.1,0.024992,7.62137,546882
5004,2,9.94297,21,1,0,0,0.1,0.012238,7.67937,546904
5005,2,9.93086,25,1,0,0,0.1,0.020852,7.66519,546930
5006,2,9.85562,50,1,0,0,0.1,0.016282,7.64592,546981
5007,2,9.91624,30,1,0,0,0.1,0.021911,7.62635,547012
5008,2,9.8292,59,1,0,0,0.1,0.017191,7.63644,547072
5009,2,9.88568,40,1,0,0,0.1,0.023214,7.64577,547113
5010,2,9.93128,25,1,0,0,0.1,0.018083,7.6649,547139
5011,2,9.87094,45,1,0,0,0.1,0.01869,7.6693,547185
5012,2,9.90373,34,1,0,0,0.1,0.022807,7.67399,547220
5013,2,9.78998,72,1,0,0,0.1,0.024722,7.64712,547293
5014,2,9.94916,19,1,0,0,0.1,0.013467,7.6647,547313
5015,2,-1.048,16,0,1,0,0.1,0.015644,7.66017,547330
5016,2,9.93404,24,1,0,0,0.1,0.01354,7.6626,547355
5017,2,-1.027,9,0,1,0,0.1,0.03994,7.63352,547365
5018,2,9.89478,37,1,0,0,0.1,0.018381,7.66937,547403
5019,2,9.90441,34,1,0,0,0.1,0.02548,7.63516,547438
5020,2,9.81716,63,1,0,0,0.1,0.016385,7.66527,547502
5021,2,9.92219,28,1,0,0,0.1,0.011416,7.69277,547531
5022,2,9.91026,32,1,0,0,0.1,0.01721,7.63475,547564
5023,2,9.93689,23,1,0,0,0.1,0.024805,7.69441,547588
5024,2,9.86764,46,1,0,0,0.1,0.020945,7.64776,547635
5025,2,9.80479,67,1,0,0,0.1,0.021179,7.64476,547703
5026,2,9.90055,35,1,0,0,0.1,0.009592,7.66478,547739
5027,2,9.92821,26,1,0,0,0.1,0.024009,7.66297,547766
5028,2,9.70577,100,1,0,0,0.1,0.01888,7.65829,547867
5029,2,9.93366,24,1,0,0,0.1,0.018956,7.69038,547892
5030,2,9.94308,21,1,0,0,0.1,0.021155,7.62258,547914
5031,2,9.93357,24,1,0,0,0.1,0.02067,7.67364,547939
5032,2,9.67297,111,1,0,0,0.1,0.018019,7.65208,548051
5033,2,9.91254,31,1,0,0,0.1,0.023655,7.66882,548083
5034,2,9.88576,40,1,0,0,0.1,0.018143,7.63752,548124
5035,2,9.75999,82,1,0,0,0.1,0.017148,7.65522,548207
5036,2,9.83748,56,1,0,0,0.1,0.014342,7.65033,548264
5037,2,9.85893,49,1,0,0,0.1,0.027011,7.66206,548314
5038,2,9.80503,67,1,0,0,0.1,0.023168,7.6855,548382
5039,2,9.66676,113,1,0,0,0.1,0.018258,7.67044,548496
5040,2,9.90399,34,1,0,0,0.1,0.025385,7.6438,548531
5041,2,9.88598,40,1,0,0,0.1,0.0191,7.68889,548572
5042,2,9.82905,59,1,0,0,0.1,0.012143,7.65093,548632
5043,2,9.92755,26,1,0,0,0.1,0.014398,7.68597,548659
5044,2,9.93089,25,1,0,0,0.1,0.039086,7.67463,548685
5045,2,9.90669,33,1,0,0,0.1,0.02196,7.64265,548719
5046,2,9.89166,38,1,0,0,0.1,0.022532,7.67866,548758
5047,2,9.88563,40,1,0,0,0.1,0.010209,7.70989,548799
5048,2,-1.294,98,0,1,0,0.1,0.024053,7.6811,548898
5049,2,9.92802,26,1,0,0,0.1,0.011995,7.70404,548925
5050,2,9.82246,61,1,0,0,0.1,0.021379,7.66004,548987
5051,2,9.8558,50,1,0,0,0.1,0.022672,7.65892,549038
5052,2,9.94294,21,1,0,0,0.1,0.023558,7.68119,549060
5053,2,9.78419,74,1,0,0,0.1,0.021975,7.66195,549135
5054,2,9.91086,32,1,0,0,0.1,0.01373,7.71623,549168
5055,2,9.93106,25,1,0,0,0.1,0.020652,7.68076,549194
5056,2,-1.078,26,0,1,0,0.1,0.026672,7.67146,549221
5057,2,9.94002,22,1,0,0,0.1,0.013734,7.69052,549244
5058,2,9.88849,39,1,0,0,0.1,0.016644,7.67055,549284
5059,2,9.8798,42,1,0,0,0.1,0.022566,7.65725,549327
5060,2,9.90358,34,1,0,0,0.1,0.028601,7.70109,549362
5061,2,9.94552,20,1,0,0,0.1,0.033896,7.65443,549383
5062,2,-1.033,11,0,1,0,0.1,0.027701,7.63742,549395
5063,2,9.86802,46,1,0,0,0.1,0.016485,7.68866,549442
5064,2,9.85893,49,1,0,0,0.1,0.028255,7.69008,549492
5065,2,9.86532,47,1,0,0,0.1,0.023223,7.7011,549540
5066,2,9.90673,33,1,0,0,0.1,0.026076,7.67692,549574
5067,2,9.8049,67,1,0,0,0.1,0.018363,7.68194,549642
5068,2,9.81659,63,1,0,0,0.1,0.016544,7.70114,549706
5069,2,9.92229,28,1,0,0,0.1,0.0193,7.73601,549735
5070,2,9.89192,38,1,0,0,0.1,0.024546,7.70502,549774
5071,2,-1.159,53,0,1,0,0.1,0.025032,7.66847,549828
5072,2,9.91284,31,1,0,0,0.1,0.022649,7.68325,549860
5073,2,9.8111,65,1,0,0,0.1,0.024256,7.7019,549926
5074,2,9.74812,86,1,0,0,0.1,0.020679,7.67786,550013
5075,2,-1.051,17,0,1,0,0.1,0.02666,7.6962,550031
5076,2,9.30737,233,1,0,0,0.1,0.017913,7.68164,550265
5077,2,9.90432,34,1,0,0,0.1,0.020114,7.65555,550300
5078,2,-1.078,26,0,1,0,0.1,0.028772,7.67362,550327
5079,2,9.76241,81,1,0,0,0.1,0.018742,7.66905,550409
5080,2,9.87974,42,1,0,0,0.1,0.010812,7.67072,550452
5081,2,9.92476,27,1,0,0,0.1,0.013961,7.65625,550480
5082,2,-1.027,9,0,1,0,0.1,0.015686,7.64656,550490
5083,2,9.90398,34,1,0,0,0.1,0.015541,7.69968,550525
5084,2,9.92233,28,1,0,0,0.1,0.025554,7.65145,550554
5085,2,9.9156,30,1,0,0,0.1,0.018257,7.67385,550585
5086,2,9.88525,40,1,0,0,0.1,0.017035,7.69683,550626
5087,2,9.88585,40,1,0,0,0.1,0.020346,7.69156,550667
5088,2,9.86173,48,1,0,0,0.1,0.021445,7.66849,550716
5089,2,-1.072,24,0,1,0,0.1,0.013434,7.65793,550741
5090,2,9.81388,64,1,0,0,0.1,0.019243,7.67144,550806
5091,2,-1.216,72,0,1,0,0.1,0.024201,7.6824,550879
5092,2,9.79859,69,1,0,0,0.1,0.017978,7.67111,550949
5093,2,9.84979,52,1,0,0,0.1,0.016392,7.68327,551002
5094,2,-1.087,29,0,1,0,0.1,0.010529,7.72613,551032
5095,2,-1.102,34,0,1,0,0.1,0.026568,7.68971,551067
5096,2,9.8833,41,1,0,0,0.1,0.022932,7.67598,551109
5097,2,9.91633,30,1,0,0,0.1,0.018594,7.64187,551140
5098,2,9.94564,20,1,0,0,0.1,0.033557,7.68838,551161
5099,2,9.79594,70,1,0,0,0.1,0.025107,7.67037,551232
5100,2,9.79039,72,1,0,0,0.1,0.014981,7.67999,551305
5101,2,9.84424,54,1,0,0,0.1,0.016115,7.67905,551360
5102,2,9.7722,78,1,0,0,0.1,0.019552,7.6839,551439
5103,2,9.83224,58,1,0,0,0.1,0.027447,7.67359,551498
5104,2,9.92802,26,1,0,0,0.1,0.023132,7.62797,551525
5105,2,9.82322,61,1,0,0,0.1,0.01651,7.69435,551587
5106,2,9.91564,30,1,0,0,0.1,0.014347,7.65383,551618
5107,2,9.81672,63,1,0,0,0.1,0.016094,7.68467,551682
5108,2,9.9305,25,1,0,0,0.1,0.018282,7.66833,551708
5109,2,9.79841,69,1,0,0,0.1,0.02293,7.65505,551778
5110,2,9.90724,33,1,0,0,0.1,0.019585,7.66602,551812
5111,2,9.853,51,1,0,0,0.1,0.023112,7.68975,551864
5112,2,9.9247,27,1,0,0,0.1,0.01201,7.67484,551892
5113,2,9.88648,40,1,0,0,0.1,0.01496,7.67963,551933
5114,2,9.90684,33,1,0,0,0.1,0.015161,7.69647,551967
5115,2,9.89472,37,1,0,0,0.1,0.017328,7.67032,552005
5116,2,9.66368,114,1,0,0,0.1,0.025112,7.67007,552120
5117,2,9.89474,37,1,0,0,0.1,0.015121,7.68326,552158
5118,2,9.89483,37,1,0,0,0.1,0.015738,7.66287,552196
5119,2,9.913,31,1,0,0,0.1,0.013648,7.66569,552228
5120,2,9.93722,23,1,0,0,0.1,0.022473,7.6711,552252
5121,2,9.86503,47,1,0,0,0.1,0.014726,7.69269,552300
5122,2,9.81948,62,1,0,0,0.1,0.017211,7.68933,552363
5123,2,9.9366,23,1,0,0,0.1,0.015551,7.67136,552387
5124,2,9.78659,73,1,0,0,0.1,0.014443,7.69211,552461
5125,2,9.81367,64,1,0,0,0.1,0.016054,7.66726,552526
5126,2,9.89522,37,1,0,0,0.1,0.013944,7.69749,552564
5127,2,9.86519,47,1,0,0,0.1,0.019527,7.69911,552612
5128,2,-1.2,400,0,0,1,0.1,0.019977,7.68689,553012
5129,2,9.90996,32,1,0,0,0.1,0.017624,7.66723,553045
5130,2,9.90659,33,1,0,0,0.1,0.013647,7.70664,553079
5131,2,9.87676,43,1,0,0,0.1,0.021289,7.70058,553123
5132,2,9.93082,25,1,0,0,0.1,0.021641,7.66701,553149
5133,2,9.90077,35,1,0,0,0.1,0.012085,7.67007,553185
5134,2,9.93093,25,1,0,0,0.1,0.020892,7.72176,553211
5135,2,-1.12,40,0,1,0,0.1,0.02769,7.66875,553252
5136,2,9.9222,28,1,0,0,0.1,0.021692,7.68913,553281
5137,2,9.91287,31,1,0,0,0.1,0.017943,7.73876,553313
5138,2,9.90669,33,1,0,0,0.1,0.032618,7.69207,553347
5139,2,-1.213,71,0,1,0,0.1,0.018707,7.70323,553419
5140,2,9.85008,52,1,0,0,0.1,0.022197,7.70844,553472
5141,2,9.88871,39,1,0,0,0.1,0.022413,7.70264,553512
5142,2,9.92174,28,1,0,0,0.1,0.022185,7.69301,553541
5143,2,9.72373,94,1,0,0,0.1,0.018336,7.69719,553636
5144,2,9.92503,27,1,0,0,0.1,0.018814,7.71772,553664
5145,2,9.83188,58,1,0,0,0.1,0.021316,7.70368,553723
5146,2,9.90378,34,1,0,0,0.1,0.018302,7.68094,553758
5147,2,9.907,33,1,0,0,0.1,0.028041,7.70706,553792
5148,2,9.88018,42,1,0,0,0.1,0.021772,7.6679,553835
5149,2,9.91926,29,1,0,0,0.1,0.020998,7.70111,553865
5150,2,9.88268,41,1,0,0,0.1,0.014825,7.72695,553907
5151,2,9.92789,26,1,0,0,0.1,0.018633,7.69833,553934
5152,2,-1.18,60,0,1,0,0.1,0.010151,7.68741,553995
5153,2,9.84651,53,1,0,0,0.1,0.022641,7.73771,554049
5154,2,9.84358,54,1,0,0,0.1,0.020758,7.68162,554104
5155,2,9.85575,50,1,0,0,0.1,0.022116,7.70283,554155
5156,2,9.84996,52,1,0,0,0.1,0.020807,7.68695,554208
5157,2,9.93073,25,1,0,0,0.1,0.0142,7.7054,554234
5158,2,9.78358,74,1,0,0,0.1,0.027531,7.68787,554309
5159,2,9.89469,37,1,0,0,0.1,0.012885,7.73027,554347
5160,2,9.92544,27,1,0,0,0.1,0.018026,7.7344,554375
5161,2,9.86202,48,1,0,0,0.1,0.020783,7.70886,554424
5162,2,9.92231,28,1,0,0,0.1,0.026149,7.70385,554453
5163,2,-1.075,25,0,1,0,0.1,0.01939,7.71801,554479
5164,2,9.88018,42,1,0,0,0.1,0.025339,7.67176,554522
5165,2,9.72668,93,1,0,0,0.1,0.020031,7.70088,554616
5166,2,9.86803,46,1,0,0,0.1,0.023491,7.70542,554663
5167,2,9.91852,29,1,0,0,0.1,0.015368,7.73429,554693
5168,2,9.91232,31,1,0,0,0.1,0.017539,7.70608,554725
5169,2,9.83219,58,1,0,0,0.1,0.021332,7.7108,554784
5170,2,9.72103,95,1,0,0,0.1,0.02008,7.72195,554880
5171,2,9.8439,54,1,0,0,0.1,0.020229,7.69836,554935
5172,2,9.82585,60,1,0,0,0.1,0.019745,7.7343,554996
5173,2,9.94257,21,1,0,0,0.1,0.014117,7.72123,555018
5174,2,-1.084,28,0,1,0,0.1,0.015275,7.72123,555047
5175,2,9.89491,37,1,0,0,0.1,0.01649,7.74802,555085
5176,2,9.92783,26,1,0,0,0.1,0.019507,7.71272,555112
5177,2,9.81405,64,1,0,0,0.1,0.020042,7.73018,555177
5178,2,9.90657,33,1,0,0,0.1,0.027249,7.72826,555211
5179,2,9.87656,43,1,0,0,0.1,0.022713,7.72848,555255
5180,2,9.89195,38,1,0,0,0.1,0.013966,7.69873,555294
5181,2,9.89827,36,1,0,0,0.1,0.021739,7.73017,555331
5182,2,9.78398,74,1,0,0,0.1,0.018671,7.72967,555406
5183,2,9.81719,63,1,0,0,0.1,0.01804,7.71706,555470
5184,2,9.69657,103,1,0,0,0.1,0.017173,7.7347,555574
5185,2,9.92807,26,1,0,0,0.1,0.015929,7.70779,555601
5186,2,9.83209,58,1,0,0,0.1,0.017951,7.68556,555660
5187,2,9.93957,22,1,0,0,0.1,0.020554,7.74075,555683
5188,2,9.7328,91,1,0,0,0.1,0.014286,7.71339,555775
5189,2,9.84734,53,1,0,0,0.1,0.020478,7.71823,555829
5190,2,9.8797,42,1,0,0,0.1,0.022599,7.75136,555872
5191,2,9.78695,73,1,0,0,0.1,0.022078,7.71225,555946
5192,2,9.92783,26,1,0,0,0.1,0.015873,7.7339,555973
5193,2,-1.2,400,0,0,1,0.1,0.017245,7.69315,556373
5194,2,9.86784,46,1,0,0,0.1,0.01846,7.69499,556420
5195,2,9.8974,36,1,0,0,0.1,0.028258,7.69298,556457
5196,2,9.92838,26,1,0,0,0.1,0.019985,7.67201,556484
5197,2,9.85603,50,1,0,0,0.1,0.02175,7.70187,556535
5198,2,9.7869,73,1,0,0,0.1,0.02269,7.69411,556609
5199,2,9.91842,29,1,0,0,0.1,0.017511,7.66673,556639
5200,2,9.92129,28,1,0,0,0.1,0.016778,7.72876,556668
5201,2,9.9006,35,1,0,0,0.1,0.016522,7.6984,556704
5202,2,-1.447,149,0,1,0,0.1,0.019698,7.7118,556854
5203,2,9.88879,39,1,0,0,0.1,0.026645,7.75028,556894
5204,2,-1.075,25,0,1,0,0.1,0.022046,7.71898,556920
5205,2,-1.087,29,0,1,0,0.1,0.012677,7.72632,556950
5206,2,9.89852,36,1,0,0,0.1,0.010787,7.67999,556987
5207,2,9.85335,51,1,0,0,0.1,0.015799,7.68537,557039
5208,2,9.85939,49,1,0,0,0.1,0.0201,7.71206,557089
5209,2,-1.087,29,0,1,0,0.1,0.020495,7.68799,557119
5210,2,9.90955,32,1,0,0,0.1,0.020825,7.69161,557152
5211,2,9.80136,68,1,0,0,0.1,0.01649,7.71203,557221
5212,2,9.78993,72,1,0,0,0.1,0.016021,7.70027,557294
5213,2,9.84083,55,1,0,0,0.1,0.015606,7.70707,557350
5214,2,-1.156,52,0,1,0,0.1,0.015582,7.66987,557403
5215,2,9.2924,238,1,0,0,0.1,0.01956,7.70425,557642
5216,2,9.85642,50,1,0,0,0.1,0.018121,7.70897,557693
5217,2,9.8561,50,1,0,0,0.1,0.019234,7.69863,557744
5218,2,-1.192,64,0,1,0,0.1,0.021735,7.67845,557809
5219,2,9.91013,32,1,0,0,0.1,0.020692,7.73181,557842
5220,2,-1.096,32,0,1,0,0.1,0.024334,7.66308,557875
5221,2,9.9243,27,1,0,0,0.1,0.02143,7.67366,557903
5222,2,9.81966,62,1,0,0,0.1,0.026193,7.68712,557966
5223,2,9.90381,34,1,0,0,0.1,0.018853,7.68759,558001
5224,2,9.87045,45,1,0,0,0.1,0.023727,7.67789,558047
5225,2,9.87693,43,1,0,0,0.1,0.019329,7.67992,558091
5226,2,9.80193,68,1,0,0,0.1,0.021904,7.69616,558160
5227,2,9.90375,34,1,0,0,0.1,0.029407,7.69391,558195
5228,2,9.73919,89,1,0,0,0.1,0.01502,7.69225,558285
5229,2,9.84089,55,1,0,0,0.1,0.018778,7.69392,558341
5230,2,9.91272,31,1,0,0,0.1,0.010278,7.65662,558373
5231,2,9.93723,23,1,0,0,0.1,0.013103,7.7084,558397
5232,2,9.84384,54,1,0,0,0.1,0.026362,7.69195,558452
5233,2,9.76858,79,1,0,0,0.1,0.01959,7.70541,558532
5234,2,9.835,57,1,0,0,0.1,0.022181,7.69498,558590
5235,2,9.89494,37,1,0,0,0.1,0.020695,7.66604,558628
5236,2,9.88337,41,1,0,0,0.1,0.025004,7.71821,558670
5237,2,9.87992,42,1,0,0,0.1,0.0191,7.70457,558713
5238,2,9.89484,37,1,0,0,0.1,0.020951,7.70894,558751
5239,2,9.73311,91,1,0,0,0.1,0.019383,7.72743,558843
5240,2,9.93627,23,1,0,0,0.1,0.016744,7.72608,558867
5241,2,9.81703,63,1,0,0,0.1,0.014378,7.72773,558931
5242,2,9.87394,44,1,0,0,0.1,0.018184,7.72014,558976
5243,2,9.9366,23,1,0,0,0.1,0.011124,7.7472,559000
5244,2,9.7273,93,1,0,0,0.1,0.019067,7.71288,559094
5245,2,-1.093,31,0,1,0,0.1,0.015016,7.7172,559126
5246,2,9.8495,52,1,0,0,0.1,0.019536,7.72973,559179
5247,2,9.86764,46,1,0,0,0.1,0.018551,7.72151,559226
5248,2,9.86479,47,1,0,0,0.1,0.023241,7.75005,559274
5249,2,9.82604,60,1,0,0,0.1,0.014547,7.71676,559335
5250,2,9.71795,96,1,0,0,0.1,0.017182,7.7293,559432
5251,2,9.75653,83,1,0,0,0.1,0.017163,7.69666,559516
5252,2,9.8354,57,1,0,0,0.1,0.019784,7.72683,559574
5253,2,9.86822,46,1,0,0,0.1,0.016555,7.6888,559621
5254,2,9.86728,46,1,0,0,0.1,0.020712,7.72063,559668
5255,2,9.8766,43,1,0,0,0.1,0.026141,7.70736,559712
5256,2,9.7476,86,1,0,0,0.1,0.017259,7.72297,559799
5257,2,9.8349,57,1,0,0,0.1,0.022109,7.73467,559857
5258,2,-1.111,37,0,1,0,0.1,0.026251,7.69492,559895
5259,2,9.84423,54,1,0,0,0.1,0.013546,7.72461,559950
5260,2,9.79858,69,1,0,0,0.1,0.017324,7.70406,560020
5261,2,9.86522,47,1,0,0,0.1,0.021205,7.68748,560068
5262,2,9.84355,54,1,0,0,0.1,0.013126,7.71371,560123
5263,2,9.93732,23,1,0,0,0.1,0.016949,7.7252,560147
5264,2,9.80468,67,1,0,0,0.1,0.019608,7.73243,560215
5265,2,9.94301,21,1,0,0,0.1,0.027259,7.72952,560237
5266,2,9.79043,72,1,0,0,0.1,0.016167,7.70051,560310
5267,2,9.91292,31,1,0,0,0.1,0.012463,7.7163,560342
5268,2,9.91918,29,1,0,0,0.1,0.023425,7.68449,560372
5269,2,9.94627,20,1,0,0,0.1,0.007125,7.75741,560393
5270,2,9.74753,86,1,0,0,0.1,0.02137,7.70135,560480
5271,2,9.92246,28,1,0,0,0.1,0.018748,7.72518,560509
5272,2,9.92782,26,1,0,0,0.1,0.01867,7.73832,560536
5273,2,9.66967,112,1,0,0,0.1,0.019039,7.70936,560649
5274,2,9.90388,34,1,0,0,0.1,0.018549,7.71003,560684
5275,2,9.85293,51,1,0,0,0.1,0.01605,7.69914,560736
5276,2,9.87988,42,1,0,0,0.1,0.021181,7.69898,560779
5277,2,9.91032,32,1,0,0,0.1,0.012649,7.72518,560812
5278,2,9.9072,33,1,0,0,0.1,0.014909,7.708,560846
5279,2,9.87694,43,1,0,0,0.1,0.027103,7.66886,560890
5280,2,9.93688,23,1,0,0,0.1,0.0175,7.71185,560914
5281,2,9.89521,37,1,0,0,0.1,0.02193,7.70946,560952
5282,2,9.9426,21,1,0,0,0.1,0.024465,7.76565,560974
5283,2,9.92451,27,1,0,0,0.1,0.020769,7.74109,561002
5284,2,9.83756,56,1,0,0,0.1,0.016281,7.71091,561059
5285,2,9.88003,42,1,0,0,0.1,0.023022,7.71715,561102
5286,2,9.90939,32,1,0,0,0.1,0.021298,7.68653,561135
5287,2,9.93098,25,1,0,0,0.1,0.02607,7.72305,561161
5288,2,9.93358,24,1,0,0,0.1,0.009935,7.73322,561186
5289,2,9.91925,29,1,0,0,0.1,0.007461,7.71468,561216
5290,2,9.757,83,1,0,0,0.1,0.019854,7.70957,561300
5291,2,9.90114,35,1,0,0,0.1,0.021982,7.7168,561336
5292,2,9.82298,61,1,0,0,0.1,0.014344,7.73285,561398
5293,2,9.83802,56,1,0,0,0.1,0.018548,7.71162,561455
5294,2,9.82578,60,1,0,0,0.1,0.016971,7.74965,561516
5295,2,-1.333,111,0,1,0,0.1,0.019377,7.68694,561628
5296,2,9.91845,29,1,0,0,0.1,0.018972,7.7155,561658
5297,2,9.63066,125,1,0,0,0.1,0.016305,7.71449,561784
5298,2,9.85294,51,1,0,0,0.1,0.021719,7.69762,561836
5299,2,9.87115,45,1,0,0,0.1,0.015282,7.6861,561882
5300,2,9.81685,63,1,0,0,0.1,0.026178,7.69689,561946
5301,2,9.91027,32,1,0,0,0.1,0.026037,7.70418,561979
5302,2,9.8738,44,1,0,0,0.1,0.021245,7.71264,562024
5303,2,-1.075,25,0,1,0,0.1,0.014814,7.74935,562050
5304,2,9.85003,52,1,0,0,0.1,0.024482,7.70727,562103
5305,2,9.87985,42,1,0,0,0.1,0.023991,7.72931,562146
5306,2,9.8144,64,1,0,0,0.1,0.017277,7.71703,562211
5307,2,9.84673,53,1,0,0,0.1,0.022027,7.70861,562265
5308,2,9.91897,29,1,0,0,0.1,0.013705,7.70995,562295
5309,2,9.80778,66,1,0,0,0.1,0.016943,7.75072,562362
5310,2,9.83228,58,1,0,0,0.1,0.026955,7.71417,562421
5311,2,9.87668,43,1,0,0,0.1,0.017743,7.70529,562465
5312,2,9.80823,66,1,0,0,0.1,0.01892,7.72779,562532
5313,2,9.92152,28,1,0,0,0.1,0.02009,7.71577,562561
5314,2,9.91875,29,1,0,0,0.1,0.016694,7.69066,562591
5315,2,9.88266,41,1,0,0,0.1,0.026717,7.71643,562633
5316,2,9.89181,38,1,0,0,0.1,0.011587,7.7299,562672
5317,2,9.35548,217,1,0,0,0.1,0.01667,7.71128,562890
5318,2,9.91605,30,1,0,0,0.1,0.028803,7.7167,562921
5319,2,9.94584,20,1,0,0,0.1,0.022472,7.71754,562942
5320,2,9.91327,31,1,0,0,0.1,0.016787,7.72208,562974
5321,2,9.92157,28,1,0,0,0.1,0.0129,7.69307,563003
5322,2,9.92193,28,1,0,0,0.1,0.006738,7.67228,563032
5323,2,9.84065,55,1,0,0,0.1,0.014519,7.69213,563088
5324,2,9.77149,78,1,0,0,0.1,0.023723,7.69868,563167
5325,2,-1.078,26,0,1,0,0.1,0.009718,7.73226,563194
5326,2,9.9276,26,1,0,0,0.1,0.010307,7.71674,563221
5327,2,9.93982,22,1,0,0,0.1,0.021719,7.77943,563244
5328,2,9.81068,65,1,0,0,0.1,0.024801,7.70764,563310
5329,2,-1.021,7,0,1,0,0.1,0.012231,7.68002,563318
5330,2,9.91887,29,1,0,0,0.1,0.019232,7.68573,563348
5331,2,9.79609,70,1,0,0,0.1,0.017812,7.7049,563419
5332,2,9.94929,19,1,0,0,0.1,0.01305,7.71394,563439
5333,2,9.85816,49,1,0,0,0.1,0.02174,7.73613,563489
5334,2,9.86137,48,1,0,0,0.1,0.021082,7.69086,563538
5335,2,-1.135,45,0,1,0,0.1,0.011248,7.71654,563584
5336,2,9.91272,31,1,0,0,0.1,0.014805,7.70487,563616
5337,2,-1.039,13,0,1,0,0.1,0.011104,7.74732,563630
5338,2,9.89178,38,1,0,0,0.1,0.028003,7.74709,563669
5339,2,9.87118,45,1,0,0,0.1,0.020606,7.70932,563715
5340,2,-1.024,8,0,1,0,0.1,0.013923,7.68163,563724
5341,2,9.8316,58,1,0,0,0.1,0.019931,7.71125,563783
5342,2,9.69359,104,1,0,0,0.1,0.019662,7.72447,563888
5343,2,9.87669,43,1,0,0,0.1,0.014995,7.71723,563932
5344,2,9.85891,49,1,0,0,0.1,0.020342,7.72458,563982
5345,2,9.9099,32,1,0,0,0.1,0.011989,7.70231,564015
5346,2,9.86487,47,1,0,0,0.1,0.020156,7.71403,564063
5347,2,9.81964,62,1,0,0,0.1,0.018468,7.69653,564126
5348,2,9.93142,25,1,0,0,0.1,0.009982,7.72864,564152
5349,2,9.90103,35,1,0,0,0.1,0.01576,7.74416,564188
5350,2,9.83779,56,1,0,0,0.1,0.021591,7.71826,564245
5351,2,9.92176,28,1,0,0,0.1,0.007311,7.73029,564274
5352,2,9.93327,24,1,0,0,0.1,0.008901,7.70559,564299
5353,2,9.87993,42,1,0,0,0.1,0.016791,7.71276,564342
5354,2,9.81451,64,1,0,0,0.1,0.018956,7.69701,564407
5355,2,9.80811,66,1,0,0,0.1,0.019686,7.72234,564474
5356,2,9.76228,81,1,0,0,0.1,0.01355,7.74732,564556
5357,2,9.88262,41,1,0,0,0.1,0.013088,7.71155,564598
5358,2,9.90085,35,1,0,0,0.1,0.021785,7.70759,564634
5359,2,9.75385,84,1,0,0,0.1,0.026359,7.70447,564719
5360,2,9.92227,28,1,0,0,0.1,0.019679,7.72113,564748
5361,2,9.9073,33,1,0,0,0.1,0.016451,7.68387,564782
5362,2,9.93376,24,1,0,0,0.1,0.018815,7.74051,564807
5363,2,9.82589,60,1,0,0,0.1,0.015803,7.72919,564868
5364,2,9.78959,72,1,0,0,0.1,0.014423,7.72845,564941
5365,2,9.93637,23,1,0,0,0.1,0.017774,7.71537,564965
5366,2,9.86195,48,1,0,0,0.1,0.013015,7.73682,565014
5367,2,9.80763,66,1,0,0,0.1,0.014646,7.71493,565081
5368,2,9.84427,54,1,0,0,0.1,0.014173,7.72486,565136
5369,2,9.91315,31,1,0,0,0.1,0.018989,7.77311,565168
5370,2,9.87371,44,1,0,0,0.1,0.014913,7.7401,565213
5371,2,9.92218,28,1,0,0,0.1,0.016768,7.75425,565242
5372,2,9.88854,39,1,0,0,0.1,0.020734,7.71468,565282
5373,2,9.77179,78,1,0,0,0.1,0.017076,7.74548,565361
5374,2,-1.111,37,0,1,0,0.1,0.016585,7.72554,565399
5375,2,9.90982,32,1,0,0,0.1,0.022514,7.70261,565432
5376,2,9.93126,25,1,0,0,0.1,0.018219,7.7221,565458
5377,2,-1.048,16,0,1,0,0.1,0.013544,7.73081,565475
5378,2,9.90369,34,1,0,0,0.1,0.021011,7.73437,565510
5379,2,9.79303,71,1,0,0,0.1,0.013984,7.70086,565582
5380,2,9.88852,39,1,0,0,0.1,0.021261,7.72011,565622
5381,2,9.88269,41,1,0,0,0.1,0.017625,7.71749,565664
5382,2,9.85228,51,1,0,0,0.1,0.024021,7.71207,565716
5383,2,9.88592,40,1,0,0,0.1,0.018857,7.69389,565757
5384,2,9.92207,28,1,0,0,0.1,0.012172,7.7221,565786
5385,2,9.88269,41,1,0,0,0.1,0.017669,7.72798,565828
5386,2,9.83468,57,1,0,0,0.1,0.014278,7.70486,565886
5387,2,-1.075,25,0,1,0,0.1,0.015384,7.7259,565912
5388,2,9.89184,38,1,0,0,0.1,0.026712,7.6945,565951
5389,2,9.8286,59,1,0,0,0.1,0.02231,7.70693,566011
5390,2,9.87983,42,1,0,0,0.1,0.021254,7.75343,566054
5391,2,-1.081,27,0,1,0,0.1,0.011278,7.73824,566082
5392,2,9.88568,40,1,0,0,0.1,0.020853,7.71926,566123
5393,2,-1.177,59,0,1,0,0.1,0.015727,7.7355,566183
5394,2,9.8888,39,1,0,0,0.1,0.020457,7.72494,566223
5395,2,9.90126,35,1,0,0,0.1,0.012152,7.72479,566259
5396,2,9.8889,39,1,0,0,0.1,0.026997,7.70732,566299
5397,2,9.90687,33,1,0,0,0.1,0.014437,7.70299,566333
5398,2,-1.102,34,0,1,0,0.1,0.011687,7.72026,566368
5399,2,9.88032,42,1,0,0,0.1,0.021637,7.68728,566411
5400,2,9.93102,25,1,0,0,0.1,0.022696,7.69872,566437
5401,2,9.88268,41,1,0,0,0.1,0.018849,7.73316,566479
5402,2,9.86521,47,1,0,0,0.1,0.01517,7.72568,566527
5403,2,9.74145,88,1,0,0,0.1,0.009772,7.72832,566616
5404,2,9.91315,31,1,0,0,0.1,0.025804,7.73414,566648
5405,2,9.90086,35,1,0,0,0.1,0.013506,7.70902,566684
5406,2,9.86752,46,1,0,0,0.1,0.019991,7.70299,566731
5407,2,-1.009,3,0,1,0,0.1,0.017745,7.74112,566735
5408,2,9.75697,83,1,0,0,0.1,0.022451,7.70595,566819
5409,2,9.87648,43,1,0,0,0.1,0.024681,7.72231,566863
5410,2,9.87134,45,1,0,0,0.1,0.021245,7.73463,566909
5411,2,9.90652,33,1,0,0,0.1,0.013106,7.75374,566943
5412,2,9.90354,34,1,0,0,0.1,0.01947,7.72521,566978
5413,2,-1.171,57,0,1,0,0.1,0.018802,7.70482,567036
5414,2,9.89191,38,1,0,0,0.1,0.018944,7.71405,567075
5415,2,9.91584,30,1,0,0,0.1,0.014127,7.7094,567106
5416,2,9.89821,36,1,0,0,0.1,0.023922,7.67983,567143
5417,2,9.91344,31,1,0,0,0.1,0.020956,7.72441,567175
5418,2,-1.084,28,0,1,0,0.1,0.007407,7.72624,567204
5419,2,9.81136,65,1,0,0,0.1,0.019356,7.75135,567270
5420,2,9.89485,37,1,0,0,0.1,0.014216,7.7399,567308
5421,2,9.88655,40,1,0,0,0.1,0.020408,7.68733,567349
5422,2,9.91881,29,1,0,0,0.1,0.02322,7.73069,567379
5423,2,9.87015,45,1,0,0,0.1,0.015429,7.72639,567425
5424,2,9.8466,53,1,0,0,0.1,0.016965,7.72053,567479
5425,2,9.82298,61,1,0,0,0.1,0.019532,7.73115,567541
5426,2,9.86228,48,1,0,0,0.1,0.015406,7.74652,567590
5427,2,9.82615,60,1,0,0,0.1,0.015997,7.74238,567651
5428,2,9.8562,50,1,0,0,0.1,0.021014,7.7378,567702
5429,2,9.90699,33,1,0,0,0.1,0.011864,7.72648,567736
5430,2,9.9126,31,1,0,0,0.1,0.020549,7.72668,567768
5431,2,9.87065,45,1,0,0,0.1,0.021748,7.74043,567814
5432,2,9.93703,23,1,0,0,0.1,0.024131,7.72556,567838
5433,2,9.89809,36,1,0,0,0.1,0.021023,7.74211,567875
5434,2,9.86514,47,1,0,0,0.1,0.013319,7.73376,567923
5435,2,9.94022,22,1,0,0,0.1,0.026384,7.73184,567946
5436,2,9.91528,30,1,0,0,0.1,0.021162,7.70264,567977
5437,2,9.88016,42,1,0,0,0.1,0.016386,7.78317,568020
5438,2,9.90652,33,1,0,0,0.1,0.021883,7.68613,568054
5439,2,-1.645,215,0,1,0,0.1,0.018269,7.73932,568270
5440,2,9.85227,51,1,0,0,0.1,0.012093,7.73143,568322
5441,2,9.94287,21,1,0,0,0.1,0.020763,7.72568,568344
5442,2,9.88032,42,1,0,0,0.1,0.011878,7.73263,568387
5443,2,9.78971,72,1,0,0,0.1,0.023034,7.75648,568460
5444,2,9.91853,29,1,0,0,0.1,0.022569,7.75611,568490
5445,2,9.78652,73,1,0,0,0.1,0.019641,7.74098,568564
5446,2,9.86444,47,1,0,0,0.1,0.015611,7.69342,568612
5447,2,-1.009,3,0,1,0,0.1,0.003013,7.71275,568616
5448,2,9.81394,64,1,0,0,0.1,0.017946,7.72269,568681
5449,2,-1.20084,68,0,1,0,0.1,0.010226,7.72328,568750
5450,2,9.85858,49,1,0,0,0.1,0.016025,7.73359,568800
5451,2,9.901,35,1,0,0,0.1,0.020252,7.71059,568836
5452,2,9.92783,26,1,0,0,0.1,0.020247,7.69755,568863
5453,2,9.85333,51,1,0,0,0.1,0.013146,7.75476,568915
5454,2,9.85032,52,1,0,0,0.1,0.01931,7.7211,568968
5455,2,9.93433,24,1,0,0,0.1,0.016359,7.74669,568993
5456,2,9.90421,34,1,0,0,0.1,0.01672,7.72526,569028
5457,2,9.84072,55,1,0,0,0.1,0.021084,7.70294,569084
5458,2,9.8225,61,1,0,0,0.1,0.018283,7.7324,569146
5459,2,9.62763,126,1,0,0,0.1,0.019274,7.72177,569273
5460,2,9.8768,43,1,0,0,0.1,0.021035,7.70314,569317
5461,2,-1.24,80,0,1,0,0.1,0.017732,7.73823,569398
5462,2,9.85606,50,1,0,0,0.1,0.022689,7.71704,569449
5463,2,9.92494,27,1,0,0,0.1,0.022389,7.75843,569477
5464,2,-2.161,387,0,1,0,0.1,0.018548,7.72117,569865
5465,2,9.84117,55,1,0,0,0.1,0.018241,7.70884,569921
5466,2,9.72679,93,1,0,0,0.1,0.01426,7.7145,570015
5467,2,9.91602,30,1,0,0,0.1,0.017426,7.74851,570046
5468,2,9.82277,61,1,0,0,0.1,0.018881,7.71417,570108
5469,2,9.86165,48,1,0,0,0.1,0.022452,7.71105,570157
5470,2,9.85885,49,1,0,0,0.1,0.017064,7.70332,570207
5471,2,9.85249,51,1,0,0,0.1,0.018729,7.74573,570259
5472,2,9.91007,32,1,0,0,0.1,0.010404,7.71351,570292
5473,2,9.7599,82,1,0,0,0.1,0.019426,7.72676,570375
5474,2,9.90988,32,1,0,0,0.1,0.015197,7.69222,570408
5475,2,9.85595,50,1,0,0,0.1,0.019659,7.72431,570459
5476,2,9.8886,39,1,0,0,0.1,0.023405,7.70475,570499
5477,2,-1.144,48,0,1,0,0.1,0.027323,7.71265,570548
5478,2,9.85553,50,1,0,0,0.1,0.020821,7.69763,570599
5479,2,9.84626,53,1,0,0,0.1,0.02052,7.72006,570653
5480,2,9.84021,55,1,0,0,0.1,0.01489,7.70939,570709
5481,2,9.87456,44,1,0,0,0.1,0.027195,7.68763,570754
5482,2,9.92213,28,1,0,0,0.1,0.018995,7.70088,570783
5483,2,9.82288,61,1,0,0,0.1,0.01552,7.70049,570845
5484,2,9.90325,34,1,0,0,0.1,0.018615,7.71464,570880
5485,2,9.87997,42,1,0,0,0.1,0.0211,7.69698,570923
5486,2,-1.033,11,0,1,0,0.1,0.023325,7.73845,570935
5487,2,9.81096,65,1,0,0,0.1,0.013186,7.7056,571001
5488,2,9.70588,100,1,0,0,0.1,0.018838,7.72073,571102
5489,2,9.87976,42,1,0,0,0.1,0.019017,7.71747,571145
5490,2,9.90708,33,1,0,0,0.1,0.018011,7.73675,571179
5491,2,9.8739,44,1,0,0,0.1,0.020047,7.6624,571224
5492,2,9.90968,32,1,0,0,0.1,0.022777,7.7397,571257
5493,2,9.90652,33,1,0,0,0.1,0.024411,7.6988,571291
5494,2,9.84653,53,1,0,0,0.1,0.014475,7.71572,571345
5495,2,9.93984,22,1,0,0,0.1,0.031879,7.70374,571368
5496,2,9.92169,28,1,0,0,0.1,0.023755,7.76756,571397
5497,2,9.88287,41,1,0,0,0.1,0.013546,7.76017,571439
5498,2,9.89527,37,1,0,0,0.1,0.020288,7.72948,571477
5499,2,9.83508,57,1,0,0,0.1,0.012682,7.74133,571535
5500,2,-1.126,42,0,1,0,0.1,0.020229,7.7162,571578
5501,2,9.82594,60,1,0,0,0.1,0.017617,7.72715,571639
5502,2,9.8586,49,1,0,0,0.1,0.013653,7.67998,571689
5503,2,-1.147,49,0,1,0,0.1,0.019523,7.72821,571739
5504,2,9.8952,37,1,0,0,0.1,0.011509,7.71915,571777
5505,2,9.8979,36,1,0,0,0.1,0.016689,7.69717,571814
5506,2,9.78103,75,1,0,0,0.1,0.016884,7.70684,571890
5507,2,9.92491,27,1,0,0,0.1,0.02812,7.74851,571918
5508,2,9.89824,36,1,0,0,0.1,0.018928,7.73451,571955
5509,2,9.83164,58,1,0,0,0.1,0.010304,7.69505,572014
5510,2,9.79594,70,1,0,0,0.1,0.021271,7.72355,572085
5511,2,9.81419,64,1,0,0,0.1,0.018671,7.70226,572150
5512,2,-1.033,11,0,1,0,0.1,0.016304,7.69298,572162
5513,2,9.92453,27,1,0,0,0.1,0.011396,7.69061,572190
5514,2,9.92472,27,1,0,0,0.1,0.016411,7.71468,572218
5515,2,9.86776,46,1,0,0,0.1,0.01952,7.67617,572265
5516,2,9.89176,38,1,0,0,0.1,0.012162,7.71298,572304
5517,2,9.90439,34,1,0,0,0.1,0.023053,7.71347,572339
5518,2,9.89784,36,1,0,0,0.1,0.024922,7.73615,572376
5519,2,9.82907,59,1,0,0,0.1,0.017859,7.71303,572436
5520,2,9.78991,72,1,0,0,0.1,0.014675,7.6799,572509
5521,2,9.8796,42,1,0,0,0.1,0.011565,7.69952,572552
5522,2,-1.069,23,0,1,0,0.1,0.017794,7.70183,572576
5523,2,9.80187,68,1,0,0,0.1,0.015154,7.70992,572645
5524,2,9.93345,24,1,0,0,0.1,0.017022,7.73272,572670
5525,2,9.87988,42,1,0,0,0.1,0.015478,7.73936,572713
5526,2,9.58586,140,1,0,0,0.1,0.01953,7.71711,572854
5527,2,9.66387,114,1,0,0,0.1,0.018637,7.71304,572969
5528,2,9.91622,30,1,0,0,0.1,0.014464,7.70764,573000
5529,2,9.79229,71,1,0,0,0.1,0.016051,7.68087,573072
5530,2,9.93726,23,1,0,0,0.1,0.022028,7.67342,573096
5531,2,9.8084,66,1,0,0,0.1,0.022095,7.71613,573163
5532,2,-1.09,30,0,1,0,0.1,0.016341,7.73124,573194
5533,2,9.73884,89,1,0,0,0.1,0.019282,7.71444,573284
5534,2,9.83163,58,1,0,0,0.1,0.021732,7.69424,573343
5535,2,9.93682,23,1,0,0,0.1,0.014078,7.72326,573367
5536,2,9.91627,30,1,0,0,0.1,0.009498,7.69294,573398
5537,2,9.91925,29,1,0,0,0.1,0.008696,7.69774,573428
5538,2,9.91925,29,1,0,0,0.1,0.01583,7.70086,573458
5539,2,9.73552,90,1,0,0,0.1,0.018553,7.70312,573549
5540,2,9.88323,41,1,0,0,0.1,0.014571,7.71137,573591
5541,2,9.84671,53,1,0,0,0.1,0.016172,7.71503,573645
5542,2,9.93066,25,1,0,0,0.1,0.017092,7.74193,573671
5543,2,9.89231,38,1,0,0,0.1,0.016426,7.69692,573710
5544,2,9.88838,39,1,0,0,0.1,0.019655,7.64661,573750
5545,2,9.86163,48,1,0,0,0.1,0.015584,7.71997,573799
5546,2,9.92207,28,1,0,0,0.1,0.016577,7.6806,573828
5547,2,9.85897,49,1,0,0,0.1,0.014388,7.71123,573878
5548,2,9.93686,23,1,0,0,0.1,0.019553,7.66393,573902
5549,2,9.77814,76,1,0,0,0.1,0.014792,7.69684,573979
5550,2,9.93129,25,1,0,0,0.1,0.018095,7.69115,574005
5551,2,9.77498,77,1,0,0,0.1,0.013414,7.69489,574083
5552,2,9.91013,32,1,0,0,0.1,0.032168,7.67509,574116
5553,2,9.77453,77,1,0,0,0.1,0.022472,7.70382,574194
5554,2,9.78089,75,1,0,0,0.1,0.01844,7.73183,574270
5555,2,9.81369,64,1,0,0,0.1,0.019698,7.71316,574335
5556,2,-1.081,27,0,1,0,0.1,0.020332,7.69888,574363
5557,2,-1.141,47,0,1,0,0.1,0.020104,7.70569,574411
5558,2,9.84736,53,1,0,0,0.1,0.021019,7.70155,574465
5559,2,9.95174,18,1,0,0,0.1,0.010931,7.73645,574484
5560,2,9.8833,41,1,0,0,0.1,0.017693,7.74563,574526
5561,2,-1.2,400,0,0,1,0.1,0.019725,7.69028,574926
5562,2,9.90991,32,1,0,0,0.1,0.021369,7.65278,574959
5563,2,-1.135,45,0,1,0,0.1,0.02297,7.69536,575005
5564,2,9.83141,58,1,0,0,0.1,0.012534,7.68071,575064
5565,2,9.85882,49,1,0,0,0.1,0.01917,7.67972,575114
5566,2,9.86228,48,1,0,0,0.1,0.021435,7.68385,575163
5567,2,9.56749,146,1,0,0,0.1,0.015144,7.64459,575310
5568,2,9.92498,27,1,0,0,0.1,0.010748,7.65847,575338
5569,2,9.91875,29,1,0,0,0.1,0.025786,7.68152,575368
5570,2,9.84127,55,1,0,0,0.1,0.014065,7.66717,575424
5571,2,9.60981,132,1,0,0,0.1,0.020715,7.67121,575557
5572,2,9.80805,66,1,0,0,0.1,0.016623,7.64369,575624
5573,2,9.79,72,1,0,0,0.1,0.019742,7.69301,575697
5574,2,9.8705,45,1,0,0,0.1,0.021552,7.66418,575743
5575,2,9.78683,73,1,0,0,0.1,0.015774,7.66065,575817
5576,2,-1.141,47,0,1,0,0.1,0.022033,7.69865,575865
5577,2,-1.138,46,0,1,0,0.1,0.017626,7.66459,575912
5578,2,-1.06,20,0,1,0,0.1,0.015735,7.63736,575933
5579,2,9.87669,43,1,0,0,0.1,0.020934,7.66864,575977
5580,2,9.84386,54,1,0,0,0.1,0.014542,7.66841,576032
5581,2,9.78953,72,1,0,0,0.1,0.017913,7.6728,576105
5582,2,9.82557,60,1,0,0,0.1,0.016385,7.67767,576166
5583,2,9.94927,19,1,0,0,0.1,0.016778,7.67558,576186
5584,2,9.91222,31,1,0,0,0.1,0.008484,7.6412,576218
5585,2,9.91886,29,1,0,0,0.1,0.014048,7.69453,576248
5586,2,9.93093,25,1,0,0,0.1,0.029356,7.6798,576274
5587,2,9.82019,62,1,0,0,0.1,0.015704,7.65674,576337
5588,2,9.86456,47,1,0,0,0.1,0.01698,7.675,576385
5589,2,9.88017,42,1,0,0,0.1,0.024824,7.69527,576428
5590,2,9.91257,31,1,0,0,0.1,0.01356,7.69247,576460
5591,2,9.86226,48,1,0,0,0.1,0.014814,7.64686,576509
5592,2,9.83213,58,1,0,0,0.1,0.01898,7.63555,576568
5593,2,9.91852,29,1,0,0,0.1,0.015369,7.67777,576598
5594,2,9.81989,62,1,0,0,0.1,0.0159,7.65681,576661
5595,2,9.84947,52,1,0,0,0.1,0.023507,7.67017,576714
5596,2,9.88573,40,1,0,0,0.1,0.011899,7.71254,576755
5597,2,9.87115,45,1,0,0,0.1,0.014885,7.67262,576801
5598,2,9.75425,84,1,0,0,0.1,0.026076,7.66083,576886
5599,2,9.89199,38,1,0,0,0.1,0.025732,7.68025,576925
