episode,phase,total_reward,steps,success,collision,timeout,epsilon,avg_loss,avg_q,global_train_steps
0,0,-1.2,400,0,0,1,0.997,0.0,0.0,0
1,0,-1.2,400,0,0,1,0.994009,0.0,0.0,0
2,0,-1.2,400,0,0,1,0.991027,0.526033,0.65015,201
3,0,-1.2,400,0,0,1,0.988054,0.298144,0.33376,601
4,0,-1.2,400,0,0,1,0.98509,0.143846,0.25335,1001
5,0,-1.2,400,0,0,1,0.982134,0.04932,0.30281,1401
6,0,-1.2,400,0,0,1,0.979188,0.019681,0.28395,1801
7,0,-1.2,400,0,0,1,0.97625,0.007995,0.28586,2201
8,0,-1.2,400,0,0,1,0.973322,0.00263,0.34027,2601
9,0,-1.2,400,0,0,1,0.970402,0.001528,0.38774,3001
10,0,-1.2,400,0,0,1,0.967491,0.001413,0.45976,3401
11,0,-1.2,400,0,0,1,0.964588,0.001909,0.5017,3801
12,0,-1.2,400,0,0,1,0.961694,0.001808,0.53146,4201
13,0,-1.2,400,0,0,1,0.958809,0.001447,0.56574,4601
14,0,-1.2,400,0,0,1,0.955933,0.001305,0.59029,5001
15,0,-1.2,400,0,0,1,0.953065,0.001234,0.61903,5401
16,0,-1.2,400,0,0,1,0.950206,0.001109,0.64694,5801
17,0,-1.2,400,0,0,1,0.947355,0.001098,0.6736,6201
18,0,-1.2,400,0,0,1,0.944513,0.001291,0.69557,6601
19,0,-1.2,400,0,0,1,0.94168,0.000947,0.71862,7001
20,0,-1.2,400,0,0,1,0.938855,0.001098,0.74004,7401
21,0,-1.2,400,0,0,1,0.936038,0.001204,0.75979,7801
22,0,-1.2,400,0,0,1,0.93323,0.00133,0.78087,8201
23,0,-1.2,400,0,0,1,0.93043,0.00143,0.79218,8601
24,0,-1.2,400,0,0,1,0.927639,0.001124,0.80528,9001
25,0,-1.2,400,0,0,1,0.924856,0.001333,0.81922,9401
26,0,-1.2,400,0,0,1,0.922081,0.001115,0.83684,9801
27,0,-1.2,400,0,0,1,0.919315,0.001247,0.84821,10201
28,0,-1.2,400,0,0,1,0.916557,0.001237,0.86414,10601
29,0,-1.2,400,0,0,1,0.913808,0.001332,0.88177,11001
30,0,-1.2,400,0,0,1,0.911066,0.001383,0.88566,11401
31,0,-1.2,400,0,0,1,0.908333,0.001437,0.90321,11801
32,0,-1.2,400,0,0,1,0.905608,0.001742,0.91549,12201
33,0,-1.2,400,0,0,1,0.902891,0.001741,0.92905,12601
34,0,-1.2,400,0,0,1,0.900182,0.001467,0.94128,13001
35,0,-1.2,400,0,0,1,0.897482,0.001898,0.94967,13401
36,0,-1.2,400,0,0,1,0.894789,0.001908,0.95668,13801
37,0,-1.2,400,0,0,1,0.892105,0.001545,0.96569,14201
38,0,-1.2,400,0,0,1,0.889429,0.001894,0.97913,14601
39,0,-1.2,400,0,0,1,0.88676,0.001821,0.99632,15001
40,0,-1.2,400,0,0,1,0.8841,0.002003,1.0011,15401
41,0,-1.2,400,0,0,1,0.881448,0.001995,1.01216,15801
42,0,-1.2,400,0,0,1,0.878804,0.001753,1.01261,16201
43,0,-1.2,400,0,0,1,0.876167,0.002127,1.02324,16601
44,0,-1.2,400,0,0,1,0.873539,0.001924,1.03503,17001
45,0,-1.2,400,0,0,1,0.870918,0.002471,1.04793,17401
46,0,-1.2,400,0,0,1,0.868305,0.0023,1.05648,17801
47,0,-1.2,400,0,0,1,0.8657,0.001973,1.07425,18201
48,0,-1.2,400,0,0,1,0.863103,0.002316,1.08491,18601
49,0,-1.2,400,0,0,1,0.860514,0.002289,1.10259,19001
50,0,-1.2,400,0,0,1,0.857932,0.002234,1.12011,19401
51,0,-1.2,400,0,0,1,0.855359,0.002557,1.13736,19801
52,0,-1.2,400,0,0,1,0.852793,0.002645,1.14934,20201
53,0,-1.2,400,0,0,1,0.850234,0.00221,1.16956,20601
54,0,-1.2,400,0,0,1,0.847683,0.003079,1.18981,21001
55,0,-1.2,400,0,0,1,0.84514,0.00241,1.20135,21401
56,0,-1.2,400,0,0,1,0.842605,0.002918,1.21547,21801
57,0,-1.2,400,0,0,1,0.840077,0.003403,1.23663,22201
58,0,-1.2,400,0,0,1,0.837557,0.003351,1.25035,22601
59,0,-1.2,400,0,0,1,0.835044,0.003054,1.26243,23001
60,0,-1.2,400,0,0,1,0.832539,0.003129,1.27729,23401
61,0,-1.2,400,0,0,1,0.830042,0.003446,1.30166,23801
62,0,-1.2,400,0,0,1,0.827551,0.003696,1.31678,24201
63,0,-1.2,400,0,0,1,0.825069,0.003601,1.34354,24601
64,0,-1.2,400,0,0,1,0.822594,0.003802,1.35871,25001
65,0,-1.2,400,0,0,1,0.820126,0.003549,1.37782,25401
66,0,-1.2,400,0,0,1,0.817665,0.003332,1.39303,25801
67,0,-1.2,400,0,0,1,0.815212,0.003329,1.4087,26201
68,0,-1.2,400,0,0,1,0.812767,0.003665,1.42418,26601
69,0,-1.2,400,0,0,1,0.810328,0.003288,1.44134,27001
70,0,-1.2,400,0,0,1,0.807897,0.003526,1.46279,27401
71,0,-1.2,400,0,0,1,0.805474,0.003601,1.47425,27801
72,0,-1.2,400,0,0,1,0.803057,0.00373,1.48639,28201
73,0,-1.2,400,0,0,1,0.800648,0.003853,1.50516,28601
74,0,-1.2,400,0,0,1,0.798246,0.003757,1.52665,29001
75,0,-1.2,400,0,0,1,0.795851,0.004944,1.55061,29401
76,0,-1.2,400,0,0,1,0.793464,0.003756,1.56729,29801
77,0,-1.2,400,0,0,1,0.791084,0.003359,1.58333,30201
78,0,-1.2,400,0,0,1,0.78871,0.004171,1.60621,30601
79,0,-1.2,400,0,0,1,0.786344,0.003716,1.62703,31001
80,0,-1.2,400,0,0,1,0.783985,0.003738,1.64778,31401
81,0,-1.2,400,0,0,1,0.781633,0.00398,1.67015,31801
82,0,-1.2,400,0,0,1,0.779288,0.003932,1.68009,32201
83,0,-1.2,400,0,0,1,0.77695,0.003917,1.70134,32601
84,0,-1.2,400,0,0,1,0.77462,0.004267,1.71884,33001
85,0,-1.2,400,0,0,1,0.772296,0.004215,1.74166,33401
86,0,-1.2,400,0,0,1,0.769979,0.004184,1.75321,33801
87,0,-1.2,400,0,0,1,0.767669,0.004359,1.77447,34201
88,0,-1.2,400,0,0,1,0.765366,0.004081,1.78857,34601
89,0,-1.2,400,0,0,1,0.76307,0.003705,1.79966,35001
90,0,-1.2,400,0,0,1,0.760781,0.004184,1.81721,35401
91,0,-1.2,400,0,0,1,0.758498,0.004417,1.83397,35801
92,0,-1.2,400,0,0,1,0.756223,0.004131,1.84449,36201
93,0,-1.2,400,0,0,1,0.753954,0.004658,1.86548,36601
94,0,-1.2,400,0,0,1,0.751692,0.004815,1.88145,37001
95,0,-1.2,400,0,0,1,0.749437,0.004664,1.89507,37401
96,0,-1.2,400,0,0,1,0.747189,0.004103,1.9124,37801
97,0,-1.2,400,0,0,1,0.744947,0.004938,1.92838,38201
98,0,-1.2,400,0,0,1,0.742712,0.005104,1.94401,38601
99,0,-1.2,400,0,0,1,0.740484,0.004763,1.95914,39001
100,0,-1.2,400,0,0,1,0.738263,0.004793,1.97734,39401
101,0,-1.2,400,0,0,1,0.736048,0.004657,1.99245,39801
102,0,-1.2,400,0,0,1,0.73384,0.00459,2.00199,40201
103,0,-1.2,400,0,0,1,0.731638,0.004944,2.02252,40601
104,0,-1.2,400,0,0,1,0.729443,0.004267,2.0333,41001
105,0,-1.2,400,0,0,1,0.727255,0.004545,2.04614,41401
106,0,-1.2,400,0,0,1,0.725073,0.005229,2.05416,41801
107,0,-1.2,400,0,0,1,0.722898,0.004481,2.06375,42201
108,0,-1.2,400,0,0,1,0.720729,0.005067,2.07367,42601
109,0,-1.2,400,0,0,1,0.718567,0.004258,2.08765,43001
110,0,-1.2,400,0,0,1,0.716412,0.005191,2.09664,43401
111,0,-1.2,400,0,0,1,0.714262,0.003841,2.1147,43801
112,0,-1.2,400,0,0,1,0.71212,0.004725,2.12604,44201
113,0,-1.2,400,0,0,1,0.709983,0.004659,2.13787,44601
114,0,-1.2,400,0,0,1,0.707853,0.005015,2.14172,45001
115,0,-1.2,400,0,0,1,0.70573,0.005287,2.15048,45401
116,0,-1.2,400,0,0,1,0.703612,0.004864,2.16868,45801
117,0,-1.2,400,0,0,1,0.701502,0.004369,2.17131,46201
118,0,-1.2,400,0,0,1,0.699397,0.004504,2.18182,46601
119,0,-1.2,400,0,0,1,0.697299,0.004419,2.19445,47001
120,0,-1.2,400,0,0,1,0.695207,0.005751,2.2009,47401
121,0,-1.2,400,0,0,1,0.693121,0.005495,2.21169,47801
122,0,-1.2,400,0,0,1,0.691042,0.005158,2.22136,48201
123,0,-1.2,400,0,0,1,0.688969,0.005209,2.22715,48601
124,0,8.88539,374,1,0,0,0.686902,0.004381,2.23656,48976
125,0,-1.2,400,0,0,1,0.684841,0.005088,2.24174,49376
126,0,-1.2,400,0,0,1,0.682787,0.005358,2.25704,49776
127,0,-1.2,400,0,0,1,0.680738,0.004423,2.26771,50176
128,0,-1.2,400,0,0,1,0.678696,0.006024,2.27832,50576
129,0,-1.2,400,0,0,1,0.67666,0.005356,2.29061,50976
130,0,-1.2,400,0,0,1,0.67463,0.005294,2.30123,51376
131,0,-1.2,400,0,0,1,0.672606,0.006196,2.31565,51776
132,0,-1.2,400,0,0,1,0.670588,0.005304,2.32557,52176
133,0,-1.19733,400,0,0,1,0.668577,0.005484,2.33429,52576
134,0,-1.2,400,0,0,1,0.666571,0.005297,2.34745,52976
135,0,-1.2,400,0,0,1,0.664571,0.005355,2.3569,53376
136,0,-1.2,400,0,0,1,0.662578,0.005354,2.35787,53776
137,0,-1.2,400,0,0,1,0.66059,0.00526,2.36101,54176
138,0,-1.2,400,0,0,1,0.658608,0.006634,2.37233,54576
139,0,-1.2,400,0,0,1,0.656632,0.005443,2.37947,54976
140,0,-1.2,400,0,0,1,0.654662,0.005807,2.38439,55376
141,0,-1.2,400,0,0,1,0.652698,0.005355,2.39147,55776
142,0,-1.2,400,0,0,1,0.65074,0.004808,2.39688,56176
143,0,9.38259,208,1,0,0,0.648788,0.005419,2.4015,56385
144,0,-1.19955,400,0,0,1,0.646842,0.006156,2.40608,56785
145,0,-1.2,400,0,0,1,0.644901,0.005839,2.41531,57185
146,0,9.34863,219,1,0,0,0.642966,0.005337,2.41702,57405
147,0,-1.2,400,0,0,1,0.641037,0.006206,2.42085,57805
148,0,-1.19964,400,0,0,1,0.639114,0.005356,2.42587,58205
149,0,8.97458,345,1,0,0,0.637197,0.005671,2.4318,58551
150,0,-1.2,400,0,0,1,0.635285,0.006464,2.43823,58951
151,0,-1.2,400,0,0,1,0.63338,0.005213,2.44639,59351
152,0,-1.2,400,0,0,1,0.631479,0.005304,2.4476,59751
153,0,9.03666,323,1,0,0,0.629585,0.004776,2.45355,60075
154,0,9.21541,264,1,0,0,0.627696,0.006439,2.4605,60340
155,0,-1.2,400,0,0,1,0.625813,0.006305,2.4643,60740
156,0,9.04271,321,1,0,0,0.623936,0.005007,2.46591,61062
157,0,-1.2,400,0,0,1,0.622064,0.005412,2.47537,61462
158,0,-1.19735,400,0,0,1,0.620198,0.007238,2.47286,61862
159,0,-1.2,400,0,0,1,0.618337,0.006254,2.47948,62262
160,0,8.85643,384,1,0,0,0.616482,0.006404,2.48498,62647
161,0,9.28633,240,1,0,0,0.614633,0.007834,2.49367,62888
162,0,8.91469,364,1,0,0,0.612789,0.00574,2.50008,63253
163,0,9.35011,219,1,0,0,0.61095,0.006985,2.49734,63473
164,0,9.35192,218,1,0,0,0.609118,0.005873,2.50914,63692
165,0,9.13879,289,1,0,0,0.60729,0.006616,2.51409,63982
166,0,9.40604,200,1,0,0,0.605468,0.006586,2.51894,64183
167,0,9.35318,218,1,0,0,0.603652,0.00749,2.52336,64402
168,0,9.2411,255,1,0,0,0.601841,0.006839,2.52216,64658
169,0,-1.2,400,0,0,1,0.600035,0.007658,2.53087,65058
170,0,9.25385,251,1,0,0,0.598235,0.00633,2.53544,65310
171,0,9.35893,216,1,0,0,0.596441,0.006954,2.53889,65527
172,0,9.29258,238,1,0,0,0.594651,0.006267,2.53559,65766
173,0,9.18103,275,1,0,0,0.592867,0.006429,2.54742,66042
174,0,9.32173,228,1,0,0,0.591089,0.006614,2.55375,66271
175,0,9.27126,245,1,0,0,0.589315,0.00704,2.55691,66517
176,0,9.27681,243,1,0,0,0.587548,0.007014,2.56012,66761
177,0,9.28682,240,1,0,0,0.585785,0.007082,2.56387,67002
178,0,9.2046,267,1,0,0,0.584028,0.006997,2.566,67270
179,0,9.37287,211,1,0,0,0.582275,0.006621,2.57207,67482
180,0,9.30063,235,1,0,0,0.580529,0.007399,2.5794,67718
181,0,9.27653,243,1,0,0,0.578787,0.007208,2.58489,67962
182,0,9.3553,217,1,0,0,0.577051,0.007938,2.59399,68180
183,0,-1.2,400,0,0,1,0.57532,0.007418,2.58984,68580
184,0,9.43969,189,1,0,0,0.573594,0.006947,2.5921,68770
185,0,9.35431,217,1,0,0,0.571873,0.005603,2.59601,68988
186,0,9.41823,196,1,0,0,0.570157,0.006426,2.60138,69185
187,0,9.44362,188,1,0,0,0.568447,0.00723,2.59879,69374
188,0,9.28683,240,1,0,0,0.566741,0.007113,2.60081,69615
189,0,9.20368,268,1,0,0,0.565041,0.007675,2.61744,69884
190,0,-1.19318,400,0,0,1,0.563346,0.007838,2.61662,70284
191,0,9.29167,238,1,0,0,0.561656,0.005733,2.62302,70523
192,0,-1.2,400,0,0,1,0.559971,0.007328,2.62021,70923
193,0,9.32775,226,1,0,0,0.558291,0.008879,2.61812,71150
194,0,-1.2,400,0,0,1,0.556616,0.009225,2.62847,71550
195,0,9.21991,262,1,0,0,0.554946,0.007208,2.63244,71813
196,0,9.34853,219,1,0,0,0.553282,0.008166,2.63433,72033
197,0,8.84498,387,1,0,0,0.551622,0.007692,2.64569,72421
198,0,-1.2,400,0,0,1,0.549967,0.006692,2.65145,72821
199,0,9.34623,220,1,0,0,0.548317,0.008762,2.65493,73042
200,0,-1.2,400,0,0,1,0.546672,0.006941,2.65415,73442
201,0,9.49829,169,1,0,0,0.545032,0.007556,2.66143,73612
202,0,8.92916,359,1,0,0,0.543397,0.007281,2.66612,73972
203,0,9.46005,182,1,0,0,0.541767,0.007674,2.67478,74155
204,0,9.44449,187,1,0,0,0.540141,0.00869,2.67832,74343
205,0,9.38762,206,1,0,0,0.538521,0.007623,2.68166,74550
206,0,9.41827,196,1,0,0,0.536905,0.00747,2.69779,74747
207,0,8.85936,382,1,0,0,0.535295,0.008591,2.69532,75130
208,0,9.17782,276,1,0,0,0.533689,0.007288,2.69733,75407
209,0,9.61599,130,1,0,0,0.532088,0.006278,2.70295,75538
210,0,-1.2,400,0,0,1,0.530491,0.007407,2.70628,75938
211,0,9.40839,199,1,0,0,0.5289,0.007624,2.70699,76138
212,0,9.29813,236,1,0,0,0.527313,0.008798,2.70809,76375
213,0,9.44878,186,1,0,0,0.525731,0.008775,2.7143,76562
214,0,9.08906,307,1,0,0,0.524154,0.008158,2.73169,76870
215,0,9.36757,213,1,0,0,0.522582,0.008492,2.73694,77084
216,0,9.50786,166,1,0,0,0.521014,0.010476,2.7384,77251
217,0,9.5681,146,1,0,0,0.519451,0.008392,2.75066,77398
218,0,9.38565,207,1,0,0,0.517893,0.008426,2.76447,77606
219,0,9.38561,207,1,0,0,0.516339,0.009146,2.75358,77814
220,0,9.20807,266,1,0,0,0.51479,0.008202,2.76383,78081
221,0,9.43327,191,1,0,0,0.513245,0.007498,2.77161,78273
222,0,9.3493,219,1,0,0,0.511706,0.007365,2.78812,78493
223,0,9.55571,150,1,0,0,0.510171,0.007934,2.79922,78644
224,0,9.65464,117,1,0,0,0.50864,0.009165,2.79974,78762
225,0,9.48375,174,1,0,0,0.507114,0.008107,2.7914,78937
226,0,9.51074,165,1,0,0,0.505593,0.008076,2.79643,79103
227,0,9.4875,173,1,0,0,0.504076,0.010767,2.80686,79277
228,0,-1.19565,400,0,0,1,0.502564,0.008402,2.81141,79677
229,0,9.47995,176,1,0,0,0.501056,0.010049,2.82633,79854
230,0,9.48994,172,1,0,0,0.499553,0.006913,2.83902,80027
231,0,9.54067,155,1,0,0,0.498054,0.00667,2.83029,80183
232,0,9.60697,133,1,0,0,0.49656,0.008828,2.84691,80317
233,0,9.53281,158,1,0,0,0.49507,0.008316,2.83746,80476
234,0,9.35192,218,1,0,0,0.493585,0.008505,2.84329,80695
235,0,9.46944,179,1,0,0,0.492105,0.009937,2.83613,80875
236,0,9.58636,140,1,0,0,0.490628,0.007912,2.85968,81016
237,0,9.47665,177,1,0,0,0.489156,0.010144,2.85979,81194
238,0,9.52581,160,1,0,0,0.487689,0.010646,2.85742,81355
239,0,9.47766,176,1,0,0,0.486226,0.006744,2.87746,81532
240,0,9.43319,191,1,0,0,0.484767,0.009282,2.87088,81724
241,0,9.5496,152,1,0,0,0.483313,0.008173,2.88075,81877
242,0,9.18421,274,1,0,0,0.481863,0.008637,2.8828,82152
243,0,9.56212,148,1,0,0,0.480417,0.010264,2.88963,82301
244,0,9.5229,161,1,0,0,0.478976,0.008986,2.89999,82463
245,0,9.58718,140,1,0,0,0.477539,0.00719,2.90215,82604
246,0,9.44472,187,1,0,0,0.476106,0.007617,2.91726,82792
247,0,9.56852,146,1,0,0,0.474678,0.01028,2.92787,82939
248,0,9.42033,195,1,0,0,0.473254,0.009217,2.91729,83135
249,0,9.45448,184,1,0,0,0.471834,0.00788,2.93138,83320
250,0,9.53759,156,1,0,0,0.470419,0.008515,2.94468,83477
251,0,9.48367,174,1,0,0,0.469008,0.009357,2.94602,83652
252,0,9.5806,142,1,0,0,0.467601,0.008564,2.93725,83795
253,0,9.57704,143,1,0,0,0.466198,0.008153,2.94923,83939
254,0,9.48973,172,1,0,0,0.464799,0.010251,2.96896,84112
255,0,9.55584,150,1,0,0,0.463405,0.008871,2.96037,84263
256,0,9.35733,216,1,0,0,0.462015,0.009485,2.97589,84480
257,0,9.22643,260,1,0,0,0.460629,0.007917,2.99068,84741
258,0,9.4988,169,1,0,0,0.459247,0.008645,2.99335,84911
259,0,9.25894,249,1,0,0,0.457869,0.00788,2.99673,85161
260,0,9.57678,143,1,0,0,0.456495,0.00737,3.00512,85305
261,0,9.25017,252,1,0,0,0.455126,0.007131,2.99905,85558
262,0,9.41545,197,1,0,0,0.45376,0.00763,3.02529,85756
263,0,9.44139,188,1,0,0,0.452399,0.008487,3.03394,85945
264,0,9.63085,125,1,0,0,0.451042,0.008123,3.04403,86071
265,0,9.4309,192,1,0,0,0.449689,0.00758,3.05701,86264
266,0,9.45299,185,1,0,0,0.44834,0.007788,3.06964,86450
267,0,9.41165,198,1,0,0,0.446995,0.008223,3.04828,86649
268,0,9.64893,119,1,0,0,0.445654,0.006806,3.08757,86769
269,0,9.6727,111,1,0,0,0.444317,0.008758,3.09692,86881
270,0,9.52773,160,1,0,0,0.442984,0.007581,3.10289,87042
271,0,9.40864,199,1,0,0,0.441655,0.006649,3.09597,87242
272,0,9.51659,163,1,0,0,0.44033,0.005767,3.12045,87406
273,0,9.59447,137,1,0,0,0.439009,0.008769,3.13293,87544
274,0,9.54989,152,1,0,0,0.437692,0.006382,3.11675,87697
275,0,9.47879,176,1,0,0,0.436379,0.007029,3.13551,87874
276,0,9.60081,135,1,0,0,0.43507,0.007871,3.1457,88010
277,0,9.66768,113,1,0,0,0.433765,0.006525,3.13988,88124
278,0,9.49251,171,1,0,0,0.432463,0.007302,3.16554,88296
279,0,9.50182,168,1,0,0,0.431166,0.006854,3.16698,88465
280,0,9.63418,124,1,0,0,0.429872,0.00804,3.18642,88590
281,0,9.51674,163,1,0,0,0.428583,0.006939,3.17023,88754
282,0,9.56133,148,1,0,0,0.427297,0.005488,3.18407,88903
283,0,9.45722,183,1,0,0,0.426015,0.006907,3.19316,89087
284,0,9.66364,114,1,0,0,0.424737,0.005725,3.21969,89202
285,0,9.59547,137,1,0,0,0.423463,0.008252,3.19386,89340
286,0,9.50202,168,1,0,0,0.422192,0.005522,3.20108,89509
287,0,9.53171,158,1,0,0,0.420926,0.005826,3.23041,89668
288,0,9.60447,134,1,0,0,0.419663,0.007073,3.2399,89803
289,0,9.62177,128,1,0,0,0.418404,0.005271,3.2331,89932
290,0,9.65138,118,1,0,0,0.417149,0.005963,3.24189,90051
291,0,9.5678,146,1,0,0,0.415897,0.006374,3.24472,90198
292,0,9.57344,144,1,0,0,0.41465,0.005561,3.2694,90343
293,0,9.55643,150,1,0,0,0.413406,0.006172,3.28589,90494
294,0,9.52097,162,1,0,0,0.412166,0.007011,3.28143,90657
295,0,9.46016,182,1,0,0,0.410929,0.005199,3.27263,90840
296,0,9.56604,147,1,0,0,0.409696,0.006007,3.29631,90988
297,0,9.61439,131,1,0,0,0.408467,0.006797,3.33156,91120
298,0,9.5168,163,1,0,0,0.407242,0.006659,3.3213,91284
299,0,9.59651,137,1,0,0,0.40602,0.005306,3.33023,91422
300,0,9.60056,135,1,0,0,0.404802,0.005828,3.35675,91558
301,0,9.5861,140,1,0,0,0.403588,0.005321,3.35872,91699
302,0,9.58889,139,1,0,0,0.402377,0.00445,3.38479,91839
303,0,9.66641,113,1,0,0,0.40117,0.004912,3.38145,91953
304,0,9.6131,131,1,0,0,0.399966,0.005292,3.40077,92085
305,0,9.55032,152,1,0,0,0.398766,0.004174,3.37834,92238
306,0,9.51743,163,1,0,0,0.39757,0.003567,3.40265,92402
307,0,9.67294,111,1,0,0,0.396377,0.004735,3.43953,92514
308,0,9.59796,136,1,0,0,0.395188,0.004273,3.4476,92651
309,0,9.60681,133,1,0,0,0.394003,0.005381,3.47112,92785
310,0,9.55636,150,1,0,0,0.392821,0.004392,3.44796,92936
311,0,9.50437,167,1,0,0,0.391642,0.005265,3.47142,93104
312,0,9.58076,142,1,0,0,0.390467,0.005887,3.46296,93247
313,0,9.65149,118,1,0,0,0.389296,0.004539,3.50016,93366
314,0,9.64348,121,1,0,0,0.388128,0.004516,3.47397,93488
315,0,9.55866,149,1,0,0,0.386964,0.003958,3.49121,93638
316,0,9.69993,102,1,0,0,0.385803,0.002678,3.52791,93741
317,0,9.62187,128,1,0,0,0.384645,0.004487,3.52648,93870
318,0,9.60959,132,1,0,0,0.383491,0.003737,3.54299,94003
319,0,9.69688,103,1,0,0,0.382341,0.003748,3.55851,94107
320,0,9.61278,131,1,0,0,0.381194,0.004463,3.52449,94239
321,0,9.67002,112,1,0,0,0.38005,0.004704,3.55529,94352
322,0,9.64275,121,1,0,0,0.37891,0.003428,3.5901,94474
323,0,9.5982,136,1,0,0,0.377773,0.004099,3.58476,94611
324,0,9.59495,137,1,0,0,0.37664,0.003992,3.60422,94749
325,0,9.64907,119,1,0,0,0.37551,0.004096,3.60797,94869
326,0,9.6635,114,1,0,0,0.374384,0.004682,3.59352,94984
327,0,9.64573,120,1,0,0,0.37326,0.004821,3.62105,95105
328,0,9.65146,118,1,0,0,0.372141,0.004409,3.59445,95224
329,0,9.60947,132,1,0,0,0.371024,0.00458,3.63653,95357
330,0,9.66579,114,1,0,0,0.369911,0.005792,3.6627,95472
331,0,9.67944,109,1,0,0,0.368801,0.004917,3.63576,95582
332,0,9.68163,108,1,0,0,0.367695,0.006098,3.66185,95691
333,0,9.66949,112,1,0,0,0.366592,0.003931,3.67824,95804
334,0,9.72369,94,1,0,0,0.365492,0.002776,3.71555,95899
335,0,9.62786,126,1,0,0,0.364396,0.002719,3.70057,96026
336,0,9.6728,111,1,0,0,0.363302,0.004005,3.69383,96138
337,0,9.59479,137,1,0,0,0.362213,0.004138,3.7147,96276
338,0,9.69751,103,1,0,0,0.361126,0.002661,3.71909,96380
339,0,9.71483,97,1,0,0,0.360043,0.003485,3.73275,96478
340,0,9.70256,101,1,0,0,0.358962,0.004185,3.77084,96580
341,0,9.69402,104,1,0,0,0.357886,0.004045,3.77536,96685
342,0,9.71135,98,1,0,0,0.356812,0.00278,3.75219,96784
343,0,9.64904,119,1,0,0,0.355741,0.003555,3.75322,96904
344,0,9.69066,105,1,0,0,0.354674,0.00333,3.76141,97010
345,0,9.6368,123,1,0,0,0.35361,0.002307,3.80648,97134
346,0,9.67882,109,1,0,0,0.352549,0.002892,3.78822,97244
347,0,9.65759,116,1,0,0,0.351492,0.004322,3.78154,97361
348,0,9.6612,115,1,0,0,0.350437,0.002687,3.815,97477
349,0,9.71165,98,1,0,0,0.349386,0.002685,3.84923,97576
350,0,9.6999,102,1,0,0,0.348338,0.003187,3.85621,97679
351,0,9.5888,139,1,0,0,0.347293,0.004543,3.87071,97819
352,0,9.62458,127,1,0,0,0.346251,0.002897,3.86759,97947
353,0,9.73884,89,1,0,0,0.345212,0.002976,3.89788,98037
354,0,9.70922,99,1,0,0,0.344176,0.002579,3.88092,98137
355,0,9.71523,97,1,0,0,0.343144,0.003629,3.91476,98235
356,0,9.70533,100,1,0,0,0.342115,0.002953,3.91425,98336
357,0,9.7479,86,1,0,0,0.341088,0.002916,3.89587,98423
358,0,9.65143,118,1,0,0,0.340065,0.003829,3.91135,98542
359,0,9.68157,108,1,0,0,0.339045,0.003915,3.90239,98651
360,0,9.66435,114,1,0,0,0.338028,0.002882,3.93554,98766
361,0,9.70577,100,1,0,0,0.337014,0.003119,3.95389,98867
362,0,9.72101,95,1,0,0,0.336002,0.002771,3.93881,98963
363,0,9.72677,93,1,0,0,0.334994,0.003519,3.94882,99057
364,0,9.70906,99,1,0,0,0.333989,0.003011,3.98069,99157
365,0,9.7147,97,1,0,0,0.332988,0.002155,3.98593,99255
366,0,9.69084,105,1,0,0,0.331989,0.003432,3.99547,99361
367,0,9.69982,102,1,0,0,0.330993,0.003769,4.0151,99464
368,0,9.73567,90,1,0,0,0.33,0.005175,3.99832,99555
369,0,9.69061,105,1,0,0,0.32901,0.00128,4.02006,99661
370,0,9.70248,101,1,0,0,0.328023,0.001784,4.01141,99763
371,0,9.72402,94,1,0,0,0.327039,0.003133,4.02065,99858
372,0,9.62773,126,1,0,0,0.326057,0.003678,4.08652,99985
373,0,9.68211,108,1,0,0,0.325079,0.003294,4.07513,100094
374,0,9.68995,106,1,0,0,0.324104,0.001596,4.08461,100201
375,0,9.71208,98,1,0,0,0.323132,0.003147,4.02351,100300
376,0,9.63642,123,1,0,0,0.322162,0.002508,4.0743,100424
377,0,9.7064,100,1,0,0,0.321196,0.00271,4.10243,100525
378,0,9.74154,88,1,0,0,0.320232,0.004196,4.11847,100614
379,0,9.75058,85,1,0,0,0.319272,0.002088,4.11766,100700
380,0,9.72396,94,1,0,0,0.318314,0.001728,4.14998,100795
381,0,9.69942,102,1,0,0,0.317359,0.00322,4.12858,100898
382,0,9.71785,96,1,0,0,0.316407,0.003202,4.13478,100995
383,0,9.68437,107,1,0,0,0.315457,0.001738,4.17097,101103
384,0,9.72677,93,1,0,0,0.314511,0.002471,4.18283,101197
385,0,9.73305,91,1,0,0,0.313568,0.002967,4.17529,101289
386,0,9.70615,100,1,0,0,0.312627,0.002123,4.16148,101390
387,0,9.71125,98,1,0,0,0.311689,0.001861,4.17403,101489
388,0,9.68484,107,1,0,0,0.310754,0.00279,4.24348,101597
389,0,9.78631,73,1,0,0,0.309822,0.004986,4.22334,101671
390,0,9.61291,131,1,0,0,0.308892,0.003445,4.19803,101803
391,0,9.72431,94,1,0,0,0.307965,0.002041,4.23723,101898
392,0,9.69701,103,1,0,0,0.307042,0.002225,4.22623,102002
393,0,9.69971,102,1,0,0,0.30612,0.002588,4.29517,102105
394,0,9.69993,102,1,0,0,0.305202,0.003803,4.28395,102208
395,0,9.73858,89,1,0,0,0.304287,0.00233,4.27053,102298
396,0,9.75075,85,1,0,0,0.303374,0.001373,4.24248,102384
397,0,9.68803,106,1,0,0,0.302464,0.001982,4.30915,102491
398,0,9.71451,97,1,0,0,0.301556,0.001898,4.27454,102589
399,0,9.67865,109,1,0,0,0.300651,0.001351,4.27115,102699
400,0,9.72986,92,1,0,0,0.29975,0.002271,4.3038,102792
401,0,9.6847,107,1,0,0,0.29885,0.002463,4.32154,102900
402,0,9.70007,102,1,0,0,0.297954,0.001475,4.34535,103003
403,0,9.73309,91,1,0,0,0.29706,0.002015,4.33578,103095
404,0,9.73563,90,1,0,0,0.296169,0.003162,4.32483,103186
405,0,9.72397,94,1,0,0,0.29528,0.002418,4.33097,103281
406,0,9.77786,76,1,0,0,0.294394,0.001898,4.34402,103358
407,0,9.73966,89,1,0,0,0.293511,0.001784,4.32217,103448
408,0,9.71759,96,1,0,0,0.292631,0.001658,4.40933,103545
409,0,9.74179,88,1,0,0,0.291753,0.000885,4.41312,103634
410,0,9.76561,80,1,0,0,0.290877,0.001591,4.37393,103715
411,0,9.76017,82,1,0,0,0.290005,0.002389,4.44735,103798
412,0,9.7686,79,1,0,0,0.289135,0.00231,4.41709,103878
413,0,9.74755,86,1,0,0,0.288267,0.002448,4.45038,103965
414,0,9.75102,85,1,0,0,0.287403,0.001175,4.4395,104051
415,0,9.727,93,1,0,0,0.28654,0.002344,4.47052,104145
416,0,9.71223,98,1,0,0,0.285681,0.001751,4.44263,104244
417,0,9.73889,89,1,0,0,0.284824,0.001997,4.4771,104334
418,0,9.70609,100,1,0,0,0.283969,0.002043,4.47827,104435
419,0,9.72649,93,1,0,0,0.283117,0.002606,4.51943,104529
420,0,9.77736,76,1,0,0,0.282268,0.00198,4.48581,104606
421,0,9.74561,87,1,0,0,0.281421,0.002331,4.51847,104694
422,0,9.7687,79,1,0,0,0.280577,0.002953,4.50866,104774
423,0,9.74802,86,1,0,0,0.279735,0.002133,4.48631,104861
424,0,9.69067,105,1,0,0,0.278896,0.000902,4.54553,104967
425,0,9.76552,80,1,0,0,0.278059,0.002855,4.53378,105048
426,0,9.751,85,1,0,0,0.277225,0.002322,4.55273,105134
427,0,9.77831,76,1,0,0,0.276393,0.001447,4.54591,105211
428,0,9.75393,84,1,0,0,0.275564,0.004088,4.57502,105296
429,0,9.77149,78,1,0,0,0.274738,0.0043,4.5635,105375
430,0,9.75696,83,1,0,0,0.273913,0.000799,4.61609,105459
431,0,9.75059,85,1,0,0,0.273092,0.001719,4.59175,105545
432,0,9.76876,79,1,0,0,0.272272,0.004206,4.63213,105625
433,0,9.76282,81,1,0,0,0.271456,0.002187,4.63067,105707
434,0,9.79008,72,1,0,0,0.270641,0.002582,4.59619,105780
435,0,9.75694,83,1,0,0,0.269829,0.001941,4.6643,105864
436,0,9.72399,94,1,0,0,0.26902,0.002858,4.64636,105959
437,0,9.73576,90,1,0,0,0.268213,0.003084,4.61205,106050
438,0,9.72695,93,1,0,0,0.267408,0.004525,4.67273,106144
439,0,9.72638,93,1,0,0,0.266606,0.002164,4.69985,106238
440,0,9.72983,92,1,0,0,0.265806,0.002931,4.66075,106331
441,0,9.75955,82,1,0,0,0.265009,0.002256,4.70201,106414
442,0,9.71514,97,1,0,0,0.264214,0.001185,4.69793,106512
443,0,9.72328,94,1,0,0,0.263421,0.002516,4.70557,106607
444,0,9.77147,78,1,0,0,0.262631,0.004167,4.7169,106686
445,0,9.75089,85,1,0,0,0.261843,0.001195,4.72265,106772
446,0,9.76007,82,1,0,0,0.261057,0.001747,4.69356,106855
447,0,9.74178,88,1,0,0,0.260274,0.001333,4.71199,106944
448,0,9.7447,87,1,0,0,0.259493,0.002538,4.73596,107032
449,0,9.79525,70,1,0,0,0.258715,0.001311,4.6939,107103
450,0,9.76555,80,1,0,0,0.257939,0.001173,4.70097,107184
451,0,9.71828,96,1,0,0,0.257165,0.002241,4.74699,107281
452,0,9.7539,84,1,0,0,0.256393,0.002068,4.74731,107366
453,0,9.75371,84,1,0,0,0.255624,0.002111,4.73943,107451
454,0,9.75039,85,1,0,0,0.254857,0.002278,4.81864,107537
455,0,9.77808,76,1,0,0,0.254093,0.00074,4.77594,107614
456,0,9.73997,89,1,0,0,0.25333,0.001265,4.75469,107704
457,0,9.74521,87,1,0,0,0.25257,0.002393,4.78938,107792
458,0,9.76277,81,1,0,0,0.251813,0.000854,4.80367,107874
459,0,9.76594,80,1,0,0,0.251057,0.002315,4.77131,107955
460,0,9.79865,69,1,0,0,0.250304,0.001427,4.83973,108025
461,0,9.74529,87,1,0,0,0.249553,0.002271,4.83594,108113
462,0,9.74477,87,1,0,0,0.248805,0.001666,4.83742,108201
463,0,9.77173,78,1,0,0,0.248058,0.001853,4.8141,108280
464,0,9.78065,75,1,0,0,0.247314,0.001097,4.80973,108356
465,0,9.7448,87,1,0,0,0.246572,0.001684,4.81424,108444
466,0,9.80175,68,1,0,0,0.245832,0.003658,4.85904,108513
467,0,9.80715,66,1,0,0,0.245095,0.000575,4.80021,108580
468,0,9.77181,78,1,0,0,0.24436,0.000884,4.80564,108659
469,0,9.78052,75,1,0,0,0.243626,0.002333,4.84641,108735
470,0,9.78043,75,1,0,0,0.242896,0.001449,4.91348,108811
471,0,9.77468,77,1,0,0,0.242167,0.001652,4.8535,108889
472,0,9.77201,78,1,0,0,0.24144,0.001816,4.87295,108968
473,0,9.78714,73,1,0,0,0.240716,0.000776,4.89387,109042
474,0,9.7685,79,1,0,0,0.239994,0.002146,4.93014,109122
475,0,9.80728,66,1,0,0,0.239274,0.002983,4.88681,109189
476,0,9.78713,73,1,0,0,0.238556,0.001984,4.89116,109263
477,0,9.75671,83,1,0,0,0.23784,0.001565,4.9145,109347
478,0,9.75984,82,1,0,0,0.237127,0.002693,4.92089,109430
479,0,9.76271,81,1,0,0,0.236416,0.002056,4.94096,109512
480,0,9.75362,84,1,0,0,0.235706,0.002395,4.93962,109597
481,0,9.78077,75,1,0,0,0.234999,0.001369,4.95011,109673
482,0,9.7637,81,1,0,0,0.234294,0.001502,5.0282,109755
483,0,9.77209,78,1,0,0,0.233591,0.001415,5.00752,109834
484,0,9.7599,82,1,0,0,0.232891,0.002382,5.00429,109917
485,0,9.79292,71,1,0,0,0.232192,0.001281,5.02593,109989
486,0,9.8043,67,1,0,0,0.231495,0.000862,4.96814,110057
487,0,9.80203,68,1,0,0,0.230801,0.002059,4.99992,110126
488,0,9.74242,88,1,0,0,0.230108,0.002078,5.00298,110215
489,0,9.79835,69,1,0,0,0.229418,0.000975,5.04685,110285
490,0,9.77761,76,1,0,0,0.22873,0.002216,5.00698,110362
491,0,9.778,76,1,0,0,0.228044,0.001468,4.98212,110439
492,0,9.80483,67,1,0,0,0.227359,0.002845,4.99026,110507
493,0,9.7423,88,1,0,0,0.226677,0.001409,5.03536,110596
494,0,9.7266,93,1,0,0,0.225997,0.001853,5.04604,110690
495,0,9.784,74,1,0,0,0.225319,0.000717,5.05669,110765
496,0,9.79615,70,1,0,0,0.224643,0.001902,5.06294,110836
497,0,9.76649,80,1,0,0,0.223969,0.000558,5.07912,110917
498,0,9.79373,71,1,0,0,0.223298,0.000708,5.02061,110989
499,0,9.78396,74,1,0,0,0.222628,0.003214,5.06679,111064
500,0,9.79824,69,1,0,0,0.22196,0.001981,5.11629,111134
501,0,9.77764,76,1,0,0,0.221294,0.001195,5.09856,111211
502,0,9.79587,70,1,0,0,0.22063,0.001084,5.04192,111282
503,0,9.78659,73,1,0,0,0.219968,0.001358,5.074,111356
504,0,9.7686,79,1,0,0,0.219308,0.000724,5.10151,111436
505,0,9.79065,72,1,0,0,0.21865,0.003139,5.11459,111509
506,0,9.81124,65,1,0,0,0.217994,0.000555,5.13361,111575
507,0,9.78654,73,1,0,0,0.21734,0.000506,5.18849,111649
508,0,9.721,95,1,0,0,0.216688,0.002839,5.11059,111745
509,0,9.78413,74,1,0,0,0.216038,0.002381,5.16641,111820
510,0,9.81077,65,1,0,0,0.21539,0.000528,5.14983,111886
511,0,9.76902,79,1,0,0,0.214744,0.000701,5.112,111966
512,0,9.72933,92,1,0,0,0.2141,0.000726,5.20879,112059
513,0,9.7835,74,1,0,0,0.213457,0.001128,5.18847,112134
514,0,9.77436,77,1,0,0,0.212817,0.00138,5.25144,112212
515,0,9.79283,71,1,0,0,0.212179,0.000551,5.19103,112284
516,0,9.78935,72,1,0,0,0.211542,0.001016,5.15227,112357
517,0,9.79274,71,1,0,0,0.210907,0.002102,5.16667,112429
518,0,9.81102,65,1,0,0,0.210275,0.001383,5.10749,112495
519,0,9.78965,72,1,0,0,0.209644,0.000731,5.2586,112568
520,0,9.78157,75,1,0,0,0.209015,0.002727,5.17707,112644
521,0,9.76912,79,1,0,0,0.208388,0.003363,5.1774,112724
522,0,9.81103,65,1,0,0,0.207763,0.001651,5.15952,112790
523,0,9.7841,74,1,0,0,0.20714,0.001679,5.20016,112865
524,0,9.81657,63,1,0,0,0.206518,0.00258,5.25105,112929
525,0,9.77786,76,1,0,0,0.205899,0.000735,5.22799,113006
526,0,9.78113,75,1,0,0,0.205281,0.000817,5.1991,113082
527,0,9.76236,81,1,0,0,0.204665,0.000972,5.30008,113164
528,0,9.81682,63,1,0,0,0.204051,0.002592,5.21396,113228
529,0,9.80503,67,1,0,0,0.203439,0.001549,5.24974,113296
530,0,9.76579,80,1,0,0,0.202829,0.002214,5.20882,113377
531,0,9.79283,71,1,0,0,0.20222,0.000767,5.2213,113449
532,0,9.81328,64,1,0,0,0.201613,0.001799,5.29886,113514
533,0,9.73824,89,1,0,0,0.201009,0.001,5.24325,113604
534,0,9.78722,73,1,0,0,0.200406,0.002035,5.28495,113678
535,0,9.75059,85,1,0,0,0.199804,0.001639,5.23497,113764
536,0,9.79612,70,1,0,0,0.199205,0.00156,5.24603,113835
537,0,9.75345,84,1,0,0,0.198607,0.002119,5.24024,113920
538,0,9.80232,68,1,0,0,0.198011,0.002173,5.29842,113989
539,0,9.78403,74,1,0,0,0.197417,0.000528,5.27669,114064
540,0,9.80484,67,1,0,0,0.196825,0.000651,5.29466,114132
541,0,9.79298,71,1,0,0,0.196235,0.001674,5.27889,114204
542,0,9.76013,82,1,0,0,0.195646,0.000799,5.30477,114287
543,0,9.81099,65,1,0,0,0.195059,0.000535,5.28689,114353
544,0,9.77784,76,1,0,0,0.194474,0.002016,5.26283,114430
545,0,9.78683,73,1,0,0,0.19389,0.000674,5.30537,114504
546,0,9.766,80,1,0,0,0.193309,0.003114,5.34378,114585
547,0,9.75091,85,1,0,0,0.192729,0.001074,5.33923,114671
548,0,9.80143,68,1,0,0,0.192151,0.000846,5.44259,114740
549,0,9.76263,81,1,0,0,0.191574,0.002139,5.32189,114822
550,0,9.78989,72,1,0,0,0.190999,0.000544,5.32747,114895
551,0,9.78753,73,1,0,0,0.190427,0.000488,5.33724,114969
552,0,9.79337,71,1,0,0,0.189855,0.002339,5.38773,115041
553,0,9.76895,79,1,0,0,0.189286,0.001345,5.41668,115121
554,0,9.79523,70,1,0,0,0.188718,0.002896,5.37238,115192
555,0,9.80485,67,1,0,0,0.188152,0.000473,5.37571,115260
556,0,9.78373,74,1,0,0,0.187587,0.000982,5.38367,115335
557,0,9.79552,70,1,0,0,0.187024,0.000445,5.42069,115406
558,0,9.802,68,1,0,0,0.186463,0.000675,5.39045,115475
559,0,9.79282,71,1,0,0,0.185904,0.001178,5.45194,115547
560,0,9.80186,68,1,0,0,0.185346,0.001415,5.37802,115616
561,0,9.78676,73,1,0,0,0.18479,0.000676,5.45222,115690
562,0,9.78377,74,1,0,0,0.184236,0.000545,5.44431,115765
563,0,9.76887,79,1,0,0,0.183683,0.000542,5.42932,115845
564,0,9.78341,74,1,0,0,0.183132,0.000753,5.42332,115920
565,0,9.82251,61,1,0,0,0.182583,0.001195,5.41534,115982
566,0,9.80754,66,1,0,0,0.182035,0.0005,5.42535,116049
567,0,9.78384,74,1,0,0,0.181489,0.000719,5.42377,116124
568,0,9.80781,66,1,0,0,0.180944,0.001226,5.40654,116191
569,0,9.76012,82,1,0,0,0.180402,0.001474,5.46125,116274
570,0,9.78387,74,1,0,0,0.17986,0.00101,5.46339,116349
571,0,9.75813,83,1,0,0,0.179321,0.000454,5.49509,116433
572,0,9.78484,74,1,0,0,0.178783,0.001411,5.4541,116508
573,0,9.80553,67,1,0,0,0.178246,0.001088,5.43975,116576
574,0,9.80194,68,1,0,0,0.177712,0.001174,5.44755,116645
575,0,9.79894,69,1,0,0,0.177179,0.000748,5.43754,116715
576,0,9.79278,71,1,0,0,0.176647,0.000435,5.45595,116787
577,0,9.79584,70,1,0,0,0.176117,0.002043,5.47933,116858
578,0,9.81082,65,1,0,0,0.175589,0.001851,5.50559,116924
579,0,9.7935,71,1,0,0,0.175062,0.001416,5.47205,116996
580,0,9.80477,67,1,0,0,0.174537,0.002488,5.46535,117064
581,0,9.81699,63,1,0,0,0.174013,0.000488,5.52939,117128
582,0,9.75375,84,1,0,0,0.173491,0.001119,5.50063,117213
583,0,9.80433,67,1,0,0,0.172971,0.001567,5.49719,117281
584,0,9.79547,70,1,0,0,0.172452,0.000448,5.50072,117352
585,0,9.77803,76,1,0,0,0.171934,0.000671,5.48847,117429
586,0,9.78437,74,1,0,0,0.171419,0.001518,5.4466,117504
587,0,9.79239,71,1,0,0,0.170904,0.001615,5.47513,117576
588,0,9.79902,69,1,0,0,0.170392,0.00158,5.58461,117646
589,0,9.80145,68,1,0,0,0.16988,0.00171,5.52709,117715
590,0,9.781,75,1,0,0,0.169371,0.000447,5.57571,117791
591,0,9.79294,71,1,0,0,0.168863,0.002834,5.51343,117863
592,0,9.7755,77,1,0,0,0.168356,0.000466,5.54559,117941
593,0,9.80469,67,1,0,0,0.167851,0.001817,5.53823,118009
594,0,9.77544,77,1,0,0,0.167347,0.004143,5.58278,118087
595,0,9.81684,63,1,0,0,0.166845,0.001654,5.56785,118151
596,0,9.77752,76,1,0,0,0.166345,0.000964,5.58897,118228
597,0,9.79881,69,1,0,0,0.165846,0.002019,5.56873,118298
598,0,9.78991,72,1,0,0,0.165348,0.001382,5.56563,118371
599,0,9.82588,60,1,0,0,0.164852,0.002008,5.6201,118432
600,0,9.81395,64,1,0,0,0.164358,0.002962,5.6043,118497
601,0,9.79256,71,1,0,0,0.163865,0.000456,5.60675,118569
602,0,9.80515,67,1,0,0,0.163373,0.000417,5.65701,118637
603,0,9.82608,60,1,0,0,0.162883,0.001257,5.61495,118698
604,0,9.76251,81,1,0,0,0.162394,0.001327,5.58673,118780
605,0,9.79932,69,1,0,0,0.161907,0.000435,5.63087,118850
606,0,9.81722,63,1,0,0,0.161421,0.000506,5.65246,118914
607,0,9.80498,67,1,0,0,0.160937,0.001248,5.56785,118982
608,0,9.81934,62,1,0,0,0.160454,0.000742,5.67243,119045
609,0,9.78955,72,1,0,0,0.159973,0.00071,5.68835,119118
610,0,9.78101,75,1,0,0,0.159493,0.000415,5.65003,119194
611,0,9.77526,77,1,0,0,0.159015,0.000654,5.61531,119272
612,0,9.80195,68,1,0,0,0.158538,0.00041,5.67392,119341
613,0,9.81705,63,1,0,0,0.158062,0.001255,5.64764,119405
614,0,9.81363,64,1,0,0,0.157588,0.00189,5.66824,119470
615,0,9.81139,65,1,0,0,0.157115,0.000427,5.66939,119536
616,0,9.80464,67,1,0,0,0.156644,0.001402,5.69925,119604
617,0,9.77523,77,1,0,0,0.156174,0.000772,5.66996,119682
618,0,9.78054,75,1,0,0,0.155705,0.00225,5.70763,119758
619,0,9.79883,69,1,0,0,0.155238,0.002244,5.71548,119828
620,0,9.79092,72,1,0,0,0.154772,0.001364,5.70011,119901
621,0,9.8048,67,1,0,0,0.154308,0.001095,5.67878,119969
622,0,9.79604,70,1,0,0,0.153845,0.000765,5.74962,120040
623,0,9.79595,70,1,0,0,0.153384,0.001789,5.71863,120111
624,0,9.79886,69,1,0,0,0.152923,0.002424,5.68924,120181
625,0,9.82312,61,1,0,0,0.152465,0.000819,5.74674,120243
626,0,9.81063,65,1,0,0,0.152007,0.000433,5.77369,120309
627,0,9.76544,80,1,0,0,0.151551,0.000972,5.79405,120390
628,0,9.7991,69,1,0,0,0.151097,0.001039,5.74437,120460
629,0,9.79574,70,1,0,0,0.150643,0.000432,5.76057,120531
630,0,9.80835,66,1,0,0,0.150191,0.000466,5.72955,120598
631,0,9.78464,74,1,0,0,0.149741,0.001117,5.75598,120673
632,0,9.79015,72,1,0,0,0.149292,0.000469,5.77174,120746
633,0,9.80488,67,1,0,0,0.148844,0.000421,5.81648,120814
634,0,9.82533,60,1,0,0,0.148397,0.000391,5.84468,120875
635,0,9.81065,65,1,0,0,0.147952,0.000405,5.81525,120941
636,0,9.82911,59,1,0,0,0.147508,0.000418,5.75908,121001
637,0,9.80488,67,1,0,0,0.147066,0.001865,5.76052,121069
638,0,9.8286,59,1,0,0,0.146624,0.000324,5.79291,121129
639,0,9.78138,75,1,0,0,0.146184,0.001677,5.78617,121205
640,0,9.78992,72,1,0,0,0.145746,0.000427,5.86429,121278
641,0,9.79269,71,1,0,0,0.145309,0.000429,5.79487,121350
642,0,9.80483,67,1,0,0,0.144873,0.000384,5.86173,121418
643,0,9.8258,60,1,0,0,0.144438,0.000799,5.89967,121479
644,0,9.83192,58,1,0,0,0.144005,0.00035,5.86247,121538
645,0,9.82263,61,1,0,0,0.143573,0.000475,5.86834,121600
646,0,9.80184,68,1,0,0,0.143142,0.001164,5.85393,121669
647,0,9.78439,74,1,0,0,0.142713,0.001552,5.87351,121744
648,0,9.80439,67,1,0,0,0.142285,0.000407,5.91809,121812
649,0,9.80248,68,1,0,0,0.141858,0.00143,5.91605,121881
650,0,9.81065,65,1,0,0,0.141432,0.000433,5.88695,121947
651,0,9.8259,60,1,0,0,0.141008,0.000357,5.87533,122008
652,0,9.82264,61,1,0,0,0.140585,0.000391,5.92489,122070
653,0,9.81699,63,1,0,0,0.140163,0.000854,5.9463,122134
654,0,9.81399,64,1,0,0,0.139743,0.001092,5.90795,122199
655,0,9.79232,71,1,0,0,0.139323,0.000412,5.96188,122271
656,0,9.78983,72,1,0,0,0.138905,0.000428,5.926,122344
657,0,9.80789,66,1,0,0,0.138489,0.000427,5.87132,122411
658,0,9.79316,71,1,0,0,0.138073,0.000425,5.97205,122483
659,0,9.80773,66,1,0,0,0.137659,0.001921,5.93166,122550
660,0,9.79569,70,1,0,0,0.137246,0.001022,5.92775,122621
661,0,9.78971,72,1,0,0,0.136834,0.000349,5.93846,122694
662,0,9.83472,57,1,0,0,0.136424,0.001324,5.94596,122752
663,0,9.81072,65,1,0,0,0.136014,0.002947,6.03328,122818
664,0,9.81406,64,1,0,0,0.135606,0.000349,6.01775,122883
665,0,9.80171,68,1,0,0,0.1352,0.000458,5.98034,122952
666,0,9.82269,61,1,0,0,0.134794,0.000359,6.00258,123014
667,0,9.81689,63,1,0,0,0.13439,0.000358,6.02651,123078
668,0,9.80518,67,1,0,0,0.133986,0.000374,5.95143,123146
669,0,9.8138,64,1,0,0,0.133584,0.000332,5.95499,123211
670,0,9.82535,60,1,0,0,0.133184,0.002243,5.95214,123272
671,0,9.81401,64,1,0,0,0.132784,0.001977,6.01966,123337
672,0,9.7778,76,1,0,0,0.132386,0.001354,6.03981,123414
673,0,9.81721,63,1,0,0,0.131989,0.002454,5.97758,123478
674,0,9.78395,74,1,0,0,0.131593,0.000342,6.05264,123553
675,0,9.83457,57,1,0,0,0.131198,0.000371,6.02315,123611
676,0,9.82023,62,1,0,0,0.130804,0.000405,6.05585,123674
677,0,9.82554,60,1,0,0,0.130412,0.000348,6.04627,123735
678,0,9.80198,68,1,0,0,0.130021,0.000335,6.06479,123804
679,0,9.81941,62,1,0,0,0.129631,0.001511,6.06151,123867
680,0,9.8166,63,1,0,0,0.129242,0.00036,6.05001,123931
681,0,9.79541,70,1,0,0,0.128854,0.000335,6.07947,124002
682,0,9.82033,62,1,0,0,0.128467,0.000344,6.07835,124065
683,0,9.80794,66,1,0,0,0.128082,0.001203,6.07993,124132
684,0,9.80831,66,1,0,0,0.127698,0.000385,6.06065,124199
685,0,9.78491,74,1,0,0,0.127315,0.000349,6.10315,124274
686,0,9.79859,69,1,0,0,0.126933,0.000303,6.1072,124344
687,0,9.7904,72,1,0,0,0.126552,0.000363,6.12097,124417
688,0,9.80825,66,1,0,0,0.126172,0.000351,6.1448,124484
689,0,9.81951,62,1,0,0,0.125794,0.000341,6.11761,124547
690,0,9.8228,61,1,0,0,0.125416,0.001221,6.11949,124609
691,0,9.81667,63,1,0,0,0.12504,0.000338,6.08365,124673
692,0,9.8168,63,1,0,0,0.124665,0.000337,6.14453,124737
693,0,9.81983,62,1,0,0,0.124291,0.001267,6.13468,124800
694,0,9.82261,61,1,0,0,0.123918,0.000339,6.14011,124862
695,0,9.82252,61,1,0,0,0.123546,0.000299,6.16168,124924
696,0,9.81977,62,1,0,0,0.123176,0.000324,6.17153,124987
697,0,9.8227,61,1,0,0,0.122806,0.000336,6.1285,125049
698,0,9.7988,69,1,0,0,0.122438,0.000299,6.16933,125119
699,0,9.79907,69,1,0,0,0.122071,0.000309,6.15395,125189
700,0,9.82235,61,1,0,0,0.121704,0.000316,6.14982,125251
701,0,9.81351,64,1,0,0,0.121339,0.001458,6.1546,125316
702,0,9.80226,68,1,0,0,0.120975,0.001165,6.22087,125385
703,0,9.81127,65,1,0,0,0.120612,0.00124,6.19456,125451
704,0,9.81131,65,1,0,0,0.12025,0.00028,6.15414,125517
705,0,9.81997,62,1,0,0,0.11989,0.000293,6.18785,125580
706,0,9.81361,64,1,0,0,0.11953,0.000298,6.24533,125645
707,0,9.81425,64,1,0,0,0.119171,0.000354,6.18727,125710
708,0,9.80182,68,1,0,0,0.118814,0.00031,6.20805,125779
709,0,9.81995,62,1,0,0,0.118457,0.000307,6.18811,125842
710,0,9.79563,70,1,0,0,0.118102,0.000295,6.18173,125913
711,0,9.82259,61,1,0,0,0.117748,0.00028,6.21848,125975
712,0,9.80794,66,1,0,0,0.117395,0.000286,6.19974,126042
713,0,9.82575,60,1,0,0,0.117042,0.000317,6.22028,126103
714,0,9.80191,68,1,0,0,0.116691,0.002487,6.22769,126172
715,0,9.82277,61,1,0,0,0.116341,0.001471,6.22628,126234
716,0,9.82272,61,1,0,0,0.115992,0.000297,6.25465,126296
717,0,9.82283,61,1,0,0,0.115644,0.000269,6.26987,126358
718,0,9.80183,68,1,0,0,0.115297,0.000325,6.27382,126427
719,0,9.80818,66,1,0,0,0.114951,0.000292,6.26354,126494
720,0,9.83546,57,1,0,0,0.114606,0.001592,6.22377,126552
721,0,9.78523,74,1,0,0,0.114263,0.000295,6.31679,126627
722,0,9.81386,64,1,0,0,0.11392,0.000297,6.32917,126692
723,0,9.79299,71,1,0,0,0.113578,0.000337,6.29682,126764
724,0,9.83795,56,1,0,0,0.113237,0.000232,6.2626,126821
725,0,9.80438,67,1,0,0,0.112898,0.000366,6.28206,126889
726,0,9.7958,70,1,0,0,0.112559,0.000253,6.28385,126960
727,0,9.81377,64,1,0,0,0.112221,0.00029,6.28976,127025
728,0,9.81046,65,1,0,0,0.111885,0.001469,6.29866,127091
729,0,9.81663,63,1,0,0,0.111549,0.000265,6.27842,127155
730,0,9.82586,60,1,0,0,0.111214,0.000277,6.26975,127216
731,0,9.82293,61,1,0,0,0.110881,0.000305,6.28612,127278
732,0,9.83461,57,1,0,0,0.110548,0.000254,6.31274,127336
733,0,9.81445,64,1,0,0,0.110216,0.002566,6.29713,127401
734,0,9.82588,60,1,0,0,0.109886,0.000299,6.33509,127462
735,0,9.83157,58,1,0,0,0.109556,0.000245,6.32859,127521
736,0,9.78427,74,1,0,0,0.109227,0.00125,6.31802,127596
737,0,9.82288,61,1,0,0,0.1089,0.000283,6.36012,127658
738,0,9.81328,64,1,0,0,0.108573,0.000278,6.39147,127723
739,0,9.82863,59,1,0,0,0.108247,0.000279,6.30515,127783
740,0,9.81997,62,1,0,0,0.107923,0.000293,6.32717,127846
741,0,9.82327,61,1,0,0,0.107599,0.001527,6.34772,127908
742,0,9.82917,59,1,0,0,0.107276,0.000244,6.37293,127968
743,0,9.82294,61,1,0,0,0.106954,0.000284,6.34988,128030
744,0,9.82294,61,1,0,0,0.106633,0.000248,6.35171,128092
745,0,9.81651,63,1,0,0,0.106313,0.00027,6.36575,128156
746,0,9.81387,64,1,0,0,0.105994,0.000269,6.34495,128221
747,0,9.8111,65,1,0,0,0.105676,0.000238,6.35942,128287
748,0,9.81391,64,1,0,0,0.105359,0.000269,6.36359,128352
749,0,9.82061,62,1,0,0,0.105043,0.000247,6.36704,128415
750,0,9.82938,59,1,0,0,0.104728,0.000252,6.38404,128475
751,0,9.81964,62,1,0,0,0.104414,0.00027,6.34535,128538
752,0,9.82331,61,1,0,0,0.104101,0.000295,6.40366,128600
753,0,9.82851,59,1,0,0,0.103789,0.00025,6.40345,128660
754,0,9.82341,61,1,0,0,0.103477,0.000261,6.36565,128722
755,0,9.81717,63,1,0,0,0.103167,0.000247,6.3819,128786
756,0,9.81138,65,1,0,0,0.102857,0.000264,6.39251,128852
757,0,9.82575,60,1,0,0,0.102549,0.000252,6.4085,128913
758,0,9.79877,69,1,0,0,0.102241,0.000233,6.4284,128983
759,0,9.80451,67,1,0,0,0.101934,0.000312,6.37525,129051
760,0,9.8084,66,1,0,0,0.101628,0.00026,6.41357,129118
761,0,9.81417,64,1,0,0,0.101324,0.001442,6.46917,129183
762,0,9.83161,58,1,0,0,0.10102,0.000261,6.36108,129242
763,0,9.80502,67,1,0,0,0.100717,0.000269,6.43523,129310
764,0,9.83189,58,1,0,0,0.100414,0.00029,6.46824,129369
765,0,9.82235,61,1,0,0,0.100113,0.000251,6.45786,129431
766,0,9.83175,58,1,0,0,0.1,0.000221,6.45482,129490
767,0,9.82287,61,1,0,0,0.1,0.000216,6.41733,129552
768,0,9.82019,62,1,0,0,0.1,0.001479,6.38815,129615
769,0,9.81079,65,1,0,0,0.1,0.001404,6.39256,129681
770,0,9.83181,58,1,0,0,0.1,0.000221,6.46632,129740
771,0,9.81723,63,1,0,0,0.1,0.000252,6.41211,129804
772,0,9.82326,61,1,0,0,0.1,0.000247,6.4322,129866
773,0,9.81433,64,1,0,0,0.1,0.00024,6.40186,129931
774,0,9.82861,59,1,0,0,0.1,0.000268,6.42141,129991
775,0,9.83153,58,1,0,0,0.1,0.000228,6.41255,130050
776,0,9.80846,66,1,0,0,0.1,0.000223,6.44892,130117
777,0,9.82853,59,1,0,0,0.1,0.000275,6.45804,130177
778,0,9.83753,56,1,0,0,0.1,0.000208,6.50526,130234
779,0,9.81982,62,1,0,0,0.1,0.000283,6.46736,130297
780,0,9.82879,59,1,0,0,0.1,0.000301,6.47044,130357
781,0,9.81422,64,1,0,0,0.1,0.000241,6.46094,130422
782,0,9.79316,71,1,0,0,0.1,0.000254,6.42782,130494
783,0,9.81354,64,1,0,0,0.1,0.000301,6.50097,130559
784,0,9.81353,64,1,0,0,0.1,0.000199,6.46384,130624
785,0,9.81983,62,1,0,0,0.1,0.000291,6.4657,130687
786,0,9.82841,59,1,0,0,0.1,0.000262,6.52163,130747
787,0,9.8081,66,1,0,0,0.1,0.000235,6.53735,130814
788,0,9.80195,68,1,0,0,0.1,0.000222,6.50384,130883
789,0,9.82039,62,1,0,0,0.1,0.000261,6.52522,130946
790,0,9.82591,60,1,0,0,0.1,0.000236,6.52798,131007
791,0,9.82029,62,1,0,0,0.1,0.000337,6.49661,131070
792,0,9.81378,64,1,0,0,0.1,0.000233,6.51938,131135
793,0,9.81982,62,1,0,0,0.1,0.00021,6.54959,131198
794,0,9.81413,64,1,0,0,0.1,0.000231,6.50017,131263
795,0,9.83746,56,1,0,0,0.1,0.000253,6.52659,131320
796,0,9.83509,57,1,0,0,0.1,0.000258,6.53192,131378
797,0,9.79899,69,1,0,0,0.1,0.000278,6.56644,131448
798,0,9.8139,64,1,0,0,0.1,0.000222,6.51002,131513
799,0,9.83516,57,1,0,0,0.1,0.000218,6.56464,131571
800,0,9.814,64,1,0,0,0.1,0.000222,6.52453,131636
801,0,9.82316,61,1,0,0,0.1,0.000247,6.56102,131698
802,0,9.81355,64,1,0,0,0.1,0.000299,6.56221,131763
803,0,9.81151,65,1,0,0,0.1,0.000274,6.55188,131829
804,0,9.81726,63,1,0,0,0.1,0.000217,6.60745,131893
805,0,9.79883,69,1,0,0,0.1,0.000245,6.60704,131963
806,0,9.81736,63,1,0,0,0.1,0.0002,6.62255,132027
807,0,9.81084,65,1,0,0,0.1,0.000269,6.63137,132093
808,0,9.83455,57,1,0,0,0.1,0.000285,6.59347,132151
809,0,9.82237,61,1,0,0,0.1,0.000256,6.62936,132213
810,0,9.81682,63,1,0,0,0.1,0.000287,6.60178,132277
811,0,9.82291,61,1,0,0,0.1,0.000234,6.60045,132339
812,0,9.82284,61,1,0,0,0.1,0.000266,6.60617,132401
813,0,9.81988,62,1,0,0,0.1,0.000192,6.58873,132464
814,0,9.82304,61,1,0,0,0.1,0.000231,6.58411,132526
815,0,9.81647,63,1,0,0,0.1,0.000284,6.61649,132590
816,0,9.82021,62,1,0,0,0.1,0.000241,6.66627,132653
817,0,9.81983,62,1,0,0,0.1,0.000217,6.59604,132716
818,0,9.82948,59,1,0,0,0.1,0.000245,6.61732,132776
819,0,9.80794,66,1,0,0,0.1,0.000237,6.63166,132843
820,0,9.80513,67,1,0,0,0.1,0.000236,6.63731,132911
821,0,9.81983,62,1,0,0,0.1,0.000203,6.60098,132974
822,0,9.83475,57,1,0,0,0.1,0.000221,6.65608,133032
823,0,9.82004,62,1,0,0,0.1,0.000233,6.6474,133095
824,0,9.79651,70,1,0,0,0.1,0.000281,6.65216,133166
825,0,9.82926,59,1,0,0,0.1,0.000297,6.62334,133226
826,0,9.82876,59,1,0,0,0.1,0.000273,6.64388,133286
827,0,9.81077,65,1,0,0,0.1,0.000248,6.67899,133352
828,0,9.81695,63,1,0,0,0.1,0.000246,6.70238,133416
829,0,9.81711,63,1,0,0,0.1,0.000231,6.69314,133480
830,0,9.8169,63,1,0,0,0.1,0.000228,6.67203,133544
831,0,9.81365,64,1,0,0,0.1,0.000302,6.69621,133609
832,0,9.8042,67,1,0,0,0.1,0.000258,6.71439,133677
833,0,9.82606,60,1,0,0,0.1,0.000276,6.66192,133738
834,0,9.82885,59,1,0,0,0.1,0.000209,6.69947,133798
835,0,9.8314,58,1,0,0,0.1,0.000251,6.70105,133857
836,0,9.7958,70,1,0,0,0.1,0.000254,6.71773,133928
837,0,9.76887,79,1,0,0,0.1,0.000289,6.72022,134008
838,0,9.81725,63,1,0,0,0.1,0.000266,6.65945,134072
839,0,9.82044,62,1,0,0,0.1,0.000239,6.72613,134135
840,0,9.80797,66,1,0,0,0.1,0.000275,6.73927,134202
841,0,9.81656,63,1,0,0,0.1,0.000231,6.71549,134266
842,0,9.8261,60,1,0,0,0.1,0.000303,6.71594,134327
843,0,9.79017,72,1,0,0,0.1,0.00022,6.73795,134400
844,0,9.82301,61,1,0,0,0.1,0.000214,6.74203,134462
845,0,9.81082,65,1,0,0,0.1,0.000271,6.77244,134528
846,0,9.79015,72,1,0,0,0.1,0.000262,6.77401,134601
847,0,9.81065,65,1,0,0,0.1,0.000293,6.75329,134667
848,0,9.82546,60,1,0,0,0.1,0.000303,6.77117,134728
849,0,9.82005,62,1,0,0,0.1,0.000236,6.76532,134791
850,0,9.8265,60,1,0,0,0.1,0.000196,6.73983,134852
851,0,9.81084,65,1,0,0,0.1,0.00023,6.76145,134918
852,0,9.82857,59,1,0,0,0.1,0.000244,6.78706,134978
853,0,9.82616,60,1,0,0,0.1,0.000255,6.77531,135039
854,0,9.82539,60,1,0,0,0.1,0.000294,6.79892,135100
855,0,9.82899,59,1,0,0,0.1,0.000238,6.79673,135160
856,0,9.8202,62,1,0,0,0.1,0.000318,6.80834,135223
857,0,9.81381,64,1,0,0,0.1,0.000283,6.7863,135288
858,0,9.81742,63,1,0,0,0.1,0.000289,6.80671,135352
859,0,9.82539,60,1,0,0,0.1,0.000325,6.83442,135413
860,0,9.83225,58,1,0,0,0.1,0.000312,6.78192,135472
861,0,9.79605,70,1,0,0,0.1,0.000276,6.79497,135543
862,0,9.8228,61,1,0,0,0.1,0.000308,6.82879,135605
863,0,9.81651,63,1,0,0,0.1,0.000257,6.86845,135669
864,0,9.81749,63,1,0,0,0.1,0.000302,6.84223,135733
865,0,9.80755,66,1,0,0,0.1,0.000309,6.82203,135800
866,0,9.81669,63,1,0,0,0.1,0.000319,6.78627,135864
867,0,9.82603,60,1,0,0,0.1,0.00028,6.85106,135925
868,0,9.77214,78,1,0,0,0.1,0.000332,6.85581,136004
869,0,9.82255,61,1,0,0,0.1,0.000296,6.85168,136066
870,0,9.82305,61,1,0,0,0.1,0.000388,6.88088,136128
871,0,9.81698,63,1,0,0,0.1,0.000395,6.84768,136192
872,0,9.8292,59,1,0,0,0.1,0.000238,6.87155,136252
873,0,9.8143,64,1,0,0,0.1,0.000332,6.86175,136317
874,0,9.82632,60,1,0,0,0.1,0.000285,6.88166,136378
875,0,9.81353,64,1,0,0,0.1,0.000305,6.85052,136443
876,0,9.82316,61,1,0,0,0.1,0.00035,6.87882,136505
877,0,9.83125,58,1,0,0,0.1,0.000461,6.9076,136564
878,0,9.82628,60,1,0,0,0.1,0.000279,6.89296,136625
879,0,9.7958,70,1,0,0,0.1,0.00031,6.86589,136696
880,0,9.81086,65,1,0,0,0.1,0.000554,6.87048,136762
881,0,9.79924,69,1,0,0,0.1,0.000401,6.88626,136832
882,0,9.82616,60,1,0,0,0.1,0.000451,6.86927,136893
883,0,9.83481,57,1,0,0,0.1,0.000443,6.89312,136951
884,0,9.82284,61,1,0,0,0.1,0.000315,6.88612,137013
885,0,9.82846,59,1,0,0,0.1,0.000453,6.93498,137073
886,0,9.82279,61,1,0,0,0.1,0.00032,6.85414,137135
887,0,9.84416,54,1,0,0,0.1,0.000376,6.97352,137190
888,0,9.82054,62,1,0,0,0.1,0.00026,6.89061,137253
889,0,9.83186,58,1,0,0,0.1,0.000393,6.92582,137312
890,0,9.79299,71,1,0,0,0.1,0.000461,6.94229,137384
891,0,9.8111,65,1,0,0,0.1,0.000398,6.98678,137450
892,0,9.83155,58,1,0,0,0.1,0.000359,6.89309,137509
893,0,9.82887,59,1,0,0,0.1,0.000408,6.92573,137569
894,0,9.80216,68,1,0,0,0.1,0.00043,6.92633,137638
895,0,9.82952,59,1,0,0,0.1,0.000411,6.9353,137698
896,0,9.7986,69,1,0,0,0.1,0.000517,6.98048,137768
897,0,9.82039,62,1,0,0,0.1,0.000352,6.9724,137831
898,0,9.80772,66,1,0,0,0.1,0.000341,6.95415,137898
899,0,9.80495,67,1,0,0,0.1,0.000589,6.97914,137966
900,0,9.81658,63,1,0,0,0.1,0.000375,6.96388,138030
901,0,9.81467,64,1,0,0,0.1,0.000384,7.00238,138095
902,0,9.82321,61,1,0,0,0.1,0.000417,6.94368,138157
903,0,9.82224,61,1,0,0,0.1,0.000347,6.97647,138219
904,0,9.81728,63,1,0,0,0.1,0.000423,6.98713,138283
905,0,9.80495,67,1,0,0,0.1,0.000495,6.98201,138351
906,0,9.81986,62,1,0,0,0.1,0.000564,6.97207,138414
907,0,9.83153,58,1,0,0,0.1,0.000536,6.98326,138473
908,0,9.81313,64,1,0,0,0.1,0.000535,7.04637,138538
909,0,9.82629,60,1,0,0,0.1,0.000527,6.96093,138599
910,0,9.83204,58,1,0,0,0.1,0.000617,7.03515,138658
911,0,9.81946,62,1,0,0,0.1,0.000658,7.00489,138721
912,0,9.82595,60,1,0,0,0.1,0.00066,7.02299,138782
913,0,9.82038,62,1,0,0,0.1,0.000515,7.03892,138845
914,0,9.82312,61,1,0,0,0.1,0.000535,6.97591,138907
915,0,9.82889,59,1,0,0,0.1,0.000617,7.00903,138967
916,0,9.81992,62,1,0,0,0.1,0.000403,7.03629,139030
917,0,9.83816,56,1,0,0,0.1,0.00061,7.03578,139087
918,0,9.81667,63,1,0,0,0.1,0.000641,6.98934,139151
919,0,9.829,59,1,0,0,0.1,0.000502,7.04643,139211
920,0,9.8255,60,1,0,0,0.1,0.00075,7.04759,139272
921,0,9.81411,64,1,0,0,0.1,0.000804,7.05619,139337
922,0,9.81398,64,1,0,0,0.1,0.000512,7.02762,139402
923,0,9.8344,57,1,0,0,0.1,0.000742,7.07211,139460
924,0,9.80186,68,1,0,0,0.1,0.000739,7.08382,139529
925,0,9.83748,56,1,0,0,0.1,0.001033,7.02448,139586
926,0,9.82028,62,1,0,0,0.1,0.000812,7.07949,139649
927,0,9.84059,55,1,0,0,0.1,0.000793,7.09852,139705
928,0,9.81125,65,1,0,0,0.1,0.000773,7.08842,139771
929,0,9.82846,59,1,0,0,0.1,0.000864,7.12244,139831
930,0,9.82257,61,1,0,0,0.1,0.000991,7.11542,139893
931,0,9.82287,61,1,0,0,0.1,0.00071,7.07913,139955
932,0,9.83514,57,1,0,0,0.1,0.000677,7.10079,140013
933,0,9.83798,56,1,0,0,0.1,0.000746,7.05291,140070
934,0,9.83186,58,1,0,0,0.1,0.00119,7.08226,140129
935,0,9.8196,62,1,0,0,0.1,0.001098,7.1048,140192
936,0,9.83536,57,1,0,0,0.1,0.001181,7.10522,140250
937,0,9.82324,61,1,0,0,0.1,0.000651,7.09977,140312
938,0,9.84355,54,1,0,0,0.1,0.000867,7.06512,140367
939,0,9.81035,65,1,0,0,0.1,0.001077,7.10287,140433
940,0,9.83781,56,1,0,0,0.1,0.001341,7.1261,140490
941,0,9.83147,58,1,0,0,0.1,0.000712,7.08588,140549
942,0,9.81957,62,1,0,0,0.1,0.000861,7.12086,140612
943,0,9.8258,60,1,0,0,0.1,0.001266,7.08523,140673
944,0,9.82294,61,1,0,0,0.1,0.001194,7.12155,140735
945,0,9.81137,65,1,0,0,0.1,0.000967,7.16354,140801
946,0,9.838,56,1,0,0,0.1,0.001114,7.14074,140858
947,0,9.8195,62,1,0,0,0.1,0.000838,7.16773,140921
948,0,9.82597,60,1,0,0,0.1,0.000929,7.12588,140982
949,0,9.82983,59,1,0,0,0.1,0.001593,7.13332,141042
950,0,9.82587,60,1,0,0,0.1,0.000889,7.15383,141103
951,0,9.82242,61,1,0,0,0.1,0.001473,7.15865,141165
952,0,9.84657,53,1,0,0,0.1,0.001454,7.19984,141219
953,0,9.82855,59,1,0,0,0.1,0.000829,7.14636,141279
954,0,9.82581,60,1,0,0,0.1,0.001414,7.18074,141340
955,0,9.81998,62,1,0,0,0.1,0.0011,7.14509,141403
956,0,9.82024,62,1,0,0,0.1,0.000976,7.15335,141466
957,0,9.81976,62,1,0,0,0.1,0.001126,7.17205,141529
958,0,9.81401,64,1,0,0,0.1,0.00144,7.13011,141594
959,0,9.79596,70,1,0,0,0.1,0.001327,7.16161,141665
960,0,9.83231,58,1,0,0,0.1,0.001594,7.1711,141724
961,0,9.81958,62,1,0,0,0.1,0.001852,7.19757,141787
962,0,9.823,61,1,0,0,0.1,0.001185,7.16622,141849
963,0,9.83756,56,1,0,0,0.1,0.001779,7.16422,141906
964,0,9.81933,62,1,0,0,0.1,0.00137,7.20611,141969
965,0,9.81056,65,1,0,0,0.1,0.001238,7.20466,142035
966,0,9.82286,61,1,0,0,0.1,0.00167,7.19815,142097
967,0,9.82888,59,1,0,0,0.1,0.001874,7.20497,142157
968,0,9.81659,63,1,0,0,0.1,0.001545,7.19087,142221
969,0,9.82878,59,1,0,0,0.1,0.001333,7.18593,142281
970,0,9.80127,68,1,0,0,0.1,0.001157,7.14911,142350
971,0,9.81678,63,1,0,0,0.1,0.001707,7.17974,142414
972,0,9.83189,58,1,0,0,0.1,0.001747,7.21727,142473
973,0,9.82937,59,1,0,0,0.1,0.001438,7.19937,142533
974,0,9.81725,63,1,0,0,0.1,0.001173,7.2193,142597
975,0,9.80477,67,1,0,0,0.1,0.002146,7.24188,142665
976,0,9.81094,65,1,0,0,0.1,0.001457,7.23689,142731
977,0,9.8348,57,1,0,0,0.1,0.001838,7.26465,142789
978,0,9.83168,58,1,0,0,0.1,0.001139,7.249,142848
979,0,9.8436,54,1,0,0,0.1,0.002007,7.21329,142903
980,0,9.81972,62,1,0,0,0.1,0.001792,7.26731,142966
981,0,9.81958,62,1,0,0,0.1,0.001958,7.26061,143029
982,0,9.81676,63,1,0,0,0.1,0.001449,7.23207,143093
983,0,9.81145,65,1,0,0,0.1,0.002226,7.25436,143159
984,0,9.82856,59,1,0,0,0.1,0.001643,7.2617,143219
985,0,9.83424,57,1,0,0,0.1,0.002304,7.26688,143277
986,0,9.83199,58,1,0,0,0.1,0.002231,7.25292,143336
987,0,9.83805,56,1,0,0,0.1,0.002756,7.30363,143393
988,0,9.83768,56,1,0,0,0.1,0.002682,7.29765,143450
989,0,9.83828,56,1,0,0,0.1,0.001861,7.28702,143507
990,0,9.83243,58,1,0,0,0.1,0.001252,7.24036,143566
991,0,9.82906,59,1,0,0,0.1,0.001739,7.28592,143626
992,0,9.81089,65,1,0,0,0.1,0.002426,7.23119,143692
993,0,9.8231,61,1,0,0,0.1,0.002019,7.28344,143754
994,0,9.80145,68,1,0,0,0.1,0.001935,7.30111,143823
995,0,9.8316,58,1,0,0,0.1,0.002419,7.30795,143882
996,0,9.82033,62,1,0,0,0.1,0.002464,7.30825,143945
997,0,9.82883,59,1,0,0,0.1,0.003132,7.27746,144005
998,0,9.844,54,1,0,0,0.1,0.002873,7.31437,144060
999,0,9.81404,64,1,0,0,0.1,0.003023,7.29347,144125
1000,1,-1.168,56,0,1,0,0.3988,0.002918,7.28185,144182
1001,1,-1.186,62,0,1,0,0.397604,0.002828,7.29911,144245
1002,1,-1.117,39,0,1,0,0.396411,0.003084,7.25284,144285
1003,1,-1.099,33,0,1,0,0.395222,0.006304,7.30679,144319
1004,1,-1.15,50,0,1,0,0.394036,0.00337,7.26275,144370
1005,1,-1.129,43,0,1,0,0.392854,0.005257,7.30931,144414
1006,1,-1.156,52,0,1,0,0.391675,0.00633,7.3038,144467
1007,1,-1.084,28,0,1,0,0.3905,0.003682,7.29856,144496
1008,1,-1.12,40,0,1,0,0.389329,0.003946,7.30055,144537
1009,1,-1.075,25,0,1,0,0.388161,0.005302,7.24546,144563
1010,1,-1.183,61,0,1,0,0.386996,0.004749,7.27712,144625
1011,1,-1.096,32,0,1,0,0.385835,0.004374,7.3325,144658
1012,1,-1.063,21,0,1,0,0.384678,0.006287,7.28091,144680
1013,1,-1.183,61,0,1,0,0.383524,0.00527,7.30472,144742
1014,1,-1.084,28,0,1,0,0.382373,0.003189,7.34939,144771
1015,1,-1.219,73,0,1,0,0.381226,0.00685,7.29562,144845
1016,1,-1.213,71,0,1,0,0.380082,0.005939,7.29932,144917
1017,1,-1.075,25,0,1,0,0.378942,0.00805,7.31377,144943
1018,1,-1.075,25,0,1,0,0.377805,0.007407,7.20643,144969
1019,1,-1.09,30,0,1,0,0.376672,0.003528,7.25526,145000
1020,1,-1.084,28,0,1,0,0.375542,0.005829,7.27592,145029
1021,1,-1.108,36,0,1,0,0.374415,0.012845,7.31519,145066
1022,1,-1.075,25,0,1,0,0.373292,0.014687,7.31508,145092
1023,1,-1.084,28,0,1,0,0.372172,0.004986,7.32297,145121
1024,1,-1.105,35,0,1,0,0.371056,0.010017,7.25803,145157
1025,1,-1.138,46,0,1,0,0.369942,0.00691,7.31701,145204
1026,1,-1.12,40,0,1,0,0.368833,0.012111,7.32154,145245
1027,1,-1.084,28,0,1,0,0.367726,0.00564,7.30226,145274
1028,1,-1.147,49,0,1,0,0.366623,0.014245,7.32207,145324
1029,1,-1.066,22,0,1,0,0.365523,0.004782,7.25978,145347
1030,1,-1.12,40,0,1,0,0.364426,0.009301,7.28425,145388
1031,1,-1.345,115,0,1,0,0.363333,0.014576,7.26461,145504
1032,1,-1.063,21,0,1,0,0.362243,0.006923,7.34167,145526
1033,1,-1.126,42,0,1,0,0.361156,0.014217,7.30536,145569
1034,1,-1.093,31,0,1,0,0.360073,0.009571,7.22018,145601
1035,1,-1.111,37,0,1,0,0.358993,0.015398,7.32163,145639
1036,1,-1.087,29,0,1,0,0.357916,0.011264,7.27284,145669
1037,1,-1.063,21,0,1,0,0.356842,0.007938,7.29122,145691
1038,1,-1.075,25,0,1,0,0.355772,0.013304,7.29308,145717
1039,1,-1.09,30,0,1,0,0.354704,0.012039,7.28369,145748
1040,1,-1.177,59,0,1,0,0.35364,0.017997,7.329,145808
1041,1,-1.054,18,0,1,0,0.352579,0.02354,7.33956,145827
1042,1,-1.282,94,0,1,0,0.351521,0.009997,7.28845,145922
1043,1,-1.48,160,0,1,0,0.350467,0.013061,7.29772,146083
1044,1,-1.057,19,0,1,0,0.349415,0.012207,7.34168,146103
1045,1,-1.105,35,0,1,0,0.348367,0.009922,7.27732,146139
1046,1,-1.063,21,0,1,0,0.347322,0.011788,7.32644,146161
1047,1,-1.099,33,0,1,0,0.34628,0.019208,7.3118,146195
1048,1,-1.087,29,0,1,0,0.345241,0.013949,7.27806,146225
1049,1,-1.045,15,0,1,0,0.344206,0.015837,7.27369,146241
1050,1,-1.048,16,0,1,0,0.343173,0.013683,7.31406,146258
1051,1,-1.057,19,0,1,0,0.342143,0.008974,7.30514,146278
1052,1,-1.531,177,0,1,0,0.341117,0.01643,7.27704,146456
1053,1,-1.06,20,0,1,0,0.340094,0.013468,7.29165,146477
1054,1,-1.12,40,0,1,0,0.339073,0.019656,7.29245,146518
1055,1,-1.294,98,0,1,0,0.338056,0.012186,7.27658,146617
1056,1,-1.078,26,0,1,0,0.337042,0.016482,7.27216,146644
1057,1,-1.069,23,0,1,0,0.336031,0.027605,7.29587,146668
1058,1,-1.123,41,0,1,0,0.335023,0.022589,7.28527,146710
1059,1,-1.084,28,0,1,0,0.334018,0.020032,7.26053,146739
1060,1,-1.063,21,0,1,0,0.333016,0.008043,7.33087,146761
1061,1,-1.093,31,0,1,0,0.332017,0.015064,7.26292,146793
1062,1,-1.15,50,0,1,0,0.331021,0.021718,7.30003,146844
1063,1,9.61942,129,1,0,0,0.330027,0.015225,7.308,146974
1064,1,-1.177,59,0,1,0,0.329037,0.011416,7.28549,147034
1065,1,-1.063,21,0,1,0,0.32805,0.020838,7.34283,147056
1066,1,-1.072,24,0,1,0,0.327066,0.008523,7.34412,147081
1067,1,-1.093,31,0,1,0,0.326085,0.018016,7.28508,147113
1068,1,-1.087,29,0,1,0,0.325107,0.017307,7.27705,147143
1069,1,-1.132,44,0,1,0,0.324131,0.016651,7.33184,147188
1070,1,-1.132,44,0,1,0,0.323159,0.019424,7.25496,147233
1071,1,-1.078,26,0,1,0,0.32219,0.020198,7.28014,147260
1072,1,-1.189,63,0,1,0,0.321223,0.017546,7.26316,147324
1073,1,-1.117,39,0,1,0,0.320259,0.014362,7.3242,147364
1074,1,-1.084,28,0,1,0,0.319298,0.021395,7.33957,147393
1075,1,-1.057,19,0,1,0,0.318341,0.019884,7.32173,147413
1076,1,-1.069,23,0,1,0,0.317386,0.01662,7.33131,147437
1077,1,-1.111,37,0,1,0,0.316433,0.014344,7.34891,147475
1078,1,-1.102,34,0,1,0,0.315484,0.015776,7.31403,147510
1079,1,-1.189,63,0,1,0,0.314538,0.014675,7.31903,147574
1080,1,-1.126,42,0,1,0,0.313594,0.023325,7.25945,147617
1081,1,-1.12,40,0,1,0,0.312653,0.026452,7.31449,147658
1082,1,-1.189,63,0,1,0,0.311715,0.02641,7.25909,147722
1083,1,-1.213,71,0,1,0,0.31078,0.0192,7.32787,147794
1084,1,-1.291,97,0,1,0,0.309848,0.023543,7.31677,147892
1085,1,-1.111,37,0,1,0,0.308918,0.019783,7.31756,147930
1086,1,-1.234,78,0,1,0,0.307992,0.025147,7.34538,148009
1087,1,-1.096,32,0,1,0,0.307068,0.023151,7.32543,148042
1088,1,-1.081,27,0,1,0,0.306146,0.023924,7.35188,148070
1089,1,-1.159,53,0,1,0,0.305228,0.019261,7.32647,148124
1090,1,-1.087,29,0,1,0,0.304312,0.02644,7.34539,148154
1091,1,-1.24,80,0,1,0,0.303399,0.024559,7.30487,148235
1092,1,-1.174,58,0,1,0,0.302489,0.019502,7.35733,148294
1093,1,-1.261,87,0,1,0,0.301582,0.023663,7.33647,148382
1094,1,-1.363,121,0,1,0,0.300677,0.021001,7.30819,148504
1095,1,-1.381,127,0,1,0,0.299775,0.017188,7.33625,148632
1096,1,-1.15,50,0,1,0,0.298876,0.024307,7.30683,148683
1097,1,-1.066,22,0,1,0,0.297979,0.024253,7.34504,148706
1098,1,-1.06,20,0,1,0,0.297085,0.023738,7.28097,148727
1099,1,-1.066,22,0,1,0,0.296194,0.029484,7.33215,148750
1100,1,-1.093,31,0,1,0,0.295305,0.012439,7.29054,148782
1101,1,-1.066,22,0,1,0,0.294419,0.029137,7.36186,148805
1102,1,-1.069,23,0,1,0,0.293536,0.017666,7.29225,148829
1103,1,-1.111,37,0,1,0,0.292655,0.027904,7.27005,148867
1104,1,-1.162,54,0,1,0,0.291777,0.020386,7.35503,148922
1105,1,-1.075,25,0,1,0,0.290902,0.011091,7.42139,148948
1106,1,-1.156,52,0,1,0,0.290029,0.018267,7.3554,149001
1107,1,-1.177,59,0,1,0,0.289159,0.027984,7.34512,149061
1108,1,-1.117,39,0,1,0,0.288292,0.024993,7.34485,149101
1109,1,-1.057,19,0,1,0,0.287427,0.030007,7.32167,149121
1110,1,-1.12,40,0,1,0,0.286565,0.022481,7.38764,149162
1111,1,-1.105,35,0,1,0,0.285705,0.018818,7.37882,149198
1112,1,-1.078,26,0,1,0,0.284848,0.017349,7.3303,149225
1113,1,-1.093,31,0,1,0,0.283993,0.024295,7.32139,149257
1114,1,-1.294,98,0,1,0,0.283141,0.025843,7.37063,149356
1115,1,-1.087,29,0,1,0,0.282292,0.032615,7.33056,149386
1116,1,-1.303,101,0,1,0,0.281445,0.030004,7.35231,149488
1117,1,-1.528,176,0,1,0,0.280601,0.024421,7.37507,149665
1118,1,-1.264,88,0,1,0,0.279759,0.026015,7.40103,149754
1119,1,-1.057,19,0,1,0,0.27892,0.018965,7.42372,149774
1120,1,-1.189,63,0,1,0,0.278083,0.022789,7.39909,149838
1121,1,-1.198,66,0,1,0,0.277249,0.023599,7.38299,149905
1122,1,-1.606,202,0,1,0,0.276417,0.0296,7.39887,150108
1123,1,-1.111,37,0,1,0,0.275588,0.031349,7.33719,150146
1124,1,-1.336,112,0,1,0,0.274761,0.024372,7.38805,150259
1125,1,-1.282,94,0,1,0,0.273937,0.025933,7.40578,150354
1126,1,-1.336,112,0,1,0,0.273115,0.024802,7.42196,150467
1127,1,-1.105,35,0,1,0,0.272295,0.026587,7.42492,150503
1128,1,-1.066,22,0,1,0,0.271478,0.0342,7.41781,150526
1129,1,-1.105,35,0,1,0,0.270664,0.02089,7.40405,150562
1130,1,-1.291,97,0,1,0,0.269852,0.026016,7.41557,150660
1131,1,-1.207,69,0,1,0,0.269042,0.025806,7.40929,150730
1132,1,-1.075,25,0,1,0,0.268235,0.030062,7.41201,150756
1133,1,-1.195,65,0,1,0,0.267431,0.030744,7.39202,150822
1134,1,-1.492,164,0,1,0,0.266628,0.025115,7.43981,150987
1135,1,-1.237,79,0,1,0,0.265828,0.032358,7.41526,151067
1136,1,-1.15,50,0,1,0,0.265031,0.027848,7.42401,151118
1137,1,-1.15,50,0,1,0,0.264236,0.033483,7.43818,151169
1138,1,-1.06,20,0,1,0,0.263443,0.020564,7.50527,151190
1139,1,-1.084,28,0,1,0,0.262653,0.021429,7.45662,151219
1140,1,-1.3,100,0,1,0,0.261865,0.023638,7.44038,151320
1141,1,-1.294,98,0,1,0,0.261079,0.024739,7.45125,151419
1142,1,-1.204,68,0,1,0,0.260296,0.033862,7.43543,151488
1143,1,-1.396,132,0,1,0,0.259515,0.026359,7.44147,151621
1144,1,-1.276,92,0,1,0,0.258737,0.026563,7.48993,151714
1145,1,-1.972,324,0,1,0,0.25796,0.029536,7.48222,152039
1146,1,-1.306,102,0,1,0,0.257187,0.029516,7.47,152142
1147,1,-1.198,66,0,1,0,0.256415,0.030912,7.51176,152209
1148,1,-1.072,24,0,1,0,0.255646,0.028212,7.45905,152234
1149,1,-1.711,237,0,1,0,0.254879,0.029909,7.51015,152472
1150,1,-1.069,23,0,1,0,0.254114,0.036198,7.44806,152496
1151,1,-2.134,378,0,1,0,0.253352,0.03045,7.51555,152875
1152,1,-1.297,99,0,1,0,0.252592,0.031972,7.52565,152975
1153,1,-1.228,76,0,1,0,0.251834,0.027422,7.53967,153052
1154,1,-2.086,362,0,1,0,0.251079,0.029315,7.54807,153415
1155,1,-1.453,151,0,1,0,0.250325,0.031973,7.56073,153567
1156,1,-1.51,170,0,1,0,0.249574,0.034169,7.56004,153738
1157,1,-1.204,68,0,1,0,0.248826,0.034245,7.55576,153807
1158,1,-1.168,56,0,1,0,0.248079,0.026247,7.57561,153864
1159,1,-1.144,48,0,1,0,0.247335,0.030267,7.58866,153913
1160,1,-1.108,36,0,1,0,0.246593,0.027452,7.53403,153950
1161,1,-1.336,112,0,1,0,0.245853,0.033662,7.55841,154063
1162,1,-1.09,30,0,1,0,0.245116,0.031535,7.59695,154094
1163,1,-1.252,84,0,1,0,0.24438,0.032179,7.55945,154179
1164,1,-1.321,107,0,1,0,0.243647,0.026782,7.57481,154287
1165,1,-1.2,400,0,0,1,0.242916,0.034509,7.59086,154687
1166,1,-2.092,364,0,1,0,0.242187,0.031857,7.60714,155052
1167,1,-1.732,244,0,1,0,0.241461,0.027452,7.62728,155297
1168,1,-1.138,46,0,1,0,0.240736,0.030959,7.62462,155344
1169,1,-1.081,27,0,1,0,0.240014,0.028824,7.627,155372
1170,1,-1.873,291,0,1,0,0.239294,0.031046,7.67096,155664
1171,1,-1.963,321,0,1,0,0.238576,0.029447,7.65676,155986
1172,1,-1.678,226,0,1,0,0.237861,0.028868,7.67028,156213
1173,1,-1.477,159,0,1,0,0.237147,0.031825,7.67769,156373
1174,1,-1.36,120,0,1,0,0.236436,0.031365,7.70416,156494
1175,1,-1.09,30,0,1,0,0.235726,0.041335,7.7258,156525
1176,1,-1.306,102,0,1,0,0.235019,0.029854,7.67127,156628
1177,1,-2.059,353,0,1,0,0.234314,0.029151,7.69293,156982
1178,1,-1.891,297,0,1,0,0.233611,0.031578,7.71225,157280
1179,1,-1.846,282,0,1,0,0.23291,0.030588,7.71004,157563
1180,1,-1.357,119,0,1,0,0.232211,0.029487,7.72436,157683
1181,1,-1.2,400,0,0,1,0.231515,0.03207,7.74184,158083
1182,1,-1.252,84,0,1,0,0.23082,0.028163,7.74909,158168
1183,1,-1.2,400,0,0,1,0.230128,0.032159,7.74837,158568
1184,1,-1.2,400,0,0,1,0.229437,0.029338,7.77169,158968
1185,1,-1.2,400,0,0,1,0.228749,0.030664,7.77784,159368
1186,1,-1.378,126,0,1,0,0.228063,0.025035,7.77573,159495
1187,1,-1.2,400,0,0,1,0.227379,0.029815,7.78861,159895
1188,1,-1.249,83,0,1,0,0.226697,0.029493,7.79161,159979
1189,1,-1.405,135,0,1,0,0.226016,0.032793,7.79675,160115
1190,1,-1.819,273,0,1,0,0.225338,0.030752,7.81049,160389
1191,1,-1.306,102,0,1,0,0.224662,0.031808,7.81086,160492
1192,1,-1.666,222,0,1,0,0.223988,0.035206,7.83442,160715
1193,1,-1.198,66,0,1,0,0.223316,0.035468,7.80727,160782
1194,1,-1.612,204,0,1,0,0.222646,0.030081,7.8323,160987
1195,1,-1.681,227,0,1,0,0.221979,0.030888,7.85467,161215
1196,1,-1.366,122,0,1,0,0.221313,0.03733,7.86352,161338
1197,1,-1.381,127,0,1,0,0.220649,0.033524,7.8665,161466
1198,1,-1.558,186,0,1,0,0.219987,0.032995,7.87206,161653
1199,1,-1.21,70,0,1,0,0.219327,0.035446,7.88232,161724
1200,1,-1.579,193,0,1,0,0.218669,0.030401,7.88223,161918
1201,1,-1.189,63,0,1,0,0.218013,0.027835,7.88308,161982
1202,1,-1.645,215,0,1,0,0.217359,0.031657,7.90693,162198
1203,1,-1.417,139,0,1,0,0.216707,0.034839,7.89539,162338
1204,1,-1.393,131,0,1,0,0.216057,0.038295,7.909,162470
1205,1,-1.15,50,0,1,0,0.215408,0.02765,7.91978,162521
1206,1,-1.333,111,0,1,0,0.214762,0.033092,7.9213,162633
1207,1,-1.165,55,0,1,0,0.214118,0.031052,7.93584,162689
1208,1,-1.447,149,0,1,0,0.213476,0.028659,7.96034,162839
1209,1,-1.117,39,0,1,0,0.212835,0.037106,7.89642,162879
1210,1,-1.528,176,0,1,0,0.212197,0.033794,7.96304,163056
1211,1,-1.933,311,0,1,0,0.21156,0.03824,7.96346,163368
1212,1,-1.384,128,0,1,0,0.210925,0.035651,7.98007,163497
1213,1,-1.183,61,0,1,0,0.210293,0.033671,7.98588,163559
1214,1,-1.102,34,0,1,0,0.209662,0.039966,7.96441,163594
1215,1,-1.399,133,0,1,0,0.209033,0.041336,8.0166,163728
1216,1,-1.162,54,0,1,0,0.208406,0.036886,8.00909,163783
1217,1,-1.45,150,0,1,0,0.20778,0.037471,8.02006,163934
1218,1,-1.363,121,0,1,0,0.207157,0.038674,8.0582,164056
1219,1,-1.168,56,0,1,0,0.206536,0.038398,8.03153,164113
1220,1,-1.06,20,0,1,0,0.205916,0.044168,8.00427,164134
1221,1,-1.216,72,0,1,0,0.205298,0.035059,8.04511,164207
1222,1,-1.423,141,0,1,0,0.204682,0.039473,8.00629,164349
1223,1,-1.195,65,0,1,0,0.204068,0.040066,8.05642,164415
1224,1,-1.462,154,0,1,0,0.203456,0.039585,8.0421,164570
1225,1,-1.243,81,0,1,0,0.202846,0.045739,8.04707,164652
1226,1,-1.144,48,0,1,0,0.202237,0.042409,8.08181,164701
1227,1,-1.198,66,0,1,0,0.20163,0.044004,8.10361,164768
1228,1,-1.162,54,0,1,0,0.201026,0.036258,8.04067,164823
1229,1,-1.387,129,0,1,0,0.200422,0.036778,8.10961,164953
1230,1,-1.069,23,0,1,0,0.199821,0.041748,8.1337,164977
1231,1,-1.411,137,0,1,0,0.199222,0.042332,8.10999,165115
1232,1,-1.153,51,0,1,0,0.198624,0.042802,8.09845,165167
1233,1,-1.159,53,0,1,0,0.198028,0.045229,8.15543,165221
1234,1,-1.237,79,0,1,0,0.197434,0.045532,8.1079,165301
1235,1,-1.309,103,0,1,0,0.196842,0.04391,8.14184,165405
1236,1,-1.297,99,0,1,0,0.196251,0.045225,8.11732,165505
1237,1,-1.204,68,0,1,0,0.195663,0.038502,8.14484,165574
1238,1,-1.339,113,0,1,0,0.195076,0.046876,8.14875,165688
1239,1,-1.36,120,0,1,0,0.19449,0.041243,8.17062,165809
1240,1,-2.071,357,0,1,0,0.193907,0.044945,8.18739,166167
1241,1,-1.066,22,0,1,0,0.193325,0.051799,8.22846,166190
1242,1,-1.114,38,0,1,0,0.192745,0.049025,8.1798,166229
1243,1,-1.96,320,0,1,0,0.192167,0.045383,8.26297,166550
1244,1,-1.039,13,0,1,0,0.19159,0.050854,8.22136,166564
1245,1,-1.9,300,0,1,0,0.191016,0.047383,8.2927,166865
1246,1,-1.06,20,0,1,0,0.190443,0.0502,8.34076,166886
1247,1,-1.279,93,0,1,0,0.189871,0.046203,8.29848,166980
1248,1,-1.459,153,0,1,0,0.189302,0.051596,8.30653,167134
1249,1,-1.174,58,0,1,0,0.188734,0.05023,8.32664,167193
1250,1,-1.114,38,0,1,0,0.188168,0.041928,8.33823,167232
1251,1,-1.177,59,0,1,0,0.187603,0.050297,8.33157,167292
1252,1,-1.396,132,0,1,0,0.18704,0.052536,8.34028,167425
1253,1,-1.225,75,0,1,0,0.186479,0.0552,8.34741,167501
1254,1,-1.063,21,0,1,0,0.18592,0.059595,8.38395,167523
1255,1,-1.273,91,0,1,0,0.185362,0.047234,8.36098,167615
1256,1,-1.126,42,0,1,0,0.184806,0.055544,8.34082,167658
1257,1,-1.174,58,0,1,0,0.184251,0.052477,8.38818,167717
1258,1,-1.378,126,0,1,0,0.183699,0.051949,8.43912,167844
1259,1,-1.069,23,0,1,0,0.183148,0.046364,8.42602,167868
1260,1,-1.051,17,0,1,0,0.182598,0.059834,8.39008,167886
1261,1,-1.165,55,0,1,0,0.18205,0.057405,8.44272,167942
1262,1,-1.066,22,0,1,0,0.181504,0.061105,8.47988,167965
1263,1,-1.2,400,0,0,1,0.18096,0.053681,8.45293,168365
1264,1,-1.876,292,0,1,0,0.180417,0.058144,8.5063,168658
1265,1,-1.237,79,0,1,0,0.179876,0.053603,8.52028,168738
1266,1,-1.444,148,0,1,0,0.179336,0.064647,8.51173,168887
1267,1,-1.423,141,0,1,0,0.178798,0.055879,8.5275,169029
1268,1,-1.336,112,0,1,0,0.178262,0.061036,8.59585,169142
1269,1,-1.144,48,0,1,0,0.177727,0.062066,8.6251,169191
1270,1,-1.141,47,0,1,0,0.177194,0.053032,8.57281,169239
1271,1,-1.549,183,0,1,0,0.176662,0.058592,8.60403,169423
1272,1,-1.936,312,0,1,0,0.176132,0.061468,8.64699,169736
1273,1,-1.579,193,0,1,0,0.175604,0.058527,8.70533,169930
1274,1,-1.183,61,0,1,0,0.175077,0.062008,8.75482,169992
1275,1,-1.492,164,0,1,0,0.174552,0.065138,8.74128,170157
1276,1,-1.507,169,0,1,0,0.174028,0.065166,8.80847,170327
1277,1,-1.702,234,0,1,0,0.173506,0.065924,8.81833,170562
1278,1,-1.2,400,0,0,1,0.172985,0.067423,8.83911,170962
1279,1,-1.423,141,0,1,0,0.172466,0.073206,8.89168,171104
1280,1,-1.042,14,0,1,0,0.171949,0.056202,8.89576,171119
1281,1,-1.2,400,0,0,1,0.171433,0.07278,8.96528,171519
1282,1,-1.2,400,0,0,1,0.170919,0.070267,9.01229,171919
1283,1,-1.159,53,0,1,0,0.170406,0.082015,9.11114,171973
1284,1,-2.053,351,0,1,0,0.169895,0.077357,9.11633,172325
1285,1,-1.2,400,0,0,1,0.169385,0.078979,9.14675,172725
1286,1,-1.228,76,0,1,0,0.168877,0.077455,9.18393,172802
1287,1,-1.717,239,0,1,0,0.16837,0.080589,9.21658,173042
1288,1,-1.453,151,0,1,0,0.167865,0.075492,9.23693,173194
1289,1,-1.576,192,0,1,0,0.167362,0.083211,9.30334,173387
1290,1,-2.11,370,0,1,0,0.16686,0.08374,9.30896,173758
1291,1,-1.417,139,0,1,0,0.166359,0.09254,9.42608,173898
1292,1,-1.189,63,0,1,0,0.16586,0.094683,9.42517,173962
1293,1,-1.294,98,0,1,0,0.165362,0.085907,9.40466,174061
1294,1,-1.207,69,0,1,0,0.164866,0.092179,9.47085,174131
1295,1,-1.135,45,0,1,0,0.164372,0.07834,9.44508,174177
1296,1,-1.192,64,0,1,0,0.163879,0.088711,9.44849,174242
1297,1,-1.219,73,0,1,0,0.163387,0.095233,9.47873,174316
1298,1,-1.495,165,0,1,0,0.162897,0.088042,9.47529,174482
1299,1,-1.129,43,0,1,0,0.162408,0.089741,9.50751,174526
1300,1,-1.204,68,0,1,0,0.161921,0.09258,9.54549,174595
1301,1,-1.177,59,0,1,0,0.161435,0.066449,9.47353,174655
1302,1,-1.171,57,0,1,0,0.160951,0.095611,9.56306,174713
1303,1,-1.234,78,0,1,0,0.160468,0.087638,9.52129,174792
1304,1,-1.111,37,0,1,0,0.159986,0.081318,9.64589,174830
1305,1,-1.093,31,0,1,0,0.159507,0.089484,9.4866,174862
1306,1,-1.156,52,0,1,0,0.159028,0.11347,9.58815,174915
1307,1,-1.108,36,0,1,0,0.158551,0.093181,9.50564,174952
1308,1,-1.375,125,0,1,0,0.158075,0.084901,9.54619,175078
1309,1,-1.108,36,0,1,0,0.157601,0.096202,9.49626,175115
1310,1,-1.384,128,0,1,0,0.157128,0.097039,9.60188,175244
1311,1,-1.141,47,0,1,0,0.156657,0.069243,9.54928,175292
1312,1,-1.33,110,0,1,0,0.156187,0.097811,9.58951,175403
1313,1,-1.249,83,0,1,0,0.155718,0.094656,9.57126,175487
1314,1,-1.258,86,0,1,0,0.155251,0.09075,9.64517,175574
1315,1,-1.138,46,0,1,0,0.154785,0.10882,9.52421,175621
1316,1,-1.387,129,0,1,0,0.154321,0.107438,9.66508,175751
1317,1,-1.162,54,0,1,0,0.153858,0.105246,9.72284,175806
1318,1,-1.264,88,0,1,0,0.153397,0.087659,9.62996,175895
1319,1,-1.261,87,0,1,0,0.152936,0.090815,9.67774,175983
1320,1,-1.132,44,0,1,0,0.152478,0.080409,9.73438,176028
1321,1,-1.183,61,0,1,0,0.15202,0.074536,9.70932,176090
1322,1,-1.717,239,0,1,0,0.151564,0.089759,9.74133,176330
1323,1,-1.126,42,0,1,0,0.151109,0.094725,9.80987,176373
1324,1,-1.21,70,0,1,0,0.150656,0.094691,9.77162,176444
1325,1,-1.105,35,0,1,0,0.150204,0.093627,9.77892,176480
1326,1,-1.483,161,0,1,0,0.149753,0.105903,9.80556,176642
1327,1,-1.225,75,0,1,0,0.149304,0.096746,9.87102,176718
1328,1,-1.39,130,0,1,0,0.148856,0.105646,9.79917,176849
1329,1,-1.444,148,0,1,0,0.14841,0.100307,9.82136,176998
1330,1,-1.246,82,0,1,0,0.147964,0.102642,9.88096,177081
1331,1,-1.258,86,0,1,0,0.147521,0.11554,9.90433,177168
1332,1,-1.252,84,0,1,0,0.147078,0.107911,9.91629,177253
1333,1,-1.762,254,0,1,0,0.146637,0.105266,9.91179,177508
1334,1,-1.438,146,0,1,0,0.146197,0.1071,9.91367,177655
1335,1,-1.273,91,0,1,0,0.145758,0.122031,9.94162,177747
1336,1,-1.432,144,0,1,0,0.145321,0.099843,9.99026,177892
1337,1,-1.672,224,0,1,0,0.144885,0.099891,10.03253,178117
1338,1,-1.396,132,0,1,0,0.14445,0.105408,10.04397,178250
1339,1,-1.393,131,0,1,0,0.144017,0.103643,10.0378,178382
1340,1,-1.2,400,0,0,1,0.143585,0.104392,10.0727,178782
1341,1,-1.18,60,0,1,0,0.143154,0.109025,10.08237,178843
1342,1,-2.095,365,0,1,0,0.142725,0.104766,10.09467,179209
1343,1,-1.618,206,0,1,0,0.142297,0.111088,10.13326,179416
1344,1,-1.252,84,0,1,0,0.14187,0.113667,10.15863,179501
1345,1,-1.228,76,0,1,0,0.141444,0.125367,10.24883,179578
1346,1,-1.801,267,0,1,0,0.14102,0.111556,10.22913,179846
1347,1,-1.2,400,0,0,1,0.140597,0.113303,10.21305,180246
1348,1,-1.351,117,0,1,0,0.140175,0.102166,10.28287,180364
1349,1,-1.3,100,0,1,0,0.139754,0.115568,10.35353,180465
1350,1,-1.2,400,0,0,1,0.139335,0.108556,10.29486,180865
1351,1,-1.2,400,0,0,1,0.138917,0.123229,10.54675,181265
1352,1,-1.501,167,0,1,0,0.1385,0.125131,10.56223,181433
1353,1,-1.528,176,0,1,0,0.138085,0.124682,10.43668,181610
1354,1,-1.2,400,0,0,1,0.137671,0.107802,10.53553,182010
1355,1,-1.162,54,0,1,0,0.137258,0.105007,10.63526,182065
1356,1,-1.066,22,0,1,0,0.136846,0.084695,10.54054,182088
1357,1,-1.294,98,0,1,0,0.136435,0.09869,10.62592,182187
1358,1,-1.237,79,0,1,0,0.136026,0.119751,10.6118,182267
1359,1,-1.561,187,0,1,0,0.135618,0.119987,10.56564,182455
1360,1,-2.029,343,0,1,0,0.135211,0.12003,10.57112,182799
1361,1,-1.204,68,0,1,0,0.134805,0.134135,10.54251,182868
1362,1,-1.378,126,0,1,0,0.134401,0.114396,10.58619,182995
1363,1,-1.249,83,0,1,0,0.133998,0.136751,10.68304,183079
1364,1,-1.798,266,0,1,0,0.133596,0.128465,10.59029,183346
1365,1,-1.513,171,0,1,0,0.133195,0.1034,10.58951,183518
1366,1,-1.126,42,0,1,0,0.132795,0.113335,10.61551,183561
1367,1,-2.068,356,0,1,0,0.132397,0.117357,10.54135,183918
1368,1,-1.2,400,0,0,1,0.132,0.126148,10.57,184318
1369,1,-1.246,82,0,1,0,0.131604,0.131204,10.72914,184401
1370,1,-1.393,131,0,1,0,0.131209,0.142876,10.54476,184533
1371,1,-1.327,109,0,1,0,0.130815,0.136719,10.45468,184643
1372,1,-1.882,294,0,1,0,0.130423,0.125642,10.56432,184938
1373,1,-1.21,70,0,1,0,0.130032,0.122443,10.57683,185009
1374,1,-1.798,266,0,1,0,0.129642,0.116295,10.51392,185276
1375,1,-1.099,33,0,1,0,0.129253,0.096897,10.52243,185310
1376,1,-1.072,24,0,1,0,0.128865,0.117015,10.65087,185335
1377,1,-1.117,39,0,1,0,0.128478,0.124629,10.41042,185375
1378,1,-1.198,66,0,1,0,0.128093,0.110624,10.56397,185442
1379,1,-1.228,76,0,1,0,0.127709,0.130162,10.47522,185519
1380,1,-1.19892,400,0,0,1,0.127325,0.120149,10.57087,185919
1381,1,-2.146,382,0,1,0,0.126943,0.122181,10.63587,186302
1382,1,-1.183,61,0,1,0,0.126563,0.11851,10.64651,186364
1383,1,-1.735,245,0,1,0,0.126183,0.108798,10.54679,186610
1384,1,-1.198,66,0,1,0,0.125804,0.130303,10.6677,186677
1385,1,-1.2,400,0,0,1,0.125427,0.109554,10.58238,187077
1386,1,-1.396,132,0,1,0,0.125051,0.127202,10.54443,187210
1387,1,-1.2,400,0,0,1,0.124676,0.101961,10.5026,187610
1388,1,-1.228,76,0,1,0,0.124302,0.110659,10.58632,187687
1389,1,-1.9,300,0,1,0,0.123929,0.102308,10.49169,187988
1390,1,-1.492,164,0,1,0,0.123557,0.100932,10.41942,188153
1391,1,-1.936,312,0,1,0,0.123186,0.103693,10.44432,188466
1392,1,-1.858,286,0,1,0,0.122817,0.105761,10.46131,188753
1393,1,-1.303,101,0,1,0,0.122448,0.11714,10.27889,188855
1394,1,-1.2,400,0,0,1,0.122081,0.092293,10.3191,189255
1395,1,-1.294,98,0,1,0,0.121715,0.084677,10.09871,189354
1396,1,-1.19905,400,0,0,1,0.121349,0.090905,10.30406,189754
1397,1,-1.21,70,0,1,0,0.120985,0.086144,10.48433,189825
1398,1,-1.672,224,0,1,0,0.120622,0.086533,10.49876,190050
1399,1,-1.63,210,0,1,0,0.120261,0.079492,10.36835,190261
1400,1,-1.19656,400,0,0,1,0.1199,0.08485,10.37876,190661
1401,1,-1.1995,400,0,0,1,0.11954,0.086184,10.41831,191061
1402,1,-1.2,400,0,0,1,0.119181,0.085405,10.53805,191461
1403,1,-1.345,115,0,1,0,0.118824,0.080283,10.74982,191577
1404,1,-1.19917,400,0,0,1,0.118467,0.079926,10.60276,191977
1405,1,-1.19938,400,0,0,1,0.118112,0.081413,10.71439,192377
1406,1,-1.252,84,0,1,0,0.117758,0.07863,10.85208,192462
1407,1,-1.19885,400,0,0,1,0.117404,0.075408,10.71165,192862
1408,1,-1.19704,400,0,0,1,0.117052,0.068483,10.90927,193262
1409,1,-1.19188,400,0,0,1,0.116701,0.076799,11.13615,193662
1410,1,-1.108,36,0,1,0,0.116351,0.071458,11.08876,193699
1411,1,-1.18998,400,0,0,1,0.116002,0.072974,11.20713,194099
1412,1,-1.19662,400,0,0,1,0.115654,0.058881,11.27397,194499
1413,1,-1.18822,400,0,0,1,0.115307,0.065634,11.55717,194899
1414,1,-1.18866,400,0,0,1,0.114961,0.064802,11.82903,195299
1415,1,9.38278,208,1,0,0,0.114616,0.067077,11.99861,195508
1416,1,-1.1873,400,0,0,1,0.114272,0.064446,12.24473,195908
1417,1,-1.2,400,0,0,1,0.113929,0.065265,12.44969,196308
1418,1,-1.264,88,0,1,0,0.113588,0.084013,12.34502,196397
1419,1,-1.093,31,0,1,0,0.113247,0.08811,12.37269,196429
1420,1,-1.141,47,0,1,0,0.112907,0.073421,12.29435,196477
1421,1,-1.19808,400,0,0,1,0.112568,0.077287,12.44068,196877
1422,1,-1.18776,400,0,0,1,0.112231,0.058819,12.62682,197277
1423,1,-1.228,76,0,1,0,0.111894,0.066148,12.71427,197354
1424,1,-1.228,76,0,1,0,0.111558,0.067448,12.94629,197431
1425,1,-1.387,129,0,1,0,0.111224,0.071452,12.75389,197561
1426,1,-1.19087,400,0,0,1,0.11089,0.074295,12.9659,197961
1427,1,-1.12,40,0,1,0,0.110557,0.064748,13.02522,198002
1428,1,-1.891,297,0,1,0,0.110226,0.07312,13.03503,198300
1429,1,-1.249,83,0,1,0,0.109895,0.080246,13.09116,198384
1430,1,-1.348,116,0,1,0,0.109565,0.062401,13.11009,198501
1431,1,-1.375,125,0,1,0,0.109237,0.061466,12.96298,198627
1432,1,-1.198,66,0,1,0,0.108909,0.0805,13.10143,198694
1433,1,-1.345,115,0,1,0,0.108582,0.07138,13.01476,198810
1434,1,-1.45,150,0,1,0,0.108256,0.060764,13.13039,198961
1435,1,-1.114,38,0,1,0,0.107932,0.070695,12.90322,199000
1436,1,-1.327,109,0,1,0,0.107608,0.076722,13.11057,199110
1437,1,-1.12,40,0,1,0,0.107285,0.060697,12.98356,199151
1438,1,-1.066,22,0,1,0,0.106963,0.087398,13.27652,199174
1439,1,-1.672,224,0,1,0,0.106642,0.069914,13.29117,199399
1440,1,-1.2,400,0,0,1,0.106322,0.068603,13.15677,199799
1441,1,-1.339,113,0,1,0,0.106003,0.069838,13.00895,199913
1442,1,-1.252,84,0,1,0,0.105685,0.070484,13.213,199998
1443,1,-1.408,136,0,1,0,0.105368,0.07222,13.36773,200135
1444,1,-1.2,400,0,0,1,0.105052,0.063905,13.12064,200535
1445,1,-1.258,86,0,1,0,0.104737,0.057372,13.12325,200622
1446,1,-2.032,344,0,1,0,0.104423,0.067315,13.26046,200967
1447,1,-1.2,400,0,0,1,0.10411,0.064884,13.34143,201367
1448,1,-1.525,175,0,1,0,0.103797,0.079836,13.25474,201543
1449,1,-1.501,167,0,1,0,0.103486,0.075034,13.12948,201711
1450,1,-1.042,14,0,1,0,0.103175,0.064742,13.57003,201726
1451,1,-1.19611,400,0,0,1,0.102866,0.077265,13.34261,202126
1452,1,-1.2,400,0,0,1,0.102557,0.073379,13.45516,202526
1453,1,-1.54,180,0,1,0,0.10225,0.068053,13.44873,202707
1454,1,-1.19966,400,0,0,1,0.101943,0.064715,13.57559,203107
1455,1,-1.42,140,0,1,0,0.101637,0.081448,13.59038,203248
1456,1,-1.1992,400,0,0,1,0.101332,0.065028,13.70889,203648
1457,1,-1.192,64,0,1,0,0.101028,0.084912,13.65446,203713
1458,1,-1.111,37,0,1,0,0.100725,0.093278,14.03422,203751
1459,1,-1.2,400,0,0,1,0.100423,0.071236,13.8818,204151
1460,1,-1.19817,400,0,0,1,0.100122,0.077757,14.0479,204551
1461,1,-1.19887,400,0,0,1,0.1,0.081684,14.4191,204951
1462,1,-1.366,122,0,1,0,0.1,0.080604,14.64905,205074
1463,1,-2.095,365,0,1,0,0.1,0.082929,14.49659,205440
1464,1,-1.2,400,0,0,1,0.1,0.070821,14.84226,205840
1465,1,-1.19931,400,0,0,1,0.1,0.077348,15.09655,206240
1466,1,-1.19932,400,0,0,1,0.1,0.079882,15.4325,206640
1467,1,-1.19957,400,0,0,1,0.1,0.075629,15.80869,207040
1468,1,-1.237,79,0,1,0,0.1,0.090157,15.75159,207120
1469,1,-1.19889,400,0,0,1,0.1,0.078148,16.1503,207520
1470,1,-1.2,400,0,0,1,0.1,0.077628,16.50019,207920
1471,1,-1.1992,400,0,0,1,0.1,0.085869,16.87985,208320
1472,1,-1.19972,400,0,0,1,0.1,0.088705,17.29712,208720
1473,1,-1.19896,400,0,0,1,0.1,0.085084,17.51499,209120
1474,1,-1.19936,400,0,0,1,0.1,0.095324,18.00275,209520
1475,1,-1.19939,400,0,0,1,0.1,0.096334,18.47299,209920
1476,1,-1.573,191,0,1,0,0.1,0.074392,18.58679,210112
1477,1,-1.19928,400,0,0,1,0.1,0.087127,18.69128,210512
1478,1,-1.2,400,0,0,1,0.1,0.105106,19.094,210912
1479,1,-1.19939,400,0,0,1,0.1,0.092887,19.60986,211312
1480,1,-1.19976,400,0,0,1,0.1,0.094269,19.99932,211712
1481,1,-1.19887,400,0,0,1,0.1,0.103567,20.21157,212112
1482,1,-1.2,400,0,0,1,0.1,0.101947,20.51182,212512
1483,1,-1.2,400,0,0,1,0.1,0.093808,20.84539,212912
1484,1,-1.2,400,0,0,1,0.1,0.114049,20.83879,213312
1485,1,-1.19975,400,0,0,1,0.1,0.107938,21.34751,213712
1486,1,-1.19883,400,0,0,1,0.1,0.110467,21.73876,214112
1487,1,-1.2,400,0,0,1,0.1,0.124706,22.19508,214512
1488,1,-1.2,400,0,0,1,0.1,0.12085,22.74501,214912
1489,1,-1.2,400,0,0,1,0.1,0.124356,23.25176,215312
1490,1,-1.19936,400,0,0,1,0.1,0.121864,23.6031,215712
1491,1,-1.19821,400,0,0,1,0.1,0.127745,24.04859,216112
1492,1,-1.19904,400,0,0,1,0.1,0.134538,24.72648,216512
1493,1,-1.19831,400,0,0,1,0.1,0.127461,25.11057,216912
1494,1,-1.19727,400,0,0,1,0.1,0.143405,25.69884,217312
1495,1,-1.19697,400,0,0,1,0.1,0.151137,26.27914,217712
1496,1,-1.18446,400,0,0,1,0.1,0.161604,26.64744,218112
1497,1,-1.18966,400,0,0,1,0.1,0.160269,27.29919,218512
1498,1,-1.1909,400,0,0,1,0.1,0.15838,27.81221,218912
1499,1,-1.17686,400,0,0,1,0.1,0.156969,28.36684,219312
1500,1,-1.17668,400,0,0,1,0.1,0.165249,28.98918,219712
1501,1,-1.17606,400,0,0,1,0.1,0.180298,29.36913,220112
1502,1,-1.18027,400,0,0,1,0.1,0.190304,30.02818,220512
1503,1,-1.18353,400,0,0,1,0.1,0.16899,30.47991,220912
1504,1,-1.19636,400,0,0,1,0.1,0.177491,31.00343,221312
1505,1,-1.19269,400,0,0,1,0.1,0.191563,31.46795,221712
1506,1,-1.1933,400,0,0,1,0.1,0.192467,32.00037,222112
1507,1,-1.19786,400,0,0,1,0.1,0.179303,32.51145,222512
1508,1,-1.19885,400,0,0,1,0.1,0.201595,32.93049,222912
1509,1,-1.19853,400,0,0,1,0.1,0.189277,33.4583,223312
1510,1,-1.19862,400,0,0,1,0.1,0.190404,33.95347,223712
1511,1,-1.19893,400,0,0,1,0.1,0.204439,34.29253,224112
1512,1,-1.2,400,0,0,1,0.1,0.194656,34.69494,224512
1513,1,-1.2,400,0,0,1,0.1,0.175357,35.11602,224912
1514,1,-1.2,400,0,0,1,0.1,0.209321,35.49372,225312
1515,1,-1.2,400,0,0,1,0.1,0.194197,35.96968,225712
1516,1,-1.2,400,0,0,1,0.1,0.202462,36.20897,226112
1517,1,-1.2,400,0,0,1,0.1,0.184569,36.57029,226512
1518,1,-1.2,400,0,0,1,0.1,0.193536,37.00736,226912
1519,1,9.48362,174,1,0,0,0.1,0.157523,37.04033,227087
1520,1,9.7269,93,1,0,0,0.1,0.180419,37.33041,227181
1521,1,9.25865,249,1,0,0,0.1,0.177982,37.32036,227431
1522,1,9.57946,142,1,0,0,0.1,0.18911,37.55025,227574
1523,1,9.53817,156,1,0,0,0.1,0.175814,37.67088,227731
1524,1,9.20768,266,1,0,0,0.1,0.166974,37.76579,227998
1525,1,9.49032,172,1,0,0,0.1,0.187384,37.97354,228171
1526,1,9.63101,125,1,0,0,0.1,0.203086,38.03294,228297
1527,1,9.45649,183,1,0,0,0.1,0.207043,38.21102,228481
1528,1,9.70557,100,1,0,0,0.1,0.176221,38.50936,228582
1529,1,9.74905,86,1,0,0,0.1,0.220525,38.38545,228669
1530,1,9.70573,100,1,0,0,0.1,0.161974,38.36312,228770
1531,1,9.69094,105,1,0,0,0.1,0.184086,38.50945,228876
1532,1,9.58846,139,1,0,0,0.1,0.200286,38.63418,229016
1533,1,9.74769,86,1,0,0,0.1,0.193543,38.54503,229103
1534,1,9.75324,84,1,0,0,0.1,0.162711,38.79305,229188
1535,1,9.67271,111,1,0,0,0.1,0.174855,38.85647,229300
1536,1,9.75703,83,1,0,0,0.1,0.175536,38.92814,229384
1537,1,9.67263,111,1,0,0,0.1,0.158053,38.83519,229496
1538,1,9.63667,123,1,0,0,0.1,0.155589,39.13631,229620
1539,1,9.63033,125,1,0,0,0.1,0.184196,39.07093,229746
1540,1,9.60959,132,1,0,0,0.1,0.212136,39.2435,229879
1541,1,9.62434,127,1,0,0,0.1,0.179378,39.31833,230007
1542,1,9.64242,121,1,0,0,0.1,0.193405,39.50454,230129
1543,1,9.74742,86,1,0,0,0.1,0.223717,39.3989,230216
1544,1,9.71794,96,1,0,0,0.1,0.203065,39.5863,230313
1545,1,9.67583,110,1,0,0,0.1,0.207828,39.5997,230424
1546,1,9.80162,68,1,0,0,0.1,0.164041,39.65741,230493
1547,1,9.75709,83,1,0,0,0.1,0.20496,39.6955,230577
1548,1,9.81962,62,1,0,0,0.1,0.158299,40.08346,230640
1549,1,9.7446,87,1,0,0,0.1,0.165007,39.66323,230728
1550,1,9.72957,92,1,0,0,0.1,0.232716,39.87119,230821
1551,1,9.72429,94,1,0,0,0.1,0.205412,39.79397,230916
1552,1,9.77149,78,1,0,0,0.1,0.181707,39.98006,230995
1553,1,9.7806,75,1,0,0,0.1,0.162641,39.79777,231071
1554,1,9.78708,73,1,0,0,0.1,0.240865,39.96819,231145
1555,1,9.7626,81,1,0,0,0.1,0.196687,39.89816,231227
1556,1,9.74238,88,1,0,0,0.1,0.226986,40.04773,231316
1557,1,9.57982,142,1,0,0,0.1,0.193415,40.20614,231459
1558,1,9.77475,77,1,0,0,0.1,0.197515,40.3421,231537
1559,1,9.81058,65,1,0,0,0.1,0.196461,40.03831,231603
1560,1,9.75931,82,1,0,0,0.1,0.216914,40.34154,231686
1561,1,9.76884,79,1,0,0,0.1,0.191705,40.27286,231766
1562,1,9.79622,70,1,0,0,0.1,0.230104,40.34829,231837
1563,1,9.74234,88,1,0,0,0.1,0.25042,40.35488,231926
1564,1,9.75354,84,1,0,0,0.1,0.182271,40.5451,232011
1565,1,9.81044,65,1,0,0,0.1,0.185296,40.36946,232077
1566,1,9.77818,76,1,0,0,0.1,0.234254,40.41213,232154
1567,1,9.78372,74,1,0,0,0.1,0.214771,40.69558,232229
1568,1,9.81098,65,1,0,0,0.1,0.195293,40.47743,232295
1569,1,9.78679,73,1,0,0,0.1,0.215373,40.73871,232369
1570,1,9.73845,89,1,0,0,0.1,0.184183,40.70366,232459
1571,1,9.7863,73,1,0,0,0.1,0.184886,40.6649,232533
1572,1,9.78354,74,1,0,0,0.1,0.242834,40.74288,232608
1573,1,9.7748,77,1,0,0,0.1,0.200757,40.77022,232686
1574,1,9.77133,78,1,0,0,0.1,0.187951,40.8494,232765
1575,1,9.78991,72,1,0,0,0.1,0.28041,40.84956,232838
1576,1,9.76613,80,1,0,0,0.1,0.246614,40.83409,232919
1577,1,9.77207,78,1,0,0,0.1,0.205748,41.05606,232998
1578,1,9.76892,79,1,0,0,0.1,0.229678,41.03254,233078
1579,1,9.79909,69,1,0,0,0.1,0.217074,41.01227,233148
1580,1,9.78679,73,1,0,0,0.1,0.224739,41.16756,233222
1581,1,9.79908,69,1,0,0,0.1,0.250281,41.55562,233292
1582,1,9.78384,74,1,0,0,0.1,0.204287,41.46102,233367
1583,1,9.79014,72,1,0,0,0.1,0.243161,41.32399,233440
1584,1,9.793,71,1,0,0,0.1,0.24381,41.41315,233512
1585,1,9.78359,74,1,0,0,0.1,0.264846,41.27626,233587
1586,1,9.75449,84,1,0,0,0.1,0.236422,41.46435,233672
1587,1,9.77768,76,1,0,0,0.1,0.264172,41.69619,233749
1588,1,9.81094,65,1,0,0,0.1,0.27856,41.37311,233815
1589,1,9.75989,82,1,0,0,0.1,0.292881,41.52994,233898
1590,1,9.79873,69,1,0,0,0.1,0.255209,41.7438,233968
1591,1,9.78648,73,1,0,0,0.1,0.251223,41.80754,234042
1592,1,9.78707,73,1,0,0,0.1,0.240126,41.78113,234116
1593,1,9.72046,95,1,0,0,0.1,0.206713,41.81279,234212
1594,1,9.74206,88,1,0,0,0.1,0.273396,42.1504,234301
1595,1,9.64087,122,1,0,0,0.1,0.23558,42.05773,234424
1596,1,9.77764,76,1,0,0,0.1,0.216801,42.07981,234501
1597,1,9.76588,80,1,0,0,0.1,0.22235,42.18795,234582
1598,1,9.73562,90,1,0,0,0.1,0.263202,42.1876,234673
1599,1,9.67557,110,1,0,0,0.1,0.283358,42.32416,234784
1600,1,9.71156,98,1,0,0,0.1,0.218281,42.3287,234883
1601,1,9.69844,103,1,0,0,0.1,0.23682,42.41784,234987
1602,1,9.67858,109,1,0,0,0.1,0.294298,42.63615,235097
1603,1,9.62023,129,1,0,0,0.1,0.257272,42.61546,235227
1604,1,9.44186,188,1,0,0,0.1,0.239418,42.87303,235416
1605,1,9.14467,287,1,0,0,0.1,0.260365,43.00074,235704
1606,1,9.62049,129,1,0,0,0.1,0.300126,43.17097,235834
1607,1,9.54809,153,1,0,0,0.1,0.242659,43.17515,235988
1608,1,9.65159,118,1,0,0,0.1,0.26179,43.19779,236107
1609,1,9.59097,139,1,0,0,0.1,0.243721,43.27672,236247
1610,1,9.72673,93,1,0,0,0.1,0.280178,43.39348,236341
1611,1,9.43705,190,1,0,0,0.1,0.227197,43.35067,236532
1612,1,9.66432,114,1,0,0,0.1,0.190159,43.51451,236647
1613,1,9.74804,86,1,0,0,0.1,0.244438,43.69164,236734
1614,1,9.76826,79,1,0,0,0.1,0.290115,43.76831,236814
1615,1,9.71218,98,1,0,0,0.1,0.210245,43.68431,236913
1616,1,9.65818,116,1,0,0,0.1,0.22502,43.74743,237030
1617,1,9.64617,120,1,0,0,0.1,0.247457,44.00461,237151
1618,1,9.68475,107,1,0,0,0.1,0.25649,43.93824,237259
1619,1,9.76293,81,1,0,0,0.1,0.368951,44.14226,237341
1620,1,9.58575,140,1,0,0,0.1,0.281497,44.19835,237482
1621,1,9.49438,171,1,0,0,0.1,0.25479,44.30062,237654
1622,1,9.62515,127,1,0,0,0.1,0.255879,44.44909,237782
1623,1,9.74234,88,1,0,0,0.1,0.292538,44.57966,237871
1624,1,9.32535,227,1,0,0,0.1,0.265459,44.72111,238099
1625,1,9.25868,249,1,0,0,0.1,0.243402,44.67412,238349
1626,1,9.35178,218,1,0,0,0.1,0.275356,44.96405,238568
1627,1,8.87898,376,1,0,0,0.1,0.266696,45.32739,238945
1628,1,9.76286,81,1,0,0,0.1,0.284357,45.48869,239027
1629,1,9.72957,92,1,0,0,0.1,0.30426,45.57455,239120
1630,1,8.95915,349,1,0,0,0.1,0.274081,45.77394,239470
1631,1,9.6189,129,1,0,0,0.1,0.262972,45.93901,239600
1632,1,9.13057,292,1,0,0,0.1,0.245827,46.01492,239893
1633,1,9.6605,115,1,0,0,0.1,0.226401,46.10107,240009
1634,1,9.43366,191,1,0,0,0.1,0.247719,46.08376,240201
1635,1,9.55582,150,1,0,0,0.1,0.269035,46.33797,240352
1636,1,9.31842,229,1,0,0,0.1,0.249712,46.46371,240582
1637,1,9.65535,117,1,0,0,0.1,0.227847,46.54462,240700
1638,1,9.39102,205,1,0,0,0.1,0.261603,46.54746,240906
1639,1,9.36677,213,1,0,0,0.1,0.27194,46.61699,241120
1640,1,9.66946,112,1,0,0,0.1,0.244481,46.75737,241233
1641,1,8.83564,390,1,0,0,0.1,0.2671,46.95683,241624
1642,1,9.68567,107,1,0,0,0.1,0.263821,47.0679,241732
1643,1,9.45067,185,1,0,0,0.1,0.267929,47.07082,241918
1644,1,9.54664,153,1,0,0,0.1,0.309997,47.14445,242072
1645,1,9.17773,276,1,0,0,0.1,0.281197,47.20604,242349
1646,1,9.70873,99,1,0,0,0.1,0.246821,47.30124,242449
1647,1,9.6609,115,1,0,0,0.1,0.258391,47.43833,242565
1648,1,9.64273,121,1,0,0,0.1,0.25913,47.25143,242687
1649,1,9.59205,138,1,0,0,0.1,0.261379,47.59153,242826
1650,1,9.7385,89,1,0,0,0.1,0.284829,47.39661,242916
1651,1,-1.054,18,0,1,0,0.1,0.244652,47.6274,242935
1652,1,-1.177,59,0,1,0,0.1,0.271918,47.44397,242995
1653,1,9.7479,86,1,0,0,0.1,0.300637,47.60214,243082
1654,1,9.63384,124,1,0,0,0.1,0.290412,47.57962,243207
1655,1,9.49868,169,1,0,0,0.1,0.2826,47.32915,243377
1656,1,9.70999,99,1,0,0,0.1,0.259902,47.42734,243477
1657,1,-1.3,100,0,1,0,0.1,0.223925,47.6066,243578
1658,1,9.47429,177,1,0,0,0.1,0.285189,47.57171,243756
1659,1,9.75664,83,1,0,0,0.1,0.301535,47.71565,243840
1660,1,9.75345,84,1,0,0,0.1,0.252625,47.67102,243925
1661,1,9.71772,96,1,0,0,0.1,0.253972,47.71951,244022
1662,1,9.60346,134,1,0,0,0.1,0.308385,47.6481,244157
1663,1,-1.243,81,0,1,0,0.1,0.266515,47.65063,244239
1664,1,9.74771,86,1,0,0,0.1,0.323867,47.73087,244326
1665,1,9.56538,147,1,0,0,0.1,0.299399,47.84121,244474
1666,1,9.703,101,1,0,0,0.1,0.264779,47.92491,244576
1667,1,-1.174,58,0,1,0,0.1,0.305635,47.80516,244635
1668,1,9.6459,120,1,0,0,0.1,0.242954,47.83963,244756
1669,1,-1.18,60,0,1,0,0.1,0.256298,47.8886,244817
1670,1,-1.183,61,0,1,0,0.1,0.40328,48.02007,244879
1671,1,-1.201,67,0,1,0,0.1,0.309092,47.77459,244947
1672,1,-1.18,60,0,1,0,0.1,0.232876,48.04294,245008
1673,1,-1.189,63,0,1,0,0.1,0.277886,47.97379,245072
1674,1,-1.186,62,0,1,0,0.1,0.228784,47.7922,245135
1675,1,9.50453,167,1,0,0,0.1,0.257669,47.91357,245303
1676,1,9.57761,143,1,0,0,0.1,0.320069,47.94992,245447
1677,1,9.44183,188,1,0,0,0.1,0.314803,47.98677,245636
1678,1,-1.24,80,0,1,0,0.1,0.340099,47.90435,245717
1679,1,-1.447,149,0,1,0,0.1,0.310381,48.21234,245867
1680,1,-1.165,55,0,1,0,0.1,0.328895,48.01723,245923
1681,1,-1.204,68,0,1,0,0.1,0.293273,48.16264,245992
1682,1,-1.19763,400,0,0,1,0.1,0.323005,48.19489,246392
1683,1,-1.456,152,0,1,0,0.1,0.260778,48.24245,246545
1684,1,-1.324,108,0,1,0,0.1,0.25015,48.16267,246654
1685,1,-1.19757,400,0,0,1,0.1,0.297202,48.43379,247054
1686,1,-1.108,36,0,1,0,0.1,0.262475,48.33785,247091
1687,1,-1.714,238,0,1,0,0.1,0.289266,48.37491,247330
1688,1,-1.336,112,0,1,0,0.1,0.337571,48.59952,247443
1689,1,-1.699,233,0,1,0,0.1,0.280573,48.54048,247677
1690,1,-1.36,120,0,1,0,0.1,0.294837,48.51674,247798
1691,1,-1.2,400,0,0,1,0.1,0.274236,48.45227,248198
1692,1,-1.2,400,0,0,1,0.1,0.269558,48.60442,248598
1693,1,-1.2,400,0,0,1,0.1,0.296144,48.6825,248998
1694,1,-1.651,217,0,1,0,0.1,0.240261,48.80399,249216
1695,1,-1.2,400,0,0,1,0.1,0.282327,48.83545,249616
1696,1,-1.747,249,0,1,0,0.1,0.333691,48.87812,249866
1697,1,-1.837,279,0,1,0,0.1,0.316252,49.02748,250146
1698,1,-1.924,308,0,1,0,0.1,0.285805,49.09861,250455
1699,1,-1.345,115,0,1,0,0.1,0.279288,48.96004,250571
1700,1,-1.144,48,0,1,0,0.1,0.23778,49.09573,250620
1701,1,-1.48,160,0,1,0,0.1,0.305249,49.17305,250781
1702,1,-1.2,400,0,0,1,0.1,0.309044,49.12332,251181
1703,1,-1.798,266,0,1,0,0.1,0.276098,49.35285,251448
1704,1,-2.131,377,0,1,0,0.1,0.297633,49.36753,251826
1705,1,-1.2,400,0,0,1,0.1,0.284912,49.35996,252226
1706,1,-1.2,400,0,0,1,0.1,0.26721,49.3089,252626
1707,1,-1.2,400,0,0,1,0.1,0.265197,49.32356,253026
1708,1,-1.2,400,0,0,1,0.1,0.257656,49.3733,253426
1709,1,-1.342,114,0,1,0,0.1,0.269318,49.28453,253541
1710,1,-1.321,107,0,1,0,0.1,0.27412,49.22938,253649
1711,1,-1.747,249,0,1,0,0.1,0.235947,49.19826,253899
1712,1,-1.489,163,0,1,0,0.1,0.295641,49.14939,254063
1713,1,-1.522,174,0,1,0,0.1,0.242524,49.15911,254238
1714,1,-1.264,88,0,1,0,0.1,0.266309,49.10553,254327
1715,1,-1.123,41,0,1,0,0.1,0.22942,49.24859,254369
1716,1,-1.597,199,0,1,0,0.1,0.269474,49.15652,254569
1717,1,-1.2,400,0,0,1,0.1,0.267538,48.97175,254969
1718,1,-1.2,400,0,0,1,0.1,0.255243,48.86108,255369
1719,1,-1.2,400,0,0,1,0.1,0.25223,48.91482,255769
1720,1,-1.2,400,0,0,1,0.1,0.269369,48.70344,256169
1721,1,-1.2,400,0,0,1,0.1,0.266598,48.47381,256569
1722,1,-1.2,400,0,0,1,0.1,0.277337,48.25938,256969
1723,1,-2.023,341,0,1,0,0.1,0.261166,48.14266,257311
1724,1,-1.441,147,0,1,0,0.1,0.244482,48.0286,257459
1725,1,-1.2,400,0,0,1,0.1,0.24592,47.92816,257859
1726,1,-1.567,189,0,1,0,0.1,0.235846,47.75449,258049
1727,1,-1.387,129,0,1,0,0.1,0.282203,47.7547,258179
1728,1,-1.918,306,0,1,0,0.1,0.236946,47.66611,258486
1729,1,-1.2,400,0,0,1,0.1,0.252954,47.48485,258886
1730,1,-1.459,153,0,1,0,0.1,0.317949,47.26608,259040
1731,1,-1.27,90,0,1,0,0.1,0.254988,47.15107,259131
1732,1,-2.011,337,0,1,0,0.1,0.263311,47.11697,259469
1733,1,-1.198,66,0,1,0,0.1,0.327364,47.10192,259536
1734,1,-1.495,165,0,1,0,0.1,0.267991,47.0197,259702
1735,1,-1.342,114,0,1,0,0.1,0.249094,46.84515,259817
1736,1,-1.279,93,0,1,0,0.1,0.260022,46.79796,259911
1737,1,-1.042,14,0,1,0,0.1,0.27321,46.56554,259926
1738,1,-1.51,170,0,1,0,0.1,0.270463,46.86526,260097
1739,1,-1.618,206,0,1,0,0.1,0.289627,46.71667,260304
1740,1,-1.057,19,0,1,0,0.1,0.310912,46.41965,260324
1741,1,-1.048,16,0,1,0,0.1,0.269806,46.87083,260341
1742,1,-1.051,17,0,1,0,0.1,0.277783,46.74698,260359
1743,1,-1.18,60,0,1,0,0.1,0.201596,46.81116,260420
1744,1,-1.303,101,0,1,0,0.1,0.254411,46.45392,260522
1745,1,-1.042,14,0,1,0,0.1,0.246195,46.70078,260537
1746,1,-2.056,352,0,1,0,0.1,0.251384,46.5084,260890
1747,1,-1.819,273,0,1,0,0.1,0.24564,46.40046,261164
1748,1,-1.198,66,0,1,0,0.1,0.218656,46.24649,261231
1749,1,-1.312,104,0,1,0,0.1,0.206469,46.25384,261336
1750,1,-1.333,111,0,1,0,0.1,0.26966,46.16524,261448
1751,1,-1.207,69,0,1,0,0.1,0.261102,46.05277,261518
1752,1,-1.054,18,0,1,0,0.1,0.34388,46.26877,261537
1753,1,-1.276,92,0,1,0,0.1,0.219215,46.05158,261630
1754,1,-1.057,19,0,1,0,0.1,0.340648,45.92762,261650
1755,1,-1.114,38,0,1,0,0.1,0.336731,45.9873,261689
1756,1,-2.014,338,0,1,0,0.1,0.265131,45.9216,262028
1757,1,-1.576,192,0,1,0,0.1,0.268076,45.94608,262221
1758,1,-1.132,44,0,1,0,0.1,0.235176,45.83128,262266
1759,1,-1.078,26,0,1,0,0.1,0.296672,45.72322,262293
1760,1,-1.204,68,0,1,0,0.1,0.229638,45.8056,262362
1761,1,-1.078,26,0,1,0,0.1,0.200842,45.71842,262389
1762,1,-1.06,20,0,1,0,0.1,0.268003,45.94504,262410
1763,1,-1.552,184,0,1,0,0.1,0.236531,45.84607,262595
1764,1,-1.339,113,0,1,0,0.1,0.25993,45.83816,262709
1765,1,-1.048,16,0,1,0,0.1,0.198163,45.83311,262726
1766,1,-1.24,80,0,1,0,0.1,0.276801,45.9366,262807
1767,1,-1.711,237,0,1,0,0.1,0.238825,45.81151,263045
1768,1,-1.12,40,0,1,0,0.1,0.273111,45.4987,263086
1769,1,-1.19711,400,0,0,1,0.1,0.250353,45.76654,263486
1770,1,-1.156,52,0,1,0,0.1,0.236878,45.47862,263539
1771,1,-1.19241,400,0,0,1,0.1,0.257977,45.51498,263939
1772,1,-1.2,400,0,0,1,0.1,0.244113,45.38435,264339
1773,1,-1.645,215,0,1,0,0.1,0.275536,45.32812,264555
1774,1,-1.153,51,0,1,0,0.1,0.311792,45.01331,264607
1775,1,-1.498,166,0,1,0,0.1,0.278837,45.22918,264774
1776,1,-1.354,118,0,1,0,0.1,0.237658,45.08301,264893
1777,1,-1.279,93,0,1,0,0.1,0.296829,44.96847,264987
1778,1,-1.309,103,0,1,0,0.1,0.226291,44.9935,265091
1779,1,-1.747,249,0,1,0,0.1,0.260152,44.8315,265341
1780,1,-1.177,59,0,1,0,0.1,0.232217,44.76608,265401
1781,1,-1.549,183,0,1,0,0.1,0.27162,44.70768,265585
1782,1,-1.2,400,0,0,1,0.1,0.256344,44.63636,265985
1783,1,-1.191,400,0,0,1,0.1,0.26018,44.43343,266385
1784,1,-1.552,184,0,1,0,0.1,0.245153,44.27807,266570
1785,1,-1.558,186,0,1,0,0.1,0.265113,44.31783,266757
1786,1,-1.2,400,0,0,1,0.1,0.239536,44.08495,267157
1787,1,-1.495,165,0,1,0,0.1,0.215046,44.11318,267323
1788,1,-1.411,137,0,1,0,0.1,0.236993,43.88116,267461
1789,1,-1.327,109,0,1,0,0.1,0.215477,43.80684,267571
1790,1,-1.438,146,0,1,0,0.1,0.239339,43.7875,267718
1791,1,-1.978,326,0,1,0,0.1,0.228365,43.74345,268045
1792,1,-1.897,299,0,1,0,0.1,0.264841,43.58361,268345
1793,1,-1.066,22,0,1,0,0.1,0.151222,43.42342,268368
1794,1,-1.2,400,0,0,1,0.1,0.24703,43.40686,268768
1795,1,-1.19423,400,0,0,1,0.1,0.243767,43.23696,269168
1796,1,-1.51,170,0,1,0,0.1,0.292866,43.16307,269339
1797,1,-1.291,97,0,1,0,0.1,0.25859,43.17027,269437
1798,1,-1.078,26,0,1,0,0.1,0.237991,43.07453,269464
1799,1,-1.369,123,0,1,0,0.1,0.236164,43.10467,269588
1800,1,-1.594,198,0,1,0,0.1,0.279802,42.96356,269787
1801,1,-1.531,177,0,1,0,0.1,0.235731,42.85903,269965
1802,1,-1.408,136,0,1,0,0.1,0.261471,42.92089,270102
1803,1,-1.288,96,0,1,0,0.1,0.212067,42.72415,270199
1804,1,-1.19789,400,0,0,1,0.1,0.247814,42.67477,270599
1805,1,-1.246,82,0,1,0,0.1,0.191909,42.68126,270682
1806,1,-1.564,188,0,1,0,0.1,0.258672,42.56867,270871
1807,1,-1.984,328,0,1,0,0.1,0.26406,42.41957,271200
1808,1,-1.741,247,0,1,0,0.1,0.263589,42.29228,271448
1809,1,9.18101,275,1,0,0,0.1,0.244655,42.20234,271724
1810,1,-1.159,53,0,1,0,0.1,0.248548,42.04357,271778
1811,1,-1.171,57,0,1,0,0.1,0.276265,42.10366,271836
1812,1,-1.114,38,0,1,0,0.1,0.203492,42.207,271875
1813,1,-1.357,119,0,1,0,0.1,0.256199,42.05497,271995
1814,1,-1.273,91,0,1,0,0.1,0.261918,41.98663,272087
1815,1,-1.19726,400,0,0,1,0.1,0.274598,41.94635,272487
1816,1,-1.264,88,0,1,0,0.1,0.213454,41.89771,272576
1817,1,-1.19738,400,0,0,1,0.1,0.280946,41.83927,272976
1818,1,-1.156,52,0,1,0,0.1,0.186359,41.87166,273029
1819,1,-1.258,86,0,1,0,0.1,0.278708,41.76711,273116
1820,1,-1.234,78,0,1,0,0.1,0.235648,41.80198,273195
1821,1,-1.096,32,0,1,0,0.1,0.27466,41.63238,273228
1822,1,-1.249,83,0,1,0,0.1,0.278793,41.80698,273312
1823,1,-1.12,40,0,1,0,0.1,0.185908,41.72934,273353
1824,1,-1.19728,400,0,0,1,0.1,0.256239,41.67782,273753
1825,1,-1.108,36,0,1,0,0.1,0.265372,41.65687,273790
1826,1,-1.204,68,0,1,0,0.1,0.275022,41.65603,273859
1827,1,9.42364,194,1,0,0,0.1,0.223724,41.60754,274054
1828,1,-1.225,75,0,1,0,0.1,0.306364,41.51153,274130
1829,1,-1.19728,400,0,0,1,0.1,0.27132,41.51375,274530
1830,1,-1.084,28,0,1,0,0.1,0.281604,41.85489,274559
1831,1,-1.237,79,0,1,0,0.1,0.286215,41.50805,274639
1832,1,9.59791,136,1,0,0,0.1,0.252734,41.44993,274776
1833,1,9.33108,225,1,0,0,0.1,0.260616,41.45165,275002
1834,1,-1.196,400,0,0,1,0.1,0.260062,41.45746,275402
1835,1,-1.144,48,0,1,0,0.1,0.26855,41.42992,275451
1836,1,-1.099,33,0,1,0,0.1,0.298725,41.46707,275485
1837,1,9.28854,239,1,0,0,0.1,0.24953,41.35808,275725
1838,1,-1.261,87,0,1,0,0.1,0.256456,41.32249,275813
1839,1,-1.19746,400,0,0,1,0.1,0.249902,41.32347,276213
1840,1,-1.19585,400,0,0,1,0.1,0.250914,41.31253,276613
1841,1,9.58579,140,1,0,0,0.1,0.241048,41.25629,276754
1842,1,9.75326,84,1,0,0,0.1,0.231853,41.24562,276839
1843,1,9.72689,93,1,0,0,0.1,0.266643,41.19737,276933
1844,1,-1.396,132,0,1,0,0.1,0.266197,41.15448,277066
1845,1,-1.372,124,0,1,0,0.1,0.199613,41.18942,277191
1846,1,9.73594,90,1,0,0,0.1,0.247505,41.15199,277282
1847,1,9.61007,132,1,0,0,0.1,0.270308,41.13901,277415
1848,1,-1.681,227,0,1,0,0.1,0.254647,41.12307,277643
1849,1,9.70868,99,1,0,0,0.1,0.243642,41.20177,277743
1850,1,9.54106,155,1,0,0,0.1,0.202429,41.20416,277899
1851,1,9.73269,91,1,0,0,0.1,0.246108,41.07125,277991
1852,1,9.51718,163,1,0,0,0.1,0.240679,41.07066,278155
1853,1,9.75066,85,1,0,0,0.1,0.230753,41.04827,278241
1854,1,9.68189,108,1,0,0,0.1,0.230678,41.01225,278350
1855,1,9.70563,100,1,0,0,0.1,0.235486,41.02629,278451
1856,1,9.49101,172,1,0,0,0.1,0.254456,41.03512,278624
1857,1,-1.219,73,0,1,0,0.1,0.214294,40.87776,278698
1858,1,9.55909,149,1,0,0,0.1,0.247123,41.03115,278848
1859,1,9.68161,108,1,0,0,0.1,0.262174,40.90906,278957
1860,1,9.72995,92,1,0,0,0.1,0.303317,40.95122,279050
1861,1,9.73576,90,1,0,0,0.1,0.273696,41.02343,279141
1862,1,-1.387,129,0,1,0,0.1,0.279968,40.82491,279271
1863,1,9.73888,89,1,0,0,0.1,0.224875,41.06208,279361
1864,1,9.68788,106,1,0,0,0.1,0.282948,40.88994,279468
1865,1,9.58892,139,1,0,0,0.1,0.242148,40.84169,279608
1866,1,9.75629,83,1,0,0,0.1,0.253133,40.81809,279692
1867,1,9.27406,244,1,0,0,0.1,0.278328,40.85958,279937
1868,1,9.59507,137,1,0,0,0.1,0.248441,40.81719,280075
1869,1,9.41797,196,1,0,0,0.1,0.289428,40.80855,280272
1870,1,9.31007,232,1,0,0,0.1,0.220411,40.8491,280505
1871,1,9.67272,111,1,0,0,0.1,0.252162,40.87348,280617
1872,1,-1.531,177,0,1,0,0.1,0.270448,40.74565,280795
1873,1,-1.672,224,0,1,0,0.1,0.203112,40.76261,281020
1874,1,-1.384,128,0,1,0,0.1,0.274227,40.70989,281149
1875,1,9.3579,216,1,0,0,0.1,0.223514,40.7094,281366
1876,1,-1.471,157,0,1,0,0.1,0.265258,40.61008,281524
1877,1,-1.216,72,0,1,0,0.1,0.269633,40.70807,281597
1878,1,9.77516,77,1,0,0,0.1,0.28595,40.68639,281675
1879,1,9.35233,218,1,0,0,0.1,0.273946,40.66059,281894
1880,1,9.77144,78,1,0,0,0.1,0.275696,40.6398,281973
1881,1,9.78403,74,1,0,0,0.1,0.21171,40.57859,282048
1882,1,9.64848,119,1,0,0,0.1,0.236765,40.65387,282168
1883,1,9.63674,123,1,0,0,0.1,0.219688,40.55638,282292
1884,1,9.47147,178,1,0,0,0.1,0.254678,40.60694,282471
1885,1,9.51665,163,1,0,0,0.1,0.242678,40.57246,282635
1886,1,9.50762,166,1,0,0,0.1,0.25498,40.53,282802
1887,1,9.59474,137,1,0,0,0.1,0.231002,40.48032,282940
1888,1,9.63066,125,1,0,0,0.1,0.247149,40.44136,283066
1889,1,9.64,122,1,0,0,0.1,0.250563,40.5429,283189
1890,1,9.54345,154,1,0,0,0.1,0.250103,40.46428,283344
1891,1,9.73519,90,1,0,0,0.1,0.237953,40.59026,283435
1892,1,9.72702,93,1,0,0,0.1,0.239109,40.45446,283529
1893,1,9.60972,132,1,0,0,0.1,0.213392,40.502,283662
1894,1,-1.306,102,0,1,0,0.1,0.296489,40.48474,283765
1895,1,9.58631,140,1,0,0,0.1,0.243104,40.416,283906
1896,1,-1.45,150,0,1,0,0.1,0.248131,40.38725,284057
1897,1,9.76839,79,1,0,0,0.1,0.254527,40.46449,284137
1898,1,9.77814,76,1,0,0,0.1,0.252582,40.30902,284214
1899,1,9.75067,85,1,0,0,0.1,0.253696,40.3723,284300
1900,1,9.73288,91,1,0,0,0.1,0.24569,40.29367,284392
1901,1,9.75416,84,1,0,0,0.1,0.279868,40.33148,284477
1902,1,9.61003,132,1,0,0,0.1,0.212519,40.35385,284610
1903,1,9.74499,87,1,0,0,0.1,0.256009,40.251,284698
1904,1,9.60941,132,1,0,0,0.1,0.250595,40.27952,284831
1905,1,9.60668,133,1,0,0,0.1,0.22667,40.27645,284965
1906,1,9.47825,176,1,0,0,0.1,0.218352,40.16494,285142
1907,1,9.73542,90,1,0,0,0.1,0.237624,40.19295,285233
1908,1,9.79244,71,1,0,0,0.1,0.215637,40.16643,285305
1909,1,9.72354,94,1,0,0,0.1,0.214581,40.21075,285400
1910,1,9.69976,102,1,0,0,0.1,0.217709,40.14544,285503
1911,1,9.75703,83,1,0,0,0.1,0.266573,40.17299,285587
1912,1,9.76628,80,1,0,0,0.1,0.230896,39.99243,285668
1913,1,9.64031,122,1,0,0,0.1,0.249175,40.21602,285791
1914,1,9.76303,81,1,0,0,0.1,0.22035,40.18613,285873
1915,1,9.64657,120,1,0,0,0.1,0.235882,40.13317,285994
1916,1,9.7658,80,1,0,0,0.1,0.208307,40.08507,286075
1917,1,9.79009,72,1,0,0,0.1,0.236348,40.06933,286148
1918,1,9.72051,95,1,0,0,0.1,0.17917,40.01349,286244
1919,1,9.71753,96,1,0,0,0.1,0.240823,40.11045,286341
1920,1,9.78078,75,1,0,0,0.1,0.229801,39.96525,286417
1921,1,9.68191,108,1,0,0,0.1,0.252565,39.98989,286526
1922,1,9.72928,92,1,0,0,0.1,0.199527,39.88452,286619
1923,1,9.5947,137,1,0,0,0.1,0.235545,40.02661,286757
1924,1,9.67274,111,1,0,0,0.1,0.252806,39.95772,286869
1925,1,9.50861,166,1,0,0,0.1,0.252741,40.03117,287036
1926,1,9.57041,145,1,0,0,0.1,0.220624,39.94651,287182
1927,1,9.71845,96,1,0,0,0.1,0.21289,39.91438,287279
1928,1,9.58857,139,1,0,0,0.1,0.208494,39.91836,287419
1929,1,9.75687,83,1,0,0,0.1,0.23113,39.80098,287503
1930,1,9.66665,113,1,0,0,0.1,0.219342,39.88836,287617
1931,1,9.78414,74,1,0,0,0.1,0.238058,39.93458,287692
1932,1,9.61623,130,1,0,0,0.1,0.267218,39.78594,287823
1933,1,9.71173,98,1,0,0,0.1,0.25391,39.78325,287922
1934,1,9.72707,93,1,0,0,0.1,0.242297,39.83685,288016
1935,1,9.68466,107,1,0,0,0.1,0.234856,39.75869,288124
1936,1,9.51999,162,1,0,0,0.1,0.244612,39.82788,288287
1937,1,9.62817,126,1,0,0,0.1,0.231042,39.73291,288414
1938,1,9.73589,90,1,0,0,0.1,0.218627,39.68011,288505
1939,1,9.66117,115,1,0,0,0.1,0.194339,39.6989,288621
1940,1,9.68185,108,1,0,0,0.1,0.246663,39.63165,288730
1941,1,9.66092,115,1,0,0,0.1,0.230835,39.63887,288846
1942,1,9.57806,143,1,0,0,0.1,0.212855,39.63932,288990
1943,1,9.6073,133,1,0,0,0.1,0.21649,39.60782,289124
1944,1,9.01617,334,1,0,0,0.1,0.240089,39.59073,289459
1945,1,9.46654,180,1,0,0,0.1,0.242743,39.55615,289640
1946,1,9.06945,312,1,0,0,0.1,0.241961,39.52348,289953
1947,1,-1.099,33,0,1,0,0.1,0.212588,39.36076,289987
1948,1,9.28981,239,1,0,0,0.1,0.231945,39.47103,290227
1949,1,9.45495,184,1,0,0,0.1,0.263468,39.49741,290412
1950,1,9.2584,249,1,0,0,0.1,0.232295,39.36806,290662
1951,1,9.60686,133,1,0,0,0.1,0.238235,39.41979,290796
1952,1,-1.19354,400,0,0,1,0.1,0.217368,39.36225,291196
1953,1,-1.18517,400,0,0,1,0.1,0.244435,39.35195,291596
1954,1,-1.18042,400,0,0,1,0.1,0.229561,39.24382,291996
1955,1,9.24689,253,1,0,0,0.1,0.231816,39.26027,292250
1956,1,-1.18043,400,0,0,1,0.1,0.228584,39.1787,292650
1957,1,-1.18,400,0,0,1,0.1,0.238237,39.11085,293050
1958,1,-1.19185,400,0,0,1,0.1,0.239254,39.07695,293450
1959,1,-1.19521,400,0,0,1,0.1,0.231192,39.00575,293850
1960,1,-1.18678,400,0,0,1,0.1,0.203914,38.98907,294250
1961,1,-1.19316,400,0,0,1,0.1,0.191518,38.94573,294650
1962,1,-1.18922,400,0,0,1,0.1,0.207407,38.89864,295050
1963,1,-1.19221,400,0,0,1,0.1,0.20159,38.87279,295450
1964,1,-1.19422,400,0,0,1,0.1,0.215925,38.83307,295850
1965,1,-1.18961,400,0,0,1,0.1,0.193846,38.78102,296250
1966,1,-1.19086,400,0,0,1,0.1,0.192234,38.7534,296650
1967,1,-1.19179,400,0,0,1,0.1,0.190024,38.68902,297050
1968,1,-1.1942,400,0,0,1,0.1,0.182504,38.6024,297450
1969,1,-1.18279,400,0,0,1,0.1,0.192376,38.6003,297850
1970,1,-1.18628,400,0,0,1,0.1,0.187276,38.5926,298250
1971,1,-1.18822,400,0,0,1,0.1,0.173419,38.56586,298650
1972,1,-1.18321,400,0,0,1,0.1,0.177734,38.53621,299050
1973,1,-1.18643,400,0,0,1,0.1,0.170684,38.49145,299450
1974,1,-1.18405,400,0,0,1,0.1,0.184216,38.47587,299850
1975,1,-1.1828,400,0,0,1,0.1,0.188111,38.43957,300250
1976,1,-1.18592,400,0,0,1,0.1,0.165971,38.39915,300650
1977,1,-1.18683,400,0,0,1,0.1,0.187057,38.32937,301050
1978,1,-1.19163,400,0,0,1,0.1,0.172324,38.32297,301450
1979,1,-1.19644,400,0,0,1,0.1,0.17799,38.22694,301850
1980,1,-1.19184,400,0,0,1,0.1,0.161424,38.21366,302250
1981,1,-1.1929,400,0,0,1,0.1,0.183058,38.16356,302650
1982,1,-1.19196,400,0,0,1,0.1,0.18846,38.08623,303050
1983,1,-1.19461,400,0,0,1,0.1,0.186425,38.0336,303450
1984,1,-1.19147,400,0,0,1,0.1,0.171697,37.9727,303850
1985,1,-1.2,400,0,0,1,0.1,0.183431,37.90032,304250
1986,1,-1.2,400,0,0,1,0.1,0.189034,37.82905,304650
1987,1,-1.2,400,0,0,1,0.1,0.189776,37.79392,305050
1988,1,-1.2,400,0,0,1,0.1,0.188619,37.67323,305450
1989,1,-1.191,400,0,0,1,0.1,0.167943,37.60728,305850
1990,1,-1.2,400,0,0,1,0.1,0.164006,37.52676,306250
1991,1,-1.2,400,0,0,1,0.1,0.167255,37.44317,306650
1992,1,-1.2,400,0,0,1,0.1,0.173383,37.37946,307050
1993,1,-1.2,400,0,0,1,0.1,0.160307,37.31004,307450
1994,1,-1.2,400,0,0,1,0.1,0.172014,37.21847,307850
1995,1,-1.19932,400,0,0,1,0.1,0.170835,37.1411,308250
1996,1,-2.164,388,0,1,0,0.1,0.1746,37.07879,308639
1997,1,-2.023,341,0,1,0,0.1,0.170624,36.98969,308981
1998,1,-1.2,400,0,0,1,0.1,0.174184,36.88981,309381
1999,1,-1.18,60,0,1,0,0.1,0.161477,36.84784,309442
2000,1,-1.2,400,0,0,1,0.1,0.160121,36.77902,309842
2001,1,-1.2,400,0,0,1,0.1,0.155459,36.65925,310242
2002,1,-1.2,400,0,0,1,0.1,0.170439,36.54955,310642
2003,1,-1.2,400,0,0,1,0.1,0.144537,36.42381,311042
2004,1,-1.2,400,0,0,1,0.1,0.157258,36.32213,311442
2005,1,-1.2,400,0,0,1,0.1,0.173775,36.19358,311842
2006,1,-1.2,400,0,0,1,0.1,0.164636,36.09112,312242
2007,1,-1.405,135,0,1,0,0.1,0.173001,36.00586,312378
2008,1,-1.531,177,0,1,0,0.1,0.136461,35.984,312556
2009,1,-1.297,99,0,1,0,0.1,0.152472,35.95508,312656
2010,1,-1.819,273,0,1,0,0.1,0.181392,35.89515,312930
2011,1,-1.2,400,0,0,1,0.1,0.175987,35.83382,313330
2012,1,-1.372,124,0,1,0,0.1,0.174252,35.74434,313455
2013,1,-1.2,400,0,0,1,0.1,0.172819,35.68238,313855
2014,1,-1.492,164,0,1,0,0.1,0.155274,35.58308,314020
2015,1,-1.441,147,0,1,0,0.1,0.166024,35.52612,314168
2016,1,-1.51,170,0,1,0,0.1,0.151576,35.48856,314339
2017,1,-1.192,64,0,1,0,0.1,0.124986,35.49802,314404
2018,1,-1.2,400,0,0,1,0.1,0.160583,35.41001,314804
2019,1,-1.2,400,0,0,1,0.1,0.172735,35.32265,315204
2020,1,-1.297,99,0,1,0,0.1,0.143414,35.24931,315304
2021,1,-1.2,400,0,0,1,0.1,0.150878,35.22967,315704
2022,1,-1.465,155,0,1,0,0.1,0.172462,35.1749,315860
2023,1,-1.2,400,0,0,1,0.1,0.176922,35.08371,316260
2024,1,-1.192,64,0,1,0,0.1,0.133661,34.99481,316325
2025,1,-1.2,400,0,0,1,0.1,0.162069,34.95846,316725
2026,1,-1.2,400,0,0,1,0.1,0.146434,34.86781,317125
2027,1,-1.639,213,0,1,0,0.1,0.152537,34.77827,317339
2028,1,-1.2,400,0,0,1,0.1,0.15875,34.72569,317739
2029,1,-1.2,400,0,0,1,0.1,0.153398,34.63446,318139
2030,1,-1.2,400,0,0,1,0.1,0.147062,34.56503,318539
2031,1,-1.19715,400,0,0,1,0.1,0.160936,34.48227,318939
2032,1,-1.246,82,0,1,0,0.1,0.181317,34.41126,319022
2033,1,-1.552,184,0,1,0,0.1,0.165054,34.38942,319207
2034,1,-1.2,400,0,0,1,0.1,0.144002,34.33663,319607
2035,1,-1.672,224,0,1,0,0.1,0.146849,34.29333,319832
2036,1,-1.2,400,0,0,1,0.1,0.146173,34.20067,320232
2037,1,-1.36,120,0,1,0,0.1,0.164827,34.15245,320353
2038,1,-1.2,400,0,0,1,0.1,0.149436,34.07744,320753
2039,1,-1.27,90,0,1,0,0.1,0.102099,34.0513,320844
2040,1,-1.207,69,0,1,0,0.1,0.141038,34.04092,320914
2041,1,-1.2,400,0,0,1,0.1,0.139994,33.97461,321314
2042,1,-1.2,400,0,0,1,0.1,0.147501,33.90837,321714
2043,1,-1.2,400,0,0,1,0.1,0.148035,33.84999,322114
2044,1,-1.2,400,0,0,1,0.1,0.142538,33.75904,322514
2045,1,-1.216,72,0,1,0,0.1,0.168926,33.6958,322587
2046,1,-1.186,62,0,1,0,0.1,0.123043,33.70634,322650
2047,1,-1.2,400,0,0,1,0.1,0.157564,33.63829,323050
2048,1,-1.2,400,0,0,1,0.1,0.1457,33.563,323450
2049,1,-1.189,63,0,1,0,0.1,0.181445,33.51661,323514
2050,1,-1.255,85,0,1,0,0.1,0.134167,33.49572,323600
2051,1,-1.219,73,0,1,0,0.1,0.151565,33.49953,323674
2052,1,-1.2,400,0,0,1,0.1,0.158832,33.42362,324074
2053,1,-1.207,69,0,1,0,0.1,0.166984,33.37222,324144
2054,1,-1.2,400,0,0,1,0.1,0.153419,33.32688,324544
2055,1,-1.147,49,0,1,0,0.1,0.117374,33.29815,324594
2056,1,-1.144,48,0,1,0,0.1,0.160686,33.26006,324643
2057,1,-1.2,400,0,0,1,0.1,0.122711,33.22028,325043
2058,1,-1.216,72,0,1,0,0.1,0.124338,33.15617,325116
2059,1,-1.2,400,0,0,1,0.1,0.146181,33.10613,325516
2060,1,-1.2,400,0,0,1,0.1,0.130406,33.05001,325916
2061,1,-1.225,75,0,1,0,0.1,0.157873,33.0061,325992
2062,1,-1.072,24,0,1,0,0.1,0.154469,32.98344,326017
2063,1,-1.2,400,0,0,1,0.1,0.123349,32.93654,326417
2064,1,-1.096,32,0,1,0,0.1,0.162062,32.87957,326450
2065,1,-1.315,105,0,1,0,0.1,0.166789,32.90385,326556
2066,1,-1.2,400,0,0,1,0.1,0.143257,32.8292,326956
2067,1,-1.2,400,0,0,1,0.1,0.144,32.75666,327356
2068,1,-1.2,400,0,0,1,0.1,0.133395,32.67172,327756
2069,1,-1.2,400,0,0,1,0.1,0.130684,32.59483,328156
2070,1,-1.09,30,0,1,0,0.1,0.07434,32.59361,328187
2071,1,-1.2,400,0,0,1,0.1,0.126834,32.51717,328587
2072,1,-1.081,27,0,1,0,0.1,0.128043,32.47101,328615
2073,1,-1.2,400,0,0,1,0.1,0.134284,32.42988,329015
2074,1,-1.2,400,0,0,1,0.1,0.132653,32.35348,329415
2075,1,-1.204,68,0,1,0,0.1,0.161385,32.31485,329484
2076,1,-1.765,255,0,1,0,0.1,0.124545,32.27886,329740
2077,1,-1.2,400,0,0,1,0.1,0.120342,32.21275,330140
2078,1,-1.819,273,0,1,0,0.1,0.137843,32.15705,330414
2079,1,-1.645,215,0,1,0,0.1,0.1282,32.09259,330630
2080,1,-1.2,400,0,0,1,0.1,0.137032,32.04365,331030
2081,1,-1.282,94,0,1,0,0.1,0.142474,32.03119,331125
2082,1,-1.2,400,0,0,1,0.1,0.141554,31.96806,331525
2083,1,-1.225,75,0,1,0,0.1,0.111854,31.93714,331601
2084,1,-1.2,400,0,0,1,0.1,0.129904,31.89893,332001
2085,1,-1.2,400,0,0,1,0.1,0.126051,31.85522,332401
2086,1,-1.579,193,0,1,0,0.1,0.117114,31.80671,332595
2087,1,-1.2,400,0,0,1,0.1,0.126025,31.75578,332995
2088,1,-1.069,23,0,1,0,0.1,0.151075,31.68783,333019
2089,1,-1.2,400,0,0,1,0.1,0.121982,31.6698,333419
2090,1,-1.2,400,0,0,1,0.1,0.123693,31.59891,333819
2091,1,-1.2,400,0,0,1,0.1,0.134185,31.52908,334219
2092,1,-1.2,400,0,0,1,0.1,0.129616,31.48092,334619
2093,1,-1.078,26,0,1,0,0.1,0.107322,31.39989,334646
2094,1,-1.2,400,0,0,1,0.1,0.132352,31.39995,335046
2095,1,-2.134,378,0,1,0,0.1,0.118675,31.35031,335425
2096,1,-1.2,400,0,0,1,0.1,0.128913,31.29564,335825
2097,1,-1.2,400,0,0,1,0.1,0.109084,31.23777,336225
2098,1,-1.2,400,0,0,1,0.1,0.109623,31.17063,336625
2099,1,-1.12,40,0,1,0,0.1,0.10639,31.07915,336666
2100,1,-1.2,400,0,0,1,0.1,0.112453,31.09169,337066
2101,1,-1.066,22,0,1,0,0.1,0.136815,31.02384,337089
2102,1,-1.525,175,0,1,0,0.1,0.117424,31.0374,337265
2103,1,-1.2,400,0,0,1,0.1,0.09914,30.99309,337665
2104,1,-1.2,400,0,0,1,0.1,0.115617,30.94248,338065
2105,1,-1.126,42,0,1,0,0.1,0.102419,30.92866,338108
2106,1,-2.074,358,0,1,0,0.1,0.101794,30.85744,338467
2107,1,-1.2,400,0,0,1,0.1,0.109824,30.79883,338867
2108,1,-1.2,400,0,0,1,0.1,0.116137,30.75722,339267
2109,1,-1.2,400,0,0,1,0.1,0.10069,30.68712,339667
2110,1,-1.2,400,0,0,1,0.1,0.110913,30.63599,340067
2111,1,-1.69,230,0,1,0,0.1,0.090173,30.59804,340298
2112,1,-1.2,400,0,0,1,0.1,0.097295,30.54249,340698
2113,1,-1.2,400,0,0,1,0.1,0.109081,30.47672,341098
2114,1,-1.849,283,0,1,0,0.1,0.113895,30.44458,341382
2115,1,-1.2,400,0,0,1,0.1,0.108317,30.39655,341782
2116,1,-1.2,400,0,0,1,0.1,0.097889,30.34498,342182
2117,1,-1.09,30,0,1,0,0.1,0.133154,30.37661,342213
2118,1,-2.059,353,0,1,0,0.1,0.102818,30.29945,342567
2119,1,-1.084,28,0,1,0,0.1,0.109348,30.24885,342596
2120,1,-1.951,317,0,1,0,0.1,0.113179,30.24121,342914
2121,1,-1.741,247,0,1,0,0.1,0.102132,30.19886,343162
2122,1,-1.2,400,0,0,1,0.1,0.108154,30.16403,343562
2123,1,-1.912,304,0,1,0,0.1,0.098676,30.11438,343867
2124,1,-1.06,20,0,1,0,0.1,0.091852,30.1173,343888
2125,1,-1.048,16,0,1,0,0.1,0.094735,30.09237,343905
2126,1,-1.048,16,0,1,0,0.1,0.061992,30.03112,343922
2127,1,-1.696,232,0,1,0,0.1,0.120092,30.07116,344155
2128,1,-1.2,400,0,0,1,0.1,0.116795,30.02063,344555
2129,1,-1.075,25,0,1,0,0.1,0.143477,29.95748,344581
2130,1,-1.2,400,0,0,1,0.1,0.099645,29.97363,344981
2131,1,-1.2,400,0,0,1,0.1,0.1111,29.9389,345381
2132,1,-1.2,400,0,0,1,0.1,0.102886,29.88768,345781
2133,1,-1.2,400,0,0,1,0.1,0.103328,29.84921,346181
2134,1,-1.2,400,0,0,1,0.1,0.10217,29.79559,346581
2135,1,-1.2,400,0,0,1,0.1,0.110525,29.72248,346981
2136,1,-2.185,395,0,1,0,0.1,0.11177,29.67053,347377
2137,1,-1.2,400,0,0,1,0.1,0.110687,29.61547,347777
2138,1,-1.2,400,0,0,1,0.1,0.097338,29.53926,348177
2139,1,-1.2,400,0,0,1,0.1,0.110333,29.49098,348577
2140,1,-1.537,179,0,1,0,0.1,0.115534,29.43572,348757
2141,1,-1.33,110,0,1,0,0.1,0.10409,29.40558,348868
2142,1,-1.273,91,0,1,0,0.1,0.095525,29.39738,348960
2143,1,-1.2,400,0,0,1,0.1,0.115798,29.3835,349360
2144,1,-1.207,69,0,1,0,0.1,0.132494,29.35657,349430
2145,1,-1.3,100,0,1,0,0.1,0.102234,29.3462,349531
2146,1,-1.231,77,0,1,0,0.1,0.094342,29.30189,349609
2147,1,-1.468,156,0,1,0,0.1,0.1013,29.29454,349766
2148,1,-1.186,62,0,1,0,0.1,0.090213,29.28093,349829
2149,1,-1.087,29,0,1,0,0.1,0.088914,29.32761,349859
2150,1,-1.75,250,0,1,0,0.1,0.094433,29.28364,350110
2151,1,-1.213,71,0,1,0,0.1,0.113823,29.25886,350182
2152,1,-1.45,150,0,1,0,0.1,0.105047,29.24321,350333
2153,1,-1.2,400,0,0,1,0.1,0.113727,29.1878,350733
2154,1,-1.24,80,0,1,0,0.1,0.102051,29.16239,350814
2155,1,-1.327,109,0,1,0,0.1,0.115561,29.15629,350924
2156,1,-1.216,72,0,1,0,0.1,0.102318,29.11596,350997
2157,1,-1.249,83,0,1,0,0.1,0.101265,29.1182,351081
2158,1,-1.075,25,0,1,0,0.1,0.082858,29.10293,351107
2159,1,-1.063,21,0,1,0,0.1,0.054497,29.08186,351129
2160,1,-1.126,42,0,1,0,0.1,0.108214,29.0961,351172
2161,1,-1.087,29,0,1,0,0.1,0.093657,29.16432,351202
2162,1,-1.2,400,0,0,1,0.1,0.103788,29.07354,351602
2163,1,-1.096,32,0,1,0,0.1,0.090789,29.05718,351635
2164,1,-1.228,76,0,1,0,0.1,0.106845,29.0636,351712
2165,1,-1.234,78,0,1,0,0.1,0.101917,29.02185,351791
2166,1,-1.135,45,0,1,0,0.1,0.107291,29.01302,351837
2167,1,-1.201,67,0,1,0,0.1,0.088732,29.0242,351905
2168,1,-1.147,49,0,1,0,0.1,0.129386,28.99801,351955
2169,1,-1.291,97,0,1,0,0.1,0.108283,29.00877,352053
2170,1,-1.549,183,0,1,0,0.1,0.098968,28.96163,352237
2171,1,-1.315,105,0,1,0,0.1,0.104201,28.95422,352343
2172,1,-1.171,57,0,1,0,0.1,0.080413,28.97313,352401
2173,1,-1.642,214,0,1,0,0.1,0.110107,28.95262,352616
2174,1,-1.354,118,0,1,0,0.1,0.111854,28.9064,352735
2175,1,-2.005,335,0,1,0,0.1,0.114628,28.88522,353071
2176,1,-1.54,180,0,1,0,0.1,0.107458,28.82239,353252
2177,1,-1.141,47,0,1,0,0.1,0.085568,28.84684,353300
2178,1,-1.087,29,0,1,0,0.1,0.095158,28.8119,353330
2179,1,-1.453,151,0,1,0,0.1,0.117177,28.799,353482
2180,1,-1.09,30,0,1,0,0.1,0.08963,28.81194,353513
2181,1,-1.072,24,0,1,0,0.1,0.127812,28.79352,353538
2182,1,-1.111,37,0,1,0,0.1,0.096697,28.76095,353576
2183,1,-1.078,26,0,1,0,0.1,0.152521,28.81877,353603
2184,1,-1.189,63,0,1,0,0.1,0.129185,28.76234,353667
2185,1,-1.525,175,0,1,0,0.1,0.097871,28.76611,353843
2186,1,-1.24,80,0,1,0,0.1,0.148486,28.74171,353924
2187,1,-1.243,81,0,1,0,0.1,0.12306,28.71696,354006
2188,1,-1.114,38,0,1,0,0.1,0.096272,28.69723,354045
2189,1,-1.267,89,0,1,0,0.1,0.116262,28.69083,354135
2190,1,-1.285,95,0,1,0,0.1,0.115586,28.70144,354231
2191,1,-1.186,62,0,1,0,0.1,0.120315,28.66252,354294
2192,1,-1.339,113,0,1,0,0.1,0.107292,28.64571,354408
2193,1,-1.072,24,0,1,0,0.1,0.193769,28.70487,354433
2194,1,-1.183,61,0,1,0,0.1,0.076562,28.61714,354495
2195,1,-1.132,44,0,1,0,0.1,0.109114,28.61458,354540
2196,1,-1.156,52,0,1,0,0.1,0.090986,28.6455,354593
2197,1,-1.078,26,0,1,0,0.1,0.08342,28.63382,354620
2198,1,-1.141,47,0,1,0,0.1,0.077163,28.61575,354668
2199,1,-1.123,41,0,1,0,0.1,0.150065,28.57439,354710
2200,1,-1.15,50,0,1,0,0.1,0.134988,28.5785,354761
2201,1,-1.321,107,0,1,0,0.1,0.108726,28.56396,354869
2202,1,-1.138,46,0,1,0,0.1,0.129039,28.58003,354916
2203,1,-1.111,37,0,1,0,0.1,0.088258,28.5497,354954
2204,1,-1.177,59,0,1,0,0.1,0.089348,28.5154,355014
2205,1,-1.345,115,0,1,0,0.1,0.145313,28.5628,355130
2206,1,-1.12,40,0,1,0,0.1,0.104989,28.52025,355171
2207,1,-1.174,58,0,1,0,0.1,0.162816,28.47485,355230
2208,1,-1.414,138,0,1,0,0.1,0.136505,28.47092,355369
2209,1,-1.159,53,0,1,0,0.1,0.110318,28.44534,355423
2210,1,-1.2,400,0,0,1,0.1,0.12102,28.42625,355823
2211,1,-1.246,82,0,1,0,0.1,0.113566,28.43528,355906
2212,1,-1.201,67,0,1,0,0.1,0.118444,28.38242,355974
2213,1,-1.318,106,0,1,0,0.1,0.115582,28.38677,356081
2214,1,-1.081,27,0,1,0,0.1,0.122799,28.34339,356109
2215,1,-1.102,34,0,1,0,0.1,0.138354,28.34395,356144
2216,1,-1.075,25,0,1,0,0.1,0.119847,28.32964,356170
2217,1,-1.516,172,0,1,0,0.1,0.118105,28.36248,356343
2218,1,-1.19386,400,0,0,1,0.1,0.131855,28.27219,356743
2219,1,-1.2,400,0,0,1,0.1,0.120359,28.22539,357143
2220,1,-1.285,95,0,1,0,0.1,0.127346,28.16475,357239
2221,1,-1.189,63,0,1,0,0.1,0.130427,28.16992,357303
2222,1,-1.183,61,0,1,0,0.1,0.115388,28.1384,357365
2223,1,-1.465,155,0,1,0,0.1,0.100478,28.11027,357521
2224,1,-1.651,217,0,1,0,0.1,0.116501,28.07682,357739
2225,1,-1.2,400,0,0,1,0.1,0.122269,28.0162,358139
2226,1,-1.36,120,0,1,0,0.1,0.110114,27.97343,358260
2227,1,-1.2,400,0,0,1,0.1,0.120908,27.91141,358660
2228,1,-1.2,400,0,0,1,0.1,0.123531,27.81776,359060
2229,1,-1.2,400,0,0,1,0.1,0.115878,27.767,359460
2230,1,-1.19742,400,0,0,1,0.1,0.125823,27.71716,359860
2231,1,-1.351,117,0,1,0,0.1,0.107855,27.70945,359978
2232,1,-1.2,400,0,0,1,0.1,0.129506,27.67396,360378
2233,1,-1.2,400,0,0,1,0.1,0.118159,27.63981,360778
2234,1,-1.19847,400,0,0,1,0.1,0.120343,27.61656,361178
2235,1,-1.19809,400,0,0,1,0.1,0.122459,27.5721,361578
2236,1,-1.2,400,0,0,1,0.1,0.122779,27.56234,361978
2237,1,-1.2,400,0,0,1,0.1,0.124425,27.5338,362378
2238,1,-1.19839,400,0,0,1,0.1,0.113284,27.49639,362778
2239,1,-1.057,19,0,1,0,0.1,0.101355,27.50068,362798
2240,1,-1.2,400,0,0,1,0.1,0.122625,27.45981,363198
2241,1,-1.2,400,0,0,1,0.1,0.116576,27.45442,363598
2242,1,-1.282,94,0,1,0,0.1,0.12753,27.43019,363693
2243,1,-1.2,400,0,0,1,0.1,0.111188,27.3837,364093
2244,1,-1.2,400,0,0,1,0.1,0.116954,27.35253,364493
2245,1,-1.2,400,0,0,1,0.1,0.111501,27.32609,364893
2246,1,-1.2,400,0,0,1,0.1,0.110982,27.2939,365293
2247,1,-1.2,400,0,0,1,0.1,0.123191,27.26016,365693
2248,1,-1.099,33,0,1,0,0.1,0.106759,27.26191,365727
2249,1,-1.2,400,0,0,1,0.1,0.126978,27.23967,366127
2250,1,-1.2,400,0,0,1,0.1,0.121893,27.19578,366527
2251,1,-1.2,400,0,0,1,0.1,0.118109,27.16654,366927
2252,1,-1.2,400,0,0,1,0.1,0.126503,27.141,367327
2253,1,-1.2,400,0,0,1,0.1,0.099926,27.10558,367727
2254,1,-1.2,400,0,0,1,0.1,0.117294,27.08775,368127
2255,1,-1.2,400,0,0,1,0.1,0.123614,27.08204,368527
2256,1,-1.2,400,0,0,1,0.1,0.118968,27.01568,368927
2257,1,-1.2,400,0,0,1,0.1,0.110912,26.97163,369327
2258,1,-1.2,400,0,0,1,0.1,0.115982,26.97335,369727
2259,1,-1.2,400,0,0,1,0.1,0.123183,26.95526,370127
2260,1,-1.2,400,0,0,1,0.1,0.116881,26.93967,370527
2261,1,-1.2,400,0,0,1,0.1,0.102452,26.92981,370927
2262,1,-1.2,400,0,0,1,0.1,0.100531,26.88832,371327
2263,1,-1.2,400,0,0,1,0.1,0.104364,26.92656,371727
2264,1,-1.2,400,0,0,1,0.1,0.108005,26.88844,372127
2265,1,-1.2,400,0,0,1,0.1,0.113153,26.85624,372527
2266,1,-1.2,400,0,0,1,0.1,0.104548,26.85989,372927
2267,1,-1.2,400,0,0,1,0.1,0.113112,26.83651,373327
2268,1,-1.2,400,0,0,1,0.1,0.10854,26.83148,373727
2269,1,-1.2,400,0,0,1,0.1,0.100153,26.8246,374127
2270,1,-1.2,400,0,0,1,0.1,0.104215,26.78986,374527
2271,1,-1.2,400,0,0,1,0.1,0.109793,26.79022,374927
2272,1,-1.2,400,0,0,1,0.1,0.101865,26.7693,375327
2273,1,-1.2,400,0,0,1,0.1,0.110758,26.76024,375727
2274,1,-1.2,400,0,0,1,0.1,0.104482,26.72023,376127
2275,1,-1.2,400,0,0,1,0.1,0.101704,26.68985,376527
2276,1,-1.2,400,0,0,1,0.1,0.104312,26.66135,376927
2277,1,-1.804,268,0,1,0,0.1,0.091842,26.65255,377196
2278,1,-1.63,210,0,1,0,0.1,0.103915,26.62953,377407
2279,1,-1.855,285,0,1,0,0.1,0.091917,26.62883,377693
2280,1,-1.195,65,0,1,0,0.1,0.065986,26.64645,377759
2281,1,-1.168,56,0,1,0,0.1,0.099973,26.61747,377816
2282,1,-1.2,400,0,0,1,0.1,0.112331,26.56335,378216
2283,1,-1.429,143,0,1,0,0.1,0.097715,26.56626,378360
2284,1,-1.234,78,0,1,0,0.1,0.103853,26.53281,378439
2285,1,-1.351,117,0,1,0,0.1,0.102169,26.53939,378557
2286,1,-1.396,132,0,1,0,0.1,0.130204,26.5429,378690
2287,1,-2.191,397,0,1,0,0.1,0.106398,26.50258,379088
2288,1,-1.174,58,0,1,0,0.1,0.08688,26.4879,379147
2289,1,-1.2,400,0,0,1,0.1,0.105831,26.48261,379547
2290,1,-1.2,400,0,0,1,0.1,0.095453,26.44568,379947
2291,1,-1.2,400,0,0,1,0.1,0.10662,26.40275,380347
2292,1,-1.2,400,0,0,1,0.1,0.107086,26.37019,380747
2293,1,-1.2,400,0,0,1,0.1,0.105804,26.33399,381147
2294,1,-1.2,400,0,0,1,0.1,0.100969,26.29054,381547
2295,1,-1.2,400,0,0,1,0.1,0.085192,26.24379,381947
2296,1,-1.2,400,0,0,1,0.1,0.107995,26.21859,382347
2297,1,-1.2,400,0,0,1,0.1,0.103182,26.17976,382747
2298,1,-1.2,400,0,0,1,0.1,0.10475,26.14279,383147
2299,1,-1.2,400,0,0,1,0.1,0.091409,26.12562,383547
2300,1,-1.201,67,0,1,0,0.1,0.088365,26.13376,383615
2301,1,-1.063,21,0,1,0,0.1,0.077118,26.15228,383637
2302,1,-1.2,400,0,0,1,0.1,0.106556,26.10048,384037
2303,1,-1.417,139,0,1,0,0.1,0.119149,26.09702,384177
2304,1,-1.186,62,0,1,0,0.1,0.109948,26.06955,384240
2305,1,-1.438,146,0,1,0,0.1,0.094668,26.05899,384387
2306,1,-1.2,400,0,0,1,0.1,0.090661,26.05079,384787
2307,1,-1.942,314,0,1,0,0.1,0.11026,26.03865,385102
2308,1,-1.72,240,0,1,0,0.1,0.095246,26.00971,385343
2309,1,-1.2,400,0,0,1,0.1,0.093007,25.98527,385743
2310,1,-1.2,400,0,0,1,0.1,0.107917,25.96857,386143
2311,1,-1.735,245,0,1,0,0.1,0.110662,25.94458,386389
2312,1,-1.2,400,0,0,1,0.1,0.106191,25.9246,386789
2313,1,-1.2,400,0,0,1,0.1,0.10015,25.92291,387189
2314,1,-1.936,312,0,1,0,0.1,0.103522,25.88198,387502
2315,1,-1.492,164,0,1,0,0.1,0.107727,25.87449,387667
2316,1,-1.255,85,0,1,0,0.1,0.081965,25.87522,387753
2317,1,-1.2,400,0,0,1,0.1,0.093107,25.84477,388153
2318,1,-1.2,400,0,0,1,0.1,0.09876,25.83678,388553
2319,1,-1.24,80,0,1,0,0.1,0.110078,25.7895,388634
2320,1,-1.153,51,0,1,0,0.1,0.087531,25.80474,388686
2321,1,-1.2,400,0,0,1,0.1,0.10512,25.79724,389086
2322,1,-1.723,241,0,1,0,0.1,0.098779,25.80184,389328
2323,1,-1.2,400,0,0,1,0.1,0.095087,25.77675,389728
2324,1,-1.558,186,0,1,0,0.1,0.116977,25.76299,389915
2325,1,-1.309,103,0,1,0,0.1,0.125522,25.74428,390019
2326,1,-2.02,340,0,1,0,0.1,0.096343,25.73101,390360
2327,1,-1.2,400,0,0,1,0.1,0.09845,25.71661,390760
2328,1,-1.2,400,0,0,1,0.1,0.124024,25.68731,391160
2329,1,-1.729,243,0,1,0,0.1,0.099498,25.65046,391404
2330,1,-1.867,289,0,1,0,0.1,0.099077,25.63228,391694
2331,1,-1.519,173,0,1,0,0.1,0.095745,25.62928,391868
2332,1,-1.654,218,0,1,0,0.1,0.097747,25.61367,392087
2333,1,-1.2,400,0,0,1,0.1,0.112652,25.59305,392487
2334,1,-1.648,216,0,1,0,0.1,0.112363,25.57603,392704
2335,1,-1.2,400,0,0,1,0.1,0.104298,25.53549,393104
2336,1,-1.048,16,0,1,0,0.1,0.073101,25.58247,393121
2337,1,-1.057,19,0,1,0,0.1,0.102167,25.51185,393141
2338,1,-1.069,23,0,1,0,0.1,0.11552,25.53547,393165
2339,1,-1.042,14,0,1,0,0.1,0.167938,25.46394,393180
2340,1,-1.048,16,0,1,0,0.1,0.101057,25.49851,393197
2341,1,-2.113,371,0,1,0,0.1,0.098084,25.49734,393569
2342,1,-1.048,16,0,1,0,0.1,0.088259,25.4908,393586
2343,1,-1.093,31,0,1,0,0.1,0.088388,25.49151,393618
2344,1,-1.147,49,0,1,0,0.1,0.09095,25.49356,393668
2345,1,-1.042,14,0,1,0,0.1,0.08354,25.44742,393683
2346,1,-1.045,15,0,1,0,0.1,0.11675,25.42034,393699
2347,1,-1.048,16,0,1,0,0.1,0.127546,25.46377,393716
2348,1,-1.051,17,0,1,0,0.1,0.091546,25.47196,393734
2349,1,-1.051,17,0,1,0,0.1,0.098455,25.45502,393752
2350,1,-1.261,87,0,1,0,0.1,0.102716,25.42829,393840
2351,1,-1.609,203,0,1,0,0.1,0.10254,25.44151,394044
2352,1,-1.057,19,0,1,0,0.1,0.100882,25.45742,394064
2353,1,-1.078,26,0,1,0,0.1,0.117315,25.39961,394091
2354,1,-1.075,25,0,1,0,0.1,0.157812,25.43649,394117
2355,1,-1.072,24,0,1,0,0.1,0.05109,25.43667,394142
2356,1,-1.072,24,0,1,0,0.1,0.158736,25.42196,394167
2357,1,-1.045,15,0,1,0,0.1,0.14348,25.42457,394183
2358,1,-1.066,22,0,1,0,0.1,0.080231,25.38582,394206
2359,1,-1.075,25,0,1,0,0.1,0.153612,25.43784,394232
2360,1,-1.057,19,0,1,0,0.1,0.112878,25.43671,394252
2361,1,-1.06,20,0,1,0,0.1,0.052108,25.41767,394273
2362,1,-1.051,17,0,1,0,0.1,0.107091,25.36198,394291
2363,1,-1.078,26,0,1,0,0.1,0.081446,25.37449,394318
2364,1,-1.255,85,0,1,0,0.1,0.103181,25.38483,394404
2365,1,-1.072,24,0,1,0,0.1,0.10526,25.36559,394429
2366,1,-1.072,24,0,1,0,0.1,0.09338,25.41913,394454
2367,1,-1.069,23,0,1,0,0.1,0.113837,25.35661,394478
2368,1,-1.132,44,0,1,0,0.1,0.144942,25.34354,394523
2369,1,-1.075,25,0,1,0,0.1,0.155768,25.35471,394549
2370,1,-2.062,354,0,1,0,0.1,0.125558,25.35712,394904
2371,1,-1.243,81,0,1,0,0.1,0.121865,25.3256,394986
2372,1,-1.063,21,0,1,0,0.1,0.113418,25.32797,395008
2373,1,-1.063,21,0,1,0,0.1,0.140968,25.30613,395030
2374,1,-1.159,53,0,1,0,0.1,0.10455,25.33195,395084
2375,1,-1.126,42,0,1,0,0.1,0.123361,25.25845,395127
2376,1,-1.336,112,0,1,0,0.1,0.125745,25.29341,395240
2377,1,-1.048,16,0,1,0,0.1,0.069748,25.2927,395257
2378,1,-1.12,40,0,1,0,0.1,0.114502,25.27727,395298
2379,1,-1.291,97,0,1,0,0.1,0.097115,25.26388,395396
2380,1,-1.072,24,0,1,0,0.1,0.132632,25.26179,395421
2381,1,-1.108,36,0,1,0,0.1,0.10592,25.20859,395458
2382,1,-1.129,43,0,1,0,0.1,0.135514,25.24722,395502
2383,1,-1.075,25,0,1,0,0.1,0.110187,25.21651,395528
2384,1,-1.075,25,0,1,0,0.1,0.142066,25.26873,395554
2385,1,-1.081,27,0,1,0,0.1,0.105199,25.23514,395582
2386,1,-1.303,101,0,1,0,0.1,0.114582,25.21688,395684
2387,1,-1.153,51,0,1,0,0.1,0.140725,25.21629,395736
2388,1,-1.099,33,0,1,0,0.1,0.143677,25.21503,395770
2389,1,-1.129,43,0,1,0,0.1,0.077788,25.21335,395814
2390,1,-1.579,193,0,1,0,0.1,0.120842,25.1728,396008
2391,1,-1.129,43,0,1,0,0.1,0.166645,25.18156,396052
2392,1,-1.111,37,0,1,0,0.1,0.138898,25.13923,396090
2393,1,-1.075,25,0,1,0,0.1,0.170352,25.18885,396116
2394,1,-1.225,75,0,1,0,0.1,0.125793,25.1505,396192
2395,1,-1.291,97,0,1,0,0.1,0.128484,25.1568,396290
2396,1,-1.162,54,0,1,0,0.1,0.134044,25.14833,396345
2397,1,-1.159,53,0,1,0,0.1,0.130485,25.13298,396399
2398,1,-1.219,73,0,1,0,0.1,0.103379,25.12647,396473
2399,1,-1.054,18,0,1,0,0.1,0.127858,25.13709,396492
2400,1,-1.267,89,0,1,0,0.1,0.111003,25.08475,396582
2401,1,-1.57,190,0,1,0,0.1,0.148727,25.07008,396773
2402,1,-1.363,121,0,1,0,0.1,0.137426,25.03344,396895
2403,1,-1.087,29,0,1,0,0.1,0.154218,24.96019,396925
2404,1,-1.162,54,0,1,0,0.1,0.114149,25.01168,396980
2405,1,-1.126,42,0,1,0,0.1,0.153674,24.95822,397023
2406,1,-1.096,32,0,1,0,0.1,0.10176,25.02011,397056
2407,1,-1.537,179,0,1,0,0.1,0.134022,24.97694,397236
2408,1,-1.045,15,0,1,0,0.1,0.182859,24.9588,397252
2409,1,-1.102,34,0,1,0,0.1,0.139132,24.90395,397287
2410,1,-1.252,84,0,1,0,0.1,0.119183,24.95755,397372
2411,1,-1.06,20,0,1,0,0.1,0.110299,24.97422,397393
2412,1,-1.084,28,0,1,0,0.1,0.138004,24.93793,397422
2413,1,-1.141,47,0,1,0,0.1,0.140328,24.94669,397470
2414,1,-1.666,222,0,1,0,0.1,0.111815,24.93131,397693
2415,1,-1.396,132,0,1,0,0.1,0.110203,24.89285,397826
2416,1,-1.492,164,0,1,0,0.1,0.118691,24.86958,397991
2417,1,-1.2,400,0,0,1,0.1,0.128091,24.80283,398391
2418,1,-1.282,94,0,1,0,0.1,0.122168,24.77003,398486
2419,1,-1.219,73,0,1,0,0.1,0.13032,24.74316,398560
2420,1,-1.3,100,0,1,0,0.1,0.12689,24.71874,398661
2421,1,-1.3,100,0,1,0,0.1,0.102508,24.72918,398762
2422,1,-1.2,400,0,0,1,0.1,0.116655,24.69629,399162
2423,1,-1.144,48,0,1,0,0.1,0.120356,24.69975,399211
2424,1,-1.654,218,0,1,0,0.1,0.112445,24.63496,399430
2425,1,-2.014,338,0,1,0,0.1,0.113247,24.60229,399769
2426,1,-1.36,120,0,1,0,0.1,0.127975,24.57036,399890
2427,1,-1.2,400,0,0,1,0.1,0.108024,24.54141,400290
2428,1,-1.36,120,0,1,0,0.1,0.100243,24.50078,400411
2429,1,-1.105,35,0,1,0,0.1,0.09486,24.48836,400447
2430,1,-1.711,237,0,1,0,0.1,0.124327,24.4574,400685
2431,1,-1.315,105,0,1,0,0.1,0.120259,24.3968,400791
2432,1,-1.354,118,0,1,0,0.1,0.120412,24.40936,400910
2433,1,-1.561,187,0,1,0,0.1,0.120973,24.39794,401098
2434,1,-1.087,29,0,1,0,0.1,0.113146,24.35674,401128
2435,1,-1.168,56,0,1,0,0.1,0.132182,24.36628,401185
2436,1,-1.291,97,0,1,0,0.1,0.118327,24.36393,401283
2437,1,-1.21,70,0,1,0,0.1,0.092572,24.34656,401354
2438,1,-1.2,400,0,0,1,0.1,0.109871,24.31533,401754
2439,1,-1.363,121,0,1,0,0.1,0.099819,24.28957,401876
2440,1,-2.038,346,0,1,0,0.1,0.11585,24.24971,402223
2441,1,-1.36,120,0,1,0,0.1,0.109647,24.22314,402344
2442,1,-1.2,400,0,0,1,0.1,0.117276,24.20711,402744
2443,1,-1.357,119,0,1,0,0.1,0.11983,24.1726,402864
2444,1,-1.159,53,0,1,0,0.1,0.089228,24.17742,402918
2445,1,-1.2,400,0,0,1,0.1,0.116492,24.13142,403318
2446,1,-1.2,400,0,0,1,0.1,0.110499,24.08697,403718
2447,1,-1.051,17,0,1,0,0.1,0.151871,24.06433,403736
2448,1,-1.558,186,0,1,0,0.1,0.110271,24.0627,403923
2449,1,-1.162,54,0,1,0,0.1,0.151369,24.02574,403978
2450,1,-2.125,375,0,1,0,0.1,0.10425,24.01996,404354
2451,1,-1.114,38,0,1,0,0.1,0.115622,23.98588,404393
2452,1,-1.2,400,0,0,1,0.1,0.102004,23.97036,404793
2453,1,-1.795,265,0,1,0,0.1,0.094572,23.91908,405059
2454,1,-1.2,400,0,0,1,0.1,0.097716,23.90123,405459
2455,1,-1.2,400,0,0,1,0.1,0.099551,23.84667,405859
2456,1,-1.2,400,0,0,1,0.1,0.102021,23.78613,406259
2457,1,-1.921,307,0,1,0,0.1,0.101078,23.76169,406567
2458,1,-1.2,400,0,0,1,0.1,0.100742,23.70861,406967
2459,1,-1.321,107,0,1,0,0.1,0.108586,23.6821,407075
2460,1,-2.098,366,0,1,0,0.1,0.083027,23.65428,407442
2461,1,-1.408,136,0,1,0,0.1,0.103065,23.61287,407579
2462,1,-1.546,182,0,1,0,0.1,0.090082,23.60698,407762
2463,1,-1.315,105,0,1,0,0.1,0.103346,23.59637,407868
2464,1,-1.243,81,0,1,0,0.1,0.10146,23.56946,407950
2465,1,-1.081,27,0,1,0,0.1,0.112569,23.55188,407978
2466,1,-1.153,51,0,1,0,0.1,0.095177,23.52761,408030
2467,1,-1.2,400,0,0,1,0.1,0.091958,23.53004,408430
2468,1,-1.2,400,0,0,1,0.1,0.104274,23.48133,408830
2469,1,-1.222,74,0,1,0,0.1,0.088213,23.47791,408905
2470,1,-1.462,154,0,1,0,0.1,0.092419,23.43314,409060
2471,1,-1.33,110,0,1,0,0.1,0.095183,23.42889,409171
2472,1,-1.096,32,0,1,0,0.1,0.118638,23.42049,409204
2473,1,-1.15,50,0,1,0,0.1,0.120749,23.4054,409255
2474,1,-1.2,400,0,0,1,0.1,0.110982,23.3694,409655
2475,1,-1.297,99,0,1,0,0.1,0.09327,23.34055,409755
2476,1,-1.117,39,0,1,0,0.1,0.111668,23.33644,409795
2477,1,-1.432,144,0,1,0,0.1,0.101948,23.30714,409940
2478,1,-1.687,229,0,1,0,0.1,0.083525,23.30118,410170
2479,1,-1.324,108,0,1,0,0.1,0.088573,23.27425,410279
2480,1,-1.144,48,0,1,0,0.1,0.138063,23.24451,410328
2481,1,-2.131,377,0,1,0,0.1,0.093818,23.22009,410706
2482,1,-1.372,124,0,1,0,0.1,0.100557,23.20709,410831
2483,1,-1.627,209,0,1,0,0.1,0.086394,23.16957,411041
2484,1,-1.267,89,0,1,0,0.1,0.0882,23.17826,411131
2485,1,-1.777,259,0,1,0,0.1,0.094004,23.12324,411391
2486,1,-1.228,76,0,1,0,0.1,0.091001,23.10349,411468
2487,1,-1.801,267,0,1,0,0.1,0.093496,23.05487,411736
2488,1,-1.12,40,0,1,0,0.1,0.091039,23.05476,411777
2489,1,-1.414,138,0,1,0,0.1,0.098326,23.00841,411916
2490,1,-1.195,65,0,1,0,0.1,0.102115,23.03294,411982
2491,1,-1.114,38,0,1,0,0.1,0.117122,23.00805,412021
2492,1,-1.168,56,0,1,0,0.1,0.086568,23.03858,412078
2493,1,-1.063,21,0,1,0,0.1,0.127266,22.97967,412100
2494,1,-1.135,45,0,1,0,0.1,0.086223,23.03273,412146
2495,1,-1.162,54,0,1,0,0.1,0.119993,22.98697,412201
2496,1,-1.243,81,0,1,0,0.1,0.102565,22.97841,412283
2497,1,-1.066,22,0,1,0,0.1,0.122715,22.96936,412306
2498,1,-1.285,95,0,1,0,0.1,0.098777,22.96566,412402
2499,1,-1.639,213,0,1,0,0.1,0.088431,22.95378,412616
2500,15,-1.2,400,0,0,1,0.3988,0.095188,22.88552,413016
2501,15,-1.2,400,0,0,1,0.397604,0.092972,22.85169,413416
2502,15,-1.2,400,0,0,1,0.396411,0.094072,22.81907,413816
2503,15,-1.2,400,0,0,1,0.395222,0.087916,22.77257,414216
2504,15,-1.2,400,0,0,1,0.394036,0.098307,22.74535,414616
2505,15,-1.054,18,0,1,0,0.392854,0.090547,22.72846,414635
2506,15,-1.225,75,0,1,0,0.391675,0.101472,22.73183,414711
2507,15,-2.176,392,0,1,0,0.3905,0.094192,22.72018,415104
2508,15,-1.2,400,0,0,1,0.389329,0.088211,22.68919,415504
2509,15,-1.2,400,0,0,1,0.388161,0.091987,22.63449,415904
2510,15,-1.2,400,0,0,1,0.386996,0.105469,22.57411,416304
2511,15,-1.2,400,0,0,1,0.385835,0.100885,22.53294,416704
2512,15,-1.2,400,0,0,1,0.384678,0.101531,22.48988,417104
2513,15,-1.018,6,0,1,0,0.383524,0.04157,22.45902,417111
2514,15,-1.006,2,0,1,0,0.382373,0.160193,22.40155,417114
2515,15,-1.12,40,0,1,0,0.381226,0.096824,22.47513,417155
2516,15,-1.012,4,0,1,0,0.380082,0.0815,22.4603,417160
2517,15,-1.006,2,0,1,0,0.378942,0.211038,22.418,417163
2518,15,-1.18,60,0,1,0,0.377805,0.093327,22.47259,417224
2519,15,-1.2,400,0,0,1,0.376672,0.098757,22.44566,417624
2520,15,-1.2,400,0,0,1,0.375542,0.095588,22.42897,418024
2521,15,-1.504,168,0,1,0,0.374415,0.095718,22.41586,418193
2522,15,-1.258,86,0,1,0,0.373292,0.09833,22.42106,418280
2523,15,-1.102,34,0,1,0,0.372172,0.087155,22.37774,418315
2524,15,-1.888,296,0,1,0,0.371056,0.103101,22.40689,418612
2525,15,-1.693,231,0,1,0,0.369942,0.092406,22.37242,418844
2526,15,-2.095,365,0,1,0,0.368833,0.097241,22.3624,419210
2527,15,-1.2,400,0,0,1,0.367726,0.096604,22.32698,419610
2528,15,-1.297,99,0,1,0,0.366623,0.102238,22.30383,419710
2529,15,-1.2,400,0,0,1,0.365523,0.098767,22.2743,420110
2530,15,-1.018,6,0,1,0,0.364426,0.179873,22.22156,420117
2531,15,-1.324,108,0,1,0,0.363333,0.09926,22.2295,420226
2532,15,-1.2,400,0,0,1,0.362243,0.103997,22.23069,420626
2533,15,-1.453,151,0,1,0,0.361156,0.119271,22.21144,420778
2534,15,-1.231,77,0,1,0,0.360073,0.086463,22.19695,420856
2535,15,-1.213,71,0,1,0,0.358993,0.091237,22.18976,420928
2536,15,-1.2,400,0,0,1,0.357916,0.10169,22.1842,421328
2537,15,-1.23235,78,0,1,0,0.356842,0.085828,22.19914,421407
2538,15,-1.291,97,0,1,0,0.355772,0.113406,22.15575,421505
2539,15,-1.03,10,0,1,0,0.354704,0.045862,22.10969,421516
2540,15,-2.062,354,0,1,0,0.35364,0.110793,22.1393,421871
2541,15,-1.2,400,0,0,1,0.352579,0.102902,22.10773,422271
2542,15,-1.147,49,0,1,0,0.351521,0.101616,22.09307,422321
2543,15,-1.645,215,0,1,0,0.350467,0.115062,22.09258,422537
2544,15,-1.57,190,0,1,0,0.349415,0.104636,22.07351,422728
2545,15,-1.2,400,0,0,1,0.348367,0.103897,22.03579,423128
2546,15,-2.17,390,0,1,0,0.347322,0.103601,22.00582,423519
2547,15,-1.03,10,0,1,0,0.34628,0.148416,21.95403,423530
2548,15,-1.054,18,0,1,0,0.345241,0.106527,21.92573,423549
2549,15,-2.155,385,0,1,0,0.344206,0.107868,21.96372,423935
2550,15,-1.2,400,0,0,1,0.343173,0.092503,21.95775,424335
2551,15,-1.2,400,0,0,1,0.342143,0.104552,21.95016,424735
2552,15,-1.2,400,0,0,1,0.341117,0.10402,21.92514,425135
2553,15,-1.51,170,0,1,0,0.340094,0.096585,21.90865,425306
2554,15,-1.87885,293,0,1,0,0.339073,0.110794,21.92862,425600
2555,15,-1.459,153,0,1,0,0.338056,0.116688,21.95603,425754
2556,15,-1.117,39,0,1,0,0.337042,0.084878,21.95757,425794
2557,15,-1.2,400,0,0,1,0.336031,0.101423,21.90975,426194
2558,15,-1.2,400,0,0,1,0.335023,0.10812,21.92101,426594
2559,15,-1.2,400,0,0,1,0.334018,0.112988,21.94655,426994
2560,15,-1.1975,400,0,0,1,0.333016,0.111688,21.9608,427394
2561,15,-1.207,69,0,1,0,0.332017,0.121498,22.01068,427464
2562,15,-2.158,386,0,1,0,0.331021,0.113661,22.00043,427851
2563,15,-1.576,192,0,1,0,0.330027,0.116248,21.96973,428044
2564,15,-1.177,59,0,1,0,0.329037,0.143697,22.01776,428104
2565,15,-1.62928,213,0,1,0,0.32805,0.104132,22.01785,428318
2566,15,-1.2,400,0,0,1,0.327066,0.11814,22.02664,428718
2567,15,-1.669,223,0,1,0,0.326085,0.124832,21.99985,428942
2568,15,-1.363,121,0,1,0,0.325107,0.111948,22.01173,429064
2569,15,-1.135,45,0,1,0,0.324131,0.098455,21.97843,429110
2570,15,-1.639,213,0,1,0,0.323159,0.123896,22.03854,429324
2571,15,-1.417,139,0,1,0,0.32219,0.114054,22.02271,429464
2572,15,-1.15,50,0,1,0,0.321223,0.114448,21.99942,429515
2573,15,-1.084,28,0,1,0,0.320259,0.103148,22.11651,429544
2574,15,-1.033,11,0,1,0,0.319298,0.083805,22.16866,429556
2575,15,-1.0,0,0,1,0,0.318341,0.02311,22.09089,429557
2576,15,-1.249,83,0,1,0,0.317386,0.107832,22.01251,429641
2577,15,-1.993,331,0,1,0,0.316433,0.120115,22.06751,429973
2578,15,-1.042,14,0,1,0,0.315484,0.082709,22.09625,429988
2579,15,-1.1637,400,0,0,1,0.314538,0.115278,22.09838,430388
2580,15,-1.174,58,0,1,0,0.313594,0.111834,22.11486,430447
2581,15,-1.2,400,0,0,1,0.312653,0.115018,22.13527,430847
2582,15,-1.954,318,0,1,0,0.311715,0.115911,22.09987,431166
2583,15,-1.546,182,0,1,0,0.31078,0.120186,22.15137,431349
2584,15,-1.9,300,0,1,0,0.309848,0.107714,22.19112,431650
2585,15,-1.072,24,0,1,0,0.308918,0.132259,22.15987,431675
2586,15,-1.19641,400,0,0,1,0.307992,0.12004,22.20188,432075
2587,15,9.12702,293,1,0,0,0.307068,0.119984,22.24556,432369
2588,15,-1.186,62,0,1,0,0.306146,0.123501,22.24101,432432
2589,15,-1.111,37,0,1,0,0.305228,0.149356,22.15576,432470
2590,15,-1.2,400,0,0,1,0.304312,0.117393,22.20197,432870
2591,15,-1.16476,400,0,0,1,0.303399,0.11691,22.27085,433270
2592,15,-1.18356,400,0,0,1,0.302489,0.110671,22.29715,433670
2593,15,-1.2,400,0,0,1,0.301582,0.111107,22.36873,434070
2594,15,-1.432,144,0,1,0,0.300677,0.11927,22.37697,434215
2595,15,-1.168,56,0,1,0,0.299775,0.133053,22.4508,434272
2596,15,-1.1688,400,0,0,1,0.298876,0.114408,22.43996,434672
2597,15,-1.147,49,0,1,0,0.297979,0.137544,22.4703,434722
2598,15,-1.009,3,0,1,0,0.297085,0.084219,22.94884,434726
2599,15,9.51377,164,1,0,0,0.296194,0.113644,22.45475,434891
2600,15,-1.2,400,0,0,1,0.295305,0.121426,22.46745,435291
2601,15,9.39955,202,1,0,0,0.294419,0.116363,22.47902,435494
2602,15,-2.011,337,0,1,0,0.293536,0.12306,22.40838,435832
2603,15,-1.2,400,0,0,1,0.292655,0.116901,22.46612,436232
2604,15,-1.2,400,0,0,1,0.291777,0.110282,22.44154,436632
2605,15,-1.2,400,0,0,1,0.290902,0.115106,22.43873,437032
2606,15,-1.2,400,0,0,1,0.290029,0.116683,22.4632,437432
2607,15,-1.0,0,0,1,0,0.289159,0.143014,22.17884,437433
2608,15,-1.051,17,0,1,0,0.288292,0.123471,22.45913,437451
2609,15,-1.582,194,0,1,0,0.287427,0.123312,22.493,437646
2610,15,-1.2,400,0,0,1,0.286565,0.109047,22.52784,438046
2611,15,-1.18,60,0,1,0,0.285705,0.132304,22.56934,438107
2612,15,9.23799,256,1,0,0,0.284848,0.110955,22.4967,438364
2613,15,-1.966,322,0,1,0,0.283993,0.109691,22.53053,438687
2614,15,-1.2,400,0,0,1,0.283141,0.104866,22.48459,439087
2615,15,-1.2,400,0,0,1,0.282292,0.105802,22.44203,439487
2616,15,-1.003,1,0,1,0,0.281445,0.132509,22.29949,439489
2617,15,9.91936,29,1,0,0,0.280601,0.105085,22.49386,439519
2618,15,-1.2,400,0,0,1,0.279759,0.112037,22.45387,439919
2619,15,9.83481,57,1,0,0,0.27892,0.139511,22.40983,439977
2620,15,-1.081,27,0,1,0,0.278083,0.106688,22.41161,440005
2621,15,-1.2,400,0,0,1,0.277249,0.113161,22.46663,440405
2622,15,-1.117,39,0,1,0,0.276417,0.111309,22.45157,440445
2623,15,-1.2,400,0,0,1,0.275588,0.113651,22.49861,440845
2624,15,-1.396,132,0,1,0,0.274761,0.102335,22.50124,440978
2625,15,-1.453,151,0,1,0,0.273937,0.09993,22.44829,441130
2626,15,9.90988,32,1,0,0,0.273115,0.150904,22.48551,441163
2627,15,-1.03,10,0,1,0,0.272295,0.092739,22.4381,441174
2628,15,-1.2,400,0,0,1,0.271478,0.110595,22.49491,441574
2629,15,-1.354,118,0,1,0,0.270664,0.132496,22.43358,441693
2630,15,-1.105,35,0,1,0,0.269852,0.117341,22.50302,441729
2631,15,-1.423,141,0,1,0,0.269042,0.105343,22.44099,441871
2632,15,-1.099,33,0,1,0,0.268235,0.103224,22.52299,441905
2633,15,-1.2,400,0,0,1,0.267431,0.117189,22.49424,442305
2634,15,-1.324,108,0,1,0,0.266628,0.115626,22.48936,442414
2635,15,-1.312,104,0,1,0,0.265828,0.110416,22.48028,442519
2636,15,-1.891,297,0,1,0,0.265031,0.108375,22.52622,442817
2637,15,-1.807,269,0,1,0,0.264236,0.12405,22.53739,443087
2638,15,9.81713,63,1,0,0,0.263443,0.142442,22.4977,443151
2639,15,-1.372,124,0,1,0,0.262653,0.120371,22.53919,443276
2640,15,-1.339,113,0,1,0,0.261865,0.129789,22.57188,443390
2641,15,-1.249,83,0,1,0,0.261079,0.111636,22.5774,443474
2642,15,-1.708,236,0,1,0,0.260296,0.115353,22.57322,443711
2643,15,-1.024,8,0,1,0,0.259515,0.096098,22.66588,443720
2644,15,-1.072,24,0,1,0,0.258737,0.128275,22.49655,443745
2645,15,-1.429,143,0,1,0,0.25796,0.11811,22.59581,443889
2646,15,-1.732,244,0,1,0,0.257187,0.113539,22.64028,444134
2647,15,-1.273,91,0,1,0,0.256415,0.125924,22.66337,444226
2648,15,-1.255,85,0,1,0,0.255646,0.132165,22.68525,444312
2649,15,-1.2,400,0,0,1,0.254879,0.116132,22.65901,444712
2650,15,-1.234,78,0,1,0,0.254114,0.092928,22.70793,444791
2651,15,-1.189,63,0,1,0,0.253352,0.119004,22.70616,444855
2652,15,-1.048,16,0,1,0,0.252592,0.171208,22.71488,444872
2653,15,-1.216,72,0,1,0,0.251834,0.086075,22.72202,444945
2654,15,-2.17,390,0,1,0,0.251079,0.11047,22.68923,445336
2655,15,-1.2,400,0,0,1,0.250325,0.117403,22.80736,445736
2656,15,-1.369,123,0,1,0,0.249574,0.106328,22.81485,445860
2657,15,-1.105,35,0,1,0,0.248826,0.116211,22.7674,445896
2658,15,-1.2,400,0,0,1,0.248079,0.118487,22.84981,446296
2659,15,-1.921,307,0,1,0,0.247335,0.123536,22.89127,446604
2660,15,-1.582,194,0,1,0,0.246593,0.124682,22.93068,446799
2661,15,-1.117,39,0,1,0,0.245853,0.131843,23.02366,446839
2662,15,-1.537,179,0,1,0,0.245116,0.130185,22.91804,447019
2663,15,-1.579,193,0,1,0,0.24438,0.112245,22.96684,447213
2664,15,9.75368,84,1,0,0,0.243647,0.127527,23.0823,447298
2665,15,-1.36,120,0,1,0,0.242916,0.107155,22.98006,447419
2666,15,-1.2,400,0,0,1,0.242187,0.121501,23.07099,447819
2667,15,-1.183,61,0,1,0,0.241461,0.142735,22.99976,447881
2668,15,-1.141,47,0,1,0,0.240736,0.088805,23.05525,447929
2669,15,9.80751,66,1,0,0,0.240014,0.110655,23.038,447996
2670,15,-1.522,174,0,1,0,0.239294,0.104666,23.09739,448171
2671,15,-1.2,400,0,0,1,0.238576,0.118931,23.0955,448571
2672,15,9.77488,77,1,0,0,0.237861,0.122088,23.08045,448649
2673,15,-1.2,400,0,0,1,0.237147,0.128583,23.17936,449049
2674,15,-1.219,73,0,1,0,0.236436,0.130636,23.16186,449123
2675,15,-1.204,68,0,1,0,0.235726,0.112687,23.06913,449192
2676,15,-1.063,21,0,1,0,0.235019,0.144087,23.2079,449214
2677,15,-2.191,397,0,1,0,0.234314,0.121495,23.21431,449612
2678,15,9.21388,264,1,0,0,0.233611,0.122546,23.21835,449877
2679,15,-1.399,133,0,1,0,0.23291,0.136995,23.21875,450011
2680,15,-1.015,5,0,1,0,0.232211,0.063899,23.44459,450017
2681,15,-1.96,320,0,1,0,0.231515,0.120505,23.2901,450338
2682,15,-1.027,9,0,1,0,0.23082,0.103358,23.29255,450348
2683,15,-1.2,400,0,0,1,0.230128,0.124319,23.33982,450748
2684,15,-1.2,400,0,0,1,0.229437,0.120266,23.42565,451148
2685,15,-1.453,151,0,1,0,0.228749,0.106031,23.43561,451300
2686,15,-1.474,158,0,1,0,0.228063,0.128797,23.51232,451459
2687,15,-1.2,400,0,0,1,0.227379,0.124959,23.52036,451859
2688,15,-1.147,49,0,1,0,0.226697,0.135576,23.68355,451909
2689,15,-2.008,336,0,1,0,0.226016,0.12086,23.60946,452246
2690,15,-1.2,400,0,0,1,0.225338,0.113027,23.69916,452646
2691,15,-1.2,400,0,0,1,0.224662,0.127011,23.69766,453046
2692,15,-1.138,46,0,1,0,0.223988,0.145733,23.68437,453093
2693,15,-1.2,400,0,0,1,0.223316,0.1218,23.75174,453493
2694,15,-1.165,55,0,1,0,0.222646,0.10626,23.86007,453549
2695,15,-1.2,400,0,0,1,0.221979,0.125208,23.81811,453949
2696,15,-1.2,400,0,0,1,0.221313,0.135273,23.8622,454349
2697,15,-1.015,5,0,1,0,0.220649,0.068601,24.22075,454355
2698,15,-1.639,213,0,1,0,0.219987,0.141349,23.9199,454569
2699,15,-1.534,178,0,1,0,0.219327,0.113473,23.93122,454748
2700,15,-1.102,34,0,1,0,0.218669,0.129435,23.88955,454783
2701,15,-1.432,144,0,1,0,0.218013,0.120431,23.93441,454928
2702,15,-1.2,400,0,0,1,0.217359,0.119681,24.02774,455328
2703,15,-1.2,400,0,0,1,0.216707,0.124147,24.05352,455728
2704,15,-1.2,400,0,0,1,0.216057,0.117478,24.1152,456128
2705,15,-1.2,400,0,0,1,0.215408,0.116772,24.18879,456528
2706,15,-1.27,90,0,1,0,0.214762,0.134957,24.19026,456619
2707,15,-1.2,400,0,0,1,0.214118,0.135798,24.23709,457019
2708,15,-1.2,400,0,0,1,0.213476,0.135282,24.28308,457419
2709,15,-1.084,28,0,1,0,0.212835,0.121041,24.30149,457448
2710,15,-1.2,400,0,0,1,0.212197,0.111062,24.32489,457848
2711,15,-1.19674,400,0,0,1,0.21156,0.131532,24.39528,458248
2712,15,-1.2,400,0,0,1,0.210925,0.123691,24.43382,458648
2713,15,-1.045,15,0,1,0,0.210293,0.084308,24.52487,458664
2714,15,-1.2,400,0,0,1,0.209662,0.133562,24.48569,459064
2715,15,-1.2,400,0,0,1,0.209033,0.118546,24.59011,459464
2716,15,-1.2,400,0,0,1,0.208406,0.133923,24.64371,459864
2717,15,-1.225,75,0,1,0,0.20778,0.11303,24.69998,459940
2718,15,-1.03,10,0,1,0,0.207157,0.074207,24.66292,459951
2719,15,-1.438,146,0,1,0,0.206536,0.118805,24.70157,460098
2720,15,-1.177,59,0,1,0,0.205916,0.103597,24.76693,460158
2721,15,-2.026,342,0,1,0,0.205298,0.117989,24.73783,460501
2722,15,-1.525,175,0,1,0,0.204682,0.126735,24.77801,460677
2723,15,-1.384,128,0,1,0,0.204068,0.138045,24.76031,460806
2724,15,9.29927,236,1,0,0,0.203456,0.121004,24.81514,461043
2725,15,-1.534,178,0,1,0,0.202846,0.114824,24.84553,461222
2726,15,-1.2,400,0,0,1,0.202237,0.122106,24.86699,461622
2727,15,-1.762,254,0,1,0,0.20163,0.132885,24.91377,461877
2728,15,-1.2,400,0,0,1,0.201026,0.123513,24.98297,462277
2729,15,-1.102,34,0,1,0,0.200422,0.111927,24.96934,462312
2730,15,-1.2,400,0,0,1,0.199821,0.115034,24.92644,462712
2731,15,-1.063,21,0,1,0,0.199222,0.101906,24.93159,462734
2732,15,-1.597,199,0,1,0,0.198624,0.118912,24.92014,462934
2733,15,-1.54082,181,0,1,0,0.198028,0.114712,24.95715,463116
2734,15,-1.216,72,0,1,0,0.197434,0.125624,24.91097,463189
2735,15,-1.789,263,0,1,0,0.196842,0.14307,24.98914,463453
2736,15,-1.273,91,0,1,0,0.196251,0.110396,24.99756,463545
2737,15,-1.39,130,0,1,0,0.195663,0.124359,25.04007,463676
2738,15,-1.042,14,0,1,0,0.195076,0.154172,25.15706,463691
2739,15,-1.615,205,0,1,0,0.19449,0.116963,25.05668,463897
2740,15,-1.60546,203,0,1,0,0.193907,0.119887,25.16631,464101
2741,15,-1.39,130,0,1,0,0.193325,0.129376,25.16227,464232
2742,15,-1.76146,254,0,1,0,0.192745,0.12097,25.169,464487
2743,15,9.70571,100,1,0,0,0.192167,0.120555,25.17494,464588
2744,15,-1.21,70,0,1,0,0.19159,0.133219,25.19984,464659
2745,15,-1.09,30,0,1,0,0.191016,0.121978,25.10221,464690
2746,15,-1.58794,197,0,1,0,0.190443,0.124704,25.12803,464888
2747,15,-1.135,45,0,1,0,0.189871,0.124395,25.15777,464934
2748,15,-1.153,51,0,1,0,0.189302,0.151286,25.17658,464986
2749,15,-1.012,4,0,1,0,0.188734,0.200367,25.19974,464991
2750,15,-1.48,160,0,1,0,0.188168,0.147074,25.16579,465152
2751,15,-1.477,159,0,1,0,0.187603,0.138804,25.15796,465312
2752,15,-1.048,16,0,1,0,0.18704,0.117419,25.07308,465329
2753,15,-1.31961,107,0,1,0,0.186479,0.10956,25.22412,465437
2754,15,-1.126,42,0,1,0,0.18592,0.150534,25.16065,465480
2755,15,-1.099,33,0,1,0,0.185362,0.114271,25.28368,465514
2756,15,-1.32633,109,0,1,0,0.184806,0.088655,25.20968,465624
2757,15,-1.159,53,0,1,0,0.184251,0.145366,25.22848,465678
2758,15,-1.189,63,0,1,0,0.183699,0.107595,25.28386,465742
2759,15,-1.666,222,0,1,0,0.183148,0.121029,25.23962,465965
2760,15,-1.849,283,0,1,0,0.182598,0.116696,25.23437,466249
2761,15,-1.222,74,0,1,0,0.18205,0.126287,25.2229,466324
2762,15,-1.225,75,0,1,0,0.181504,0.130222,25.24056,466400
2763,15,-1.27846,93,0,1,0,0.18096,0.117063,25.2886,466494
2764,15,-1.189,63,0,1,0,0.180417,0.15574,25.20946,466558
2765,15,-1.2,400,0,0,1,0.179876,0.130792,25.2695,466958
2766,15,-1.069,23,0,1,0,0.179336,0.126178,25.20634,466982
2767,15,-1.255,85,0,1,0,0.178798,0.150571,25.29259,467068
2768,15,-1.306,102,0,1,0,0.178262,0.134516,25.24354,467171
2769,15,-1.246,82,0,1,0,0.177727,0.103769,25.29668,467254
2770,15,-1.015,5,0,1,0,0.177194,0.08018,25.26587,467260
2771,15,-1.603,201,0,1,0,0.176662,0.11714,25.31131,467462
2772,15,-1.2,400,0,0,1,0.176132,0.122138,25.25714,467862
2773,15,-1.219,73,0,1,0,0.175604,0.162688,25.21227,467936
2774,15,-1.321,107,0,1,0,0.175077,0.129952,25.17713,468044
2775,15,-1.111,37,0,1,0,0.174552,0.171772,25.21261,468082
2776,15,-1.885,295,0,1,0,0.174028,0.137227,25.21883,468378
2777,15,-1.552,184,0,1,0,0.173506,0.129092,25.2777,468563
2778,15,-1.108,36,0,1,0,0.172985,0.104403,25.21258,468600
2779,15,-1.186,62,0,1,0,0.172466,0.156236,25.34551,468663
2780,15,-1.195,65,0,1,0,0.171949,0.154817,25.28833,468729
2781,15,-1.375,125,0,1,0,0.171433,0.138173,25.33642,468855
2782,15,-1.591,197,0,1,0,0.170919,0.12696,25.28215,469053
2783,15,-1.012,4,0,1,0,0.170406,0.053284,25.02869,469058
2784,15,-1.28936,97,0,1,0,0.169895,0.113745,25.35175,469156
2785,15,-1.2,400,0,0,1,0.169385,0.1388,25.30323,469556
2786,15,-1.2,400,0,0,1,0.168877,0.136988,25.33397,469956
2787,15,-1.273,91,0,1,0,0.16837,0.146349,25.3214,470048
2788,15,-1.42,140,0,1,0,0.167865,0.130863,25.36538,470189
2789,15,-1.97368,326,0,1,0,0.167362,0.151226,25.40114,470516
2790,15,-1.43308,145,0,1,0,0.16686,0.152692,25.39895,470662
2791,15,-1.06,20,0,1,0,0.166359,0.123431,25.36856,470683
2792,15,-1.54708,184,0,1,0,0.16586,0.131253,25.37759,470868
2793,15,-1.19373,400,0,0,1,0.165362,0.130602,25.39558,471268
2794,15,-1.2,400,0,0,1,0.164866,0.136071,25.43004,471668
2795,15,9.90062,35,1,0,0,0.164372,0.114331,25.37627,471704
2796,15,-1.6066,204,0,1,0,0.163879,0.118321,25.45152,471909
2797,15,-1.381,127,0,1,0,0.163387,0.126897,25.50794,472037
2798,15,-1.153,51,0,1,0,0.162897,0.134029,25.41906,472089
2799,15,-1.34863,117,0,1,0,0.162408,0.166969,25.47399,472207
2800,15,-1.2,400,0,0,1,0.161921,0.131525,25.45394,472607
2801,15,-1.141,47,0,1,0,0.161435,0.111617,25.45751,472655
2802,15,-1.19413,400,0,0,1,0.160951,0.131429,25.49228,473055
2803,15,-1.054,18,0,1,0,0.160468,0.074229,25.53017,473074
2804,15,-1.0,0,0,1,0,0.159986,0.021749,25.69874,473075
2805,15,-1.321,107,0,1,0,0.159507,0.133321,25.4746,473183
2806,15,-1.2,400,0,0,1,0.159028,0.13528,25.51021,473583
2807,15,-1.55933,187,0,1,0,0.158551,0.125286,25.52605,473771
2808,15,-2.05221,356,0,1,0,0.158075,0.121773,25.54538,474128
2809,15,-2.103,371,0,1,0,0.157601,0.152334,25.54554,474500
2810,15,-1.474,158,0,1,0,0.157128,0.150988,25.56604,474659
2811,15,9.8222,61,1,0,0,0.156657,0.096966,25.56772,474721
2812,15,-1.18673,400,0,0,1,0.156187,0.126075,25.58933,475121
2813,15,-1.204,68,0,1,0,0.155718,0.103656,25.58137,475190
2814,15,9.39707,203,1,0,0,0.155251,0.120933,25.64251,475394
2815,15,9.81401,64,1,0,0,0.154785,0.102006,25.51548,475459
2816,15,-1.699,233,0,1,0,0.154321,0.112465,25.60011,475693
2817,15,-1.123,41,0,1,0,0.153858,0.124307,25.61387,475735
2818,15,-1.31593,106,0,1,0,0.153397,0.136603,25.52817,475842
2819,15,-1.009,3,0,1,0,0.152936,0.191758,25.86681,475846
2820,15,-1.183,61,0,1,0,0.152478,0.09272,25.57771,475908
2821,15,-1.17819,400,0,0,1,0.15202,0.130714,25.57098,476308
2822,15,-1.19123,400,0,0,1,0.151564,0.134052,25.55666,476708
2823,15,-1.165,55,0,1,0,0.151109,0.146624,25.5341,476764
2824,15,-1.879,293,0,1,0,0.150656,0.113584,25.58995,477058
2825,15,9.81081,65,1,0,0,0.150204,0.12796,25.60194,477124
2826,15,-1.85714,287,0,1,0,0.149753,0.126434,25.57009,477412
2827,15,-1.19117,400,0,0,1,0.149304,0.123822,25.56987,477812
2828,15,-1.19305,400,0,0,1,0.148856,0.12082,25.5683,478212
2829,15,-1.19482,400,0,0,1,0.14841,0.132087,25.56713,478612
2830,15,-1.19563,400,0,0,1,0.147964,0.121099,25.5603,479012
2831,15,9.81396,64,1,0,0,0.147521,0.107089,25.57957,479077
2832,15,-1.17516,400,0,0,1,0.147078,0.121531,25.57074,479477
2833,15,-1.102,34,0,1,0,0.146637,0.135077,25.56536,479512
2834,15,-1.2,400,0,0,1,0.146197,0.125744,25.56904,479912
2835,15,-1.19267,400,0,0,1,0.145758,0.12777,25.53603,480312
2836,15,-1.13368,45,0,1,0,0.145321,0.11305,25.53285,480358
2837,15,-1.021,7,0,1,0,0.144885,0.106094,25.6292,480366
2838,15,9.75988,82,1,0,0,0.14445,0.134799,25.59203,480449
2839,15,-1.19578,400,0,0,1,0.144017,0.124734,25.54765,480849
2840,15,-1.522,174,0,1,0,0.143585,0.115879,25.57362,481024
2841,15,-1.222,74,0,1,0,0.143154,0.104965,25.4948,481099
2842,15,-1.066,22,0,1,0,0.142725,0.177274,25.57846,481122
2843,15,-1.2,400,0,0,1,0.142297,0.130751,25.48974,481522
2844,15,-1.396,132,0,1,0,0.14187,0.120397,25.4851,481655
2845,15,-1.051,17,0,1,0,0.141444,0.193802,25.53819,481673
2846,15,-1.19088,400,0,0,1,0.14102,0.135132,25.48368,482073
2847,15,-1.51231,172,0,1,0,0.140597,0.121896,25.44823,482246
2848,15,-1.195,65,0,1,0,0.140175,0.157185,25.4507,482312
2849,15,-2.002,334,0,1,0,0.139754,0.132542,25.44386,482647
2850,15,-1.195,65,0,1,0,0.139335,0.1296,25.42537,482713
2851,15,-2.00888,337,0,1,0,0.138917,0.130661,25.3875,483051
2852,15,-1.85737,292,0,1,0,0.1385,0.120946,25.33426,483344
2853,15,-2.13879,382,0,1,0,0.138085,0.131485,25.341,483727
2854,15,-1.435,145,0,1,0,0.137671,0.125712,25.30249,483873
2855,15,-1.144,48,0,1,0,0.137258,0.147036,25.26944,483922
2856,15,8.85973,382,1,0,0,0.136846,0.118338,25.29849,484305
2857,15,-1.807,269,0,1,0,0.136435,0.124645,25.27107,484575
2858,15,-1.213,71,0,1,0,0.136026,0.118876,25.19124,484647
2859,15,-1.021,7,0,1,0,0.135618,0.218161,25.16374,484655
2860,15,9.37702,210,1,0,0,0.135211,0.126395,25.25003,484866
2861,15,-1.19716,400,0,0,1,0.134805,0.125446,25.25245,485266
2862,15,-1.216,72,0,1,0,0.134401,0.139636,25.2459,485339
2863,15,9.39419,205,1,0,0,0.133998,0.104137,25.24493,485545
2864,15,9.1566,283,1,0,0,0.133596,0.112563,25.25479,485829
2865,15,-1.066,22,0,1,0,0.133195,0.174868,25.232,485852
2866,15,9.65863,116,1,0,0,0.132795,0.122597,25.22968,485969
2867,15,-1.675,225,0,1,0,0.132397,0.116319,25.22509,486195
2868,15,-2.092,364,0,1,0,0.132,0.133928,25.25527,486560
2869,15,-1.093,31,0,1,0,0.131604,0.143573,25.23661,486592
2870,15,-1.204,68,0,1,0,0.131209,0.110577,25.1806,486661
2871,15,-1.042,14,0,1,0,0.130815,0.085928,25.26382,486676
2872,15,-1.19441,400,0,0,1,0.130423,0.128034,25.20345,487076
2873,15,-1.708,236,0,1,0,0.130032,0.12601,25.15766,487313
2874,15,9.13469,291,1,0,0,0.129642,0.116161,25.1559,487605
2875,15,-1.213,71,0,1,0,0.129253,0.123648,25.16775,487677
2876,15,-2.01625,339,0,1,0,0.128865,0.126171,25.10772,488017
2877,15,-1.039,13,0,1,0,0.128478,0.071215,25.03618,488031
2878,15,-1.183,61,0,1,0,0.128093,0.130253,25.07482,488093
2879,15,-1.111,37,0,1,0,0.127709,0.119489,25.08536,488131
2880,15,-1.522,174,0,1,0,0.127325,0.131567,25.06604,488306
2881,15,-1.315,105,0,1,0,0.126943,0.119576,25.09006,488412
2882,15,-1.129,43,0,1,0,0.126563,0.121457,25.0468,488456
2883,15,-1.252,84,0,1,0,0.126183,0.132812,25.03939,488541
2884,15,9.68544,107,1,0,0,0.125804,0.116534,25.06055,488649
2885,15,9.61302,131,1,0,0,0.125427,0.109225,25.0415,488781
2886,15,-1.36,120,0,1,0,0.125051,0.121422,25.01071,488902
2887,15,-1.303,101,0,1,0,0.124676,0.110291,25.00707,489004
2888,15,9.57371,144,1,0,0,0.124302,0.114621,24.98646,489149
2889,15,-1.123,41,0,1,0,0.123929,0.104119,24.94198,489191
2890,15,-1.1942,400,0,0,1,0.123557,0.120647,25.01947,489591
2891,15,-1.069,23,0,1,0,0.123186,0.141235,25.02778,489615
2892,15,9.87373,44,1,0,0,0.122817,0.108222,24.99024,489660
2893,15,9.44201,188,1,0,0,0.122448,0.123775,25.0257,489849
2894,15,-1.162,54,0,1,0,0.122081,0.119859,25.00385,489904
2895,15,-1.285,95,0,1,0,0.121715,0.134364,25.01956,490000
2896,15,-1.372,124,0,1,0,0.121349,0.116891,24.93489,490125
2897,15,-1.19813,400,0,0,1,0.120985,0.111338,24.94356,490525
2898,15,-1.087,29,0,1,0,0.120622,0.127297,24.84668,490555
2899,15,-1.009,3,0,1,0,0.120261,0.131457,24.90254,490559
2900,15,9.25728,250,1,0,0,0.1199,0.12009,24.92209,490810
2901,15,9.884,41,1,0,0,0.11954,0.124032,24.87318,490852
2902,15,9.25682,250,1,0,0,0.119181,0.127014,24.88585,491103
2903,15,9.51654,163,1,0,0,0.118824,0.111412,24.8728,491267
2904,15,-1.19787,400,0,0,1,0.118467,0.114769,24.85335,491667
2905,15,-1.126,42,0,1,0,0.118112,0.086847,24.8104,491710
2906,15,-1.19595,400,0,0,1,0.117758,0.120162,24.79999,492110
2907,15,-1.486,162,0,1,0,0.117404,0.104334,24.77879,492273
2908,15,9.48998,172,1,0,0,0.117052,0.111213,24.77617,492446
2909,15,-1.147,49,0,1,0,0.116701,0.114096,24.75926,492496
2910,15,-1.77891,260,0,1,0,0.116351,0.124833,24.73582,492757
2911,15,9.36974,212,1,0,0,0.116002,0.109254,24.7131,492970
2912,15,-1.65633,219,0,1,0,0.115654,0.113279,24.6968,493190
2913,15,-1.102,34,0,1,0,0.115307,0.12649,24.68067,493225
2914,15,9.61302,131,1,0,0,0.114961,0.127192,24.67971,493357
2915,15,-1.12,40,0,1,0,0.114616,0.105447,24.64358,493398
2916,15,-1.615,205,0,1,0,0.114272,0.108962,24.65318,493604
2917,15,-1.192,64,0,1,0,0.113929,0.113008,24.61904,493669
2918,15,-1.084,28,0,1,0,0.113588,0.116634,24.68197,493698
2919,15,-1.138,46,0,1,0,0.113247,0.112871,24.64176,493745
2920,15,-1.777,259,0,1,0,0.112907,0.13701,24.60276,494005
2921,15,-1.15,50,0,1,0,0.112568,0.12942,24.5722,494056
2922,15,-1.18,60,0,1,0,0.112231,0.118553,24.57262,494117
2923,15,-1.333,111,0,1,0,0.111894,0.134812,24.56137,494229
2924,15,-1.201,67,0,1,0,0.111558,0.098829,24.54712,494297
2925,15,8.97896,345,1,0,0,0.111224,0.109071,24.54193,494643
2926,15,-1.099,33,0,1,0,0.11089,0.117752,24.49361,494677
2927,15,-1.237,79,0,1,0,0.110557,0.138629,24.49801,494757
2928,15,9.09531,304,1,0,0,0.110226,0.112768,24.49635,495062
2929,15,9.6822,109,1,0,0,0.109895,0.100203,24.47091,495172
2930,15,-1.507,169,0,1,0,0.109565,0.133776,24.41687,495342
2931,15,-1.702,234,0,1,0,0.109237,0.127783,24.4009,495577
2932,15,-1.069,23,0,1,0,0.108909,0.113378,24.3666,495601
2933,15,-1.18673,400,0,0,1,0.108582,0.127375,24.3647,496001
2934,15,-1.075,25,0,1,0,0.108256,0.116859,24.34901,496027
2935,15,-1.447,149,0,1,0,0.107932,0.131732,24.32675,496177
2936,15,-1.168,56,0,1,0,0.107608,0.111147,24.32349,496234
2937,15,-1.438,146,0,1,0,0.107285,0.11952,24.31455,496381
2938,15,-1.507,169,0,1,0,0.106963,0.118432,24.27576,496551
2939,15,9.40235,203,1,0,0,0.106642,0.125347,24.24795,496755
2940,15,-1.489,163,0,1,0,0.106322,0.129959,24.25153,496919
2941,15,-1.159,53,0,1,0,0.106003,0.107313,24.21731,496973
2942,15,-1.222,74,0,1,0,0.105685,0.137769,24.20037,497048
2943,15,-1.597,199,0,1,0,0.105368,0.112498,24.20054,497248
2944,15,-1.2,400,0,0,1,0.105052,0.113246,24.17058,497648
2945,15,9.69447,104,1,0,0,0.104737,0.127624,24.13152,497753
2946,15,-1.1933,400,0,0,1,0.104423,0.105485,24.12281,498153
2947,15,-1.19665,400,0,0,1,0.10411,0.111738,24.07109,498553
2948,15,-1.2,400,0,0,1,0.103797,0.110023,24.00483,498953
2949,15,-1.114,38,0,1,0,0.103486,0.081635,23.92688,498992
2950,15,-1.189,63,0,1,0,0.103175,0.156747,23.90881,499056
2951,15,-1.084,28,0,1,0,0.102866,0.065404,23.96581,499085
2952,15,-1.441,147,0,1,0,0.102557,0.096328,23.94258,499233
2953,15,-1.291,97,0,1,0,0.10225,0.128054,23.9233,499331
2954,15,-1.228,76,0,1,0,0.101943,0.136787,23.88869,499408
2955,15,-1.18421,400,0,0,1,0.101637,0.115702,23.86205,499808
2956,15,-1.759,253,0,1,0,0.101332,0.098721,23.82673,500062
2957,15,-1.531,177,0,1,0,0.101028,0.119247,23.80704,500240
2958,15,-1.789,263,0,1,0,0.100725,0.118318,23.78045,500504
2959,15,-1.429,143,0,1,0,0.100423,0.11786,23.75659,500648
2960,15,-1.051,17,0,1,0,0.100122,0.142236,23.72622,500666
2961,15,-1.204,68,0,1,0,0.1,0.119622,23.72059,500735
2962,15,-1.19899,400,0,0,1,0.1,0.116391,23.69128,501135
2963,15,-1.17959,400,0,0,1,0.1,0.108811,23.64958,501535
2964,15,-1.19377,400,0,0,1,0.1,0.116318,23.61632,501935
2965,15,-1.993,331,0,1,0,0.1,0.123344,23.57103,502267
2966,15,-1.423,141,0,1,0,0.1,0.096828,23.53258,502409
2967,15,-1.09,30,0,1,0,0.1,0.114341,23.55731,502440
2968,15,-1.249,83,0,1,0,0.1,0.100594,23.50306,502524
2969,15,-1.378,126,0,1,0,0.1,0.099196,23.50293,502651
2970,15,-1.312,104,0,1,0,0.1,0.119775,23.48427,502756
2971,15,-1.132,44,0,1,0,0.1,0.084442,23.48748,502801
2972,15,-1.426,142,0,1,0,0.1,0.110149,23.46493,502944
2973,15,-1.606,202,0,1,0,0.1,0.12151,23.4417,503147
2974,15,-1.153,51,0,1,0,0.1,0.121955,23.449,503199
2975,15,-1.114,38,0,1,0,0.1,0.136104,23.40771,503238
2976,15,-1.2,400,0,0,1,0.1,0.106489,23.38396,503638
2977,15,-1.183,61,0,1,0,0.1,0.116804,23.34986,503700
2978,15,-1.3,100,0,1,0,0.1,0.11444,23.35602,503801
2979,15,-2.194,398,0,1,0,0.1,0.107333,23.31502,504200
2980,15,-1.303,101,0,1,0,0.1,0.125258,23.2812,504302
2981,15,-1.336,112,0,1,0,0.1,0.099034,23.26255,504415
2982,15,-1.327,109,0,1,0,0.1,0.108693,23.2374,504525
2983,15,-1.114,38,0,1,0,0.1,0.09848,23.22203,504564
2984,15,-1.273,91,0,1,0,0.1,0.097002,23.2181,504656
2985,15,-1.858,286,0,1,0,0.1,0.108978,23.20065,504943
2986,15,-1.94942,317,0,1,0,0.1,0.095518,23.1617,505261
2987,15,-1.273,91,0,1,0,0.1,0.095721,23.13899,505353
2988,15,-1.576,192,0,1,0,0.1,0.109709,23.11771,505546
2989,15,-1.06,20,0,1,0,0.1,0.079859,23.09733,505567
2990,15,-1.18205,400,0,0,1,0.1,0.114455,23.07716,505967
2991,15,-1.138,46,0,1,0,0.1,0.126362,23.01357,506014
2992,15,-1.009,3,0,1,0,0.1,0.229561,23.0203,506018
2993,15,-1.2,400,0,0,1,0.1,0.095634,23.00656,506418
2994,15,-1.2,400,0,0,1,0.1,0.108082,22.93686,506818
2995,15,-1.624,208,0,1,0,0.1,0.095053,22.91058,507027
2996,15,-1.537,179,0,1,0,0.1,0.102262,22.89199,507207
2997,15,-1.19694,400,0,0,1,0.1,0.109777,22.83726,507607
2998,15,-1.19364,400,0,0,1,0.1,0.110168,22.79549,508007
2999,15,-1.648,216,0,1,0,0.1,0.092422,22.74338,508224
3000,15,-1.567,189,0,1,0,0.1,0.098466,22.70652,508414
3001,15,-1.024,8,0,1,0,0.1,0.130292,22.71488,508423
3002,15,-1.579,193,0,1,0,0.1,0.112171,22.69488,508617
3003,15,-1.252,84,0,1,0,0.1,0.087075,22.64372,508702
3004,15,-1.2,400,0,0,1,0.1,0.103663,22.61141,509102
3005,15,-1.2,400,0,0,1,0.1,0.094362,22.56028,509502
3006,15,-1.156,52,0,1,0,0.1,0.115694,22.53382,509555
3007,15,-2.12181,374,0,1,0,0.1,0.101038,22.49643,509930
3008,15,-1.16259,400,0,0,1,0.1,0.101785,22.45411,510330
3009,15,-1.417,139,0,1,0,0.1,0.11387,22.39477,510470
3010,15,-1.417,139,0,1,0,0.1,0.090572,22.39447,510610
3011,15,-1.555,185,0,1,0,0.1,0.109188,22.35475,510796
3012,15,-1.303,101,0,1,0,0.1,0.090816,22.35624,510898
3013,15,-1.2,400,0,0,1,0.1,0.090251,22.30772,511298
3014,15,-1.117,39,0,1,0,0.1,0.052785,22.27197,511338
3015,15,-1.2,400,0,0,1,0.1,0.091744,22.23089,511738
3016,15,-1.18898,400,0,0,1,0.1,0.092139,22.19357,512138
3017,15,-1.093,31,0,1,0,0.1,0.127037,22.17855,512170
3018,15,-1.2,400,0,0,1,0.1,0.098657,22.14662,512570
3019,15,-1.42,140,0,1,0,0.1,0.081706,22.10722,512711
3020,15,-1.309,103,0,1,0,0.1,0.101441,22.06581,512815
3021,15,-1.702,234,0,1,0,0.1,0.103759,22.06144,513050
3022,15,-1.603,201,0,1,0,0.1,0.110002,22.05299,513252
3023,15,-1.18849,400,0,0,1,0.1,0.094074,22.01094,513652
3024,15,-1.72,240,0,1,0,0.1,0.095777,21.96643,513893
3025,15,-1.2,400,0,0,1,0.1,0.104694,21.90807,514293
3026,15,-1.183,61,0,1,0,0.1,0.092951,21.89044,514355
3027,15,-1.19812,400,0,0,1,0.1,0.099727,21.85726,514755
3028,15,-1.132,44,0,1,0,0.1,0.07188,21.83026,514800
3029,15,-1.573,191,0,1,0,0.1,0.097872,21.80311,514992
3030,15,-1.2,400,0,0,1,0.1,0.090464,21.76299,515392
3031,15,-1.564,188,0,1,0,0.1,0.090645,21.70582,515581
3032,15,-1.579,193,0,1,0,0.1,0.098592,21.69281,515775
3033,15,-1.258,86,0,1,0,0.1,0.074338,21.668,515862
3034,15,-1.2,400,0,0,1,0.1,0.09279,21.62266,516262
3035,15,-1.549,183,0,1,0,0.1,0.091548,21.59783,516446
3036,15,-2.047,349,0,1,0,0.1,0.08746,21.54029,516796
3037,15,-1.2,400,0,0,1,0.1,0.086726,21.49694,517196
3038,15,-1.345,115,0,1,0,0.1,0.080543,21.47043,517312
3039,15,-1.066,22,0,1,0,0.1,0.072391,21.39033,517335
3040,15,-1.921,307,0,1,0,0.1,0.083449,21.43959,517643
3041,15,-1.708,236,0,1,0,0.1,0.095276,21.39132,517880
3042,15,-1.195,65,0,1,0,0.1,0.083981,21.3597,517946
3043,15,-1.159,53,0,1,0,0.1,0.085828,21.35624,518000
3044,15,-1.117,39,0,1,0,0.1,0.118565,21.33439,518040
3045,15,-1.19926,400,0,0,1,0.1,0.080398,21.34064,518440
3046,15,-1.783,261,0,1,0,0.1,0.081836,21.28474,518702
3047,15,-1.2,400,0,0,1,0.1,0.073895,21.24484,519102
3048,15,-1.423,141,0,1,0,0.1,0.075974,21.20823,519244
3049,15,-2.14787,392,0,1,0,0.1,0.079557,21.17827,519637
3050,15,-1.2,400,0,0,1,0.1,0.07743,21.11333,520037
3051,15,-1.837,279,0,1,0,0.1,0.084001,21.06645,520317
3052,15,-1.2,400,0,0,1,0.1,0.093308,21.00285,520717
3053,15,-1.15,50,0,1,0,0.1,0.069914,20.99395,520768
3054,15,-1.411,137,0,1,0,0.1,0.073874,20.97422,520906
3055,15,-1.19905,400,0,0,1,0.1,0.082868,20.92628,521306
3056,15,-1.2,400,0,0,1,0.1,0.074802,20.88327,521706
3057,15,-1.1966,400,0,0,1,0.1,0.07724,20.82417,522106
3058,15,-1.075,25,0,1,0,0.1,0.059079,20.77992,522132
3059,15,-1.087,29,0,1,0,0.1,0.081624,20.79633,522162
3060,15,-1.393,131,0,1,0,0.1,0.071961,20.77159,522294
3061,15,-1.279,93,0,1,0,0.1,0.073144,20.7684,522388
3062,15,-1.2,400,0,0,1,0.1,0.086378,20.73134,522788
3063,15,-1.321,107,0,1,0,0.1,0.080733,20.70005,522896
3064,15,-1.2,400,0,0,1,0.1,0.083568,20.66055,523296
3065,15,-1.918,306,0,1,0,0.1,0.074619,20.61848,523603
3066,15,-1.2,400,0,0,1,0.1,0.078139,20.55217,524003
3067,15,-1.2,400,0,0,1,0.1,0.080419,20.51492,524403
3068,15,-1.366,122,0,1,0,0.1,0.07496,20.47841,524526
3069,15,-1.19894,400,0,0,1,0.1,0.069003,20.43898,524926
3070,15,-1.19379,400,0,0,1,0.1,0.068249,20.38948,525326
3071,15,-1.2,400,0,0,1,0.1,0.075457,20.34107,525726
3072,15,-1.201,67,0,1,0,0.1,0.055995,20.31879,525794
3073,15,-1.2,400,0,0,1,0.1,0.076527,20.2749,526194
3074,15,-1.174,58,0,1,0,0.1,0.061926,20.26498,526253
3075,15,-1.85065,284,0,1,0,0.1,0.077881,20.21814,526538
3076,15,-1.924,308,0,1,0,0.1,0.070001,20.17796,526847
3077,15,-1.573,191,0,1,0,0.1,0.077095,20.153,527039
3078,15,-1.123,41,0,1,0,0.1,0.085099,20.11076,527081
3079,15,-1.657,219,0,1,0,0.1,0.057959,20.11213,527301
3080,15,-1.2,400,0,0,1,0.1,0.065307,20.06907,527701
3081,15,-1.2,400,0,0,1,0.1,0.063918,20.026,528101
3082,15,-1.564,188,0,1,0,0.1,0.073948,19.97179,528290
3083,15,-1.264,88,0,1,0,0.1,0.07111,19.97258,528379
3084,15,-1.2,400,0,0,1,0.1,0.077027,19.94498,528779
3085,15,-1.19932,400,0,0,1,0.1,0.071064,19.89263,529179
3086,15,-1.255,85,0,1,0,0.1,0.062098,19.86546,529265
3087,15,-1.825,275,0,1,0,0.1,0.066052,19.84282,529541
3088,15,-1.2,400,0,0,1,0.1,0.067754,19.79071,529941
3089,15,-1.2,400,0,0,1,0.1,0.06773,19.73932,530341
3090,15,-2.077,359,0,1,0,0.1,0.070627,19.68162,530701
3091,15,-1.2,400,0,0,1,0.1,0.066731,19.64051,531101
3092,15,-1.09,30,0,1,0,0.1,0.061353,19.62736,531132
3093,15,-1.15,50,0,1,0,0.1,0.07102,19.58798,531183
3094,15,-1.333,111,0,1,0,0.1,0.060553,19.578,531295
3095,15,-1.513,171,0,1,0,0.1,0.070509,19.5658,531467
3096,15,-1.2,400,0,0,1,0.1,0.078382,19.53947,531867
3097,15,-1.2,400,0,0,1,0.1,0.066894,19.50588,532267
3098,15,-1.2,400,0,0,1,0.1,0.067216,19.44684,532667
3099,15,-1.2,400,0,0,1,0.1,0.068306,19.42079,533067
3100,15,-1.19763,400,0,0,1,0.1,0.071177,19.36446,533467
3101,15,-1.19236,400,0,0,1,0.1,0.056606,19.33639,533867
3102,15,-1.2,400,0,0,1,0.1,0.06358,19.28045,534267
3103,15,-1.2,400,0,0,1,0.1,0.067227,19.22942,534667
3104,15,-1.195,65,0,1,0,0.1,0.074251,19.20191,534733
3105,15,-1.2,400,0,0,1,0.1,0.067045,19.17869,535133
3106,15,-1.2,400,0,0,1,0.1,0.067575,19.14729,535533
3107,15,-1.132,44,0,1,0,0.1,0.062122,19.10269,535578
3108,15,-1.2,400,0,0,1,0.1,0.064071,19.08528,535978
3109,15,-1.198,66,0,1,0,0.1,0.066732,19.05801,536045
3110,15,-1.2,400,0,0,1,0.1,0.058082,19.03389,536445
3111,15,-1.1983,400,0,0,1,0.1,0.064058,18.98612,536845
3112,15,-1.126,42,0,1,0,0.1,0.067498,18.95298,536888
3113,15,-1.441,147,0,1,0,0.1,0.061216,18.94132,537036
3114,15,-1.2,400,0,0,1,0.1,0.062123,18.90926,537436
3115,15,-1.19763,400,0,0,1,0.1,0.065943,18.87362,537836
3116,15,-1.192,64,0,1,0,0.1,0.048495,18.86402,537901
3117,15,-1.936,312,0,1,0,0.1,0.058339,18.84384,538214
3118,15,-1.2,400,0,0,1,0.1,0.061567,18.79882,538614
3119,15,-1.6,200,0,1,0,0.1,0.062015,18.75372,538815
3120,15,-1.2,400,0,0,1,0.1,0.065533,18.71962,539215
3121,15,-1.2,400,0,0,1,0.1,0.059611,18.68216,539615
3122,15,-1.027,9,0,1,0,0.1,0.052124,18.67562,539625
3123,15,-1.17687,400,0,0,1,0.1,0.064731,18.61929,540025
3124,15,-1.633,211,0,1,0,0.1,0.065288,18.58606,540237
3125,15,-1.19715,400,0,0,1,0.1,0.064582,18.55798,540637
3126,15,-1.2,400,0,0,1,0.1,0.055392,18.51097,541037
3127,15,-1.357,119,0,1,0,0.1,0.055495,18.46524,541157
3128,15,-1.2,400,0,0,1,0.1,0.059424,18.44989,541557
3129,15,-1.2,400,0,0,1,0.1,0.063962,18.3902,541957
3130,15,-1.966,322,0,1,0,0.1,0.058014,18.34464,542280
3131,15,-1.531,177,0,1,0,0.1,0.064269,18.31728,542458
3132,15,-1.315,105,0,1,0,0.1,0.061095,18.29779,542564
3133,15,-1.9,300,0,1,0,0.1,0.063436,18.26701,542865
3134,15,-1.3,100,0,1,0,0.1,0.047904,18.26424,542966
3135,15,-1.261,87,0,1,0,0.1,0.059887,18.23415,543054
3136,15,-1.084,28,0,1,0,0.1,0.052749,18.2151,543083
3137,15,-1.069,23,0,1,0,0.1,0.035608,18.23494,543107
3138,15,-1.576,192,0,1,0,0.1,0.052054,18.21278,543300
3139,15,-1.057,19,0,1,0,0.1,0.058663,18.17867,543320
3140,15,-1.516,172,0,1,0,0.1,0.056759,18.18084,543493
3141,15,-1.2,400,0,0,1,0.1,0.054539,18.15002,543893
3142,15,-1.999,333,0,1,0,0.1,0.050857,18.10033,544227
3143,15,-1.2,400,0,0,1,0.1,0.047299,18.06388,544627
3144,15,-1.2,400,0,0,1,0.1,0.058207,18.01252,545027
3145,15,-1.075,25,0,1,0,0.1,0.048227,17.98249,545053
3146,15,-1.2,400,0,0,1,0.1,0.056388,17.96088,545453
3147,15,-1.204,68,0,1,0,0.1,0.050698,17.91993,545522
3148,15,-1.2,400,0,0,1,0.1,0.060051,17.88708,545922
3149,15,-1.2,400,0,0,1,0.1,0.046948,17.83426,546322
3150,15,-1.1976,400,0,0,1,0.1,0.054146,17.79234,546722
3151,15,-1.498,166,0,1,0,0.1,0.053224,17.76596,546889
3152,15,-1.375,125,0,1,0,0.1,0.055694,17.73523,547015
3153,15,-2.143,381,0,1,0,0.1,0.049258,17.71241,547397
3154,15,-1.2,400,0,0,1,0.1,0.05318,17.67286,547797
3155,15,-1.123,41,0,1,0,0.1,0.045615,17.62224,547839
3156,15,-1.129,43,0,1,0,0.1,0.04202,17.63255,547883
3157,15,-1.513,171,0,1,0,0.1,0.053546,17.6165,548055
3158,15,-1.19559,400,0,0,1,0.1,0.054581,17.57844,548455
3159,15,-1.318,106,0,1,0,0.1,0.038973,17.56699,548562
3160,15,-1.2,400,0,0,1,0.1,0.052404,17.52791,548962
3161,15,-1.2,400,0,0,1,0.1,0.052538,17.50021,549362
3162,15,-1.432,144,0,1,0,0.1,0.050832,17.45717,549507
3163,15,-1.19659,400,0,0,1,0.1,0.057081,17.42371,549907
3164,15,-1.2,400,0,0,1,0.1,0.047657,17.38931,550307
3165,15,-1.2,400,0,0,1,0.1,0.051049,17.32737,550707
3166,15,-1.165,55,0,1,0,0.1,0.056181,17.28621,550763
3167,15,-1.669,223,0,1,0,0.1,0.046638,17.27964,550987
3168,15,-1.045,15,0,1,0,0.1,0.043469,17.24304,551003
3169,15,-1.183,61,0,1,0,0.1,0.055097,17.25962,551065
3170,15,-1.123,41,0,1,0,0.1,0.058035,17.27388,551107
3171,15,-1.2,400,0,0,1,0.1,0.048563,17.22305,551507
3172,15,-1.19665,400,0,0,1,0.1,0.047272,17.16881,551907
3173,15,-1.2,400,0,0,1,0.1,0.053043,17.12619,552307
3174,15,-1.03,10,0,1,0,0.1,0.063099,17.12823,552318
3175,15,-1.255,85,0,1,0,0.1,0.034911,17.10016,552404
3176,15,-1.19938,400,0,0,1,0.1,0.042228,17.06038,552804
3177,15,-1.19722,400,0,0,1,0.1,0.048419,17.01087,553204
3178,15,-1.19623,400,0,0,1,0.1,0.052659,16.97935,553604
3179,15,-1.19692,400,0,0,1,0.1,0.051709,16.94791,554004
3180,15,-1.19704,400,0,0,1,0.1,0.04957,16.90503,554404
3181,15,-1.249,83,0,1,0,0.1,0.040392,16.88231,554488
3182,15,-1.19523,400,0,0,1,0.1,0.052912,16.8513,554888
3183,15,-1.19648,400,0,0,1,0.1,0.050087,16.82191,555288
3184,15,-1.2,400,0,0,1,0.1,0.0513,16.78992,555688
3185,15,-1.063,21,0,1,0,0.1,0.046732,16.75122,555710
3186,15,-1.19634,400,0,0,1,0.1,0.049388,16.72952,556110
3187,15,-1.19401,400,0,0,1,0.1,0.047321,16.70162,556510
3188,15,-1.19554,400,0,0,1,0.1,0.047661,16.68185,556910
3189,15,-1.19721,400,0,0,1,0.1,0.045616,16.64466,557310
3190,15,-1.2,400,0,0,1,0.1,0.046163,16.58959,557710
3191,15,-1.19458,400,0,0,1,0.1,0.047709,16.54156,558110
3192,15,-1.19666,400,0,0,1,0.1,0.048924,16.48848,558510
3193,15,-1.198,66,0,1,0,0.1,0.056011,16.47825,558577
3194,15,-1.18729,400,0,0,1,0.1,0.054182,16.45572,558977
3195,15,-1.17324,400,0,0,1,0.1,0.053791,16.43016,559377
3196,15,-1.2,400,0,0,1,0.1,0.053184,16.38329,559777
3197,15,-1.18598,400,0,0,1,0.1,0.043836,16.35428,560177
3198,15,-1.09,30,0,1,0,0.1,0.063359,16.33501,560208
3199,15,-1.408,136,0,1,0,0.1,0.048549,16.30506,560345
3200,2,-1.11593,39,0,1,0,0.4995,0.0,0.0,560345
3201,2,-1.303,101,0,1,0,0.499001,0.0,0.0,560345
3202,2,-1.195,65,0,1,0,0.498501,0.0,0.0,560345
3203,2,-1.2,400,0,0,1,0.498003,0.0,0.0,560345
3204,2,-1.2,400,0,0,1,0.497505,0.217806,15.80152,560354
3205,2,-1.2,400,0,0,1,0.497007,0.078807,15.67802,560754
3206,2,-1.2,400,0,0,1,0.49651,0.052747,15.57208,561154
3207,2,-1.2,400,0,0,1,0.496014,0.045961,15.57978,561554
3208,2,-1.2,400,0,0,1,0.495518,0.055156,15.6029,561954
3209,2,-1.723,241,0,1,0,0.495022,0.049182,15.69263,562196
3210,2,-1.492,164,0,1,0,0.494527,0.055715,15.73146,562361
3211,2,-1.087,29,0,1,0,0.494033,0.03921,15.74546,562391
3212,2,-1.129,43,0,1,0,0.493539,0.064573,15.69643,562435
3213,2,-1.2,400,0,0,1,0.493045,0.050578,15.68383,562835
3214,2,-1.948,316,0,1,0,0.492552,0.05535,15.65419,563152
3215,2,-1.108,36,0,1,0,0.49206,0.038002,15.63055,563189
3216,2,-1.2,400,0,0,1,0.491568,0.053863,15.59768,563589
3217,2,-1.2,400,0,0,1,0.491076,0.053578,15.49744,563989
3218,2,-1.2,400,0,0,1,0.490585,0.048221,15.41078,564389
3219,2,-1.741,247,0,1,0,0.490094,0.053983,15.33398,564637
3220,2,-1.132,44,0,1,0,0.489604,0.0522,15.34198,564682
3221,2,-1.2,400,0,0,1,0.489115,0.056355,15.31297,565082
3222,2,-1.624,208,0,1,0,0.488626,0.055489,15.30202,565291
3223,2,-1.435,145,0,1,0,0.488137,0.0588,15.23878,565437
3224,2,-1.564,188,0,1,0,0.487649,0.054903,15.19878,565626
3225,2,-1.573,191,0,1,0,0.487161,0.067607,15.18207,565818
3226,2,-1.138,46,0,1,0,0.486674,0.044081,15.18796,565865
3227,2,-1.2,400,0,0,1,0.486187,0.056388,15.19043,566265
3228,2,-1.072,24,0,1,0,0.485701,0.059565,15.18127,566290
3229,2,-1.567,189,0,1,0,0.485215,0.051323,15.18816,566480
3230,2,-1.2,400,0,0,1,0.48473,0.054649,15.15347,566880
3231,2,-1.2,400,0,0,1,0.484246,0.056253,15.13656,567280
3232,2,-2.011,337,0,1,0,0.483761,0.058328,15.12786,567618
3233,2,-1.711,237,0,1,0,0.483278,0.061586,15.12102,567856
3234,2,-1.213,71,0,1,0,0.482794,0.063321,15.10939,567928
3235,2,-1.2,400,0,0,1,0.482311,0.053702,15.09773,568328
3236,2,-1.2,400,0,0,1,0.481829,0.050222,15.10217,568728
3237,2,-1.273,91,0,1,0,0.481347,0.028183,15.13209,568820
3238,2,-1.09,30,0,1,0,0.480866,0.048368,15.12345,568851
3239,2,-1.2,400,0,0,1,0.480385,0.054053,15.08773,569251
3240,2,-1.192,64,0,1,0,0.479905,0.050137,15.07359,569316
3241,2,-1.105,35,0,1,0,0.479425,0.052961,15.05235,569352
3242,2,-1.204,68,0,1,0,0.478945,0.044559,15.06938,569421
3243,2,-1.2,400,0,0,1,0.478466,0.052743,15.07525,569821
3244,2,-1.2,400,0,0,1,0.477988,0.060658,15.06438,570221
3245,2,-1.2,400,0,0,1,0.47751,0.049096,15.07364,570621
3246,2,-1.2,400,0,0,1,0.477032,0.05302,15.05977,571021
3247,2,-1.2,400,0,0,1,0.476555,0.052332,15.0607,571421
3248,2,-1.618,206,0,1,0,0.476079,0.050764,15.05694,571628
3249,2,-1.12,40,0,1,0,0.475603,0.064034,15.04663,571669
3250,2,-1.378,126,0,1,0,0.475127,0.039878,15.05122,571796
3251,2,-1.2,400,0,0,1,0.474652,0.050417,15.026,572196
3252,2,-1.2,400,0,0,1,0.474177,0.051817,14.99972,572596
3253,2,-1.2,400,0,0,1,0.473703,0.048838,14.98203,572996
3254,2,-1.2,400,0,0,1,0.47323,0.060479,14.95253,573396
3255,2,-1.2,400,0,0,1,0.472756,0.057978,14.91548,573796
3256,2,-1.2,400,0,0,1,0.472284,0.049871,14.86167,574196
3257,2,-1.951,317,0,1,0,0.471811,0.053388,14.84849,574514
3258,2,-1.2,400,0,0,1,0.471339,0.048119,14.81863,574914
3259,2,-1.126,42,0,1,0,0.470868,0.058175,14.77452,574957
3260,2,-1.18321,400,0,0,1,0.470397,0.054577,14.80186,575357
3261,2,-1.444,148,0,1,0,0.469927,0.051754,14.8163,575506
3262,2,-1.2,400,0,0,1,0.469457,0.04589,14.78055,575906
3263,2,-1.123,41,0,1,0,0.468987,0.047581,14.74419,575948
3264,2,-1.2,400,0,0,1,0.468518,0.049855,14.74776,576348
3265,2,-1.624,208,0,1,0,0.46805,0.050146,14.73201,576557
3266,2,-1.381,127,0,1,0,0.467582,0.049048,14.72018,576685
3267,2,-1.2,400,0,0,1,0.467114,0.049487,14.69758,577085
3268,2,-1.2,400,0,0,1,0.466647,0.052719,14.66926,577485
3269,2,-1.702,234,0,1,0,0.466181,0.046675,14.6615,577720
3270,2,-1.2,400,0,0,1,0.465714,0.050404,14.64752,578120
3271,2,9.83798,56,1,0,0,0.465249,0.054195,14.6204,578177
3272,2,-1.015,5,0,1,0,0.464783,0.038197,14.64755,578183
3273,2,-1.2,400,0,0,1,0.464319,0.052888,14.62498,578583
3274,2,-1.79365,265,0,1,0,0.463854,0.047658,14.61908,578849
3275,2,-1.126,42,0,1,0,0.46339,0.066212,14.5996,578892
3276,2,-1.279,93,0,1,0,0.462927,0.044043,14.60538,578986
3277,2,-1.261,87,0,1,0,0.462464,0.050738,14.61191,579074
3278,2,-1.2,400,0,0,1,0.462002,0.047795,14.58145,579474
3279,2,-1.102,34,0,1,0,0.46154,0.046569,14.56697,579509
3280,2,-1.573,191,0,1,0,0.461078,0.045454,14.57896,579701
3281,2,-1.183,61,0,1,0,0.460617,0.061256,14.55824,579763
3282,2,-1.2,400,0,0,1,0.460156,0.058729,14.53583,580163
3283,2,-1.111,37,0,1,0,0.459696,0.075148,14.53029,580201
3284,2,-1.2,400,0,0,1,0.459237,0.055445,14.51037,580601
3285,2,-1.2,400,0,0,1,0.458777,0.04693,14.48872,581001
3286,2,-1.111,37,0,1,0,0.458319,0.057215,14.48095,581039
3287,2,-1.51851,174,0,1,0,0.45786,0.048437,14.47823,581214
3288,2,-1.105,35,0,1,0,0.457402,0.036567,14.47375,581250
3289,2,9.47799,176,1,0,0,0.456945,0.042878,14.46957,581427
3290,2,-1.885,295,0,1,0,0.456488,0.054149,14.45354,581723
3291,2,-1.573,191,0,1,0,0.456032,0.050183,14.4616,581915
3292,2,-2.119,373,0,1,0,0.455576,0.061331,14.44792,582289
3293,2,-1.273,91,0,1,0,0.45512,0.069604,14.43917,582381
3294,2,-1.24,80,0,1,0,0.454665,0.044999,14.43125,582462
3295,2,-1.768,256,0,1,0,0.45421,0.056948,14.42335,582719
3296,2,-1.075,25,0,1,0,0.453756,0.058521,14.42918,582745
3297,2,-1.2,400,0,0,1,0.453302,0.053545,14.39039,583145
3298,2,-1.057,19,0,1,0,0.452849,0.039813,14.39451,583165
3299,2,-1.438,146,0,1,0,0.452396,0.052007,14.36307,583312
3300,2,-1.48,160,0,1,0,0.451944,0.062976,14.35065,583473
3301,2,9.6427,121,1,0,0,0.451492,0.058387,14.36238,583595
3302,2,-1.108,36,0,1,0,0.45104,0.032727,14.32923,583632
3303,2,-1.102,34,0,1,0,0.450589,0.053454,14.32279,583667
3304,2,-1.087,29,0,1,0,0.450139,0.056803,14.3483,583697
3305,2,-1.2,400,0,0,1,0.449688,0.05818,14.33418,584097
3306,2,9.22168,264,1,0,0,0.449239,0.054108,14.30804,584362
3307,2,-1.039,13,0,1,0,0.44879,0.060933,14.28718,584376
3308,2,-1.2,400,0,0,1,0.448341,0.05411,14.29579,584776
3309,2,-1.045,15,0,1,0,0.447892,0.087608,14.31644,584792
3310,2,-1.2,400,0,0,1,0.447445,0.052136,14.28456,585192
3311,2,-1.309,103,0,1,0,0.446997,0.057563,14.26671,585296
3312,2,-1.102,34,0,1,0,0.44655,0.049199,14.25992,585331
3313,2,-1.19881,400,0,0,1,0.446104,0.050609,14.26796,585731
3314,2,-1.054,18,0,1,0,0.445657,0.068014,14.20826,585750
3315,2,-1.498,166,0,1,0,0.445212,0.053982,14.24164,585917
3316,2,-1.54,180,0,1,0,0.444767,0.064807,14.24302,586098
3317,2,-1.234,78,0,1,0,0.444322,0.070767,14.23109,586177
3318,2,-1.2,400,0,0,1,0.443877,0.053462,14.23246,586577
3319,2,-1.2,400,0,0,1,0.443434,0.059114,14.23158,586977
3320,2,-1.2,400,0,0,1,0.44299,0.06067,14.20945,587377
3321,2,-1.47351,159,0,1,0,0.442547,0.052458,14.20178,587537
3322,2,-1.2,400,0,0,1,0.442105,0.05129,14.1827,587937
3323,2,-1.864,288,0,1,0,0.441663,0.049303,14.16462,588226
3324,2,-1.414,138,0,1,0,0.441221,0.049339,14.1647,588365
3325,2,-1.072,24,0,1,0,0.44078,0.041224,14.16003,588390
3326,2,-1.2,400,0,0,1,0.440339,0.05238,14.14179,588790
3327,2,-1.15,50,0,1,0,0.439899,0.067282,14.14423,588841
3328,2,-1.2,400,0,0,1,0.439459,0.052973,14.12004,589241
3329,2,-1.873,291,0,1,0,0.439019,0.048702,14.09312,589533
3330,2,-1.63,210,0,1,0,0.43858,0.054082,14.08434,589744
3331,2,-1.075,25,0,1,0,0.438142,0.076022,14.10214,589770
3332,2,-1.2,400,0,0,1,0.437703,0.048773,14.07781,590170
3333,2,-1.2,400,0,0,1,0.437266,0.052669,14.05515,590570
3334,2,-1.807,269,0,1,0,0.436828,0.061431,14.03368,590840
3335,2,-1.078,26,0,1,0,0.436392,0.06128,14.07119,590867
3336,2,-1.19148,400,0,0,1,0.435955,0.054326,14.04242,591267
3337,2,-1.561,187,0,1,0,0.435519,0.059028,14.0522,591455
3338,2,-1.171,57,0,1,0,0.435084,0.060293,14.05355,591513
3339,2,-1.282,94,0,1,0,0.434649,0.041766,14.03056,591608
3340,2,-1.2,400,0,0,1,0.434214,0.051694,14.01592,592008
3341,2,-1.168,56,0,1,0,0.43378,0.070832,14.00071,592065
3342,2,-1.039,13,0,1,0,0.433346,0.050653,14.00889,592079
3343,2,-1.27,90,0,1,0,0.432913,0.053734,13.99481,592170
3344,2,-1.897,299,0,1,0,0.43248,0.055494,13.98273,592470
3345,2,-1.042,14,0,1,0,0.432047,0.036641,13.98778,592485
3346,2,-1.075,25,0,1,0,0.431615,0.06162,13.9725,592511
3347,2,-1.156,52,0,1,0,0.431184,0.07085,13.96655,592564
3348,2,-1.2,400,0,0,1,0.430752,0.053423,13.95899,592964
3349,2,-1.117,39,0,1,0,0.430322,0.044115,13.9265,593004
3350,2,-1.021,7,0,1,0,0.429891,0.081782,13.84803,593012
3351,2,-1.102,34,0,1,0,0.429461,0.056163,13.9513,593047
3352,2,-1.222,74,0,1,0,0.429032,0.049089,13.92039,593122
3353,2,-1.084,28,0,1,0,0.428603,0.06842,13.90939,593151
3354,2,-1.117,39,0,1,0,0.428174,0.044321,13.93966,593191
3355,2,-1.34852,117,0,1,0,0.427746,0.055202,13.92843,593309
3356,2,-1.2,400,0,0,1,0.427318,0.055158,13.93367,593709
3357,2,-1.43661,147,0,1,0,0.426891,0.062678,13.91052,593857
3358,2,-2.0422,353,0,1,0,0.426464,0.057286,13.89925,594211
3359,2,-1.258,86,0,1,0,0.426038,0.058406,13.89244,594298
3360,2,-1.774,258,0,1,0,0.425612,0.055786,13.8779,594557
3361,2,-1.2,400,0,0,1,0.425186,0.056311,13.85896,594957
3362,2,-1.099,33,0,1,0,0.424761,0.064213,13.83252,594991
3363,2,-1.174,58,0,1,0,0.424336,0.063889,13.83924,595050
3364,2,-1.36,120,0,1,0,0.423912,0.046622,13.84324,595171
3365,2,-1.081,27,0,1,0,0.423488,0.049691,13.82774,595199
3366,2,-1.051,17,0,1,0,0.423064,0.043908,13.80848,595217
3367,2,-1.06,20,0,1,0,0.422641,0.059958,13.82343,595238
3368,2,-1.195,65,0,1,0,0.422219,0.047874,13.8005,595304
3369,2,-1.2,400,0,0,1,0.421797,0.061568,13.81446,595704
3370,2,-1.057,19,0,1,0,0.421375,0.078,13.83912,595724
3371,2,9.08446,307,1,0,0,0.420953,0.0573,13.79539,596032
3372,2,-1.2,400,0,0,1,0.420532,0.058375,13.79162,596432
3373,2,-1.123,41,0,1,0,0.420112,0.061232,13.78589,596474
3374,2,-1.26822,90,0,1,0,0.419692,0.058584,13.79195,596565
3375,2,-1.075,25,0,1,0,0.419272,0.069616,13.75756,596591
3376,2,-1.159,53,0,1,0,0.418853,0.050977,13.78201,596645
3377,2,-1.225,75,0,1,0,0.418434,0.054112,13.75406,596721
3378,2,-1.333,111,0,1,0,0.418016,0.055302,13.76133,596833
3379,2,-1.087,29,0,1,0,0.417597,0.075492,13.74688,596863
3380,2,-1.168,56,0,1,0,0.41718,0.062314,13.77823,596920
3381,2,-1.384,128,0,1,0,0.416763,0.06188,13.76304,597049
3382,2,-1.279,93,0,1,0,0.416346,0.064712,13.76859,597143
3383,2,-1.114,38,0,1,0,0.41593,0.073573,13.74857,597182
3384,2,-1.105,35,0,1,0,0.415514,0.0835,13.75526,597218
3385,2,-1.2,400,0,0,1,0.415098,0.065025,13.7343,597618
3386,2,-1.693,231,0,1,0,0.414683,0.057663,13.72432,597850
3387,2,-1.2,400,0,0,1,0.414268,0.062541,13.71404,598250
3388,2,-1.18869,400,0,0,1,0.413854,0.062359,13.70189,598650
3389,2,-1.237,79,0,1,0,0.41344,0.054415,13.70685,598730
3390,2,-1.087,29,0,1,0,0.413027,0.085172,13.7115,598760
3391,2,-1.2,400,0,0,1,0.412614,0.063771,13.69229,599160
3392,2,-1.63,210,0,1,0,0.412201,0.060124,13.70199,599371
3393,2,-1.126,42,0,1,0,0.411789,0.05505,13.69029,599414
3394,2,9.26199,248,1,0,0,0.411377,0.064301,13.67667,599663
3395,2,-1.111,37,0,1,0,0.410966,0.037086,13.68844,599701
3396,2,-1.597,199,0,1,0,0.410555,0.055331,13.67347,599901
3397,2,-1.648,216,0,1,0,0.410144,0.063038,13.65445,600118
3398,2,-1.066,22,0,1,0,0.409734,0.064097,13.65475,600141
3399,2,-1.333,111,0,1,0,0.409324,0.058013,13.63697,600253
3400,2,-1.195,65,0,1,0,0.408915,0.062967,13.6746,600319
3401,2,-1.2,400,0,0,1,0.408506,0.059043,13.64582,600719
3402,2,-1.19921,400,0,0,1,0.408098,0.060228,13.63101,601119
3403,2,-1.2,400,0,0,1,0.40769,0.059922,13.60958,601519
3404,2,-1.489,163,0,1,0,0.407282,0.054037,13.60046,601683
3405,2,-1.093,31,0,1,0,0.406875,0.066545,13.61253,601715
3406,2,-1.015,5,0,1,0,0.406468,0.050173,13.60302,601721
3407,2,-1.054,18,0,1,0,0.406061,0.064636,13.56229,601740
3408,2,-1.321,107,0,1,0,0.405655,0.064218,13.58605,601848
3409,2,-1.117,39,0,1,0,0.40525,0.07355,13.56916,601888
3410,2,-1.2,400,0,0,1,0.404844,0.059793,13.57581,602288
3411,2,-1.093,31,0,1,0,0.404439,0.04909,13.54745,602320
3412,2,-1.102,34,0,1,0,0.404035,0.094519,13.58239,602355
3413,2,-1.198,66,0,1,0,0.403631,0.061069,13.54812,602422
3414,2,-1.396,132,0,1,0,0.403227,0.070761,13.56284,602555
3415,2,-2.05,350,0,1,0,0.402824,0.063011,13.55984,602906
3416,2,-1.912,304,0,1,0,0.402421,0.057651,13.5323,603211
3417,2,-1.612,204,0,1,0,0.402019,0.062936,13.53873,603416
3418,2,-1.027,9,0,1,0,0.401617,0.082857,13.51098,603426
3419,2,-1.19955,400,0,0,1,0.401215,0.055251,13.51751,603826
3420,2,-1.09,30,0,1,0,0.400814,0.063577,13.51453,603857
3421,2,-1.153,51,0,1,0,0.400413,0.074897,13.50715,603909
3422,2,-1.105,35,0,1,0,0.400013,0.060566,13.49913,603945
3423,2,-1.174,58,0,1,0,0.399613,0.0663,13.49609,604004
3424,2,-1.303,101,0,1,0,0.399213,0.058353,13.4921,604106
3425,2,-1.432,144,0,1,0,0.398814,0.065722,13.49913,604251
3426,2,-1.012,4,0,1,0,0.398415,0.101941,13.50401,604256
3427,2,-1.162,54,0,1,0,0.398017,0.077714,13.46006,604311
3428,2,-1.273,91,0,1,0,0.397619,0.071115,13.47798,604403
3429,2,-1.36,120,0,1,0,0.397221,0.053777,13.4697,604524
3430,2,-1.096,32,0,1,0,0.396824,0.071405,13.49101,604557
3431,2,-1.057,19,0,1,0,0.396427,0.070694,13.42756,604577
3432,2,-1.294,98,0,1,0,0.396031,0.063934,13.45382,604676
3433,2,-1.093,31,0,1,0,0.395635,0.071796,13.45929,604708
3434,2,-1.3,100,0,1,0,0.395239,0.068095,13.44916,604809
3435,2,9.74507,87,1,0,0,0.394844,0.071362,13.45733,604897
3436,2,-1.2,400,0,0,1,0.394449,0.059522,13.47041,605297
3437,2,-1.2,400,0,0,1,0.394054,0.067091,13.45173,605697
3438,2,-1.06,20,0,1,0,0.39366,0.057046,13.48544,605718
3439,2,-1.027,9,0,1,0,0.393267,0.100428,13.44617,605728
3440,2,-1.048,16,0,1,0,0.392873,0.056891,13.42094,605745
3441,2,-1.12,40,0,1,0,0.392481,0.07869,13.44119,605786
3442,2,-1.585,195,0,1,0,0.392088,0.061412,13.44519,605982
3443,2,-1.402,134,0,1,0,0.391696,0.064527,13.42459,606117
3444,2,-1.045,15,0,1,0,0.391304,0.078019,13.38415,606133
3445,2,-1.2,400,0,0,1,0.390913,0.066829,13.41222,606533
3446,2,-1.156,52,0,1,0,0.390522,0.07228,13.38079,606586
3447,2,-1.216,72,0,1,0,0.390132,0.085312,13.41382,606659
3448,2,-1.39456,132,0,1,0,0.389741,0.065484,13.41611,606792
3449,2,8.99749,336,1,0,0,0.389352,0.065142,13.3779,607129
3450,2,-1.2,400,0,0,1,0.388962,0.06673,13.36336,607529
3451,2,9.61316,132,1,0,0,0.388573,0.079825,13.35534,607662
3452,2,-2.134,378,0,1,0,0.388185,0.061224,13.33423,608041
3453,2,-1.2,400,0,0,1,0.387797,0.064406,13.32739,608441
3454,2,9.1658,280,1,0,0,0.387409,0.06992,13.30577,608722
3455,2,-1.891,297,0,1,0,0.387021,0.053395,13.2922,609020
3456,2,-1.2,400,0,0,1,0.386634,0.060654,13.27196,609420
3457,2,-1.315,105,0,1,0,0.386248,0.069391,13.25835,609526
3458,2,9.33723,224,1,0,0,0.385862,0.057844,13.24737,609751
3459,2,-1.966,322,0,1,0,0.385476,0.068646,13.23661,610074
3460,2,-1.2,400,0,0,1,0.38509,0.063065,13.20848,610474
3461,2,-1.15,50,0,1,0,0.384705,0.065247,13.20997,610525
3462,2,-1.276,92,0,1,0,0.38432,0.068987,13.18778,610618
3463,2,-1.39889,134,0,1,0,0.383936,0.067281,13.19854,610753
3464,2,-1.138,46,0,1,0,0.383552,0.057623,13.23078,610800
3465,2,-1.351,117,0,1,0,0.383169,0.053139,13.19318,610918
3466,2,-1.19583,400,0,0,1,0.382785,0.065939,13.18178,611318
3467,2,-1.336,112,0,1,0,0.382403,0.067579,13.17349,611431
3468,2,-1.12,40,0,1,0,0.38202,0.074342,13.18615,611472
3469,2,-1.3955,132,0,1,0,0.381638,0.056141,13.17236,611605
3470,2,-2.13648,379,0,1,0,0.381257,0.057148,13.1484,611985
3471,2,-1.228,76,0,1,0,0.380875,0.045368,13.14094,612062
3472,2,-1.2,400,0,0,1,0.380494,0.060914,13.13619,612462
3473,2,-1.855,285,0,1,0,0.380114,0.060216,13.11724,612748
3474,2,-1.213,71,0,1,0,0.379734,0.054028,13.091,612820
3475,2,-1.105,35,0,1,0,0.379354,0.066466,13.0927,612856
3476,2,-2.188,396,0,1,0,0.378975,0.064355,13.09271,613253
3477,2,-1.045,15,0,1,0,0.378596,0.061713,13.07861,613269
3478,2,-1.021,7,0,1,0,0.378217,0.057247,13.06306,613277
3479,2,-1.2,400,0,0,1,0.377839,0.064064,13.08779,613677
3480,2,-1.216,72,0,1,0,0.377461,0.055926,13.06232,613750
3481,2,-1.83488,279,0,1,0,0.377084,0.063441,13.07146,614030
3482,2,-1.153,51,0,1,0,0.376707,0.072135,13.09076,614082
3483,2,-1.063,21,0,1,0,0.37633,0.04359,13.08372,614104
3484,2,-1.744,248,0,1,0,0.375954,0.063307,13.07842,614353
3485,2,-1.2,400,0,0,1,0.375578,0.062845,13.06835,614753
3486,2,-2.002,334,0,1,0,0.375202,0.069384,13.0526,615088
3487,2,-1.132,44,0,1,0,0.374827,0.068994,13.04539,615133
3488,2,-1.771,257,0,1,0,0.374452,0.06597,13.02664,615391
3489,2,-1.19889,400,0,0,1,0.374078,0.068292,13.00478,615791
3490,2,-1.267,89,0,1,0,0.373703,0.060986,12.97879,615881
3491,2,-1.042,14,0,1,0,0.37333,0.065856,13.00517,615896
3492,2,-1.228,76,0,1,0,0.372956,0.067047,12.99474,615973
3493,2,-1.876,292,0,1,0,0.372583,0.065167,12.98387,616266
3494,2,-1.24,80,0,1,0,0.372211,0.071296,12.9807,616347
3495,2,-1.123,41,0,1,0,0.371839,0.07031,12.96802,616389
3496,2,-1.2,400,0,0,1,0.371467,0.0672,12.96186,616789
3497,2,9.11453,297,1,0,0,0.371095,0.070764,12.93747,617087
3498,2,-1.2,400,0,0,1,0.370724,0.060263,12.93695,617487
3499,2,-2.05,350,0,1,0,0.370354,0.06413,12.914,617838
3500,2,-1.2,400,0,0,1,0.369983,0.064429,12.89356,618238
3501,2,-1.2,400,0,0,1,0.369613,0.064584,12.89078,618638
3502,2,-1.123,41,0,1,0,0.369244,0.073523,12.88992,618680
3503,2,-1.138,46,0,1,0,0.368874,0.05135,12.84993,618727
3504,2,-1.348,116,0,1,0,0.368505,0.060823,12.86213,618844
3505,2,-1.024,8,0,1,0,0.368137,0.052093,12.89106,618853
3506,2,-1.492,164,0,1,0,0.367769,0.062169,12.85514,619018
3507,2,-1.111,37,0,1,0,0.367401,0.084696,12.87321,619056
3508,2,-1.2,400,0,0,1,0.367034,0.056723,12.86029,619456
3509,2,-1.2,400,0,0,1,0.366667,0.063673,12.82147,619856
3510,2,-1.315,105,0,1,0,0.3663,0.061142,12.8073,619962
3511,2,-1.2,400,0,0,1,0.365934,0.059096,12.81944,620362
3512,2,9.1556,284,1,0,0,0.365568,0.059136,12.81133,620647
3513,2,-1.018,6,0,1,0,0.365202,0.040314,12.80196,620654
3514,2,-1.996,332,0,1,0,0.364837,0.071149,12.80458,620987
3515,2,-1.2,400,0,0,1,0.364472,0.059586,12.80827,621387
3516,2,-1.79241,265,0,1,0,0.364108,0.058658,12.78718,621653
3517,2,-1.759,253,0,1,0,0.363744,0.059605,12.75402,621907
3518,2,-1.009,3,0,1,0,0.36338,0.036766,12.87275,621911
3519,2,-1.642,214,0,1,0,0.363016,0.063959,12.75226,622126
3520,2,-2.128,376,0,1,0,0.362653,0.058265,12.74386,622503
3521,2,-1.321,107,0,1,0,0.362291,0.06455,12.7205,622611
3522,2,-1.084,28,0,1,0,0.361928,0.062927,12.7272,622640
3523,2,-1.261,87,0,1,0,0.361567,0.064004,12.73356,622728
3524,2,-1.18,60,0,1,0,0.361205,0.058416,12.72671,622789
3525,2,-1.249,83,0,1,0,0.360844,0.072826,12.72684,622873
3526,2,-1.084,28,0,1,0,0.360483,0.053029,12.73808,622902
3527,2,-1.522,174,0,1,0,0.360122,0.055563,12.71621,623077
3528,2,-1.2,400,0,0,1,0.359762,0.068573,12.71048,623477
3529,2,-1.072,24,0,1,0,0.359403,0.065903,12.70485,623502
3530,2,-1.2,400,0,0,1,0.359043,0.060927,12.69825,623902
3531,2,-1.744,248,0,1,0,0.358684,0.062754,12.69294,624151
3532,2,-1.2,400,0,0,1,0.358325,0.063586,12.66083,624551
3533,2,-1.132,44,0,1,0,0.357967,0.057423,12.65529,624596
3534,2,9.64031,122,1,0,0,0.357609,0.072642,12.64865,624719
3535,2,-1.2,400,0,0,1,0.357251,0.063509,12.64219,625119
3536,2,-1.147,49,0,1,0,0.356894,0.06157,12.63046,625169
3537,2,-1.957,319,0,1,0,0.356537,0.060775,12.61541,625489
3538,2,-1.43998,147,0,1,0,0.356181,0.068349,12.59674,625637
3539,2,-1.609,203,0,1,0,0.355825,0.056758,12.59772,625841
3540,2,-1.297,99,0,1,0,0.355469,0.057198,12.56782,625941
3541,2,-1.2,400,0,0,1,0.355113,0.057365,12.57476,626341
3542,2,-2.14,380,0,1,0,0.354758,0.067104,12.54594,626722
3543,2,-1.189,63,0,1,0,0.354403,0.058991,12.56763,626786
3544,2,-1.2,400,0,0,1,0.354049,0.059212,12.53884,627186
3545,2,-1.2,400,0,0,1,0.353695,0.061841,12.53132,627586
3546,2,-1.57,190,0,1,0,0.353341,0.0656,12.5104,627777
3547,2,-1.1978,400,0,0,1,0.352988,0.056998,12.50702,628177
3548,2,-1.63,210,0,1,0,0.352635,0.062207,12.49715,628388
3549,2,-1.024,8,0,1,0,0.352282,0.083276,12.42223,628397
3550,2,-2.08382,362,0,1,0,0.35193,0.059862,12.472,628760
3551,2,-1.237,79,0,1,0,0.351578,0.059821,12.4524,628840
3552,2,-1.2,400,0,0,1,0.351227,0.0604,12.44498,629240
3553,2,-1.123,41,0,1,0,0.350875,0.058276,12.41249,629282
3554,2,-1.57322,192,0,1,0,0.350524,0.06182,12.43766,629475
3555,2,-1.099,33,0,1,0,0.350174,0.057614,12.40433,629509
3556,2,-1.501,167,0,1,0,0.349824,0.058918,12.42994,629677
3557,2,-1.2,400,0,0,1,0.349474,0.060355,12.42107,630077
3558,2,-1.075,25,0,1,0,0.349124,0.061668,12.44026,630103
3559,2,-1.06,20,0,1,0,0.348775,0.055441,12.372,630124
3560,2,-1.834,278,0,1,0,0.348427,0.056817,12.39711,630403
3561,2,9.91609,30,1,0,0,0.348078,0.064754,12.40812,630434
3562,2,-1.2,400,0,0,1,0.34773,0.060878,12.40599,630834
3563,2,-1.2,400,0,0,1,0.347382,0.054491,12.39448,631234
3564,2,-1.192,64,0,1,0,0.347035,0.075531,12.36035,631299
3565,2,-1.24,80,0,1,0,0.346688,0.060578,12.38543,631380
3566,2,-1.123,41,0,1,0,0.346341,0.04003,12.38693,631422
3567,2,-1.2,400,0,0,1,0.345995,0.056198,12.37853,631822
3568,2,-1.288,96,0,1,0,0.345649,0.060651,12.34921,631919
3569,2,-1.243,81,0,1,0,0.345303,0.056129,12.33329,632001
3570,2,-1.939,313,0,1,0,0.344958,0.060296,12.34543,632315
3571,2,-1.504,168,0,1,0,0.344613,0.061968,12.33651,632484
3572,2,-1.2,400,0,0,1,0.344268,0.058401,12.33424,632884
3573,2,-1.552,184,0,1,0,0.343924,0.057737,12.33462,633069
3574,2,-1.711,237,0,1,0,0.34358,0.058161,12.3243,633307
3575,2,9.2106,266,1,0,0,0.343237,0.057148,12.30892,633574
3576,2,-1.465,155,0,1,0,0.342893,0.061985,12.29814,633730
3577,2,9.76014,82,1,0,0,0.34255,0.043483,12.29663,633813
3578,2,-1.2,400,0,0,1,0.342208,0.059834,12.28721,634213
3579,2,-2.01701,342,0,1,0,0.341866,0.055519,12.26774,634556
3580,2,-1.105,35,0,1,0,0.341524,0.052916,12.26315,634592
3581,2,-1.015,5,0,1,0,0.341182,0.048989,12.2543,634598
3582,2,-1.189,63,0,1,0,0.340841,0.056997,12.28328,634662
3583,2,-1.366,122,0,1,0,0.3405,0.072699,12.25965,634785
3584,2,-1.084,28,0,1,0,0.34016,0.049998,12.28735,634814
3585,2,-1.225,75,0,1,0,0.33982,0.069503,12.24679,634890
3586,2,-1.19525,400,0,0,1,0.33948,0.063048,12.25374,635290
3587,2,-1.369,123,0,1,0,0.33914,0.07205,12.23556,635414
3588,2,-1.537,179,0,1,0,0.338801,0.058384,12.24554,635594
3589,2,-1.492,164,0,1,0,0.338462,0.055087,12.24727,635759
3590,2,-1.243,81,0,1,0,0.338124,0.048185,12.2106,635841
3591,2,-1.057,19,0,1,0,0.337786,0.057652,12.17785,635861
3592,2,-1.144,48,0,1,0,0.337448,0.060517,12.23883,635910
3593,2,-1.036,12,0,1,0,0.337111,0.058412,12.17145,635923
3594,2,-1.093,31,0,1,0,0.336773,0.04962,12.16627,635955
3595,2,-1.2,400,0,0,1,0.336437,0.061185,12.20797,636355
3596,2,-1.351,117,0,1,0,0.3361,0.055979,12.17863,636473
3597,2,-1.2,400,0,0,1,0.335764,0.051163,12.18928,636873
3598,2,-1.468,156,0,1,0,0.335428,0.052195,12.18905,637030
3599,2,-1.054,18,0,1,0,0.335093,0.060371,12.14848,637049
3600,2,-1.186,62,0,1,0,0.334758,0.069317,12.16751,637112
3601,2,9.59157,138,1,0,0,0.334423,0.058206,12.18765,637251
3602,2,-1.042,14,0,1,0,0.334089,0.061355,12.20357,637266
3603,2,-1.126,42,0,1,0,0.333755,0.056817,12.17037,637309
3604,2,-1.402,134,0,1,0,0.333421,0.055975,12.17298,637444
3605,2,-1.252,84,0,1,0,0.333087,0.058583,12.17122,637529
3606,2,-1.264,88,0,1,0,0.332754,0.061187,12.17631,637618
3607,2,-1.2,400,0,0,1,0.332422,0.067097,12.15236,638018
3608,2,-1.222,74,0,1,0,0.332089,0.069548,12.14528,638093
3609,2,-1.237,79,0,1,0,0.331757,0.069336,12.14069,638173
3610,2,-1.105,35,0,1,0,0.331425,0.060267,12.13718,638209
3611,2,-1.24,80,0,1,0,0.331094,0.063093,12.14514,638290
3612,2,-1.408,136,0,1,0,0.330763,0.053227,12.15126,638427
3613,2,-1.19722,400,0,0,1,0.330432,0.062509,12.1191,638827
3614,2,-1.417,139,0,1,0,0.330102,0.073079,12.1082,638967
3615,2,9.13326,291,1,0,0,0.329771,0.062921,12.10433,639259
3616,2,-1.354,118,0,1,0,0.329442,0.060975,12.11643,639378
3617,2,-1.072,24,0,1,0,0.329112,0.080275,12.0698,639403
3618,2,-1.74317,248,0,1,0,0.328783,0.064009,12.09162,639652
3619,2,-1.2,400,0,0,1,0.328454,0.061345,12.07061,640052
3620,2,-1.2,400,0,0,1,0.328126,0.06517,12.05475,640452
3621,2,-1.2,400,0,0,1,0.327798,0.053291,12.0511,640852
3622,2,-1.357,119,0,1,0,0.32747,0.052972,12.0499,640972
3623,2,-1.114,38,0,1,0,0.327143,0.081836,11.99292,641011
3624,2,-1.2,400,0,0,1,0.326815,0.058118,12.01216,641411
3625,2,9.81703,63,1,0,0,0.326489,0.045924,12.02235,641475
3626,2,-1.3,100,0,1,0,0.326162,0.044331,12.01538,641576
3627,2,-1.03,10,0,1,0,0.325836,0.047261,12.01004,641587
3628,2,-1.213,71,0,1,0,0.32551,0.067721,12.01145,641659
3629,2,-1.537,179,0,1,0,0.325185,0.05907,11.99605,641839
3630,2,-1.2,400,0,0,1,0.324859,0.05501,11.98505,642239
3631,2,-1.162,54,0,1,0,0.324535,0.060998,11.95004,642294
3632,2,-1.2,400,0,0,1,0.32421,0.059189,11.96301,642694
3633,2,-1.111,37,0,1,0,0.323886,0.049928,11.96196,642732
3634,2,-1.2,400,0,0,1,0.323562,0.061958,11.94152,643132
3635,2,-1.36,120,0,1,0,0.323238,0.056224,11.93243,643253
3636,2,-1.402,134,0,1,0,0.322915,0.050525,11.9381,643388
3637,2,-1.171,57,0,1,0,0.322592,0.051059,11.92403,643446
3638,2,-1.186,62,0,1,0,0.32227,0.058471,11.94277,643509
3639,2,-1.507,169,0,1,0,0.321947,0.058191,11.90708,643679
3640,2,-1.279,93,0,1,0,0.321625,0.056069,11.88375,643773
3641,2,-1.141,47,0,1,0,0.321304,0.063845,11.90375,643821
3642,2,9.82949,59,1,0,0,0.320982,0.069417,11.89485,643881
3643,2,-1.138,46,0,1,0,0.320661,0.065499,11.88197,643928
3644,2,-1.516,172,0,1,0,0.320341,0.063124,11.86677,644101
3645,2,-1.2,400,0,0,1,0.32002,0.062934,11.85319,644501
3646,2,-1.2,400,0,0,1,0.3197,0.058964,11.84593,644901
3647,2,-1.375,125,0,1,0,0.319381,0.057669,11.85342,645027
3648,2,-1.09,30,0,1,0,0.319061,0.058076,11.84709,645058
3649,2,-1.2,400,0,0,1,0.318742,0.054633,11.83642,645458
3650,2,-1.672,224,0,1,0,0.318424,0.052988,11.80667,645683
3651,2,-1.2,400,0,0,1,0.318105,0.054566,11.80899,646083
3652,2,-1.45,150,0,1,0,0.317787,0.065183,11.78333,646234
3653,2,-1.942,314,0,1,0,0.317469,0.064667,11.77642,646549
3654,2,-1.054,18,0,1,0,0.317152,0.067487,11.77852,646568
3655,2,-1.42,140,0,1,0,0.316835,0.060549,11.75005,646709
3656,2,-1.36,120,0,1,0,0.316518,0.052984,11.73477,646830
3657,2,-1.162,54,0,1,0,0.316201,0.051751,11.76457,646885
3658,2,-1.075,25,0,1,0,0.315885,0.070449,11.72011,646911
3659,2,-1.051,17,0,1,0,0.315569,0.06251,11.78413,646929
3660,2,-1.078,26,0,1,0,0.315254,0.068165,11.71423,646956
3661,2,-1.141,47,0,1,0,0.314938,0.051177,11.71353,647004
3662,2,-1.168,56,0,1,0,0.314623,0.053088,11.76873,647061
3663,2,-1.258,86,0,1,0,0.314309,0.055794,11.76492,647148
3664,2,-1.072,24,0,1,0,0.313994,0.060282,11.73725,647173
3665,2,-1.12,40,0,1,0,0.31368,0.042148,11.74492,647214
3666,2,-1.081,27,0,1,0,0.313367,0.057777,11.75111,647242
3667,2,-1.909,303,0,1,0,0.313053,0.057614,11.72563,647546
3668,2,-1.426,142,0,1,0,0.31274,0.063932,11.72651,647689
3669,2,-1.087,29,0,1,0,0.312428,0.051083,11.71479,647719
3670,2,-1.606,202,0,1,0,0.312115,0.053636,11.69318,647922
3671,2,-1.204,68,0,1,0,0.311803,0.047074,11.68317,647991
3672,2,-1.135,45,0,1,0,0.311491,0.055564,11.67104,648037
3673,2,-1.48,160,0,1,0,0.31118,0.056155,11.6682,648198
3674,2,-1.027,9,0,1,0,0.310869,0.05658,11.63904,648208
3675,2,-1.2,400,0,0,1,0.310558,0.0545,11.65567,648608
3676,2,-1.768,256,0,1,0,0.310247,0.063521,11.64006,648865
3677,2,-1.171,57,0,1,0,0.309937,0.054649,11.61712,648923
3678,2,-1.465,155,0,1,0,0.309627,0.055333,11.63558,649079
3679,2,-1.363,121,0,1,0,0.309317,0.051267,11.62541,649201
3680,2,-1.76147,254,0,1,0,0.309008,0.052975,11.62303,649456
3681,2,-1.408,136,0,1,0,0.308699,0.059,11.60839,649593
3682,2,-1.267,89,0,1,0,0.30839,0.057327,11.60424,649683
3683,2,-1.375,125,0,1,0,0.308082,0.060595,11.6129,649809
3684,2,-1.069,23,0,1,0,0.307774,0.061037,11.58137,649833
3685,2,-1.267,89,0,1,0,0.307466,0.059054,11.62058,649923
3686,2,-1.336,112,0,1,0,0.307159,0.06262,11.60024,650036
3687,2,-1.465,155,0,1,0,0.306852,0.056786,11.58465,650192
3688,2,-1.144,48,0,1,0,0.306545,0.05725,11.58029,650241
3689,2,-1.2,400,0,0,1,0.306238,0.064451,11.5618,650641
3690,2,-1.519,173,0,1,0,0.305932,0.060289,11.55702,650815
3691,2,-1.2,400,0,0,1,0.305626,0.060423,11.5412,651215
3692,2,-1.021,7,0,1,0,0.30532,0.094291,11.50589,651223
3693,2,-1.108,36,0,1,0,0.305015,0.039307,11.52473,651260
3694,2,-1.19959,400,0,0,1,0.30471,0.058311,11.51638,651660
3695,2,-1.354,118,0,1,0,0.304405,0.056032,11.48517,651779
3696,2,-1.2,400,0,0,1,0.304101,0.057448,11.48089,652179
3697,2,-1.609,203,0,1,0,0.303797,0.054483,11.45747,652383
3698,2,-1.012,4,0,1,0,0.303493,0.083158,11.37474,652388
3699,2,-1.612,204,0,1,0,0.303189,0.064869,11.44029,652593
3700,2,-1.084,28,0,1,0,0.302886,0.050578,11.41635,652622
3701,2,-1.135,45,0,1,0,0.302583,0.062497,11.43923,652668
3702,2,-1.2,400,0,0,1,0.302281,0.062428,11.41051,653068
3703,2,-1.147,49,0,1,0,0.301979,0.042489,11.39869,653118
3704,2,-1.141,47,0,1,0,0.301677,0.067035,11.39731,653166
3705,2,-1.72,240,0,1,0,0.301375,0.058325,11.39022,653407
3706,2,-1.021,7,0,1,0,0.301074,0.083236,11.39632,653415
3707,2,-1.174,58,0,1,0,0.300772,0.052617,11.39228,653474
3708,2,-1.042,14,0,1,0,0.300472,0.06292,11.36243,653489
3709,2,-1.189,63,0,1,0,0.300171,0.059101,11.38253,653553
3710,2,-1.771,257,0,1,0,0.299871,0.056597,11.35697,653811
3711,2,-1.087,29,0,1,0,0.299571,0.07424,11.32175,653841
3712,2,-1.12,40,0,1,0,0.299272,0.063718,11.34643,653882
3713,2,-1.093,31,0,1,0,0.298972,0.05239,11.32954,653914
3714,2,-1.09,30,0,1,0,0.298673,0.075114,11.32722,653945
3715,2,-1.138,46,0,1,0,0.298375,0.068544,11.35853,653992
3716,2,9.84437,54,1,0,0,0.298076,0.051904,11.36087,654047
3717,2,9.82291,61,1,0,0,0.297778,0.059236,11.34848,654109
3718,2,-1.126,42,0,1,0,0.29748,0.040486,11.34554,654152
3719,2,-2.005,335,0,1,0,0.297183,0.052456,11.3377,654488
3720,2,-1.696,232,0,1,0,0.296886,0.050154,11.33617,654721
3721,2,-1.225,75,0,1,0,0.296589,0.060589,11.33377,654797
3722,2,-1.174,58,0,1,0,0.296292,0.046332,11.32833,654856
3723,2,-1.846,282,0,1,0,0.295996,0.050063,11.31593,655139
3724,2,-1.234,78,0,1,0,0.2957,0.044512,11.3156,655218
3725,2,-1.099,33,0,1,0,0.295404,0.047034,11.30626,655252
3726,2,-1.2,400,0,0,1,0.295109,0.056203,11.27405,655652
3727,2,-1.318,106,0,1,0,0.294814,0.051796,11.2822,655759
3728,2,-1.2,400,0,0,1,0.294519,0.058892,11.26112,656159
3729,2,-1.2,400,0,0,1,0.294224,0.051722,11.25253,656559
3730,2,-1.876,292,0,1,0,0.29393,0.05416,11.2492,656852
3731,2,-1.36,120,0,1,0,0.293636,0.059991,11.23133,656973
3732,2,-1.306,102,0,1,0,0.293343,0.058853,11.22259,657076
3733,2,-1.735,245,0,1,0,0.293049,0.052414,11.21624,657322
3734,2,-1.2,400,0,0,1,0.292756,0.058151,11.20872,657722
3735,2,-1.18,60,0,1,0,0.292464,0.047244,11.17037,657783
3736,2,-1.231,77,0,1,0,0.292171,0.054223,11.17284,657861
3737,2,-1.114,38,0,1,0,0.291879,0.054646,11.18773,657900
3738,2,-1.306,102,0,1,0,0.291587,0.05348,11.1761,658003
3739,2,-1.765,255,0,1,0,0.291295,0.054662,11.17443,658259
3740,2,-1.423,141,0,1,0,0.291004,0.046815,11.14724,658401
3741,2,-1.132,44,0,1,0,0.290713,0.058008,11.12878,658446
3742,2,-1.2,400,0,0,1,0.290422,0.058333,11.15314,658846
3743,2,-1.051,17,0,1,0,0.290132,0.056559,11.17127,658864
3744,2,9.1036,301,1,0,0,0.289842,0.044391,11.13508,659166
3745,2,-1.078,26,0,1,0,0.289552,0.055443,11.14121,659193
3746,2,-1.198,66,0,1,0,0.289262,0.058275,11.13337,659260
3747,2,-1.117,39,0,1,0,0.288973,0.05426,11.10449,659300
3748,2,9.23543,257,1,0,0,0.288684,0.060413,11.09715,659558
3749,2,-1.09,30,0,1,0,0.288396,0.048483,11.07756,659589
3750,2,-1.2,400,0,0,1,0.288107,0.049931,11.09098,659989
3751,2,-1.2,400,0,0,1,0.287819,0.051496,11.08577,660389
3752,2,-1.726,242,0,1,0,0.287531,0.054689,11.05193,660632
3753,2,-1.2,400,0,0,1,0.287244,0.05354,11.03459,661032
3754,2,-1.252,84,0,1,0,0.286956,0.052439,11.03059,661117
3755,2,-1.174,58,0,1,0,0.286669,0.052906,11.0365,661176
3756,2,-1.186,62,0,1,0,0.286383,0.052428,11.01648,661239
3757,2,-1.2,400,0,0,1,0.286096,0.048138,11.00009,661639
3758,2,-1.2,400,0,0,1,0.28581,0.057735,10.97744,662039
3759,2,-1.135,45,0,1,0,0.285525,0.054609,10.96508,662085
3760,2,-1.147,49,0,1,0,0.285239,0.06314,10.95444,662135
3761,2,-1.201,67,0,1,0,0.284954,0.042164,10.98011,662203
3762,2,-1.06,20,0,1,0,0.284669,0.057013,10.95787,662224
3763,2,9.7508,85,1,0,0,0.284384,0.046611,10.93106,662310
3764,2,-1.24,80,0,1,0,0.2841,0.065821,10.94487,662391
3765,2,-1.066,22,0,1,0,0.283816,0.045454,10.97431,662414
3766,2,-1.201,67,0,1,0,0.283532,0.058415,10.9591,662482
3767,2,-1.042,14,0,1,0,0.283248,0.070159,10.92494,662497
3768,2,-1.2,400,0,0,1,0.282965,0.050686,10.92689,662897
3769,2,-1.252,84,0,1,0,0.282682,0.047614,10.92835,662982
3770,2,9.80153,68,1,0,0,0.282399,0.064338,10.90713,663051
3771,2,-1.678,226,0,1,0,0.282117,0.052861,10.90901,663278
3772,2,-1.762,254,0,1,0,0.281835,0.051638,10.90409,663533
3773,2,-1.15431,400,0,0,1,0.281553,0.048854,10.89956,663933
3774,2,-1.3,100,0,1,0,0.281272,0.05248,10.87361,664034
3775,2,-1.381,127,0,1,0,0.28099,0.054309,10.86294,664162
3776,2,-1.057,19,0,1,0,0.280709,0.065155,10.85756,664182
3777,2,-1.2,400,0,0,1,0.280429,0.053683,10.85148,664582
3778,2,-1.2,400,0,0,1,0.280148,0.05647,10.84348,664982
3779,2,-1.351,117,0,1,0,0.279868,0.053178,10.81185,665100
3780,2,9.87986,42,1,0,0,0.279588,0.051288,10.82935,665143
3781,2,-1.147,49,0,1,0,0.279308,0.046821,10.78748,665193
3782,2,-1.612,204,0,1,0,0.279029,0.048706,10.79996,665398
3783,2,-1.798,266,0,1,0,0.27875,0.048737,10.78996,665665
3784,2,-1.207,69,0,1,0,0.278471,0.049039,10.79614,665735
3785,2,-1.552,184,0,1,0,0.278193,0.057345,10.78477,665920
3786,2,-1.12,40,0,1,0,0.277915,0.046985,10.80695,665961
3787,2,8.86008,382,1,0,0,0.277637,0.054117,10.7653,666344
3788,2,-1.066,22,0,1,0,0.277359,0.032392,10.76508,666367
3789,2,-1.129,43,0,1,0,0.277082,0.051008,10.7787,666411
3790,2,-1.909,303,0,1,0,0.276805,0.045166,10.74427,666715
3791,2,-1.765,255,0,1,0,0.276528,0.052389,10.73578,666971
3792,2,-1.507,169,0,1,0,0.276251,0.04903,10.72186,667141
3793,2,-1.2,400,0,0,1,0.275975,0.048517,10.73218,667541
3794,2,-1.228,76,0,1,0,0.275699,0.040378,10.72967,667618
3795,2,-2.029,343,0,1,0,0.275423,0.050141,10.71978,667962
3796,2,-1.2,400,0,0,1,0.275148,0.054139,10.68559,668362
3797,2,-1.2,400,0,0,1,0.274873,0.055216,10.66382,668762
3798,2,-1.06,20,0,1,0,0.274598,0.029098,10.70792,668783
3799,2,-1.522,174,0,1,0,0.274323,0.04228,10.64246,668958
3800,2,-1.2,400,0,0,1,0.274049,0.047451,10.63332,669358
3801,2,-1.36532,122,0,1,0,0.273775,0.053421,10.61231,669481
3802,2,-1.249,83,0,1,0,0.273501,0.051125,10.61849,669565
3803,2,-1.2,400,0,0,1,0.273228,0.046694,10.60489,669965
3804,2,-1.159,53,0,1,0,0.272955,0.040292,10.59424,670019
3805,2,9.87427,44,1,0,0,0.272682,0.044243,10.59712,670064
3806,2,-1.19238,400,0,0,1,0.272409,0.04998,10.5796,670464
3807,2,-1.189,63,0,1,0,0.272137,0.054695,10.54984,670528
3808,2,-1.2,400,0,0,1,0.271864,0.053129,10.56102,670928
3809,2,9.86211,48,1,0,0,0.271593,0.051712,10.54015,670977
3810,2,-1.2,400,0,0,1,0.271321,0.045413,10.54984,671377
3811,2,-1.2,400,0,0,1,0.27105,0.050234,10.52942,671777
3812,2,9.75517,84,1,0,0,0.270779,0.054535,10.51396,671862
3813,2,9.63176,125,1,0,0,0.270508,0.052142,10.50433,671988
3814,2,-1.054,18,0,1,0,0.270237,0.033665,10.49496,672007
3815,2,-1.2,400,0,0,1,0.269967,0.044965,10.50883,672407
3816,2,-1.384,128,0,1,0,0.269697,0.049238,10.49452,672536
3817,2,-1.162,54,0,1,0,0.269427,0.050298,10.48991,672591
3818,2,-1.276,92,0,1,0,0.269158,0.040067,10.48062,672684
3819,2,-2.149,383,0,1,0,0.268889,0.042309,10.47328,673068
3820,2,-1.642,214,0,1,0,0.26862,0.044254,10.46304,673283
3821,2,-1.201,67,0,1,0,0.268351,0.051487,10.46078,673351
3822,2,-1.894,298,0,1,0,0.268083,0.048531,10.45046,673650
3823,2,-1.426,142,0,1,0,0.267815,0.051089,10.40902,673793
3824,2,-1.2,400,0,0,1,0.267547,0.044026,10.40383,674193
3825,2,-1.321,107,0,1,0,0.267279,0.039467,10.39161,674301
3826,2,-1.078,26,0,1,0,0.267012,0.037152,10.39068,674328
3827,2,9.83788,56,1,0,0,0.266745,0.04332,10.4147,674385
3828,2,-1.852,284,0,1,0,0.266478,0.045551,10.39619,674670
3829,2,9.70267,101,1,0,0,0.266212,0.036809,10.37504,674772
3830,2,-1.114,38,0,1,0,0.265946,0.025449,10.38381,674811
3831,2,-1.03,10,0,1,0,0.26568,0.036764,10.39578,674822
3832,2,-1.081,27,0,1,0,0.265414,0.041366,10.3625,674850
3833,2,-1.099,33,0,1,0,0.265149,0.051093,10.37125,674884
3834,2,-1.2,400,0,0,1,0.264884,0.045465,10.35598,675284
3835,2,-1.333,111,0,1,0,0.264619,0.041478,10.33912,675396
3836,2,-1.267,89,0,1,0,0.264354,0.047427,10.34353,675486
3837,2,-1.135,45,0,1,0,0.26409,0.045512,10.32988,675532
3838,2,-1.2,400,0,0,1,0.263826,0.04407,10.33903,675932
3839,2,-1.165,55,0,1,0,0.263562,0.033354,10.34076,675988
3840,2,-1.2,400,0,0,1,0.263298,0.047602,10.32085,676388
3841,2,-1.156,52,0,1,0,0.263035,0.049578,10.30707,676441
3842,2,-1.27,90,0,1,0,0.262772,0.061066,10.28992,676532
3843,2,-1.1991,400,0,0,1,0.262509,0.047111,10.28143,676932
3844,2,-1.2,400,0,0,1,0.262247,0.044086,10.28606,677332
3845,2,-1.168,56,0,1,0,0.261984,0.042085,10.28188,677389
3846,2,-1.015,5,0,1,0,0.261722,0.018156,10.30722,677395
3847,2,9.81095,65,1,0,0,0.261461,0.045299,10.29286,677461
3848,2,-1.732,244,0,1,0,0.261199,0.033767,10.27241,677706
3849,2,9.64263,121,1,0,0,0.260938,0.044057,10.25393,677828
3850,2,-1.2,400,0,0,1,0.260677,0.042463,10.24479,678228
3851,2,-1.2,400,0,0,1,0.260416,0.043175,10.24043,678628
3852,2,-1.2,400,0,0,1,0.260156,0.044008,10.21274,679028
3853,2,-1.105,35,0,1,0,0.259896,0.046831,10.20453,679064
3854,2,-1.195,65,0,1,0,0.259636,0.04997,10.21877,679130
3855,2,-1.711,237,0,1,0,0.259376,0.046135,10.20445,679368
3856,2,-1.504,168,0,1,0,0.259117,0.040651,10.18386,679537
3857,2,-1.231,77,0,1,0,0.258858,0.042449,10.16369,679615
3858,2,-1.2,400,0,0,1,0.258599,0.042211,10.17078,680015
3859,2,-1.594,198,0,1,0,0.25834,0.050044,10.15078,680214
3860,2,-1.042,14,0,1,0,0.258082,0.051431,10.20222,680229
3861,2,-1.594,198,0,1,0,0.257824,0.045644,10.1136,680428
3862,2,-1.2,400,0,0,1,0.257566,0.046413,10.10287,680828
3863,2,-1.2,400,0,0,1,0.257309,0.04004,10.07621,681228
3864,2,-1.171,57,0,1,0,0.257051,0.04439,10.03826,681286
3865,2,-1.066,22,0,1,0,0.256794,0.027349,10.06824,681309
3866,2,-1.2,400,0,0,1,0.256537,0.049174,10.04286,681709
3867,2,-1.2,400,0,0,1,0.256281,0.044185,10.01795,682109
3868,2,9.77446,77,1,0,0,0.256025,0.054256,10.01056,682187
3869,2,-1.2,400,0,0,1,0.255769,0.047339,9.98727,682587
3870,2,-1.2,400,0,0,1,0.255513,0.044645,9.94631,682987
3871,2,-1.06,20,0,1,0,0.255257,0.033915,9.94406,683008
3872,2,-1.306,102,0,1,0,0.255002,0.039032,9.91161,683111
3873,2,-1.093,31,0,1,0,0.254747,0.05879,9.91143,683143
3874,2,-1.072,24,0,1,0,0.254492,0.051198,9.89514,683168
3875,2,-1.2,400,0,0,1,0.254238,0.047529,9.90841,683568
3876,2,-2.10784,370,0,1,0,0.253984,0.046703,9.88213,683939
3877,2,-1.2,400,0,0,1,0.25373,0.043532,9.85725,684339
3878,2,-1.192,64,0,1,0,0.253476,0.048213,9.84326,684404
3879,2,-1.534,178,0,1,0,0.253222,0.041585,9.84483,684583
3880,2,-1.03,10,0,1,0,0.252969,0.060124,9.81381,684594
3881,2,-1.471,157,0,1,0,0.252716,0.047539,9.82193,684752
3882,2,-1.993,331,0,1,0,0.252463,0.044455,9.82647,685084
3883,2,-2.182,394,0,1,0,0.252211,0.03839,9.82211,685479
3884,2,-1.858,286,0,1,0,0.251959,0.043685,9.79944,685766
3885,2,-1.297,99,0,1,0,0.251707,0.042224,9.7965,685866
3886,2,-1.2,400,0,0,1,0.251455,0.03661,9.78082,686266
3887,2,-1.2,400,0,0,1,0.251204,0.042048,9.76565,686666
3888,2,-1.066,22,0,1,0,0.250952,0.04547,9.76511,686689
3889,2,-1.369,123,0,1,0,0.250701,0.037057,9.74237,686813
3890,2,-1.20657,70,0,1,0,0.250451,0.047434,9.75712,686884
3891,2,-1.2,400,0,0,1,0.2502,0.045947,9.71761,687284
3892,2,-1.2,400,0,0,1,0.24995,0.038619,9.69609,687684
3893,2,-1.186,62,0,1,0,0.2497,0.042188,9.68366,687747
3894,2,-1.2,400,0,0,1,0.24945,0.043848,9.66533,688147
3895,2,-2.104,368,0,1,0,0.249201,0.038367,9.64311,688516
3896,2,-1.2,400,0,0,1,0.248952,0.038245,9.63671,688916
3897,2,9.54469,154,1,0,0,0.248703,0.043348,9.61514,689071
3898,2,-2.068,356,0,1,0,0.248454,0.043316,9.59978,689428
3899,2,-1.189,63,0,1,0,0.248206,0.042547,9.57634,689492
3900,2,-1.126,42,0,1,0,0.247958,0.034681,9.58136,689535
3901,2,-1.195,65,0,1,0,0.24771,0.034363,9.57339,689601
3902,2,-1.147,49,0,1,0,0.247462,0.046693,9.56868,689651
3903,2,-1.198,66,0,1,0,0.247214,0.032333,9.58261,689718
3904,2,-1.2,400,0,0,1,0.246967,0.037634,9.55733,690118
3905,2,9.1718,278,1,0,0,0.24672,0.041575,9.54547,690397
3906,2,-1.12,40,0,1,0,0.246473,0.048394,9.54537,690438
3907,2,-1.2,400,0,0,1,0.246227,0.043452,9.54087,690838
3908,2,-1.111,37,0,1,0,0.245981,0.039859,9.54854,690876
3909,2,-1.072,24,0,1,0,0.245735,0.046441,9.50162,690901
3910,2,-1.2,400,0,0,1,0.245489,0.041933,9.52239,691301
3911,2,-1.111,37,0,1,0,0.245244,0.034987,9.54488,691339
3912,2,-1.276,92,0,1,0,0.244998,0.034004,9.50763,691432
3913,2,-1.2,400,0,0,1,0.244753,0.039954,9.50232,691832
3914,2,-1.009,3,0,1,0,0.244509,0.021443,9.49574,691836
3915,2,-1.2,400,0,0,1,0.244264,0.040118,9.47896,692236
3916,2,-2.008,336,0,1,0,0.24402,0.036633,9.46315,692573
3917,2,-1.19425,400,0,0,1,0.243776,0.039869,9.44928,692973
3918,2,-1.369,123,0,1,0,0.243532,0.042362,9.4303,693097
3919,2,-1.108,36,0,1,0,0.243288,0.040597,9.44692,693134
3920,2,-1.666,222,0,1,0,0.243045,0.039324,9.42802,693357
3921,2,-1.024,8,0,1,0,0.242802,0.062089,9.43143,693366
3922,2,-1.2,400,0,0,1,0.242559,0.034247,9.41734,693766
3923,2,-1.2,400,0,0,1,0.242317,0.043207,9.40389,694166
3924,2,-1.2,400,0,0,1,0.242074,0.038811,9.39009,694566
3925,2,-1.87,290,0,1,0,0.241832,0.042903,9.36492,694857
3926,2,-1.2,400,0,0,1,0.241591,0.039557,9.34686,695257
3927,2,-1.2,400,0,0,1,0.241349,0.034562,9.33125,695657
3928,2,8.90539,368,1,0,0,0.241108,0.037338,9.31667,696026
3929,2,-1.708,236,0,1,0,0.240867,0.036577,9.29927,696263
3930,2,-1.198,66,0,1,0,0.240626,0.040684,9.28319,696330
3931,2,-1.981,327,0,1,0,0.240385,0.037853,9.27654,696658
3932,2,-1.066,22,0,1,0,0.240145,0.03159,9.26361,696681
3933,2,-1.168,56,0,1,0,0.239904,0.024458,9.28025,696738
3934,2,-1.633,211,0,1,0,0.239665,0.03412,9.25116,696950
3935,2,-1.567,189,0,1,0,0.239425,0.038792,9.23785,697140
3936,2,-1.033,11,0,1,0,0.239185,0.051634,9.24482,697152
3937,2,-1.546,182,0,1,0,0.238946,0.037767,9.23042,697335
3938,2,-1.156,52,0,1,0,0.238707,0.033082,9.24451,697388
3939,2,-1.693,231,0,1,0,0.238469,0.033139,9.22247,697620
3940,2,-1.261,87,0,1,0,0.23823,0.033026,9.20769,697708
3941,2,-1.2,400,0,0,1,0.237992,0.037031,9.1943,698108
3942,2,-1.2,400,0,0,1,0.237754,0.039739,9.16165,698508
3943,2,-1.384,128,0,1,0,0.237516,0.037817,9.15595,698637
3944,2,-1.141,47,0,1,0,0.237279,0.039196,9.12347,698685
3945,2,-1.19413,400,0,0,1,0.237041,0.036115,9.13871,699085
3946,2,9.82989,59,1,0,0,0.236804,0.036832,9.12446,699145
3947,2,9.83204,58,1,0,0,0.236568,0.034612,9.1133,699204
3948,2,-1.027,9,0,1,0,0.236331,0.004759,9.1446,699214
3949,2,-1.2,400,0,0,1,0.236095,0.033407,9.11045,699614
3950,2,-2.155,385,0,1,0,0.235859,0.033121,9.07848,700000
3951,2,-1.19708,400,0,0,1,0.235623,0.036334,9.05373,700400
3952,2,-1.2,400,0,0,1,0.235387,0.035243,9.03958,700800
3953,2,-1.372,124,0,1,0,0.235152,0.033172,9.02767,700925
3954,2,-1.174,58,0,1,0,0.234917,0.040346,9.03962,700984
3955,2,-1.2,400,0,0,1,0.234682,0.033921,9.02192,701384
3956,2,-1.03,10,0,1,0,0.234447,0.041348,9.00629,701395
3957,2,-1.078,26,0,1,0,0.234213,0.04049,9.02185,701422
3958,2,9.68485,107,1,0,0,0.233978,0.034988,9.00526,701530
3959,2,9.88573,40,1,0,0,0.233744,0.039052,9.03771,701571
3960,2,-1.2,400,0,0,1,0.233511,0.035581,8.99405,701971
3961,2,9.70958,99,1,0,0,0.233277,0.037783,8.98407,702071
3962,2,-1.2,400,0,0,1,0.233044,0.036489,8.96798,702471
3963,2,-1.336,112,0,1,0,0.232811,0.033305,8.95997,702584
3964,2,-1.18623,400,0,0,1,0.232578,0.034215,8.95737,702984
3965,2,9.81384,64,1,0,0,0.232345,0.039297,8.95597,703049
3966,2,-1.402,134,0,1,0,0.232113,0.030328,8.96704,703184
3967,2,-1.051,17,0,1,0,0.231881,0.044519,8.96563,703202
3968,2,-1.051,17,0,1,0,0.231649,0.029371,8.927,703220
3969,2,-1.753,251,0,1,0,0.231417,0.035941,8.93578,703472
3970,2,-1.444,148,0,1,0,0.231186,0.030875,8.92559,703621
3971,2,-1.36,120,0,1,0,0.230955,0.041456,8.92495,703742
3972,2,-1.564,188,0,1,0,0.230724,0.033859,8.91241,703931
3973,2,-1.2,400,0,0,1,0.230493,0.032902,8.90548,704331
3974,2,-1.165,55,0,1,0,0.230263,0.032339,8.89728,704387
3975,2,-1.072,24,0,1,0,0.230032,0.016736,8.91168,704412
3976,2,-1.2,400,0,0,1,0.229802,0.034184,8.87047,704812
3977,2,-1.492,164,0,1,0,0.229572,0.030762,8.86122,704977
3978,2,-1.567,189,0,1,0,0.229343,0.031137,8.86456,705167
3979,2,-1.2,400,0,0,1,0.229114,0.029232,8.8442,705567
3980,2,-1.42,140,0,1,0,0.228884,0.025706,8.82904,705708
3981,2,-1.2,400,0,0,1,0.228656,0.028626,8.81811,706108
3982,2,9.90708,33,1,0,0,0.228427,0.035141,8.81175,706142
3983,2,-1.096,32,0,1,0,0.228198,0.045445,8.82101,706175
3984,2,-1.2,400,0,0,1,0.22797,0.03543,8.79226,706575
3985,2,-1.402,134,0,1,0,0.227742,0.027029,8.76709,706710
3986,2,-1.2,400,0,0,1,0.227515,0.032001,8.75543,707110
3987,2,-1.36,120,0,1,0,0.227287,0.037504,8.72829,707231
3988,2,-1.429,143,0,1,0,0.22706,0.027778,8.73801,707375
3989,2,-1.231,77,0,1,0,0.226833,0.024813,8.71587,707453
3990,2,-1.2,400,0,0,1,0.226606,0.038594,8.73181,707853
3991,2,-1.108,36,0,1,0,0.226379,0.033898,8.73001,707890
3992,2,-1.18812,63,0,1,0,0.226153,0.030133,8.7279,707954
3993,2,-1.2,400,0,0,1,0.225927,0.036514,8.72029,708354
3994,2,-1.2,400,0,0,1,0.225701,0.035131,8.70172,708754
3995,2,-1.19811,400,0,0,1,0.225475,0.031198,8.69422,709154
3996,2,9.70356,101,1,0,0,0.22525,0.023189,8.68442,709256
3997,2,-1.042,14,0,1,0,0.225024,0.035215,8.6997,709271
3998,2,-1.366,122,0,1,0,0.224799,0.028957,8.68484,709394
3999,2,-1.2,400,0,0,1,0.224575,0.031616,8.66676,709794
4000,2,-1.19541,400,0,0,1,0.22435,0.034179,8.65576,710194
4001,2,9.65855,116,1,0,0,0.224126,0.028035,8.6415,710311
4002,2,-1.2,400,0,0,1,0.223902,0.031793,8.63579,710711
4003,2,-1.2,400,0,0,1,0.223678,0.028245,8.62248,711111
4004,2,-1.258,86,0,1,0,0.223454,0.023322,8.59863,711198
4005,2,-1.747,249,0,1,0,0.22323,0.027492,8.60134,711448
4006,2,9.90361,34,1,0,0,0.223007,0.027402,8.57755,711483
4007,2,-1.2,400,0,0,1,0.222784,0.032042,8.58714,711883
4008,2,-1.024,8,0,1,0,0.222561,0.014472,8.59307,711892
4009,2,-1.507,169,0,1,0,0.222339,0.033648,8.5823,712062
4010,2,-1.2,400,0,0,1,0.222117,0.032493,8.57354,712462
4011,2,-1.51,170,0,1,0,0.221894,0.025425,8.55912,712633
4012,2,-1.156,52,0,1,0,0.221673,0.03308,8.55493,712686
4013,2,-1.447,149,0,1,0,0.221451,0.025359,8.56197,712836
4014,2,-1.195,65,0,1,0,0.221229,0.035633,8.56043,712902
4015,2,-1.258,86,0,1,0,0.221008,0.031976,8.54977,712989
4016,2,-1.396,132,0,1,0,0.220787,0.030887,8.54888,713122
4017,2,-1.2,400,0,0,1,0.220566,0.029839,8.52874,713522
4018,2,-1.19703,400,0,0,1,0.220346,0.029674,8.50477,713922
4019,2,-1.477,159,0,1,0,0.220125,0.027681,8.49514,714082
4020,2,-1.486,162,0,1,0,0.219905,0.031169,8.50028,714245
4021,2,-1.264,88,0,1,0,0.219685,0.032679,8.49038,714334
4022,2,-1.2,400,0,0,1,0.219466,0.034321,8.47658,714734
4023,2,-1.033,11,0,1,0,0.219246,0.023027,8.47301,714746
4024,2,-1.2,400,0,0,1,0.219027,0.028908,8.46031,715146
4025,2,-1.072,24,0,1,0,0.218808,0.036723,8.49118,715171
4026,2,-1.2,400,0,0,1,0.218589,0.032262,8.44159,715571
4027,2,-1.24,80,0,1,0,0.218371,0.028437,8.42077,715652
4028,2,-1.2,400,0,0,1,0.218152,0.030993,8.40724,716052
4029,2,-1.213,71,0,1,0,0.217934,0.030108,8.38933,716124
4030,2,-1.039,13,0,1,0,0.217716,0.024799,8.4428,716138
4031,2,-1.138,46,0,1,0,0.217498,0.039948,8.37588,716185
4032,2,-1.072,24,0,1,0,0.217281,0.031878,8.41195,716210
4033,2,9.8739,44,1,0,0,0.217064,0.026894,8.38465,716255
4034,2,-1.294,98,0,1,0,0.216847,0.028181,8.38404,716354
4035,2,-1.18,60,0,1,0,0.21663,0.040059,8.38414,716415
4036,2,9.69062,105,1,0,0,0.216413,0.027115,8.36959,716521
4037,2,-1.234,78,0,1,0,0.216197,0.032998,8.37096,716600
4038,2,-1.162,54,0,1,0,0.215981,0.034427,8.34388,716655
4039,2,-1.936,312,0,1,0,0.215765,0.032087,8.36052,716968
4040,2,-1.969,323,0,1,0,0.215549,0.035129,8.35169,717292
4041,2,-1.066,22,0,1,0,0.215333,0.039809,8.34732,717315
4042,2,-1.195,65,0,1,0,0.215118,0.036047,8.32958,717381
4043,2,-1.144,48,0,1,0,0.214903,0.029349,8.34783,717430
4044,2,-1.2,400,0,0,1,0.214688,0.026989,8.33831,717830
4045,2,-1.24296,81,0,1,0,0.214473,0.025981,8.34285,717912
4046,2,-1.2,400,0,0,1,0.214259,0.032231,8.34282,718312
4047,2,-1.15512,52,0,1,0,0.214044,0.026292,8.35272,718365
4048,2,-1.438,146,0,1,0,0.21383,0.025499,8.31613,718512
4049,2,-1.114,38,0,1,0,0.213617,0.030116,8.32359,718551
4050,2,-1.24,80,0,1,0,0.213403,0.030931,8.32851,718632
4051,2,-1.2,400,0,0,1,0.21319,0.029374,8.31783,719032
4052,2,-1.75,250,0,1,0,0.212976,0.032938,8.29836,719283
4053,2,9.88606,40,1,0,0,0.212763,0.03146,8.2961,719324
4054,2,-1.774,258,0,1,0,0.212551,0.03306,8.27842,719583
4055,2,-1.546,182,0,1,0,0.212338,0.033863,8.26612,719766
4056,2,-1.2,400,0,0,1,0.212126,0.032858,8.26199,720166
4057,2,-1.2,400,0,0,1,0.211914,0.029245,8.24897,720566
4058,2,-1.351,117,0,1,0,0.211702,0.029703,8.24173,720684
4059,2,9.86384,48,1,0,0,0.21149,0.029449,8.23662,720733
4060,2,-2.029,343,0,1,0,0.211279,0.030809,8.21759,721077
4061,2,-1.2,400,0,0,1,0.211067,0.029871,8.20623,721477
4062,2,-1.2,400,0,0,1,0.210856,0.031456,8.18994,721877
4063,2,-1.2,400,0,0,1,0.210645,0.032796,8.17404,722277
4064,2,9.7904,72,1,0,0,0.210435,0.02547,8.18278,722350
4065,2,-1.225,75,0,1,0,0.210224,0.02438,8.16334,722426
4066,2,-1.867,289,0,1,0,0.210014,0.026929,8.15741,722716
4067,2,-1.189,63,0,1,0,0.209804,0.030551,8.15641,722780
4068,2,9.75382,84,1,0,0,0.209594,0.028199,8.14152,722865
4069,2,-1.246,82,0,1,0,0.209385,0.033342,8.1551,722948
4070,2,-1.2,400,0,0,1,0.209175,0.026522,8.12551,723348
4071,2,-1.162,54,0,1,0,0.208966,0.035495,8.09329,723403
4072,2,-1.681,227,0,1,0,0.208757,0.03633,8.10942,723631
4073,2,-1.2,400,0,0,1,0.208548,0.029491,8.11088,724031
4074,2,-1.363,121,0,1,0,0.20834,0.03468,8.12334,724153
4075,2,-1.528,176,0,1,0,0.208131,0.035104,8.0984,724330
4076,2,-1.225,75,0,1,0,0.207923,0.032868,8.08869,724406
4077,2,-1.174,58,0,1,0,0.207715,0.027996,8.09512,724465
4078,2,-1.2,400,0,0,1,0.207508,0.02952,8.07574,724865
4079,2,-1.2,400,0,0,1,0.2073,0.031262,8.0537,725265
4080,2,-2.059,353,0,1,0,0.207093,0.032312,8.03333,725619
4081,2,-1.342,114,0,1,0,0.206886,0.032536,8.04305,725734
4082,2,9.82614,60,1,0,0,0.206679,0.037403,8.01882,725795
4083,2,-1.95548,324,0,1,0,0.206472,0.033503,8.01807,726120
4084,2,-1.2,400,0,0,1,0.206266,0.032722,8.01074,726520
4085,2,-1.045,15,0,1,0,0.206059,0.031953,8.00752,726536
4086,2,-1.414,138,0,1,0,0.205853,0.032268,7.99855,726675
4087,2,-1.2,400,0,0,1,0.205648,0.028504,7.9835,727075
4088,2,-1.189,63,0,1,0,0.205442,0.032092,7.95976,727139
4089,2,-1.2,400,0,0,1,0.205236,0.028508,7.93627,727539
4090,2,-1.2,400,0,0,1,0.205031,0.033117,7.92182,727939
4091,2,-1.2,400,0,0,1,0.204826,0.02955,7.90481,728339
4092,2,-1.348,116,0,1,0,0.204621,0.032654,7.8849,728456
4093,2,-1.2,400,0,0,1,0.204417,0.030441,7.8787,728856
4094,2,-1.021,7,0,1,0,0.204212,0.013092,7.89511,728864
4095,2,-1.225,75,0,1,0,0.204008,0.027461,7.87304,728940
4096,2,9.92489,27,1,0,0,0.203804,0.024656,7.86168,728968
4097,2,-1.159,53,0,1,0,0.2036,0.028043,7.86822,729022
4098,2,9.82234,61,1,0,0,0.203397,0.025779,7.87222,729084
4099,2,-1.768,256,0,1,0,0.203193,0.028967,7.84653,729341
4100,2,-1.132,44,0,1,0,0.20299,0.029051,7.83056,729386
4101,2,9.82263,61,1,0,0,0.202787,0.031716,7.8296,729448
4102,2,-1.2,400,0,0,1,0.202584,0.030021,7.83691,729848
4103,2,-1.2,400,0,0,1,0.202382,0.029709,7.83563,730248
4104,2,-1.19427,65,0,1,0,0.202179,0.038796,7.82625,730314
4105,2,-1.2,400,0,0,1,0.201977,0.033887,7.83043,730714
4106,2,-1.06,20,0,1,0,0.201775,0.024633,7.81874,730735
4107,2,-1.2,400,0,0,1,0.201573,0.029238,7.81347,731135
4108,2,-1.096,32,0,1,0,0.201372,0.026661,7.81663,731168
4109,2,-1.483,161,0,1,0,0.20117,0.028836,7.80345,731330
4110,2,-1.393,131,0,1,0,0.200969,0.029804,7.79256,731462
4111,2,-1.234,78,0,1,0,0.200768,0.028781,7.77707,731541
4112,2,-1.081,27,0,1,0,0.200568,0.031264,7.77711,731569
4113,2,9.93691,23,1,0,0,0.200367,0.042044,7.7888,731593
4114,2,-1.036,12,0,1,0,0.200167,0.024841,7.82339,731606
4115,2,-1.19829,400,0,0,1,0.199966,0.030936,7.78278,732006
4116,2,-1.048,16,0,1,0,0.199767,0.030491,7.77616,732023
4117,2,-1.2,400,0,0,1,0.199567,0.032095,7.77797,732423
4118,2,-1.2,400,0,0,1,0.199367,0.034505,7.76326,732823
4119,2,-1.2,400,0,0,1,0.199168,0.028627,7.75637,733223
4120,2,-1.2,400,0,0,1,0.198969,0.026786,7.736,733623
4121,2,-1.2,400,0,0,1,0.19877,0.028643,7.72617,734023
4122,2,-1.033,11,0,1,0,0.198571,0.051934,7.7025,734035
4123,2,-1.2,400,0,0,1,0.198372,0.026792,7.70433,734435
4124,2,-1.2,400,0,0,1,0.198174,0.025217,7.68374,734835
4125,2,9.8436,54,1,0,0,0.197976,0.027561,7.67092,734890
4126,2,-1.2,400,0,0,1,0.197778,0.026869,7.6564,735290
4127,2,-1.594,198,0,1,0,0.19758,0.033006,7.63995,735489
4128,2,-1.396,132,0,1,0,0.197382,0.031248,7.62553,735622
4129,2,-1.2,400,0,0,1,0.197185,0.028004,7.60815,736022
4130,2,-2.173,391,0,1,0,0.196988,0.029725,7.58558,736414
4131,2,-1.18789,400,0,0,1,0.196791,0.027722,7.57472,736814
4132,2,-1.327,109,0,1,0,0.196594,0.024097,7.56775,736924
4133,2,-1.24,80,0,1,0,0.196398,0.029163,7.57123,737005
4134,2,-1.309,103,0,1,0,0.196201,0.034327,7.56379,737109
4135,2,-1.708,236,0,1,0,0.196005,0.032098,7.56884,737346
4136,2,-1.126,42,0,1,0,0.195809,0.026237,7.57915,737389
4137,2,-1.2,400,0,0,1,0.195613,0.026276,7.55869,737789
4138,2,-1.939,313,0,1,0,0.195417,0.027209,7.55987,738103
4139,2,-1.039,13,0,1,0,0.195222,0.028711,7.54168,738117
4140,2,-1.81,270,0,1,0,0.195027,0.030631,7.54524,738388
4141,2,9.76875,79,1,0,0,0.194832,0.030295,7.53227,738468
4142,2,-1.147,49,0,1,0,0.194637,0.016595,7.54254,738518
4143,2,-1.2,400,0,0,1,0.194442,0.031539,7.52098,738918
4144,2,-1.33103,111,0,1,0,0.194248,0.029744,7.51,739030
4145,2,-1.231,77,0,1,0,0.194054,0.035252,7.51024,739108
4146,2,-1.08647,29,0,1,0,0.19386,0.041557,7.49348,739138
4147,2,-1.129,43,0,1,0,0.193666,0.023449,7.52878,739182
4148,2,-1.2,400,0,0,1,0.193472,0.027504,7.49377,739582
4149,2,9.593,138,1,0,0,0.193279,0.029906,7.4989,739721
4150,2,-1.24,80,0,1,0,0.193085,0.026978,7.49521,739802
4151,2,9.88634,40,1,0,0,0.192892,0.027803,7.4768,739843
4152,2,-1.2,400,0,0,1,0.192699,0.028856,7.47499,740243
4153,2,-1.2,400,0,0,1,0.192507,0.027229,7.47391,740643
4154,2,-1.2,400,0,0,1,0.192314,0.027252,7.45723,741043
4155,2,9.7781,76,1,0,0,0.192122,0.02568,7.4381,741120
4156,2,-1.2,400,0,0,1,0.19193,0.025427,7.4293,741520
4157,2,-1.2,400,0,0,1,0.191738,0.032039,7.40231,741920
4158,2,9.82571,60,1,0,0,0.191546,0.029488,7.40901,741981
4159,2,9.63357,124,1,0,0,0.191355,0.023485,7.38889,742106
4160,2,-1.474,158,0,1,0,0.191163,0.028959,7.38265,742265
4161,2,-1.585,195,0,1,0,0.190972,0.023081,7.38634,742461
4162,2,-1.642,214,0,1,0,0.190781,0.023499,7.37921,742676
4163,2,-1.2,400,0,0,1,0.19059,0.025325,7.37147,743076
4164,2,-1.2,400,0,0,1,0.1904,0.029707,7.35403,743476
4165,2,-1.705,235,0,1,0,0.190209,0.026893,7.34445,743712
4166,2,-1.2,400,0,0,1,0.190019,0.028155,7.33302,744112
4167,2,-1.18471,400,0,0,1,0.189829,0.024191,7.31497,744512
4168,2,-1.54,180,0,1,0,0.189639,0.022108,7.30487,744693
4169,2,-1.2,400,0,0,1,0.18945,0.027916,7.2905,745093
4170,2,9.91271,31,1,0,0,0.18926,0.020609,7.27472,745125
4171,2,-1.117,39,0,1,0,0.189071,0.01711,7.2821,745165
4172,2,-1.2,400,0,0,1,0.188882,0.029152,7.27179,745565
4173,2,-1.333,111,0,1,0,0.188693,0.026033,7.2824,745677
4174,2,-1.108,36,0,1,0,0.188504,0.025598,7.26733,745714
4175,2,-1.801,267,0,1,0,0.188316,0.024141,7.27136,745982
4176,2,-1.399,133,0,1,0,0.188127,0.025138,7.24928,746116
4177,2,-1.243,81,0,1,0,0.187939,0.022386,7.26052,746198
4178,2,-1.17553,400,0,0,1,0.187751,0.025289,7.23984,746598
4179,2,9.79654,70,1,0,0,0.187564,0.03348,7.22092,746669
4180,2,9.81367,64,1,0,0,0.187376,0.024636,7.22028,746734
4181,2,-1.084,28,0,1,0,0.187189,0.043569,7.22762,746763
4182,2,-1.2,400,0,0,1,0.187001,0.026463,7.22941,747163
4183,2,-1.2,400,0,0,1,0.186814,0.027045,7.21244,747563
4184,2,-1.261,87,0,1,0,0.186628,0.030591,7.20641,747651
4185,2,-1.2,400,0,0,1,0.186441,0.025566,7.19303,748051
4186,2,9.81106,65,1,0,0,0.186255,0.025908,7.17492,748117
4187,2,9.86441,47,1,0,0,0.186068,0.027689,7.18835,748165
4188,2,-1.2,400,0,0,1,0.185882,0.02568,7.17797,748565
4189,2,-1.2,400,0,0,1,0.185696,0.027466,7.16545,748965
4190,2,-1.408,136,0,1,0,0.185511,0.024295,7.17409,749102
4191,2,-1.057,19,0,1,0,0.185325,0.024257,7.17312,749122
4192,2,9.88593,40,1,0,0,0.18514,0.029021,7.15254,749163
4193,2,-1.075,25,0,1,0,0.184955,0.021301,7.16858,749189
4194,2,-1.381,127,0,1,0,0.18477,0.02714,7.16559,749317
4195,2,9.86015,49,1,0,0,0.184585,0.033655,7.15666,749367
4196,2,-1.609,203,0,1,0,0.1844,0.026757,7.15772,749571
4197,2,-1.2,400,0,0,1,0.184216,0.028442,7.14919,749971
4198,2,-1.549,183,0,1,0,0.184032,0.024892,7.1395,750155
4199,2,-1.126,42,0,1,0,0.183848,0.024522,7.12996,750198
4200,2,9.87369,44,1,0,0,0.183664,0.01936,7.1402,750243
4201,2,-1.381,127,0,1,0,0.18348,0.019895,7.13285,750371
4202,2,-1.729,243,0,1,0,0.183297,0.029691,7.11869,750615
4203,2,-1.2,400,0,0,1,0.183113,0.028652,7.12679,751015
4204,2,-1.87,290,0,1,0,0.18293,0.024723,7.11619,751306
4205,2,-1.726,242,0,1,0,0.182747,0.02414,7.11192,751549
4206,2,-1.21,70,0,1,0,0.182565,0.021818,7.10297,751620
4207,2,9.92836,26,1,0,0,0.182382,0.020668,7.11111,751647
4208,2,-1.2,400,0,0,1,0.1822,0.0257,7.1042,752047
4209,2,-1.2,400,0,0,1,0.182017,0.026438,7.09768,752447
4210,2,-1.2,400,0,0,1,0.181835,0.027187,7.08277,752847
4211,2,9.88568,40,1,0,0,0.181654,0.024358,7.06354,752888
4212,2,-1.2,400,0,0,1,0.181472,0.02324,7.06811,753288
4213,2,9.89482,37,1,0,0,0.181291,0.031274,7.04629,753326
4214,2,-1.144,48,0,1,0,0.181109,0.018282,7.05219,753375
4215,2,-1.021,7,0,1,0,0.180928,0.032216,7.02888,753383
4216,2,-1.19547,400,0,0,1,0.180747,0.024577,7.0458,753783
4217,2,-1.2,400,0,0,1,0.180566,0.027093,7.03293,754183
4218,2,-2.125,375,0,1,0,0.180386,0.0276,7.02256,754559
4219,2,9.07294,311,1,0,0,0.180205,0.026205,7.01639,754871
4220,2,-1.2,400,0,0,1,0.180025,0.02595,6.99186,755271
4221,2,-1.417,139,0,1,0,0.179845,0.026074,6.98416,755411
4222,2,-1.198,66,0,1,0,0.179665,0.020832,6.97666,755478
4223,2,-1.381,127,0,1,0,0.179486,0.029069,6.97525,755606
4224,2,9.62816,126,1,0,0,0.179306,0.029114,6.97261,755733
4225,2,-1.2,400,0,0,1,0.179127,0.025495,6.97852,756133
4226,2,-1.2,400,0,0,1,0.178948,0.025969,6.96063,756533
4227,2,-1.2,400,0,0,1,0.178769,0.025233,6.95265,756933
4228,2,-1.366,122,0,1,0,0.17859,0.029107,6.95605,757056
4229,2,-1.738,246,0,1,0,0.178412,0.021328,6.94668,757303
4230,2,-2.056,352,0,1,0,0.178233,0.025274,6.93607,757656
4231,2,-1.2,400,0,0,1,0.178055,0.023054,6.9368,758056
4232,2,-1.201,67,0,1,0,0.177877,0.031435,6.94172,758124
4233,2,-2.125,375,0,1,0,0.177699,0.027396,6.92058,758500
4234,2,9.46903,179,1,0,0,0.177521,0.025708,6.9107,758680
4235,2,-1.2,400,0,0,1,0.177344,0.022342,6.90672,759080
4236,2,-1.2,400,0,0,1,0.177166,0.022959,6.88735,759480
4237,2,9.89773,36,1,0,0,0.176989,0.030812,6.87629,759517
4238,2,-1.069,23,0,1,0,0.176812,0.026306,6.87978,759541
4239,2,-1.2,400,0,0,1,0.176635,0.024593,6.88365,759941
4240,2,-1.2,400,0,0,1,0.176459,0.02401,6.85381,760341
4241,2,-1.633,211,0,1,0,0.176282,0.025259,6.84454,760553
4242,2,9.74472,87,1,0,0,0.176106,0.025595,6.84853,760641
4243,2,-1.171,57,0,1,0,0.17593,0.027344,6.8609,760699
4244,2,9.67604,110,1,0,0,0.175754,0.029288,6.83267,760810
4245,2,-1.171,57,0,1,0,0.175578,0.024181,6.83973,760868
4246,2,-1.2,400,0,0,1,0.175403,0.022838,6.82973,761268
4247,2,9.84995,52,1,0,0,0.175227,0.014283,6.84258,761321
4248,2,9.75349,84,1,0,0,0.175052,0.025181,6.81588,761406
4249,2,9.58852,139,1,0,0,0.174877,0.025263,6.83435,761546
4250,2,9.49596,170,1,0,0,0.174702,0.024824,6.8214,761717
4251,2,-1.198,66,0,1,0,0.174527,0.024296,6.82066,761784
4252,2,-1.012,4,0,1,0,0.174353,0.009257,6.75099,761789
4253,2,-1.258,86,0,1,0,0.174179,0.024942,6.81214,761876
4254,2,-1.2,400,0,0,1,0.174004,0.024998,6.8019,762276
4255,2,9.72755,94,1,0,0,0.17383,0.021675,6.80346,762371
4256,2,9.86834,46,1,0,0,0.173657,0.026107,6.8005,762418
4257,2,-1.2,400,0,0,1,0.173483,0.022423,6.78961,762818
4258,2,9.63642,123,1,0,0,0.173309,0.022878,6.76989,762942
4259,2,-1.2,400,0,0,1,0.173136,0.026923,6.76953,763342
4260,2,-1.075,25,0,1,0,0.172963,0.028558,6.74948,763368
4261,2,-1.2,400,0,0,1,0.17279,0.022967,6.7435,763768
4262,2,9.72071,95,1,0,0,0.172617,0.024486,6.74122,763864
4263,2,-1.2,400,0,0,1,0.172445,0.021309,6.73943,764264
4264,2,-1.036,12,0,1,0,0.172272,0.029113,6.73129,764277
4265,2,-1.2,400,0,0,1,0.1721,0.020826,6.73173,764677
4266,2,-1.2,400,0,0,1,0.171928,0.025468,6.70617,765077
4267,2,-1.2,400,0,0,1,0.171756,0.020525,6.69185,765477
4268,2,-1.321,107,0,1,0,0.171584,0.027402,6.69191,765585
4269,2,-1.2,400,0,0,1,0.171412,0.020465,6.68413,765985
4270,2,-1.765,255,0,1,0,0.171241,0.026281,6.68024,766241
4271,2,-1.072,24,0,1,0,0.17107,0.016272,6.67379,766266
4272,2,9.61258,131,1,0,0,0.170899,0.025549,6.67216,766398
4273,2,-1.2,400,0,0,1,0.170728,0.021718,6.65994,766798
4274,2,9.90694,33,1,0,0,0.170557,0.024735,6.66126,766832
4275,2,9.85327,51,1,0,0,0.170387,0.026992,6.65736,766884
4276,2,9.7243,94,1,0,0,0.170216,0.018236,6.65708,766979
4277,2,-2.041,347,0,1,0,0.170046,0.02379,6.64617,767327
4278,2,-1.2,400,0,0,1,0.169876,0.024181,6.62845,767727
4279,2,-1.2,400,0,0,1,0.169706,0.021639,6.61273,768127
4280,2,-1.2,400,0,0,1,0.169536,0.021021,6.58781,768527
4281,2,-1.411,137,0,1,0,0.169367,0.025104,6.5826,768665
4282,2,-1.078,26,0,1,0,0.169197,0.022412,6.5783,768692
4283,2,9.82898,59,1,0,0,0.169028,0.025239,6.59543,768752
4284,2,9.89787,36,1,0,0,0.168859,0.023182,6.57271,768789
4285,2,-1.438,146,0,1,0,0.16869,0.0208,6.57818,768936
4286,2,-1.2,400,0,0,1,0.168522,0.02052,6.57671,769336
4287,2,9.84132,55,1,0,0,0.168353,0.020527,6.57115,769392
4288,2,9.67244,111,1,0,0,0.168185,0.01878,6.5732,769504
4289,2,-1.2,400,0,0,1,0.168017,0.022287,6.57003,769904
4290,2,-1.057,19,0,1,0,0.167849,0.031184,6.54855,769924
4291,2,9.77768,76,1,0,0,0.167681,0.021428,6.55851,770001
4292,2,-1.2,400,0,0,1,0.167513,0.023077,6.5475,770401
4293,2,-1.2,400,0,0,1,0.167346,0.020016,6.54585,770801
4294,2,-1.2,400,0,0,1,0.167178,0.021363,6.52488,771201
4295,2,9.89776,36,1,0,0,0.167011,0.023676,6.50208,771238
4296,2,9.87403,44,1,0,0,0.166844,0.015078,6.49542,771283
4297,2,9.9068,33,1,0,0,0.166677,0.029804,6.49621,771317
4298,2,-1.2,400,0,0,1,0.16651,0.022455,6.51414,771717
4299,2,-1.2,400,0,0,1,0.166344,0.02153,6.51153,772117
4300,2,9.85553,50,1,0,0,0.166178,0.030673,6.5139,772168
4301,2,-1.249,83,0,1,0,0.166011,0.023835,6.51826,772252
4302,2,-1.2,400,0,0,1,0.165845,0.021801,6.51525,772652
4303,2,-1.2,400,0,0,1,0.16568,0.019498,6.50055,773052
4304,2,9.84698,53,1,0,0,0.165514,0.018042,6.49124,773106
4305,2,9.89194,38,1,0,0,0.165348,0.028437,6.52518,773145
4306,2,-1.096,32,0,1,0,0.165183,0.022498,6.51971,773178
4307,2,-1.099,33,0,1,0,0.165018,0.016657,6.49365,773212
4308,2,-1.2,400,0,0,1,0.164853,0.021444,6.4997,773612
4309,2,-1.2,400,0,0,1,0.164688,0.017644,6.47519,774012
4310,2,-1.186,62,0,1,0,0.164523,0.021766,6.45764,774075
4311,2,-1.2,400,0,0,1,0.164359,0.020087,6.45832,774475
4312,2,9.92475,27,1,0,0,0.164194,0.015671,6.46362,774503
4313,2,-1.183,61,0,1,0,0.16403,0.021521,6.4571,774565
4314,2,9.53255,158,1,0,0,0.163866,0.018928,6.45177,774724
4315,2,9.81387,64,1,0,0,0.163702,0.020287,6.45725,774789
4316,2,9.82852,59,1,0,0,0.163539,0.019593,6.44391,774849
4317,2,9.64615,120,1,0,0,0.163375,0.021524,6.45617,774970
4318,2,-1.2,400,0,0,1,0.163212,0.020736,6.45889,775370
4319,2,-1.486,162,0,1,0,0.163049,0.018927,6.44479,775533
4320,2,9.871,45,1,0,0,0.162885,0.015385,6.4551,775579
4321,2,-1.681,227,0,1,0,0.162723,0.018676,6.43308,775807
4322,2,-1.2,400,0,0,1,0.16256,0.018579,6.41924,776207
4323,2,9.88279,41,1,0,0,0.162397,0.025081,6.44247,776249
4324,2,-1.3,100,0,1,0,0.162235,0.021316,6.41943,776350
4325,2,9.76927,79,1,0,0,0.162073,0.021791,6.4236,776430
4326,2,-1.933,311,0,1,0,0.161911,0.019757,6.4115,776742
4327,2,-1.144,48,0,1,0,0.161749,0.018872,6.40614,776791
4328,2,-1.456,152,0,1,0,0.161587,0.022339,6.40026,776944
4329,2,-1.243,81,0,1,0,0.161425,0.022717,6.40856,777026
4330,2,9.84679,53,1,0,0,0.161264,0.022693,6.38676,777080
4331,2,9.86193,48,1,0,0,0.161103,0.020851,6.39938,777129
4332,2,-1.66,220,0,1,0,0.160942,0.020367,6.39888,777350
4333,2,9.89829,36,1,0,0,0.160781,0.024924,6.41699,777387
4334,2,9.33533,224,1,0,0,0.16062,0.020781,6.39254,777612
4335,2,-1.2,400,0,0,1,0.160459,0.023502,6.37571,778012
4336,2,-1.258,86,0,1,0,0.160299,0.019467,6.37705,778099
4337,2,-1.231,77,0,1,0,0.160138,0.022413,6.38089,778177
4338,2,9.8647,47,1,0,0,0.159978,0.014129,6.37217,778225
4339,2,-1.525,175,0,1,0,0.159818,0.020301,6.37572,778401
4340,2,-1.204,68,0,1,0,0.159659,0.018944,6.36534,778470
4341,2,-1.264,88,0,1,0,0.159499,0.022604,6.35704,778559
4342,2,-1.2,400,0,0,1,0.159339,0.022087,6.3653,778959
4343,2,9.89452,37,1,0,0,0.15918,0.02329,6.33914,778997
4344,2,-1.2,400,0,0,1,0.159021,0.020462,6.35731,779397
4345,2,-1.2,400,0,0,1,0.158862,0.020189,6.34602,779797
4346,2,-1.2,400,0,0,1,0.158703,0.020729,6.33078,780197
4347,2,9.64881,119,1,0,0,0.158544,0.022872,6.33338,780317
4348,2,9.64858,119,1,0,0,0.158386,0.022063,6.30799,780437
4349,2,9.6012,135,1,0,0,0.158227,0.024829,6.30577,780573
4350,2,9.80188,68,1,0,0,0.158069,0.017408,6.3265,780642
4351,2,9.36377,214,1,0,0,0.157911,0.020166,6.30589,780857
4352,2,-1.081,27,0,1,0,0.157753,0.018814,6.31948,780885
4353,2,9.51706,163,1,0,0,0.157595,0.01776,6.31106,781049
4354,2,-1.03,10,0,1,0,0.157438,0.021,6.28297,781060
4355,2,-1.183,61,0,1,0,0.15728,0.018032,6.30678,781122
4356,2,9.85299,51,1,0,0,0.157123,0.019326,6.30149,781174
4357,2,9.85884,49,1,0,0,0.156966,0.017464,6.2947,781224
4358,2,9.85302,51,1,0,0,0.156809,0.020342,6.29095,781276
4359,2,-1.207,69,0,1,0,0.156652,0.019728,6.31079,781346
4360,2,9.81087,65,1,0,0,0.156495,0.018003,6.30743,781412
4361,2,9.90996,32,1,0,0,0.156339,0.022306,6.27798,781445
4362,2,9.28226,242,1,0,0,0.156183,0.019099,6.29493,781688
4363,2,9.78103,75,1,0,0,0.156026,0.01979,6.30176,781764
4364,2,-1.2,400,0,0,1,0.15587,0.019238,6.28895,782164
4365,2,9.87364,44,1,0,0,0.155715,0.025506,6.28203,782209
4366,2,-1.2,400,0,0,1,0.155559,0.021792,6.27042,782609
4367,2,-1.243,81,0,1,0,0.155403,0.020077,6.27587,782691
4368,2,-1.567,189,0,1,0,0.155248,0.017909,6.26431,782881
4369,2,-1.615,205,0,1,0,0.155093,0.020117,6.25569,783087
4370,2,9.84096,55,1,0,0,0.154938,0.02425,6.28,783143
4371,2,-2.137,379,0,1,0,0.154783,0.020012,6.25253,783523
4372,2,-1.471,157,0,1,0,0.154628,0.02173,6.25797,783681
4373,2,-1.426,142,0,1,0,0.154473,0.02137,6.25563,783824
4374,2,-2.14,380,0,1,0,0.154319,0.019138,6.24459,784205
4375,2,9.71485,97,1,0,0,0.154164,0.017531,6.23696,784303
4376,2,-1.261,87,0,1,0,0.15401,0.018274,6.25622,784391
4377,2,-1.123,41,0,1,0,0.153856,0.012433,6.23236,784433
4378,2,-1.036,12,0,1,0,0.153702,0.028343,6.2085,784446
4379,2,-1.2,400,0,0,1,0.153549,0.018567,6.24277,784846
4380,2,9.92529,27,1,0,0,0.153395,0.015188,6.23669,784874
4381,2,9.88287,41,1,0,0,0.153242,0.01724,6.23153,784916
4382,2,-1.036,12,0,1,0,0.153089,0.0203,6.20627,784929
4383,2,-1.204,68,0,1,0,0.152935,0.019556,6.24136,784998
4384,2,-1.318,106,0,1,0,0.152782,0.021937,6.22592,785105
4385,2,9.87045,45,1,0,0,0.15263,0.023224,6.23038,785151
4386,2,-1.108,36,0,1,0,0.152477,0.016571,6.24679,785188
4387,2,-1.456,152,0,1,0,0.152325,0.020124,6.21732,785341
4388,2,-1.414,138,0,1,0,0.152172,0.022497,6.22479,785480
4389,2,-1.414,138,0,1,0,0.15202,0.020252,6.22492,785619
4390,2,9.85599,50,1,0,0,0.151868,0.018326,6.22591,785670
4391,2,-1.072,24,0,1,0,0.151716,0.023169,6.2106,785695
4392,2,-1.342,114,0,1,0,0.151564,0.020671,6.22482,785810
4393,2,-1.186,62,0,1,0,0.151413,0.021225,6.22476,785873
4394,2,9.7806,75,1,0,0,0.151262,0.021317,6.22993,785949
4395,2,-1.2,400,0,0,1,0.15111,0.01969,6.21858,786349
4396,2,-1.2,400,0,0,1,0.150959,0.020402,6.20525,786749
4397,2,-1.2,400,0,0,1,0.150808,0.019792,6.1905,787149
4398,2,9.91005,32,1,0,0,0.150657,0.016676,6.19501,787182
4399,2,-1.342,114,0,1,0,0.150507,0.015171,6.19736,787297
4400,2,9.70276,101,1,0,0,0.150356,0.019789,6.18575,787399
4401,2,-1.2,400,0,0,1,0.150206,0.019778,6.17784,787799
4402,2,9.85594,50,1,0,0,0.150056,0.024498,6.19114,787850
4403,2,-1.573,191,0,1,0,0.149906,0.017785,6.18843,788042
4404,2,9.82866,59,1,0,0,0.149756,0.014156,6.15884,788102
4405,2,9.89459,37,1,0,0,0.149606,0.014032,6.17965,788140
4406,2,-1.219,73,0,1,0,0.149456,0.021072,6.18536,788214
4407,2,-1.669,223,0,1,0,0.149307,0.018938,6.17925,788438
4408,2,9.84366,54,1,0,0,0.149158,0.011969,6.15447,788493
4409,2,9.91876,29,1,0,0,0.149008,0.014098,6.16874,788523
4410,2,-1.261,87,0,1,0,0.148859,0.018354,6.18103,788611
4411,2,9.82585,60,1,0,0,0.148711,0.020768,6.18097,788672
4412,2,-1.651,217,0,1,0,0.148562,0.018431,6.16683,788890
4413,2,9.80206,68,1,0,0,0.148413,0.023301,6.17242,788959
4414,2,-1.2,400,0,0,1,0.148265,0.019668,6.15742,789359
4415,2,9.74509,87,1,0,0,0.148117,0.019917,6.14543,789447
4416,2,-1.2,400,0,0,1,0.147968,0.01896,6.1551,789847
4417,2,9.88344,41,1,0,0,0.14782,0.024192,6.14154,789889
4418,2,9.89766,36,1,0,0,0.147673,0.016469,6.16913,789926
4419,2,9.74477,87,1,0,0,0.147525,0.014461,6.15669,790014
4420,2,9.73269,91,1,0,0,0.147377,0.024573,6.16126,790106
4421,2,9.5713,145,1,0,0,0.14723,0.019738,6.15738,790252
4422,2,9.87743,43,1,0,0,0.147083,0.021725,6.15721,790296
4423,2,9.90956,32,1,0,0,0.146936,0.017367,6.15705,790329
4424,2,9.87064,45,1,0,0,0.146789,0.018676,6.15458,790375
4425,2,-2.107,369,0,1,0,0.146642,0.018605,6.15444,790745
4426,2,-1.156,52,0,1,0,0.146495,0.016455,6.1434,790798
4427,2,-1.2,400,0,0,1,0.146349,0.018496,6.13992,791198
4428,2,-1.099,33,0,1,0,0.146203,0.019454,6.13891,791232
4429,2,-1.144,48,0,1,0,0.146056,0.018709,6.13806,791281
4430,2,9.91259,31,1,0,0,0.14591,0.024035,6.13817,791313
4431,2,9.91109,32,1,0,0,0.145764,0.019109,6.11321,791346
4432,2,9.88936,39,1,0,0,0.145619,0.016793,6.14318,791386
4433,2,-1.402,134,0,1,0,0.145473,0.016014,6.13598,791521
4434,2,-1.2,400,0,0,1,0.145328,0.019692,6.14226,791921
4435,2,-1.2,400,0,0,1,0.145182,0.019118,6.15065,792321
4436,2,-1.06,20,0,1,0,0.145037,0.012182,6.13286,792342
4437,2,9.8435,54,1,0,0,0.144892,0.019583,6.14716,792397
4438,2,-1.2,400,0,0,1,0.144747,0.019668,6.1296,792797
4439,2,-1.2,400,0,0,1,0.144602,0.021904,6.11025,793197
4440,2,-1.2,400,0,0,1,0.144458,0.016903,6.08092,793597
4441,2,9.78453,74,1,0,0,0.144313,0.021707,6.06306,793672
4442,2,9.83818,56,1,0,0,0.144169,0.015173,6.07337,793729
4443,2,9.90711,33,1,0,0,0.144025,0.026876,6.06574,793763
4444,2,9.76394,81,1,0,0,0.143881,0.023164,6.08331,793845
4445,2,9.9188,29,1,0,0,0.143737,0.017023,6.06661,793875
4446,2,9.77791,76,1,0,0,0.143593,0.018798,6.07922,793952
4447,2,-1.2,400,0,0,1,0.14345,0.017747,6.0859,794352
4448,2,-1.345,115,0,1,0,0.143306,0.018864,6.07506,794468
4449,2,-1.237,79,0,1,0,0.143163,0.018675,6.08764,794548
4450,2,9.81964,62,1,0,0,0.14302,0.019377,6.07622,794611
4451,2,-1.2,400,0,0,1,0.142877,0.019902,6.07265,795011
4452,2,9.9218,28,1,0,0,0.142734,0.019809,6.05405,795040
4453,2,-1.594,198,0,1,0,0.142591,0.016589,6.07218,795239
4454,2,-1.279,93,0,1,0,0.142448,0.016131,6.07911,795333
4455,2,9.92225,28,1,0,0,0.142306,0.01959,6.05353,795362
4456,2,9.7539,84,1,0,0,0.142164,0.016677,6.06745,795447
4457,2,-1.2,400,0,0,1,0.142022,0.018925,6.0706,795847
4458,2,9.62171,128,1,0,0,0.14188,0.018802,6.06943,795976
4459,2,9.61882,129,1,0,0,0.141738,0.017722,6.06426,796106
4460,2,-1.105,35,0,1,0,0.141596,0.023128,6.05507,796142
4461,2,9.86834,46,1,0,0,0.141454,0.019809,6.06511,796189
4462,2,9.91621,30,1,0,0,0.141313,0.022501,6.07129,796220
4463,2,9.90068,35,1,0,0,0.141172,0.019378,6.06055,796256
4464,2,-1.2,400,0,0,1,0.14103,0.018835,6.0647,796656
4465,2,-1.105,35,0,1,0,0.140889,0.020334,6.07811,796692
4466,2,-1.2,400,0,0,1,0.140748,0.019203,6.05927,797092
4467,2,-1.084,28,0,1,0,0.140608,0.017879,6.06796,797121
4468,2,9.91919,29,1,0,0,0.140467,0.01493,6.05257,797151
4469,2,9.10012,302,1,0,0,0.140327,0.019873,6.05835,797454
4470,2,9.74218,88,1,0,0,0.140186,0.016327,6.07168,797543
4471,2,-1.2,400,0,0,1,0.140046,0.019818,6.06411,797943
4472,2,-1.162,54,0,1,0,0.139906,0.017175,6.08541,797998
4473,2,9.93069,25,1,0,0,0.139766,0.020026,6.06684,798024
4474,2,-1.276,92,0,1,0,0.139626,0.020644,6.06881,798117
4475,2,9.91912,29,1,0,0,0.139487,0.018316,6.05639,798147
4476,2,9.81079,65,1,0,0,0.139347,0.014243,6.05529,798213
4477,2,-1.126,42,0,1,0,0.139208,0.021244,6.05831,798256
4478,2,9.85899,49,1,0,0,0.139069,0.023317,6.08418,798306
4479,2,9.70058,102,1,0,0,0.13893,0.018641,6.07621,798409
4480,2,-1.879,293,0,1,0,0.138791,0.017739,6.04853,798703
4481,2,9.83208,58,1,0,0,0.138652,0.016185,6.05884,798762
4482,2,9.90356,34,1,0,0,0.138513,0.017419,6.05413,798797
4483,2,-1.2,400,0,0,1,0.138375,0.019919,6.04794,799197
4484,2,9.94024,22,1,0,0,0.138236,0.013195,6.07534,799220
4485,2,-1.2,400,0,0,1,0.138098,0.018759,6.03175,799620
4486,2,9.7089,99,1,0,0,0.13796,0.015864,6.03292,799720
4487,2,-1.165,55,0,1,0,0.137822,0.021347,6.06227,799776
4488,2,9.88895,39,1,0,0,0.137684,0.015865,6.04715,799816
4489,2,9.76904,79,1,0,0,0.137547,0.01883,6.02851,799896
4490,2,9.87026,45,1,0,0,0.137409,0.017532,6.00718,799942
4491,2,9.53494,157,1,0,0,0.137272,0.019576,6.02214,800100
4492,2,-1.147,49,0,1,0,0.137134,0.011138,6.0201,800150
4493,2,9.83193,58,1,0,0,0.136997,0.021714,6.0467,800209
4494,2,-1.2,400,0,0,1,0.13686,0.017025,6.02776,800609
4495,2,-1.2,400,0,0,1,0.136723,0.01665,6.02129,801009
4496,2,9.8017,68,1,0,0,0.136587,0.015584,6.02513,801078
4497,2,-1.306,102,0,1,0,0.13645,0.015259,6.01268,801181
4498,2,-1.2,400,0,0,1,0.136314,0.019174,6.01012,801581
4499,2,9.92508,27,1,0,0,0.136177,0.017211,6.02254,801609
4500,2,9.89793,36,1,0,0,0.136041,0.021546,6.03347,801646
4501,2,-1.375,125,0,1,0,0.135905,0.02073,6.02138,801772
4502,2,-1.063,21,0,1,0,0.135769,0.0251,5.99475,801794
4503,2,9.85226,51,1,0,0,0.135633,0.021279,6.03662,801846
4504,2,-1.114,38,0,1,0,0.135498,0.014903,6.00429,801885
4505,2,-1.894,298,0,1,0,0.135362,0.018028,6.02266,802184
4506,2,-1.132,44,0,1,0,0.135227,0.017989,6.00693,802229
4507,2,9.87983,42,1,0,0,0.135092,0.01698,6.00036,802272
4508,2,9.87674,43,1,0,0,0.134957,0.022762,5.98576,802316
4509,2,9.87453,44,1,0,0,0.134822,0.008286,6.00033,802361
4510,2,-1.2,400,0,0,1,0.134687,0.019568,6.00761,802761
4511,2,9.76275,81,1,0,0,0.134552,0.018108,6.0198,802843
4512,2,9.86744,46,1,0,0,0.134418,0.018246,6.021,802890
4513,2,-1.2,400,0,0,1,0.134283,0.01835,6.01449,803290
4514,2,9.77193,78,1,0,0,0.134149,0.015886,6.02349,803369
4515,2,9.93098,25,1,0,0,0.134015,0.013987,6.01047,803395
4516,2,-1.2,400,0,0,1,0.133881,0.018166,6.00927,803795
4517,2,9.88874,39,1,0,0,0.133747,0.020547,6.00273,803835
4518,2,-1.2,400,0,0,1,0.133613,0.02032,6.00141,804235
4519,2,9.90654,33,1,0,0,0.133479,0.014305,5.99799,804269
4520,2,-1.045,15,0,1,0,0.133346,0.020629,6.01796,804285
4521,2,9.89486,37,1,0,0,0.133213,0.012219,6.00542,804323
4522,2,9.87403,44,1,0,0,0.133079,0.022934,6.00705,804368
4523,2,-1.2,400,0,0,1,0.132946,0.018232,5.99355,804768
4524,2,9.88256,41,1,0,0,0.132813,0.013765,6.00074,804810
4525,2,9.43913,189,1,0,0,0.132681,0.018304,5.99001,805000
4526,2,-1.585,195,0,1,0,0.132548,0.017298,6.0007,805196
4527,2,9.85263,51,1,0,0,0.132415,0.017905,5.98414,805248
4528,2,-1.051,17,0,1,0,0.132283,0.023414,6.04204,805266
4529,2,9.70023,102,1,0,0,0.132151,0.018271,6.01552,805369
4530,2,9.9123,31,1,0,0,0.132019,0.016648,6.00168,805401
4531,2,9.84053,55,1,0,0,0.131886,0.016026,5.991,805457
4532,2,-1.066,22,0,1,0,0.131755,0.018359,6.03223,805480
4533,2,-1.2,400,0,0,1,0.131623,0.017733,5.9924,805880
4534,2,9.94012,22,1,0,0,0.131491,0.016351,5.96445,805903
4535,2,9.85581,50,1,0,0,0.13136,0.024309,5.97795,805954
4536,2,9.92158,28,1,0,0,0.131228,0.026889,6.00162,805983
4537,2,-1.072,24,0,1,0,0.131097,0.010532,5.99,806008
4538,2,9.94633,20,1,0,0,0.130966,0.015989,6.00527,806029
4539,2,-1.051,17,0,1,0,0.130835,0.019497,5.98069,806047
4540,2,-1.2,400,0,0,1,0.130704,0.019463,5.9799,806447
4541,2,9.90109,35,1,0,0,0.130574,0.023387,6.00885,806483
4542,2,9.88571,40,1,0,0,0.130443,0.020391,5.96971,806524
4543,2,9.85016,52,1,0,0,0.130313,0.01893,5.98022,806577
4544,2,9.3783,209,1,0,0,0.130182,0.01792,5.99067,806787
4545,2,9.81671,63,1,0,0,0.130052,0.017568,5.98658,806851
4546,2,9.78671,73,1,0,0,0.129922,0.025316,5.97174,806925
4547,2,9.81706,63,1,0,0,0.129792,0.015892,5.97726,806989
4548,2,9.8167,63,1,0,0,0.129662,0.014323,5.98847,807053
4549,2,9.6247,127,1,0,0,0.129533,0.018065,5.97739,807181
4550,2,9.93997,22,1,0,0,0.129403,0.017151,6.02966,807204
4551,2,-1.9,300,0,1,0,0.129274,0.018536,5.98306,807505
4552,2,-1.2,400,0,0,1,0.129144,0.017411,5.98193,807905
4553,2,-1.2,400,0,0,1,0.129015,0.019503,5.96891,808305
4554,2,9.46897,179,1,0,0,0.128886,0.020213,5.9896,808485
4555,2,9.84098,55,1,0,0,0.128757,0.018204,5.97786,808541
4556,2,9.85023,52,1,0,0,0.128629,0.013289,5.98647,808594
4557,2,9.93667,23,1,0,0,0.1285,0.019921,5.98164,808618
4558,2,-1.075,25,0,1,0,0.128371,0.019473,5.99877,808644
4559,2,9.7504,85,1,0,0,0.128243,0.021837,5.95882,808730
4560,2,9.85257,51,1,0,0,0.128115,0.016219,5.99181,808782
4561,2,9.84996,52,1,0,0,0.127987,0.017503,5.96237,808835
4562,2,-1.267,89,0,1,0,0.127859,0.019736,5.97161,808925
4563,2,9.86734,46,1,0,0,0.127731,0.009951,5.9858,808972
4564,2,-1.888,296,0,1,0,0.127603,0.018258,5.99239,809269
4565,2,-1.2,400,0,0,1,0.127476,0.018099,5.99478,809669
4566,2,-1.234,78,0,1,0,0.127348,0.020129,6.00861,809748
4567,2,9.75045,85,1,0,0,0.127221,0.02303,5.9881,809834
4568,2,9.81364,64,1,0,0,0.127094,0.012052,5.99025,809899
4569,2,9.77559,77,1,0,0,0.126966,0.017939,5.97281,809977
4570,2,-1.039,13,0,1,0,0.126839,0.03167,5.99735,809991
4571,2,9.87379,44,1,0,0,0.126713,0.019412,5.98937,810036
4572,2,-1.774,258,0,1,0,0.126586,0.018547,6.00705,810295
4573,2,9.89507,37,1,0,0,0.126459,0.012048,6.01689,810333
4574,2,-1.2,400,0,0,1,0.126333,0.019825,6.0021,810733
4575,2,9.69707,103,1,0,0,0.126207,0.024778,5.99541,810837
4576,2,8.85116,385,1,0,0,0.12608,0.019881,5.99294,811223
4577,2,9.90385,34,1,0,0,0.125954,0.022428,5.99658,811258
4578,2,9.48631,173,1,0,0,0.125828,0.018047,5.99125,811432
4579,2,-1.819,273,0,1,0,0.125702,0.01938,5.99139,811706
4580,2,9.87618,43,1,0,0,0.125577,0.019022,5.96439,811750
4581,2,-1.027,9,0,1,0,0.125451,0.025406,6.02539,811760
4582,2,9.7362,90,1,0,0,0.125326,0.021652,6.00624,811851
4583,2,-1.123,41,0,1,0,0.1252,0.015978,6.00231,811893
4584,2,-1.339,113,0,1,0,0.125075,0.017658,5.99918,812007
4585,2,-1.027,9,0,1,0,0.12495,0.020638,6.03148,812017
4586,2,9.84095,55,1,0,0,0.124825,0.021437,6.00857,812073
4587,2,9.90749,33,1,0,0,0.1247,0.022088,5.98922,812107
4588,2,9.93067,25,1,0,0,0.124576,0.019554,6.0052,812133
4589,2,-1.231,77,0,1,0,0.124451,0.020939,5.99224,812211
4590,2,9.86169,48,1,0,0,0.124327,0.019235,6.02215,812260
4591,2,9.48732,173,1,0,0,0.124202,0.017783,5.99504,812434
4592,2,9.88307,41,1,0,0,0.124078,0.025271,6.01193,812476
4593,2,9.89153,38,1,0,0,0.123954,0.020429,5.99281,812515
4594,2,-1.267,89,0,1,0,0.12383,0.016978,6.01218,812605
4595,2,-1.027,9,0,1,0,0.123706,0.013292,5.98272,812615
4596,2,9.9276,26,1,0,0,0.123583,0.019581,6.00579,812642
4597,2,9.8409,55,1,0,0,0.123459,0.019497,6.01029,812698
4598,2,9.80567,67,1,0,0,0.123335,0.018985,6.0275,812766
4599,2,9.85238,51,1,0,0,0.123212,0.019424,5.99374,812818
4600,2,-1.2,400,0,0,1,0.123089,0.016373,6.00294,813218
4601,2,9.89518,37,1,0,0,0.122966,0.016612,5.98364,813256
4602,2,-1.2,400,0,0,1,0.122843,0.019206,5.98429,813656
4603,2,9.70592,100,1,0,0,0.12272,0.012953,5.99104,813757
4604,2,9.87654,43,1,0,0,0.122597,0.020608,5.94978,813801
4605,2,9.90935,32,1,0,0,0.122475,0.015463,5.97632,813834
4606,2,9.91584,30,1,0,0,0.122352,0.023826,5.97239,813865
4607,2,9.88884,39,1,0,0,0.12223,0.010932,5.95329,813905
4608,2,9.85623,50,1,0,0,0.122108,0.010196,5.9763,813956
4609,2,9.92474,27,1,0,0,0.121986,0.018078,5.97529,813984
4610,2,-1.2,400,0,0,1,0.121864,0.020282,5.98799,814384
4611,2,-1.225,75,0,1,0,0.121742,0.029551,5.99639,814460
4612,2,9.79281,71,1,0,0,0.12162,0.014057,5.99267,814532
4613,2,-1.819,273,0,1,0,0.121498,0.018348,5.97928,814806
4614,2,9.63627,123,1,0,0,0.121377,0.019093,5.98961,814930
4615,2,9.87956,42,1,0,0,0.121255,0.01548,6.00417,814973
4616,2,9.7515,85,1,0,0,0.121134,0.019308,6.00374,815059
4617,2,9.67257,111,1,0,0,0.121013,0.014728,6.00318,815171
4618,2,-1.066,22,0,1,0,0.120892,0.016439,5.97192,815194
4619,2,-1.042,14,0,1,0,0.120771,0.02168,6.04275,815209
4620,2,9.82283,61,1,0,0,0.12065,0.023724,5.98986,815271
4621,2,9.72633,93,1,0,0,0.12053,0.018062,6.00841,815365
4622,2,9.44748,186,1,0,0,0.120409,0.017622,5.9929,815552
4623,2,9.91915,29,1,0,0,0.120289,0.018981,6.01935,815582
4624,2,9.91573,30,1,0,0,0.120169,0.017284,6.03225,815613
4625,2,9.75347,84,1,0,0,0.120048,0.015908,5.99228,815698
4626,2,9.83208,58,1,0,0,0.119928,0.017492,6.03183,815757
4627,2,9.87083,45,1,0,0,0.119808,0.015531,6.01303,815803
4628,2,9.81063,65,1,0,0,0.119689,0.012577,6.01981,815869
4629,2,9.7928,71,1,0,0,0.119569,0.015044,6.02008,815941
4630,2,9.90072,35,1,0,0,0.119449,0.016782,5.99398,815977
4631,2,-1.291,97,0,1,0,0.11933,0.015545,6.02259,816075
4632,2,-1.2,400,0,0,1,0.119211,0.017738,6.01719,816475
4633,2,-1.216,72,0,1,0,0.119091,0.014814,6.01444,816548
4634,2,9.92497,27,1,0,0,0.118972,0.012019,5.95203,816576
4635,2,9.86491,47,1,0,0,0.118853,0.016067,5.99735,816624
4636,2,9.87352,44,1,0,0,0.118734,0.017518,6.01626,816669
4637,2,9.93054,25,1,0,0,0.118616,0.017671,6.07443,816695
4638,2,9.92179,28,1,0,0,0.118497,0.015902,6.01002,816724
4639,2,9.87979,42,1,0,0,0.118379,0.016572,6.04611,816767
4640,2,9.87141,45,1,0,0,0.11826,0.024198,6.0325,816813
4641,2,9.93373,24,1,0,0,0.118142,0.0195,6.08827,816838
4642,2,9.90112,35,1,0,0,0.118024,0.026926,6.01931,816874
4643,2,9.91868,29,1,0,0,0.117906,0.023217,6.00843,816904
4644,2,-2.191,397,0,1,0,0.117788,0.017511,6.03027,817302
4645,2,9.15998,282,1,0,0,0.11767,0.019664,6.01931,817585
4646,2,9.86789,46,1,0,0,0.117552,0.016606,6.02639,817632
4647,2,-1.2,400,0,0,1,0.117435,0.01828,6.02868,818032
4648,2,9.8802,42,1,0,0,0.117317,0.019486,6.00288,818075
4649,2,9.88321,41,1,0,0,0.1172,0.012346,6.03979,818117
4650,2,-1.2,400,0,0,1,0.117083,0.017,6.02556,818517
4651,2,9.87951,42,1,0,0,0.116966,0.018565,6.00586,818560
4652,2,9.8952,37,1,0,0,0.116849,0.017806,6.06865,818598
4653,2,9.7564,83,1,0,0,0.116732,0.017133,6.03865,818682
4654,2,9.55133,159,1,0,0,0.116615,0.01604,6.04501,818842
4655,2,-1.216,72,0,1,0,0.116499,0.018959,6.06158,818915
4656,2,9.55582,150,1,0,0,0.116382,0.016899,6.05041,819066
4657,2,9.9164,30,1,0,0,0.116266,0.015234,6.05738,819097
4658,2,-1.321,107,0,1,0,0.116149,0.017732,6.03241,819205
4659,2,9.79585,70,1,0,0,0.116033,0.01516,6.04117,819276
4660,2,9.88856,39,1,0,0,0.115917,0.013759,6.06047,819316
4661,2,9.90994,32,1,0,0,0.115801,0.014208,6.05238,819349
4662,2,-1.2,400,0,0,1,0.115686,0.01613,6.04077,819749
4663,2,9.84058,55,1,0,0,0.11557,0.018466,6.04528,819805
4664,2,9.92153,28,1,0,0,0.115454,0.029831,6.04739,819834
4665,2,9.93641,23,1,0,0,0.115339,0.016994,6.04347,819858
4666,2,9.79001,72,1,0,0,0.115224,0.018857,6.03641,819931
4667,2,9.78098,75,1,0,0,0.115108,0.014027,6.07545,820007
4668,2,9.90695,33,1,0,0,0.114993,0.016329,6.02773,820041
4669,2,9.93723,23,1,0,0,0.114878,0.018598,6.06816,820065
4670,2,9.90396,34,1,0,0,0.114763,0.021535,6.03387,820100
4671,2,9.06396,314,1,0,0,0.114649,0.019409,6.05184,820415
4672,2,9.90949,32,1,0,0,0.114534,0.01576,6.07409,820448
4673,2,9.92769,26,1,0,0,0.114419,0.010163,6.05095,820475
4674,2,-1.282,94,0,1,0,0.114305,0.019249,6.06621,820570
4675,2,-1.12,40,0,1,0,0.114191,0.01901,6.0573,820611
4676,2,-1.594,198,0,1,0,0.114076,0.018553,6.06723,820810
4677,2,9.6307,125,1,0,0,0.113962,0.014623,6.05253,820936
4678,2,9.72371,94,1,0,0,0.113848,0.015305,6.06015,821031
4679,2,9.8109,65,1,0,0,0.113735,0.02112,6.07322,821097
4680,2,9.68455,107,1,0,0,0.113621,0.020528,6.07108,821205
4681,2,9.91001,32,1,0,0,0.113507,0.01941,6.06318,821238
4682,2,9.75967,82,1,0,0,0.113394,0.016922,6.10143,821321
4683,2,9.82624,60,1,0,0,0.11328,0.016508,6.10545,821382
4684,2,-1.2,400,0,0,1,0.113167,0.018644,6.08454,821782
4685,2,9.90703,33,1,0,0,0.113054,0.020864,6.1042,821816
4686,2,9.80502,67,1,0,0,0.112941,0.016524,6.07206,821884
4687,2,9.89454,37,1,0,0,0.112828,0.018817,6.10736,821922
4688,2,9.87094,45,1,0,0,0.112715,0.01079,6.08937,821968
4689,2,9.90039,35,1,0,0,0.112602,0.014714,6.13025,822004
4690,2,9.82632,60,1,0,0,0.11249,0.021792,6.11033,822065
4691,2,-1.03,10,0,1,0,0.112377,0.021059,6.07531,822076
4692,2,-1.2,400,0,0,1,0.112265,0.017629,6.10946,822476
4693,2,-1.2,400,0,0,1,0.112153,0.018637,6.11649,822876
4694,2,9.91278,31,1,0,0,0.11204,0.023641,6.16563,822908
4695,2,9.78727,73,1,0,0,0.111928,0.019063,6.10063,822982
4696,2,-1.048,16,0,1,0,0.111816,0.021932,6.12387,822999
4697,2,9.85913,49,1,0,0,0.111705,0.023828,6.11439,823049
4698,2,9.93993,22,1,0,0,0.111593,0.020246,6.10094,823072
4699,2,9.27347,246,1,0,0,0.111481,0.018907,6.12477,823319
4700,2,-1.102,34,0,1,0,0.11137,0.018483,6.12177,823354
4701,2,9.92217,28,1,0,0,0.111259,0.015257,6.14431,823383
4702,2,9.8346,57,1,0,0,0.111147,0.022415,6.11184,823441
4703,2,9.90967,32,1,0,0,0.111036,0.021835,6.11382,823474
4704,2,9.91291,31,1,0,0,0.110925,0.019418,6.10476,823506
4705,2,-1.009,3,0,1,0,0.110814,0.024518,6.11909,823510
4706,2,9.91246,31,1,0,0,0.110703,0.01719,6.14152,823542
4707,2,9.86505,47,1,0,0,0.110593,0.021868,6.14359,823590
4708,2,-1.2,400,0,0,1,0.110482,0.018165,6.13396,823990
4709,2,9.88007,42,1,0,0,0.110372,0.017599,6.10286,824033
4710,2,9.80782,66,1,0,0,0.110261,0.018703,6.13142,824100
4711,2,-1.48,160,0,1,0,0.110151,0.017662,6.13566,824261
4712,2,-1.2,400,0,0,1,0.110041,0.019524,6.1349,824661
4713,2,9.85899,49,1,0,0,0.109931,0.012505,6.13174,824711
4714,2,9.72974,92,1,0,0,0.109821,0.015791,6.12693,824804
4715,2,9.79641,70,1,0,0,0.109711,0.016943,6.12608,824875
4716,2,9.94312,21,1,0,0,0.109601,0.020656,6.14965,824897
4717,2,9.63932,122,1,0,0,0.109492,0.017331,6.14473,825020
4718,2,9.87378,44,1,0,0,0.109382,0.020442,6.15181,825065
4719,2,-1.051,17,0,1,0,0.109273,0.017677,6.16766,825083
4720,2,9.78709,73,1,0,0,0.109164,0.021148,6.16026,825157
4721,2,-1.2,400,0,0,1,0.109054,0.020441,6.16139,825557
4722,2,-1.465,155,0,1,0,0.108945,0.016363,6.1667,825713
4723,2,-1.204,68,0,1,0,0.108836,0.013814,6.16693,825782
4724,2,-1.2,400,0,0,1,0.108728,0.020588,6.14918,826182
4725,2,9.78921,72,1,0,0,0.108619,0.01719,6.14728,826255
4726,2,9.90434,34,1,0,0,0.10851,0.019672,6.13736,826290
4727,2,9.88866,39,1,0,0,0.108402,0.013847,6.1552,826330
4728,2,-1.2,400,0,0,1,0.108293,0.01539,6.15564,826730
4729,2,9.78095,75,1,0,0,0.108185,0.019283,6.14763,826806
4730,2,9.84957,52,1,0,0,0.108077,0.017616,6.17989,826859
4731,2,9.88923,39,1,0,0,0.107969,0.026779,6.14583,826899
4732,2,9.85309,51,1,0,0,0.107861,0.017122,6.19573,826951
4733,2,9.8527,51,1,0,0,0.107753,0.015218,6.21291,827003
4734,2,9.83784,56,1,0,0,0.107645,0.018555,6.19476,827060
4735,2,9.90981,32,1,0,0,0.107537,0.01381,6.23509,827093
4736,2,9.88228,41,1,0,0,0.10743,0.01715,6.20501,827135
4737,2,9.93092,25,1,0,0,0.107323,0.011705,6.19679,827161
4738,2,9.93984,22,1,0,0,0.107215,0.020184,6.1667,827184
4739,2,-1.075,25,0,1,0,0.107108,0.014249,6.21147,827210
4740,2,-1.453,151,0,1,0,0.107001,0.012004,6.17935,827362
4741,2,9.82003,62,1,0,0,0.106894,0.019997,6.19102,827425
4742,2,9.91025,32,1,0,0,0.106787,0.02293,6.15121,827458
4743,2,-1.2,400,0,0,1,0.10668,0.019677,6.18982,827858
4744,2,9.15329,284,1,0,0,0.106574,0.019331,6.18964,828143
4745,2,-1.048,16,0,1,0,0.106467,0.013162,6.20999,828160
4746,2,9.75968,82,1,0,0,0.10636,0.02078,6.21417,828243
4747,2,-1.12,40,0,1,0,0.106254,0.025427,6.18091,828284
4748,2,9.92241,28,1,0,0,0.106148,0.025549,6.21701,828313
4749,2,9.80501,67,1,0,0,0.106042,0.023242,6.20438,828381
4750,2,9.87959,42,1,0,0,0.105936,0.022959,6.22646,828424
4751,2,9.89796,36,1,0,0,0.10583,0.020706,6.24717,828461
4752,2,9.91826,29,1,0,0,0.105724,0.016002,6.21262,828491
4753,2,9.85928,49,1,0,0,0.105618,0.013813,6.21782,828541
4754,2,9.92177,28,1,0,0,0.105513,0.015158,6.22321,828570
4755,2,9.88875,39,1,0,0,0.105407,0.01771,6.26877,828610
4756,2,9.83239,58,1,0,0,0.105302,0.013556,6.21662,828669
4757,2,9.73845,89,1,0,0,0.105196,0.0191,6.24049,828759
4758,2,9.82903,59,1,0,0,0.105091,0.018213,6.23329,828819
4759,2,9.87341,44,1,0,0,0.104986,0.016134,6.27063,828864
4760,2,9.8917,38,1,0,0,0.104881,0.0169,6.26182,828903
4761,2,9.47458,177,1,0,0,0.104776,0.016984,6.23816,829081
4762,2,-1.147,49,0,1,0,0.104671,0.013169,6.22299,829131
4763,2,9.91895,29,1,0,0,0.104567,0.02135,6.18792,829161
4764,2,-1.081,27,0,1,0,0.104462,0.029369,6.21496,829189
4765,2,9.92478,27,1,0,0,0.104358,0.016281,6.22321,829217
4766,2,9.87082,45,1,0,0,0.104253,0.01444,6.25486,829263
4767,2,9.71157,98,1,0,0,0.104149,0.021291,6.23861,829362
4768,2,9.74185,88,1,0,0,0.104045,0.014225,6.24355,829451
4769,2,9.89804,36,1,0,0,0.103941,0.016427,6.23996,829488
4770,2,9.83193,58,1,0,0,0.103837,0.021367,6.22892,829547
4771,2,9.54431,154,1,0,0,0.103733,0.018961,6.26295,829702
4772,2,9.85253,51,1,0,0,0.103629,0.017973,6.24641,829754
4773,2,9.77815,76,1,0,0,0.103526,0.014291,6.25349,829831
4774,2,9.8646,47,1,0,0,0.103422,0.016388,6.26039,829879
4775,2,-1.189,63,0,1,0,0.103319,0.018497,6.2941,829943
4776,2,-1.15,50,0,1,0,0.103216,0.016647,6.28183,829994
4777,2,9.74803,86,1,0,0,0.103112,0.021532,6.31653,830081
4778,2,-1.2,400,0,0,1,0.103009,0.01709,6.30755,830481
4779,2,-1.474,158,0,1,0,0.102906,0.017457,6.25889,830640
4780,2,9.87703,43,1,0,0,0.102803,0.025065,6.29862,830684
4781,2,9.88003,42,1,0,0,0.1027,0.011745,6.2405,830727
4782,2,9.87326,44,1,0,0,0.102598,0.020348,6.29573,830772
4783,2,9.91606,30,1,0,0,0.102495,0.019206,6.27561,830803
4784,2,9.82567,60,1,0,0,0.102393,0.020128,6.26001,830864
4785,2,9.80834,66,1,0,0,0.10229,0.028295,6.26079,830931
4786,2,9.70585,100,1,0,0,0.102188,0.018599,6.26374,831032
4787,2,9.9251,27,1,0,0,0.102086,0.015843,6.31568,831060
4788,2,9.89478,37,1,0,0,0.101984,0.017512,6.29427,831098
4789,2,-1.21,70,0,1,0,0.101882,0.01808,6.26344,831169
4790,2,9.8526,51,1,0,0,0.10178,0.020111,6.29973,831221
4791,2,-1.147,49,0,1,0,0.101678,0.011342,6.2758,831271
4792,2,-1.168,56,0,1,0,0.101576,0.020185,6.29428,831328
4793,2,9.74508,87,1,0,0,0.101475,0.01912,6.2842,831416
4794,2,9.88571,40,1,0,0,0.101373,0.017973,6.25019,831457
4795,2,9.91309,31,1,0,0,0.101272,0.020383,6.3072,831489
4796,2,9.91291,31,1,0,0,0.101171,0.015115,6.30705,831521
4797,2,9.91267,31,1,0,0,0.10107,0.010545,6.24933,831553
4798,2,9.89225,38,1,0,0,0.100968,0.018766,6.27967,831592
4799,2,9.89174,38,1,0,0,0.100867,0.019561,6.27818,831631
4800,2,-1.885,295,0,1,0,0.100767,0.0165,6.27655,831927
4801,2,-1.2,400,0,0,1,0.100666,0.019432,6.28237,832327
4802,2,9.8707,45,1,0,0,0.100565,0.023824,6.24245,832373
4803,2,9.84382,54,1,0,0,0.100465,0.016738,6.263,832428
4804,2,9.75034,85,1,0,0,0.100364,0.017577,6.28814,832514
4805,2,9.92442,27,1,0,0,0.100264,0.015431,6.2713,832542
4806,2,9.78375,74,1,0,0,0.100164,0.020899,6.30533,832617
4807,2,-1.213,71,0,1,0,0.100063,0.018277,6.31247,832689
4808,2,-2.122,374,0,1,0,0.1,0.020834,6.29567,833064
4809,2,9.6548,117,1,0,0,0.1,0.016124,6.27089,833182
4810,2,9.85885,49,1,0,0,0.1,0.022504,6.31413,833232
4811,2,9.84381,54,1,0,0,0.1,0.027233,6.30884,833287
4812,2,9.92153,28,1,0,0,0.1,0.015902,6.28455,833316
4813,2,9.7895,72,1,0,0,0.1,0.020598,6.284,833389
4814,2,-1.18,60,0,1,0,0.1,0.024371,6.28112,833450
4815,2,-1.111,37,0,1,0,0.1,0.024086,6.26,833488
4816,2,9.88286,41,1,0,0,0.1,0.014203,6.29805,833530
4817,2,9.85558,50,1,0,0,0.1,0.018091,6.30496,833581
4818,2,9.85903,49,1,0,0,0.1,0.016921,6.28499,833631
4819,2,9.90381,34,1,0,0,0.1,0.024129,6.29097,833666
4820,2,9.9155,30,1,0,0,0.1,0.022971,6.3056,833697
4821,2,-2.197,399,0,1,0,0.1,0.01867,6.31955,834097
4822,2,9.79312,71,1,0,0,0.1,0.021351,6.34575,834169
4823,2,-1.345,115,0,1,0,0.1,0.020409,6.33659,834285
4824,2,9.91545,30,1,0,0,0.1,0.01316,6.31496,834316
4825,2,9.86781,46,1,0,0,0.1,0.019317,6.33507,834363
4826,2,9.88613,40,1,0,0,0.1,0.017777,6.34723,834404
4827,2,9.82601,60,1,0,0,0.1,0.022086,6.34963,834465
4828,2,9.90413,34,1,0,0,0.1,0.020235,6.31831,834500
4829,2,9.79858,69,1,0,0,0.1,0.016624,6.35552,834570
4830,2,-1.408,136,0,1,0,0.1,0.018719,6.33663,834707
4831,2,9.77477,77,1,0,0,0.1,0.025486,6.36832,834785
4832,2,9.93711,23,1,0,0,0.1,0.01635,6.33034,834809
4833,2,9.81106,65,1,0,0,0.1,0.020454,6.36049,834875
4834,2,9.89533,37,1,0,0,0.1,0.0226,6.3615,834913
4835,2,9.90964,32,1,0,0,0.1,0.020348,6.32593,834946
4836,2,9.92742,26,1,0,0,0.1,0.015429,6.34462,834973
4837,2,-1.159,53,0,1,0,0.1,0.016863,6.33439,835027
4838,2,9.93365,24,1,0,0,0.1,0.019903,6.35046,835052
4839,2,9.8679,46,1,0,0,0.1,0.018825,6.35342,835099
4840,2,9.78078,75,1,0,0,0.1,0.026515,6.38999,835175
4841,2,9.87972,42,1,0,0,0.1,0.023144,6.36986,835218
4842,2,9.92483,27,1,0,0,0.1,0.022402,6.36824,835246
4843,2,9.76005,82,1,0,0,0.1,0.019097,6.39304,835329
4844,2,9.84413,54,1,0,0,0.1,0.016297,6.35844,835384
4845,2,-1.2,400,0,0,1,0.1,0.018132,6.38709,835784
4846,2,-1.2,400,0,0,1,0.1,0.018348,6.38712,836184
4847,2,9.88897,39,1,0,0,0.1,0.021685,6.35539,836224
4848,2,-1.2,400,0,0,1,0.1,0.019457,6.39907,836624
4849,2,9.55836,149,1,0,0,0.1,0.019774,6.41384,836774
4850,2,9.85289,51,1,0,0,0.1,0.018389,6.46525,836826
4851,2,9.9189,29,1,0,0,0.1,0.026712,6.37171,836856
4852,2,9.89203,38,1,0,0,0.1,0.014904,6.46112,836895
4853,2,9.83176,58,1,0,0,0.1,0.015283,6.40659,836954
4854,2,-1.543,181,0,1,0,0.1,0.015759,6.41143,837136
4855,2,9.88573,40,1,0,0,0.1,0.02702,6.4152,837177
4856,2,-1.108,36,0,1,0,0.1,0.014605,6.47554,837214
4857,2,9.92231,28,1,0,0,0.1,0.0208,6.43898,837243
4858,2,9.91042,32,1,0,0,0.1,0.0184,6.42787,837276
4859,2,9.89757,36,1,0,0,0.1,0.024281,6.45238,837313
4860,2,9.83498,57,1,0,0,0.1,0.016403,6.45852,837371
4861,2,9.68182,108,1,0,0,0.1,0.024206,6.42295,837480
4862,2,9.1722,278,1,0,0,0.1,0.018346,6.44193,837759
4863,2,-1.129,43,0,1,0,0.1,0.018713,6.42753,837803
4864,2,9.84669,53,1,0,0,0.1,0.017298,6.45566,837857
4865,2,9.87096,45,1,0,0,0.1,0.021252,6.38914,837903
4866,2,9.91636,30,1,0,0,0.1,0.022326,6.39146,837934
4867,2,9.68745,106,1,0,0,0.1,0.024602,6.44415,838041
4868,2,9.8496,52,1,0,0,0.1,0.019775,6.46629,838094
4869,2,-1.039,13,0,1,0,0.1,0.024631,6.49462,838108
4870,2,-1.141,47,0,1,0,0.1,0.017887,6.44473,838156
4871,2,9.64027,122,1,0,0,0.1,0.018145,6.43807,838279
4872,2,-1.057,19,0,1,0,0.1,0.014149,6.4317,838299
4873,2,9.87814,43,1,0,0,0.1,0.014062,6.42743,838343
4874,2,9.87362,44,1,0,0,0.1,0.018069,6.47241,838388
4875,2,-1.075,25,0,1,0,0.1,0.025693,6.46946,838414
4876,2,-1.237,79,0,1,0,0.1,0.019605,6.47116,838494
4877,2,9.82903,59,1,0,0,0.1,0.013745,6.432,838554
4878,2,9.77473,77,1,0,0,0.1,0.021437,6.47283,838632
4879,2,9.85877,49,1,0,0,0.1,0.02641,6.44431,838682
4880,2,-1.096,32,0,1,0,0.1,0.020403,6.438,838715
4881,2,9.91639,30,1,0,0,0.1,0.023282,6.44414,838746
4882,2,-1.048,16,0,1,0,0.1,0.019024,6.46463,838763
4883,2,9.91904,29,1,0,0,0.1,0.02489,6.44618,838793
4884,2,9.59504,137,1,0,0,0.1,0.01922,6.46071,838931
4885,2,9.8977,36,1,0,0,0.1,0.020777,6.46476,838968
4886,2,9.82573,60,1,0,0,0.1,0.017914,6.46423,839029
4887,2,9.87103,45,1,0,0,0.1,0.02044,6.48219,839075
4888,2,9.93124,25,1,0,0,0.1,0.027968,6.43979,839101
4889,2,-1.2,400,0,0,1,0.1,0.016643,6.48216,839501
4890,2,9.83751,56,1,0,0,0.1,0.020928,6.49303,839558
4891,2,9.8015,68,1,0,0,0.1,0.016936,6.46802,839627
4892,2,9.91921,29,1,0,0,0.1,0.015801,6.45775,839657
4893,2,-1.057,19,0,1,0,0.1,0.023339,6.4719,839677
4894,2,9.90697,33,1,0,0,0.1,0.014453,6.48548,839711
4895,2,9.83507,57,1,0,0,0.1,0.02068,6.46862,839769
4896,2,9.90067,35,1,0,0,0.1,0.018251,6.46403,839805
4897,2,9.92832,26,1,0,0,0.1,0.01806,6.53582,839832
4898,2,9.90712,33,1,0,0,0.1,0.016483,6.5044,839866
4899,2,-1.159,53,0,1,0,0.1,0.02079,6.47618,839920
4900,2,9.92715,26,1,0,0,0.1,0.022734,6.53422,839947
4901,2,9.77499,77,1,0,0,0.1,0.020099,6.47495,840025
4902,2,9.78943,72,1,0,0,0.1,0.019223,6.48272,840098
4903,2,9.86185,48,1,0,0,0.1,0.017316,6.50819,840147
4904,2,-1.153,51,0,1,0,0.1,0.014021,6.50008,840199
4905,2,9.65783,116,1,0,0,0.1,0.021468,6.51237,840316
4906,2,9.90057,35,1,0,0,0.1,0.01822,6.51686,840352
4907,2,9.83147,58,1,0,0,0.1,0.021485,6.47152,840411
4908,2,9.77825,76,1,0,0,0.1,0.019862,6.4897,840488
4909,2,9.84939,52,1,0,0,0.1,0.021284,6.47822,840541
4910,2,9.77801,76,1,0,0,0.1,0.016591,6.49664,840618
4911,2,9.91243,31,1,0,0,0.1,0.02035,6.47199,840650
4912,2,9.75983,82,1,0,0,0.1,0.013333,6.46511,840733
4913,2,9.91299,31,1,0,0,0.1,0.014808,6.52084,840765
4914,2,9.817,63,1,0,0,0.1,0.026653,6.49858,840829
4915,2,9.79857,69,1,0,0,0.1,0.015619,6.51948,840899
4916,2,9.66122,115,1,0,0,0.1,0.020717,6.47925,841015
4917,2,9.82577,60,1,0,0,0.1,0.018369,6.53353,841076
4918,2,-1.228,76,0,1,0,0.1,0.018776,6.51122,841153
4919,2,9.85869,49,1,0,0,0.1,0.021754,6.51103,841203
4920,2,9.91582,30,1,0,0,0.1,0.028262,6.44733,841234
4921,2,9.907,33,1,0,0,0.1,0.017748,6.54485,841268
4922,2,9.87107,45,1,0,0,0.1,0.02048,6.44561,841314
4923,2,9.8113,65,1,0,0,0.1,0.023896,6.49222,841380
4924,2,9.7746,77,1,0,0,0.1,0.013296,6.4838,841458
4925,2,9.87683,43,1,0,0,0.1,0.019605,6.50282,841502
4926,2,9.91879,29,1,0,0,0.1,0.01299,6.57449,841532
4927,2,9.87362,44,1,0,0,0.1,0.023238,6.528,841577
4928,2,-1.13926,48,0,1,0,0.1,0.019415,6.52634,841626
4929,2,9.93406,24,1,0,0,0.1,0.017157,6.45513,841651
4930,2,-1.177,59,0,1,0,0.1,0.021005,6.49606,841711
4931,2,-1.057,19,0,1,0,0.1,0.015161,6.50196,841731
4932,2,9.81739,63,1,0,0,0.1,0.01898,6.51777,841795
4933,2,9.89459,37,1,0,0,0.1,0.017958,6.5262,841833
4934,2,9.92198,28,1,0,0,0.1,0.013402,6.50443,841862
4935,2,9.81714,63,1,0,0,0.1,0.016564,6.52357,841926
4936,2,9.8439,54,1,0,0,0.1,0.018544,6.51883,841981
4937,2,9.89226,38,1,0,0,0.1,0.019805,6.50447,842020
4938,2,9.91284,31,1,0,0,0.1,0.026127,6.56231,842052
4939,2,-1.2,400,0,0,1,0.1,0.017283,6.54323,842452
4940,2,9.88257,41,1,0,0,0.1,0.018842,6.57056,842494
4941,2,9.74449,87,1,0,0,0.1,0.0181,6.58007,842582
4942,2,9.90397,34,1,0,0,0.1,0.010246,6.55457,842617
4943,2,9.86417,47,1,0,0,0.1,0.016975,6.58192,842665
4944,2,-1.2,400,0,0,1,0.1,0.019892,6.56415,843065
4945,2,9.76275,81,1,0,0,0.1,0.017325,6.56632,843147
4946,2,9.76875,79,1,0,0,0.1,0.018716,6.57581,843227
4947,2,9.81119,65,1,0,0,0.1,0.019421,6.55329,843293
4948,2,9.9455,20,1,0,0,0.1,0.012906,6.53401,843314
4949,2,-1.2,400,0,0,1,0.1,0.018778,6.58448,843714
4950,2,-1.015,5,0,1,0,0.1,0.011749,6.57072,843720
4951,2,9.81983,62,1,0,0,0.1,0.014104,6.58415,843783
4952,2,9.90717,33,1,0,0,0.1,0.009421,6.57434,843817
4953,2,9.83493,57,1,0,0,0.1,0.014319,6.61011,843875
4954,2,9.89808,36,1,0,0,0.1,0.010517,6.6191,843912
4955,2,9.81388,64,1,0,0,0.1,0.018612,6.61405,843977
4956,2,9.94549,20,1,0,0,0.1,0.031228,6.6791,843998
4957,2,9.83887,56,1,0,0,0.1,0.021829,6.63375,844055
4958,2,9.88581,40,1,0,0,0.1,0.019799,6.60612,844096
4959,2,-1.513,171,0,1,0,0.1,0.016449,6.63149,844268
4960,2,9.81097,65,1,0,0,0.1,0.017,6.60086,844334
4961,2,-1.13993,47,0,1,0,0.1,0.022549,6.60398,844382
4962,2,9.85265,51,1,0,0,0.1,0.024139,6.61934,844434
4963,2,9.88941,39,1,0,0,0.1,0.023692,6.59653,844474
4964,2,-1.2,400,0,0,1,0.1,0.016819,6.61725,844874
4965,2,9.85268,51,1,0,0,0.1,0.020635,6.64463,844926
4966,2,9.90139,35,1,0,0,0.1,0.031049,6.67752,844962
4967,2,9.87375,44,1,0,0,0.1,0.016358,6.62256,845007
4968,2,9.92155,28,1,0,0,0.1,0.01719,6.62691,845036
4969,2,9.84683,53,1,0,0,0.1,0.023468,6.62157,845090
4970,2,9.8588,49,1,0,0,0.1,0.016842,6.66287,845140
4971,2,9.89502,37,1,0,0,0.1,0.015021,6.64571,845178
4972,2,9.90728,33,1,0,0,0.1,0.020069,6.62958,845212
4973,2,-1.054,18,0,1,0,0.1,0.013326,6.6444,845231
4974,2,9.895,37,1,0,0,0.1,0.020177,6.63752,845269
4975,2,9.8741,44,1,0,0,0.1,0.017698,6.64414,845314
4976,2,9.895,37,1,0,0,0.1,0.023511,6.62811,845352
4977,2,9.90687,33,1,0,0,0.1,0.016201,6.61133,845386
4978,2,9.87359,44,1,0,0,0.1,0.015981,6.66249,845431
4979,2,9.83471,57,1,0,0,0.1,0.018257,6.63217,845489
4980,2,9.72944,92,1,0,0,0.1,0.016566,6.66703,845582
4981,2,9.85948,49,1,0,0,0.1,0.016254,6.67162,845632
4982,2,-1.204,68,0,1,0,0.1,0.019004,6.66875,845701
4983,2,9.89759,36,1,0,0,0.1,0.024659,6.66411,845738
4984,2,9.92486,27,1,0,0,0.1,0.014639,6.71354,845766
4985,2,9.86825,46,1,0,0,0.1,0.013039,6.6586,845813
4986,2,-1.096,32,0,1,0,0.1,0.012872,6.68749,845846
4987,2,9.91575,30,1,0,0,0.1,0.011838,6.70365,845877
4988,2,9.89544,37,1,0,0,0.1,0.013089,6.70083,845915
4989,2,-1.045,15,0,1,0,0.1,0.028002,6.59125,845931
4990,2,9.90027,35,1,0,0,0.1,0.015358,6.69496,845967
4991,2,-1.2,400,0,0,1,0.1,0.015967,6.67515,846367
4992,2,-1.069,23,0,1,0,0.1,0.016624,6.67591,846391
4993,2,9.61569,130,1,0,0,0.1,0.013655,6.66789,846522
4994,2,9.78642,73,1,0,0,0.1,0.020288,6.70071,846596
4995,2,9.85328,51,1,0,0,0.1,0.01704,6.68114,846648
4996,2,9.81969,62,1,0,0,0.1,0.015984,6.68917,846711
4997,2,-1.2,400,0,0,1,0.1,0.017582,6.68678,847111
4998,2,-1.2,400,0,0,1,0.1,0.019185,6.69988,847511
4999,2,9.83822,56,1,0,0,0.1,0.016989,6.73461,847568
5000,2,9.86439,47,1,0,0,0.1,0.02191,6.69802,847616
5001,2,9.85894,49,1,0,0,0.1,0.020742,6.72234,847666
5002,2,9.8947,37,1,0,0,0.1,0.014306,6.6997,847704
5003,2,9.81366,64,1,0,0,0.1,0.010355,6.72265,847769
5004,2,9.90102,35,1,0,0,0.1,0.021012,6.71528,847805
5005,2,9.89578,37,1,0,0,0.1,0.019458,6.70775,847843
5006,2,-1.741,247,0,1,0,0.1,0.017923,6.71773,848091
5007,2,9.87124,45,1,0,0,0.1,0.013014,6.72866,848137
5008,2,9.93093,25,1,0,0,0.1,0.019426,6.71915,848163
5009,2,9.79031,72,1,0,0,0.1,0.015977,6.71114,848236
5010,2,9.91936,29,1,0,0,0.1,0.013479,6.72727,848266
5011,2,9.84085,55,1,0,0,0.1,0.016694,6.68537,848322
5012,2,-1.048,16,0,1,0,0.1,0.032007,6.67915,848339
5013,2,9.91944,29,1,0,0,0.1,0.016705,6.67932,848369
5014,2,9.90115,35,1,0,0,0.1,0.01769,6.73825,848405
5015,2,9.85006,52,1,0,0,0.1,0.017704,6.71766,848458
5016,2,9.49868,169,1,0,0,0.1,0.017983,6.72348,848628
5017,2,-1.2,400,0,0,1,0.1,0.018498,6.72449,849028
5018,2,9.87122,45,1,0,0,0.1,0.016563,6.72147,849074
5019,2,9.81102,65,1,0,0,0.1,0.018681,6.73859,849140
5020,2,9.94027,22,1,0,0,0.1,0.017448,6.76952,849163
5021,2,-1.054,18,0,1,0,0.1,0.007607,6.71271,849182
5022,2,9.9126,31,1,0,0,0.1,0.021175,6.74369,849214
5023,2,9.79887,69,1,0,0,0.1,0.018462,6.77588,849284
5024,2,9.87678,43,1,0,0,0.1,0.019918,6.72935,849328
5025,2,-1.066,22,0,1,0,0.1,0.0268,6.74462,849351
5026,2,9.80227,68,1,0,0,0.1,0.015807,6.77199,849420
5027,2,9.8706,45,1,0,0,0.1,0.01931,6.78076,849466
5028,2,9.91319,31,1,0,0,0.1,0.021032,6.7817,849498
5029,2,9.85851,49,1,0,0,0.1,0.020002,6.8239,849548
5030,2,9.80205,68,1,0,0,0.1,0.016536,6.76095,849617
5031,2,9.60987,132,1,0,0,0.1,0.014452,6.75135,849750
5032,2,9.83465,57,1,0,0,0.1,0.013561,6.73367,849808
5033,2,9.8976,36,1,0,0,0.1,0.020237,6.77416,849845
5034,2,9.86767,46,1,0,0,0.1,0.013023,6.754,849892
5035,2,9.87049,45,1,0,0,0.1,0.009156,6.77215,849938
5036,2,-1.2,400,0,0,1,0.1,0.017656,6.77394,850338
5037,2,-1.237,79,0,1,0,0.1,0.015986,6.7504,850418
5038,2,9.87397,44,1,0,0,0.1,0.0132,6.75228,850463
5039,2,9.89771,36,1,0,0,0.1,0.020229,6.74616,850500
5040,2,-1.2,400,0,0,1,0.1,0.017291,6.75838,850900
5041,2,9.19548,270,1,0,0,0.1,0.016343,6.75409,851171
5042,2,9.88552,40,1,0,0,0.1,0.012901,6.77243,851212
5043,2,9.84719,53,1,0,0,0.1,0.016087,6.76573,851266
5044,2,9.89157,38,1,0,0,0.1,0.019663,6.78766,851305
5045,2,-1.048,16,0,1,0,0.1,0.020106,6.83159,851322
5046,2,9.90086,35,1,0,0,0.1,0.014684,6.76132,851358
5047,2,9.88887,39,1,0,0,0.1,0.025083,6.73956,851398
5048,2,9.88556,40,1,0,0,0.1,0.016789,6.78522,851439
5049,2,9.86828,46,1,0,0,0.1,0.01156,6.80749,851486
5050,2,9.81084,65,1,0,0,0.1,0.021519,6.73593,851552
5051,2,9.91938,29,1,0,0,0.1,0.013871,6.73601,851582
5052,2,9.86497,47,1,0,0,0.1,0.011889,6.78391,851630
5053,2,9.9313,25,1,0,0,0.1,0.024478,6.77521,851656
5054,2,9.53823,156,1,0,0,0.1,0.01687,6.7693,851813
5055,2,9.92505,27,1,0,0,0.1,0.012871,6.8016,851841
5056,2,9.81385,64,1,0,0,0.1,0.018225,6.79777,851906
5057,2,9.89486,37,1,0,0,0.1,0.027374,6.82114,851944
5058,2,9.82569,60,1,0,0,0.1,0.020171,6.77452,852005
5059,2,9.8439,54,1,0,0,0.1,0.017594,6.79759,852060
5060,2,9.7207,95,1,0,0,0.1,0.018931,6.80429,852156
5061,2,9.91302,31,1,0,0,0.1,0.01814,6.77789,852188
5062,2,-1.2,400,0,0,1,0.1,0.01759,6.80238,852588
5063,2,9.81386,64,1,0,0,0.1,0.026037,6.74957,852653
5064,2,9.77227,78,1,0,0,0.1,0.022908,6.77469,852732
5065,2,9.94043,22,1,0,0,0.1,0.017508,6.77065,852755
5066,2,9.80512,67,1,0,0,0.1,0.02236,6.77237,852823
5067,2,9.835,57,1,0,0,0.1,0.021469,6.76776,852881
5068,2,9.87969,42,1,0,0,0.1,0.022411,6.81095,852924
5069,2,9.82311,61,1,0,0,0.1,0.015897,6.76314,852986
5070,2,9.66474,114,1,0,0,0.1,0.020008,6.8063,853101
5071,2,9.6581,116,1,0,0,0.1,0.013268,6.79841,853218
5072,2,9.88265,41,1,0,0,0.1,0.010395,6.83405,853260
5073,2,9.84079,55,1,0,0,0.1,0.021113,6.79265,853316
5074,2,9.88608,40,1,0,0,0.1,0.01024,6.82552,853357
5075,2,9.91906,29,1,0,0,0.1,0.015273,6.85019,853387
5076,2,9.91633,30,1,0,0,0.1,0.017746,6.80682,853418
5077,2,9.87984,42,1,0,0,0.1,0.020359,6.84103,853461
5078,2,9.76911,79,1,0,0,0.1,0.016472,6.81483,853541
5079,2,9.90394,34,1,0,0,0.1,0.012332,6.81711,853576
5080,2,9.79004,72,1,0,0,0.1,0.019145,6.83788,853649
5081,2,9.85672,50,1,0,0,0.1,0.018462,6.83938,853700
5082,2,9.92199,28,1,0,0,0.1,0.008258,6.82971,853729
5083,2,9.87668,43,1,0,0,0.1,0.017422,6.83216,853773
5084,2,9.9068,33,1,0,0,0.1,0.012696,6.84606,853807
5085,2,-1.126,42,0,1,0,0.1,0.018703,6.87035,853850
5086,2,9.65777,116,1,0,0,0.1,0.020156,6.83953,853967
5087,2,9.78956,72,1,0,0,0.1,0.019257,6.8522,854040
5088,2,9.89195,38,1,0,0,0.1,0.020344,6.83705,854079
5089,2,9.8799,42,1,0,0,0.1,0.018511,6.84555,854122
5090,2,9.90048,35,1,0,0,0.1,0.015506,6.83898,854158
5091,2,9.87714,43,1,0,0,0.1,0.018939,6.82335,854202
5092,2,9.84045,55,1,0,0,0.1,0.017105,6.88464,854258
5093,2,9.86776,46,1,0,0,0.1,0.014197,6.88346,854305
5094,2,9.70286,101,1,0,0,0.1,0.017247,6.87419,854407
5095,2,9.85629,50,1,0,0,0.1,0.014903,6.85225,854458
5096,2,9.93427,24,1,0,0,0.1,0.020613,6.87762,854483
5097,2,9.80528,67,1,0,0,0.1,0.016222,6.88984,854551
5098,2,9.8408,55,1,0,0,0.1,0.018034,6.82444,854607
5099,2,9.94334,21,1,0,0,0.1,0.024753,6.88631,854629
5100,2,9.90404,34,1,0,0,0.1,0.017024,6.8814,854664
5101,2,-1.369,123,0,1,0,0.1,0.011661,6.8963,854788
5102,2,9.83495,57,1,0,0,0.1,0.015305,6.88048,854846
5103,2,9.85084,52,1,0,0,0.1,0.012806,6.87911,854899
5104,2,-1.669,223,0,1,0,0.1,0.019854,6.87473,855123
5105,2,-1.969,323,0,1,0,0.1,0.016121,6.87675,855447
5106,2,9.70299,101,1,0,0,0.1,0.015222,6.87705,855549
5107,2,-1.339,113,0,1,0,0.1,0.01674,6.87081,855663
5108,2,9.9189,29,1,0,0,0.1,0.018973,6.90067,855693
5109,2,-1.2,400,0,0,1,0.1,0.018252,6.8948,856093
5110,2,9.8528,51,1,0,0,0.1,0.017719,6.85862,856145
5111,2,9.91857,29,1,0,0,0.1,0.015809,6.92275,856175
5112,2,9.76843,79,1,0,0,0.1,0.019024,6.86848,856255
5113,2,9.88327,41,1,0,0,0.1,0.014264,6.86618,856297
5114,2,-1.546,182,0,1,0,0.1,0.017444,6.8972,856480
5115,2,9.68486,107,1,0,0,0.1,0.016976,6.88928,856588
5116,2,9.82873,59,1,0,0,0.1,0.019992,6.89273,856648
5117,2,9.89787,36,1,0,0,0.1,0.019905,6.86987,856685
5118,2,9.83783,56,1,0,0,0.1,0.013994,6.86886,856742
5119,2,9.44473,187,1,0,0,0.1,0.017618,6.9052,856930
5120,2,9.9272,26,1,0,0,0.1,0.008211,6.87609,856957
5121,2,9.75046,85,1,0,0,0.1,0.019708,6.91768,857043
5122,2,9.81994,62,1,0,0,0.1,0.015624,6.87919,857106
5123,2,9.88005,42,1,0,0,0.1,0.01597,6.88019,857149
5124,2,-1.423,141,0,1,0,0.1,0.014874,6.92241,857291
5125,2,9.34619,220,1,0,0,0.1,0.01564,6.90368,857512
5126,2,9.80512,67,1,0,0,0.1,0.021705,6.9112,857580
5127,2,9.75649,83,1,0,0,0.1,0.018569,6.94398,857664
5128,2,9.92442,27,1,0,0,0.1,0.017289,6.92558,857692
5129,2,9.93406,24,1,0,0,0.1,0.01557,6.87623,857717
5130,2,9.77468,77,1,0,0,0.1,0.015819,6.91047,857795
5131,2,9.8764,43,1,0,0,0.1,0.020789,6.93396,857839
5132,2,9.84363,54,1,0,0,0.1,0.021736,6.94531,857894
5133,2,9.92782,26,1,0,0,0.1,0.019282,6.90474,857921
5134,2,9.90056,35,1,0,0,0.1,0.021375,6.89705,857957
5135,2,9.76319,81,1,0,0,0.1,0.019469,6.93041,858039
5136,2,-1.2,400,0,0,1,0.1,0.015979,6.93143,858439
5137,2,9.93375,24,1,0,0,0.1,0.013474,6.9583,858464
5138,2,9.91576,30,1,0,0,0.1,0.012169,6.92288,858495
5139,2,9.80779,66,1,0,0,0.1,0.014475,6.93663,858562
5140,2,9.86828,46,1,0,0,0.1,0.012705,6.98312,858609
5141,2,-1.2,400,0,0,1,0.1,0.01621,6.92031,859009
5142,2,9.84622,53,1,0,0,0.1,0.017021,6.93436,859063
5143,2,9.92486,27,1,0,0,0.1,0.010319,6.92623,859091
5144,2,9.87982,42,1,0,0,0.1,0.020677,6.94929,859134
5145,2,9.87626,43,1,0,0,0.1,0.013889,6.92173,859178
5146,2,9.36691,213,1,0,0,0.1,0.015127,6.93942,859392
5147,2,9.83811,56,1,0,0,0.1,0.014965,6.96035,859449
5148,2,9.85295,51,1,0,0,0.1,0.020904,6.92514,859501
5149,2,9.88868,39,1,0,0,0.1,0.01706,6.9608,859541
5150,2,9.86482,47,1,0,0,0.1,0.02104,6.92083,859589
5151,2,9.83124,58,1,0,0,0.1,0.022165,6.94786,859648
5152,2,-1.018,6,0,1,0,0.1,0.020538,6.95002,859655
5153,2,9.84643,53,1,0,0,0.1,0.016932,6.91496,859709
5154,2,9.75669,83,1,0,0,0.1,0.013005,6.97237,859793
5155,2,9.91303,31,1,0,0,0.1,0.01348,6.94952,859825
5156,2,9.87395,44,1,0,0,0.1,0.013369,6.93817,859870
5157,2,9.9128,31,1,0,0,0.1,0.013157,6.918,859902
5158,2,9.79644,70,1,0,0,0.1,0.015387,6.96932,859973
5159,2,9.91328,31,1,0,0,0.1,0.020056,6.9651,860005
5160,2,9.8225,61,1,0,0,0.1,0.013622,6.97907,860067
5161,2,9.91601,30,1,0,0,0.1,0.010715,6.98526,860098
5162,2,9.76907,79,1,0,0,0.1,0.015714,6.9494,860178
5163,2,9.74486,87,1,0,0,0.1,0.013036,6.99932,860266
5164,2,9.77472,77,1,0,0,0.1,0.012536,6.96018,860344
5165,2,9.7183,96,1,0,0,0.1,0.014739,6.96163,860441
5166,2,9.88044,42,1,0,0,0.1,0.01575,6.94543,860484
5167,2,9.84074,55,1,0,0,0.1,0.017213,6.97038,860540
5168,2,9.83822,56,1,0,0,0.1,0.015285,6.97632,860597
5169,2,9.90388,34,1,0,0,0.1,0.011658,6.99921,860632
5170,2,9.89503,37,1,0,0,0.1,0.015759,6.95902,860670
5171,2,9.72054,95,1,0,0,0.1,0.016282,7.0134,860766
5172,2,9.89745,36,1,0,0,0.1,0.018634,7.00503,860803
5173,2,-1.999,333,0,1,0,0.1,0.014756,6.98042,861137
5174,2,9.89434,37,1,0,0,0.1,0.02247,7.01257,861175
5175,2,9.9282,26,1,0,0,0.1,0.009885,6.97769,861202
5176,2,9.84026,55,1,0,0,0.1,0.018156,7.02243,861258
5177,2,9.83202,58,1,0,0,0.1,0.014868,6.9945,861317
5178,2,-1.027,9,0,1,0,0.1,0.016808,6.99914,861327
5179,2,9.87528,44,1,0,0,0.1,0.018361,7.00158,861372
5180,2,9.88612,40,1,0,0,0.1,0.014893,6.98433,861413
5181,2,9.85598,50,1,0,0,0.1,0.018995,6.97427,861464
5182,2,9.85869,49,1,0,0,0.1,0.012332,6.99367,861514
5183,2,9.90401,34,1,0,0,0.1,0.010444,7.00734,861549
5184,2,9.94568,20,1,0,0,0.1,0.020219,7.03617,861570
5185,2,9.87371,44,1,0,0,0.1,0.015125,7.02258,861615
5186,2,9.93368,24,1,0,0,0.1,0.014385,7.0402,861640
5187,2,9.88665,40,1,0,0,0.1,0.017639,6.98741,861681
5188,2,9.93054,25,1,0,0,0.1,0.019591,6.98586,861707
5189,2,9.94229,21,1,0,0,0.1,0.009701,7.0355,861729
5190,2,9.72674,93,1,0,0,0.1,0.01527,6.99353,861823
5191,2,9.84757,53,1,0,0,0.1,0.013474,7.00776,861877
5192,2,9.9128,31,1,0,0,0.1,0.016285,6.97917,861909
5193,2,9.90673,33,1,0,0,0.1,0.021722,7.00443,861943
5194,2,-1.243,81,0,1,0,0.1,0.014971,6.99636,862025
5195,2,-1.126,42,0,1,0,0.1,0.015724,6.9879,862068
5196,2,9.85328,51,1,0,0,0.1,0.021637,7.01359,862120
5197,2,9.84987,52,1,0,0,0.1,0.016623,6.96769,862173
5198,2,9.86737,46,1,0,0,0.1,0.012524,7.02594,862220
5199,2,9.8766,43,1,0,0,0.1,0.014717,6.99601,862264
5200,2,9.80173,68,1,0,0,0.1,0.013139,7.00497,862333
5201,2,9.82997,59,1,0,0,0.1,0.014317,7.01371,862393
5202,2,9.93627,23,1,0,0,0.1,0.020497,7.00116,862417
5203,2,9.76018,82,1,0,0,0.1,0.017323,6.99796,862500
5204,2,9.94924,19,1,0,0,0.1,0.012997,6.99048,862520
5205,2,9.79267,71,1,0,0,0.1,0.017214,7.00844,862592
5206,2,9.85598,50,1,0,0,0.1,0.016522,6.96477,862643
5207,2,9.65226,118,1,0,0,0.1,0.01704,6.99628,862762
5208,2,9.70002,102,1,0,0,0.1,0.014849,7.01825,862865
5209,2,9.90993,32,1,0,0,0.1,0.017798,6.99842,862898
5210,2,9.90087,35,1,0,0,0.1,0.013925,7.03506,862934
5211,2,-1.075,25,0,1,0,0.1,0.017381,7.00083,862960
5212,2,9.88894,39,1,0,0,0.1,0.012278,7.00118,863000
5213,2,9.8586,49,1,0,0,0.1,0.011763,7.04606,863050
5214,2,9.78397,74,1,0,0,0.1,0.013905,7.02194,863125
5215,2,9.76927,79,1,0,0,0.1,0.01787,7.05155,863205
5216,2,9.83506,57,1,0,0,0.1,0.016833,7.02343,863263
5217,2,9.77803,76,1,0,0,0.1,0.021193,7.04772,863340
5218,2,9.89754,36,1,0,0,0.1,0.009109,7.07384,863377
5219,2,9.9067,33,1,0,0,0.1,0.010939,7.05141,863411
5220,2,9.871,45,1,0,0,0.1,0.016899,7.0566,863457
5221,2,9.93385,24,1,0,0,0.1,0.014214,6.9967,863482
5222,2,9.83505,57,1,0,0,0.1,0.017867,7.02547,863540
5223,2,9.87062,45,1,0,0,0.1,0.016398,7.07675,863586
5224,2,9.90952,32,1,0,0,0.1,0.020902,7.03015,863619
5225,2,9.9096,32,1,0,0,0.1,0.016531,7.04007,863652
5226,2,9.79013,72,1,0,0,0.1,0.011325,7.05625,863725
5227,2,9.92426,27,1,0,0,0.1,0.01824,7.074,863753
5228,2,8.84472,387,1,0,0,0.1,0.016274,7.0481,864141
5229,2,9.78052,75,1,0,0,0.1,0.019272,7.04738,864217
5230,2,9.87712,43,1,0,0,0.1,0.017105,7.04477,864261
5231,2,9.91881,29,1,0,0,0.1,0.017018,7.06025,864291
5232,2,9.81081,65,1,0,0,0.1,0.015535,7.05555,864357
5233,2,9.86512,47,1,0,0,0.1,0.015809,7.03652,864405
5234,2,-1.2,400,0,0,1,0.1,0.013366,7.06049,864805
5235,2,9.92458,27,1,0,0,0.1,0.010059,7.06991,864833
5236,2,9.76217,81,1,0,0,0.1,0.016694,7.04527,864915
5237,2,9.85851,49,1,0,0,0.1,0.010784,7.08139,864965
5238,2,9.93178,25,1,0,0,0.1,0.014903,7.03916,864991
5239,2,9.9163,30,1,0,0,0.1,0.007491,7.06801,865022
5240,2,9.87064,45,1,0,0,0.1,0.011119,7.09881,865068
5241,2,-1.042,14,0,1,0,0.1,0.017712,7.03137,865083
5242,2,9.91019,32,1,0,0,0.1,0.019285,7.07843,865116
5243,2,9.9308,25,1,0,0,0.1,0.013902,7.04007,865142
5244,2,9.80205,68,1,0,0,0.1,0.015226,7.07213,865211
5245,2,9.89484,37,1,0,0,0.1,0.012315,7.04702,865249
5246,2,9.87069,45,1,0,0,0.1,0.011254,7.04211,865295
5247,2,-1.132,44,0,1,0,0.1,0.020122,7.086,865340
5248,2,9.76282,81,1,0,0,0.1,0.014039,7.07393,865422
5249,2,-1.2,400,0,0,1,0.1,0.013435,7.06715,865822
5250,2,9.68533,107,1,0,0,0.1,0.016834,7.07232,865930
5251,2,-1.192,64,0,1,0,0.1,0.006478,7.06864,865995
5252,2,9.9039,34,1,0,0,0.1,0.013388,7.09149,866030
5253,2,9.77141,78,1,0,0,0.1,0.014935,7.04477,866109
5254,2,9.88868,39,1,0,0,0.1,0.018924,7.07299,866149
5255,2,9.75719,83,1,0,0,0.1,0.01024,7.06986,866233
5256,2,9.50457,167,1,0,0,0.1,0.014413,7.05989,866401
5257,2,9.85862,49,1,0,0,0.1,0.015613,7.05293,866451
5258,2,9.84433,54,1,0,0,0.1,0.013312,7.06802,866506
5259,2,9.84676,53,1,0,0,0.1,0.017897,7.05927,866560
5260,2,9.90379,34,1,0,0,0.1,0.019422,7.04414,866595
5261,2,9.60993,132,1,0,0,0.1,0.01501,7.0725,866728
5262,2,9.94284,21,1,0,0,0.1,0.010064,7.05016,866750
5263,2,9.7117,98,1,0,0,0.1,0.0135,7.0672,866849
5264,2,9.91343,31,1,0,0,0.1,0.017914,7.03386,866881
5265,2,9.93078,25,1,0,0,0.1,0.016825,7.0544,866907
5266,2,9.82278,61,1,0,0,0.1,0.018185,7.09351,866969
5267,2,9.844,54,1,0,0,0.1,0.014608,7.07829,867024
5268,2,9.61346,131,1,0,0,0.1,0.017919,7.09308,867156
5269,2,9.82322,61,1,0,0,0.1,0.015755,7.0974,867218
5270,2,-1.2,400,0,0,1,0.1,0.015602,7.09207,867618
5271,2,9.81625,63,1,0,0,0.1,0.012734,7.10537,867682
5272,2,9.86452,47,1,0,0,0.1,0.013045,7.08416,867730
5273,2,9.89528,37,1,0,0,0.1,0.025379,7.10589,867768
5274,2,9.81984,62,1,0,0,0.1,0.012909,7.10373,867831
5275,2,9.5744,144,1,0,0,0.1,0.012464,7.06686,867976
5276,2,9.91009,32,1,0,0,0.1,0.011597,7.09378,868009
5277,2,-1.027,9,0,1,0,0.1,0.013758,7.10693,868019
5278,2,9.79554,70,1,0,0,0.1,0.01154,7.08859,868090
5279,2,9.92472,27,1,0,0,0.1,0.012577,7.10655,868118
5280,2,-1.009,3,0,1,0,0.1,0.007,7.01527,868122
5281,2,9.9279,26,1,0,0,0.1,0.008787,7.12368,868149
5282,2,9.63981,122,1,0,0,0.1,0.013503,7.10096,868272
5283,2,9.81101,65,1,0,0,0.1,0.012722,7.12224,868338
5284,2,-1.2,400,0,0,1,0.1,0.014667,7.12992,868738
5285,2,9.87071,45,1,0,0,0.1,0.013458,7.11796,868784
5286,2,9.79001,72,1,0,0,0.1,0.014712,7.13494,868857
5287,2,9.90681,33,1,0,0,0.1,0.012489,7.07645,868891
5288,2,9.93102,25,1,0,0,0.1,0.019904,7.11841,868917
5289,2,9.82013,62,1,0,0,0.1,0.020028,7.12891,868980
5290,2,-1.2,400,0,0,1,0.1,0.014224,7.10045,869380
5291,2,9.84115,55,1,0,0,0.1,0.014039,7.14131,869436
5292,2,9.85901,49,1,0,0,0.1,0.016514,7.10992,869486
5293,2,9.85902,49,1,0,0,0.1,0.010264,7.13142,869536
5294,2,9.89199,38,1,0,0,0.1,0.016608,7.10353,869575
5295,2,9.78644,73,1,0,0,0.1,0.014753,7.11538,869649
5296,2,9.9245,27,1,0,0,0.1,0.016408,7.15659,869677
5297,2,9.88226,41,1,0,0,0.1,0.014368,7.14308,869719
5298,2,9.89473,37,1,0,0,0.1,0.016692,7.09151,869757
5299,2,9.90076,35,1,0,0,0.1,0.013089,7.11323,869793
5300,2,9.90684,33,1,0,0,0.1,0.013376,7.10378,869827
5301,2,9.80484,67,1,0,0,0.1,0.013764,7.10498,869895
5302,2,9.74197,88,1,0,0,0.1,0.014096,7.1116,869984
5303,2,9.87721,43,1,0,0,0.1,0.014618,7.1186,870028
5304,2,9.80216,68,1,0,0,0.1,0.015096,7.12159,870097
5305,2,9.90384,34,1,0,0,0.1,0.012889,7.14712,870132
5306,2,-1.021,7,0,1,0,0.1,0.011724,7.12769,870140
5307,2,9.79043,72,1,0,0,0.1,0.020917,7.12371,870213
5308,2,9.77808,76,1,0,0,0.1,0.014722,7.16281,870290
5309,2,9.90065,35,1,0,0,0.1,0.009462,7.12457,870326
5310,2,9.91579,30,1,0,0,0.1,0.01317,7.15938,870357
5311,2,9.90411,34,1,0,0,0.1,0.010112,7.17709,870392
5312,2,9.91291,31,1,0,0,0.1,0.013287,7.12447,870424
5313,2,-1.084,28,0,1,0,0.1,0.019961,7.1666,870453
5314,2,9.83477,57,1,0,0,0.1,0.015213,7.13899,870511
5315,2,9.94567,20,1,0,0,0.1,0.012289,7.13707,870532
5316,2,9.87681,43,1,0,0,0.1,0.015418,7.17184,870576
5317,2,-1.279,93,0,1,0,0.1,0.014752,7.14496,870670
5318,2,9.64934,119,1,0,0,0.1,0.015173,7.14475,870790
5319,2,9.83787,56,1,0,0,0.1,0.016641,7.15228,870847
5320,2,-1.024,8,0,1,0,0.1,0.027967,7.14973,870856
5321,2,9.82311,61,1,0,0,0.1,0.019404,7.12629,870918
5322,2,9.83743,56,1,0,0,0.1,0.013633,7.12775,870975
5323,2,-1.13367,45,0,1,0,0.1,0.02005,7.14051,871021
5324,2,9.89486,37,1,0,0,0.1,0.026683,7.11109,871059
5325,2,-1.063,21,0,1,0,0.1,0.019465,7.08816,871081
5326,2,9.90748,33,1,0,0,0.1,0.017797,7.12048,871115
5327,2,9.90777,33,1,0,0,0.1,0.02179,7.18013,871149
5328,2,9.91022,32,1,0,0,0.1,0.018849,7.14843,871182
5329,2,9.9068,33,1,0,0,0.1,0.016505,7.10419,871216
5330,2,-1.06,20,0,1,0,0.1,0.014746,7.17775,871237
5331,2,9.87395,44,1,0,0,0.1,0.020062,7.19275,871282
5332,2,9.87077,45,1,0,0,0.1,0.014669,7.1827,871328
5333,2,9.8889,39,1,0,0,0.1,0.019663,7.12984,871368
5334,2,9.80236,68,1,0,0,0.1,0.015993,7.14129,871437
5335,2,9.75022,85,1,0,0,0.1,0.012299,7.15143,871523
5336,2,9.78977,72,1,0,0,0.1,0.012253,7.15699,871596
5337,2,9.80795,66,1,0,0,0.1,0.013848,7.16389,871663
5338,2,9.90382,34,1,0,0,0.1,0.020638,7.1296,871698
5339,2,9.86775,46,1,0,0,0.1,0.010479,7.17382,871745
5340,2,9.70609,100,1,0,0,0.1,0.015075,7.15863,871846
5341,2,9.92483,27,1,0,0,0.1,0.02168,7.14384,871874
5342,2,9.75961,82,1,0,0,0.1,0.01537,7.16556,871957
5343,2,9.88295,41,1,0,0,0.1,0.010772,7.1588,871999
5344,2,9.92458,27,1,0,0,0.1,0.017789,7.15053,872027
5345,2,9.86782,46,1,0,0,0.1,0.009954,7.17384,872074
5346,2,9.85569,50,1,0,0,0.1,0.012984,7.19567,872125
5347,2,9.88319,41,1,0,0,0.1,0.01733,7.17514,872167
5348,2,9.90138,35,1,0,0,0.1,0.016782,7.15057,872203
5349,2,-1.063,21,0,1,0,0.1,0.008737,7.16195,872225
5350,2,9.76914,79,1,0,0,0.1,0.020225,7.17504,872305
5351,2,9.84092,55,1,0,0,0.1,0.015982,7.16294,872361
5352,2,9.86778,46,1,0,0,0.1,0.01443,7.18232,872408
5353,2,9.77774,76,1,0,0,0.1,0.017004,7.19341,872485
5354,2,9.86802,46,1,0,0,0.1,0.014028,7.19129,872532
5355,2,9.76255,81,1,0,0,0.1,0.012144,7.19526,872614
5356,2,-1.009,3,0,1,0,0.1,0.016052,7.20421,872618
5357,2,9.84367,54,1,0,0,0.1,0.01376,7.21035,872673
5358,2,9.91286,31,1,0,0,0.1,0.014415,7.17983,872705
5359,2,9.8404,55,1,0,0,0.1,0.012893,7.20095,872761
5360,2,9.88839,39,1,0,0,0.1,0.016994,7.22414,872801
5361,2,9.80143,68,1,0,0,0.1,0.014566,7.18047,872870
5362,2,9.77744,76,1,0,0,0.1,0.016115,7.21805,872947
5363,2,9.89847,36,1,0,0,0.1,0.009153,7.1826,872984
5364,2,9.94338,21,1,0,0,0.1,0.019785,7.255,873006
5365,2,9.92555,27,1,0,0,0.1,0.007186,7.20497,873034
5366,2,9.87406,44,1,0,0,0.1,0.01537,7.20882,873079
5367,2,9.93685,23,1,0,0,0.1,0.006113,7.20072,873103
5368,2,9.93682,23,1,0,0,0.1,0.024118,7.14148,873127
5369,2,-1.078,26,0,1,0,0.1,0.007212,7.22539,873154
5370,2,9.81033,65,1,0,0,0.1,0.016754,7.20872,873220
5371,2,9.81704,63,1,0,0,0.1,0.01297,7.21444,873284
5372,2,9.91311,31,1,0,0,0.1,0.019785,7.19122,873316
5373,2,9.86775,46,1,0,0,0.1,0.012986,7.21999,873363
5374,2,9.90111,35,1,0,0,0.1,0.017147,7.23972,873399
5375,2,9.88877,39,1,0,0,0.1,0.021731,7.22743,873439
5376,2,9.84727,53,1,0,0,0.1,0.014431,7.18867,873493
5377,2,9.52569,160,1,0,0,0.1,0.015313,7.1956,873654
5378,2,9.76595,80,1,0,0,0.1,0.014641,7.18266,873735
5379,2,9.78694,73,1,0,0,0.1,0.013879,7.19128,873809
5380,2,-1.906,302,0,1,0,0.1,0.015876,7.20808,874112
5381,2,-1.231,77,0,1,0,0.1,0.018587,7.18616,874190
5382,2,9.83472,57,1,0,0,0.1,0.017261,7.21595,874248
5383,2,9.77492,77,1,0,0,0.1,0.012235,7.23907,874326
5384,2,9.71742,96,1,0,0,0.1,0.012103,7.19872,874423
5385,2,9.88297,41,1,0,0,0.1,0.016699,7.22531,874465
5386,2,9.74787,86,1,0,0,0.1,0.015883,7.17716,874552
5387,2,9.865,47,1,0,0,0.1,0.016149,7.22399,874600
5388,2,9.84939,52,1,0,0,0.1,0.022442,7.22671,874653
5389,2,9.84336,54,1,0,0,0.1,0.012194,7.21878,874708
5390,2,9.82847,59,1,0,0,0.1,0.020174,7.20039,874768
5391,2,9.79323,71,1,0,0,0.1,0.014443,7.22366,874840
5392,2,9.922,28,1,0,0,0.1,0.029314,7.20502,874869
5393,2,9.85601,50,1,0,0,0.1,0.020115,7.23182,874920
5394,2,9.77157,78,1,0,0,0.1,0.01787,7.19808,874999
5395,2,9.84093,55,1,0,0,0.1,0.020272,7.22682,875055
5396,2,9.94284,21,1,0,0,0.1,0.008579,7.18658,875077
5397,2,9.81052,65,1,0,0,0.1,0.017551,7.20389,875143
5398,2,9.69982,102,1,0,0,0.1,0.01697,7.23015,875246
5399,2,9.90707,33,1,0,0,0.1,0.015012,7.23824,875280
5400,2,9.8316,58,1,0,0,0.1,0.013379,7.20349,875339
5401,2,-1.198,66,0,1,0,0.1,0.00998,7.21939,875406
5402,2,9.93742,23,1,0,0,0.1,0.007382,7.21125,875430
5403,2,9.78374,74,1,0,0,0.1,0.011396,7.27565,875505
5404,2,9.93973,22,1,0,0,0.1,0.009567,7.21345,875528
5405,2,-1.21527,72,0,1,0,0.1,0.01198,7.26811,875601
5406,2,9.87982,42,1,0,0,0.1,0.011159,7.2437,875644
5407,2,9.75719,83,1,0,0,0.1,0.012889,7.23681,875728
5408,2,9.7386,89,1,0,0,0.1,0.014047,7.26466,875818
5409,2,9.90426,34,1,0,0,0.1,0.016415,7.24329,875853
5410,2,9.91022,32,1,0,0,0.1,0.015433,7.25689,875886
5411,2,9.62201,128,1,0,0,0.1,0.017085,7.264,876015
5412,2,9.90704,33,1,0,0,0.1,0.014125,7.27139,876049
5413,2,9.49007,172,1,0,0,0.1,0.017688,7.25903,876222
5414,2,9.87437,44,1,0,0,0.1,0.015543,7.26714,876267
5415,2,9.91868,29,1,0,0,0.1,0.011116,7.31536,876297
5416,2,9.93128,25,1,0,0,0.1,0.010301,7.28466,876323
5417,2,9.64916,119,1,0,0,0.1,0.015846,7.27304,876443
5418,2,9.86173,48,1,0,0,0.1,0.018605,7.30293,876492
5419,2,9.84703,53,1,0,0,0.1,0.016619,7.26287,876546
5420,2,9.93133,25,1,0,0,0.1,0.011716,7.25388,876572
5421,2,9.80509,67,1,0,0,0.1,0.008863,7.2776,876640
5422,2,9.77821,76,1,0,0,0.1,0.016967,7.26939,876717
5423,2,9.79903,69,1,0,0,0.1,0.011174,7.2705,876787
5424,2,9.86562,47,1,0,0,0.1,0.011835,7.2705,876835
5425,2,9.70358,101,1,0,0,0.1,0.01124,7.28337,876937
5426,2,9.82869,59,1,0,0,0.1,0.010957,7.27795,876997
5427,2,9.93087,25,1,0,0,0.1,0.015891,7.28223,877023
5428,2,9.69995,102,1,0,0,0.1,0.016077,7.27934,877126
5429,2,9.88909,39,1,0,0,0.1,0.009723,7.25713,877166
5430,2,9.92555,27,1,0,0,0.1,0.007711,7.29033,877194
5431,2,9.78707,73,1,0,0,0.1,0.014589,7.27181,877268
5432,2,9.92747,26,1,0,0,0.1,0.013453,7.32322,877295
5433,2,9.81369,64,1,0,0,0.1,0.016336,7.26987,877360
5434,2,9.81698,63,1,0,0,0.1,0.012905,7.29082,877424
5435,2,9.88899,39,1,0,0,0.1,0.012194,7.26972,877464
5436,2,9.7713,78,1,0,0,0.1,0.010236,7.28341,877543
5437,2,-1.12,40,0,1,0,0.1,0.011653,7.31654,877584
5438,2,9.88057,42,1,0,0,0.1,0.011065,7.25672,877627
5439,2,9.91602,30,1,0,0,0.1,0.005543,7.31966,877658
5440,2,-1.084,28,0,1,0,0.1,0.011996,7.2951,877687
5441,2,9.85827,49,1,0,0,0.1,0.015571,7.28788,877737
5442,2,9.90069,35,1,0,0,0.1,0.012712,7.31991,877773
5443,2,9.72725,93,1,0,0,0.1,0.021224,7.29996,877867
5444,2,9.84365,54,1,0,0,0.1,0.012231,7.28926,877922
5445,2,9.89507,37,1,0,0,0.1,0.011141,7.26795,877960
5446,2,9.91891,29,1,0,0,0.1,0.007127,7.34856,877990
5447,2,9.93102,25,1,0,0,0.1,0.005243,7.35378,878016
5448,2,9.84987,52,1,0,0,0.1,0.009306,7.30455,878069
5449,2,9.877,43,1,0,0,0.1,0.010862,7.31922,878113
5450,2,9.8774,43,1,0,0,0.1,0.015768,7.29355,878157
5451,2,9.81081,65,1,0,0,0.1,0.016371,7.32186,878223
5452,2,9.84084,55,1,0,0,0.1,0.016587,7.30845,878279
5453,2,9.89817,36,1,0,0,0.1,0.017027,7.32173,878316
5454,2,9.84701,53,1,0,0,0.1,0.013842,7.30558,878370
5455,2,-1.2,400,0,0,1,0.1,0.012678,7.29343,878770
5456,2,-1.279,93,0,1,0,0.1,0.014828,7.28486,878864
5457,2,9.51992,162,1,0,0,0.1,0.014789,7.29796,879027
5458,2,9.91,32,1,0,0,0.1,0.018102,7.28464,879060
5459,2,9.83819,56,1,0,0,0.1,0.011308,7.26392,879117
5460,2,9.88556,40,1,0,0,0.1,0.019178,7.28407,879158
5461,2,-1.219,73,0,1,0,0.1,0.014562,7.30242,879232
5462,2,9.84712,53,1,0,0,0.1,0.012309,7.30201,879286
5463,2,9.92134,28,1,0,0,0.1,0.010945,7.32415,879315
5464,2,9.86776,46,1,0,0,0.1,0.015769,7.32451,879362
5465,2,9.90111,35,1,0,0,0.1,0.015321,7.33028,879398
5466,2,9.76551,80,1,0,0,0.1,0.014028,7.31695,879479
5467,2,9.87743,43,1,0,0,0.1,0.010596,7.30228,879523
5468,2,-1.171,57,0,1,0,0.1,0.012739,7.30694,879581
5469,2,9.78095,75,1,0,0,0.1,0.009565,7.29808,879657
5470,2,9.86218,48,1,0,0,0.1,0.010878,7.35071,879706
5471,2,9.84999,52,1,0,0,0.1,0.011684,7.33716,879759
5472,2,9.86493,47,1,0,0,0.1,0.012988,7.29849,879807
5473,2,9.81404,64,1,0,0,0.1,0.009069,7.32958,879872
5474,2,9.83181,58,1,0,0,0.1,0.015164,7.27949,879931
5475,2,9.84985,52,1,0,0,0.1,0.012803,7.29947,879984
5476,2,9.91299,31,1,0,0,0.1,0.008255,7.29891,880016
5477,2,9.87358,44,1,0,0,0.1,0.018735,7.28183,880061
5478,2,9.84744,53,1,0,0,0.1,0.012246,7.3104,880115
5479,2,9.94289,21,1,0,0,0.1,0.012367,7.3134,880137
5480,2,9.90955,32,1,0,0,0.1,0.016642,7.30734,880170
5481,2,9.93094,25,1,0,0,0.1,0.016188,7.26568,880196
5482,2,9.83789,56,1,0,0,0.1,0.014337,7.2912,880253
5483,2,9.90689,33,1,0,0,0.1,0.017282,7.35625,880287
5484,2,9.86507,47,1,0,0,0.1,0.02012,7.30683,880335
5485,2,9.92797,26,1,0,0,0.1,0.019043,7.34089,880362
5486,2,9.9279,26,1,0,0,0.1,0.013946,7.31812,880389
5487,2,9.83775,56,1,0,0,0.1,0.008033,7.33167,880446
5488,2,9.89745,36,1,0,0,0.1,0.014553,7.29664,880483
5489,2,9.83859,56,1,0,0,0.1,0.011102,7.32446,880540
5490,2,9.92463,27,1,0,0,0.1,0.007555,7.3356,880568
5491,2,9.8983,36,1,0,0,0.1,0.007693,7.32957,880605
5492,2,9.88258,41,1,0,0,0.1,0.014144,7.29693,880647
5493,2,9.90391,34,1,0,0,0.1,0.013079,7.3266,880682
5494,2,9.88643,40,1,0,0,0.1,0.00943,7.34962,880723
5495,2,9.76599,80,1,0,0,0.1,0.015593,7.32919,880804
5496,2,9.91866,29,1,0,0,0.1,0.011531,7.36751,880834
5497,2,9.74515,87,1,0,0,0.1,0.014666,7.31348,880922
5498,2,9.90954,32,1,0,0,0.1,0.015796,7.35458,880955
5499,2,9.91567,30,1,0,0,0.1,0.011162,7.30682,880986
5500,2,9.76873,79,1,0,0,0.1,0.014077,7.33173,881066
5501,2,9.92461,27,1,0,0,0.1,0.013545,7.35727,881094
5502,2,9.85906,49,1,0,0,0.1,0.006306,7.35724,881144
5503,2,9.86203,48,1,0,0,0.1,0.010623,7.3809,881193
5504,2,9.86186,48,1,0,0,0.1,0.015408,7.32049,881242
5505,2,9.85267,51,1,0,0,0.1,0.015049,7.34571,881294
5506,2,9.84984,52,1,0,0,0.1,0.00973,7.33038,881347
5507,2,9.8438,54,1,0,0,0.1,0.010072,7.36683,881402
5508,2,9.67651,110,1,0,0,0.1,0.012564,7.33804,881513
5509,2,9.61901,129,1,0,0,0.1,0.013529,7.33686,881643
5510,2,9.92487,27,1,0,0,0.1,0.019306,7.34271,881671
5511,2,9.82247,61,1,0,0,0.1,0.01762,7.32534,881733
5512,2,9.84386,54,1,0,0,0.1,0.011532,7.33856,881788
5513,2,9.92837,26,1,0,0,0.1,0.013476,7.35624,881815
5514,2,-1.2,400,0,0,1,0.1,0.012971,7.35338,882215
5515,2,9.85903,49,1,0,0,0.1,0.013523,7.35293,882265
5516,2,9.85248,51,1,0,0,0.1,0.018835,7.36889,882317
5517,2,9.83803,56,1,0,0,0.1,0.017242,7.39136,882374
5518,2,9.88627,40,1,0,0,0.1,0.008103,7.38087,882415
5519,2,9.83458,57,1,0,0,0.1,0.013078,7.37558,882473
5520,2,9.91582,30,1,0,0,0.1,0.014545,7.3891,882504
5521,2,9.7838,74,1,0,0,0.1,0.01384,7.35603,882579
5522,2,9.91887,29,1,0,0,0.1,0.006508,7.33062,882609
5523,2,9.86501,47,1,0,0,0.1,0.016434,7.38937,882657
5524,2,9.92746,26,1,0,0,0.1,0.010759,7.39832,882684
5525,2,-1.027,9,0,1,0,0.1,0.015732,7.34341,882694
5526,2,9.91582,30,1,0,0,0.1,0.017651,7.3896,882725
5527,2,9.87697,43,1,0,0,0.1,0.019028,7.34234,882769
5528,2,9.84697,53,1,0,0,0.1,0.008682,7.39556,882823
5529,2,9.87373,44,1,0,0,0.1,0.01711,7.40094,882868
5530,2,-1.072,24,0,1,0,0.1,0.010545,7.38912,882893
5531,2,9.92797,26,1,0,0,0.1,0.028621,7.33646,882920
5532,2,9.79017,72,1,0,0,0.1,0.014359,7.39088,882993
5533,2,9.81735,63,1,0,0,0.1,0.013011,7.36841,883057
5534,2,9.93103,25,1,0,0,0.1,0.011784,7.37272,883083
5535,2,9.63348,124,1,0,0,0.1,0.011585,7.36693,883208
5536,2,9.84999,52,1,0,0,0.1,0.011599,7.37273,883261
5537,2,9.88565,40,1,0,0,0.1,0.011551,7.40087,883302
5538,2,-1.435,145,0,1,0,0.1,0.010224,7.38051,883448
5539,2,9.91526,30,1,0,0,0.1,0.02061,7.3887,883479
5540,2,9.77788,76,1,0,0,0.1,0.014283,7.37238,883556
5541,2,9.7929,71,1,0,0,0.1,0.01498,7.41742,883628
5542,2,9.93053,25,1,0,0,0.1,0.01776,7.41784,883654
5543,2,9.88931,39,1,0,0,0.1,0.014487,7.38634,883694
5544,2,9.90394,34,1,0,0,0.1,0.012804,7.38911,883729
5545,2,9.85603,50,1,0,0,0.1,0.009884,7.39917,883780
5546,2,9.89763,36,1,0,0,0.1,0.008095,7.41815,883817
5547,2,9.43934,189,1,0,0,0.1,0.012676,7.38981,884007
5548,2,9.7537,84,1,0,0,0.1,0.011697,7.38013,884092
5549,2,9.24975,252,1,0,0,0.1,0.013732,7.37402,884345
5550,2,9.88906,39,1,0,0,0.1,0.009273,7.3808,884385
5551,2,9.83763,56,1,0,0,0.1,0.016148,7.34379,884442
5552,2,9.85273,51,1,0,0,0.1,0.006976,7.34706,884494
5553,2,-1.462,154,0,1,0,0.1,0.013285,7.38019,884649
5554,2,-1.39,130,0,1,0,0.1,0.011211,7.36335,884780
5555,2,-1.111,37,0,1,0,0.1,0.007879,7.37864,884818
5556,2,9.91021,32,1,0,0,0.1,0.012879,7.38706,884851
5557,2,9.86752,46,1,0,0,0.1,0.019134,7.36271,884898
5558,2,9.76902,79,1,0,0,0.1,0.013971,7.35395,884978
5559,2,9.28573,240,1,0,0,0.1,0.012211,7.35557,885219
5560,2,9.80824,66,1,0,0,0.1,0.017225,7.33027,885286
5561,2,9.88861,39,1,0,0,0.1,0.012276,7.3527,885326
5562,2,9.91599,30,1,0,0,0.1,0.021347,7.39923,885357
5563,2,9.82327,61,1,0,0,0.1,0.017588,7.37807,885419
5564,2,9.92472,27,1,0,0,0.1,0.012318,7.37974,885447
5565,2,9.85899,49,1,0,0,0.1,0.014726,7.36409,885497
5566,2,9.88882,39,1,0,0,0.1,0.004606,7.38814,885537
5567,2,9.88827,39,1,0,0,0.1,0.011975,7.37508,885577
5568,2,9.63943,122,1,0,0,0.1,0.012717,7.37712,885700
5569,2,9.81094,65,1,0,0,0.1,0.013696,7.38212,885766
5570,2,9.8742,44,1,0,0,0.1,0.01677,7.39207,885811
5571,2,9.78946,72,1,0,0,0.1,0.013461,7.36372,885884
5572,2,-1.066,22,0,1,0,0.1,0.011181,7.39995,885907
5573,2,9.88892,39,1,0,0,0.1,0.012234,7.39087,885947
5574,2,9.89775,36,1,0,0,0.1,0.012266,7.40991,885984
5575,2,9.94029,22,1,0,0,0.1,0.021298,7.38416,886007
5576,2,9.86167,48,1,0,0,0.1,0.018256,7.40436,886056
5577,2,-1.2,400,0,0,1,0.1,0.017718,7.39172,886456
5578,2,-1.17301,59,0,1,0,0.1,0.011909,7.39765,886516
5579,2,9.87683,43,1,0,0,0.1,0.011246,7.41985,886560
5580,2,9.85584,50,1,0,0,0.1,0.01041,7.3916,886611
5581,2,9.77872,76,1,0,0,0.1,0.01191,7.41002,886688
5582,2,9.9127,31,1,0,0,0.1,0.009728,7.40131,886720
5583,2,9.8407,55,1,0,0,0.1,0.01183,7.40819,886776
5584,2,9.81386,64,1,0,0,0.1,0.008875,7.40324,886841
5585,2,9.827,60,1,0,0,0.1,0.015506,7.36424,886902
5586,2,9.87044,45,1,0,0,0.1,0.009167,7.39947,886948
5587,2,9.86839,46,1,0,0,0.1,0.015649,7.39671,886995
5588,2,9.78684,73,1,0,0,0.1,0.015795,7.39878,887069
5589,2,9.88888,39,1,0,0,0.1,0.01083,7.42955,887109
5590,2,9.75954,82,1,0,0,0.1,0.013409,7.40744,887192
5591,2,-1.081,27,0,1,0,0.1,0.011171,7.43105,887220
5592,2,9.92431,27,1,0,0,0.1,0.014591,7.42505,887248
5593,2,9.82882,59,1,0,0,0.1,0.011506,7.43054,887308
5594,2,9.81696,63,1,0,0,0.1,0.010045,7.38614,887372
5595,2,9.83575,57,1,0,0,0.1,0.016435,7.39778,887430
5596,2,9.87683,43,1,0,0,0.1,0.021061,7.4157,887474
5597,2,9.84353,54,1,0,0,0.1,0.014378,7.39814,887529
5598,2,9.83489,57,1,0,0,0.1,0.014528,7.38555,887587
5599,2,9.889,39,1,0,0,0.1,0.016797,7.4139,887627
5600,2,9.92754,26,1,0,0,0.1,0.011061,7.43991,887654
5601,2,9.84676,53,1,0,0,0.1,0.01393,7.43681,887708
5602,2,9.69697,103,1,0,0,0.1,0.010946,7.41446,887812
5603,2,9.9035,34,1,0,0,0.1,0.008366,7.41497,887847
5604,2,9.92791,26,1,0,0,0.1,0.012113,7.4188,887874
5605,2,9.79311,71,1,0,0,0.1,0.015509,7.41752,887946
5606,2,-1.372,124,0,1,0,0.1,0.012957,7.40471,888071
5607,2,9.92784,26,1,0,0,0.1,0.014885,7.43644,888098
5608,2,9.90703,33,1,0,0,0.1,0.013885,7.3724,888132
5609,2,9.84064,55,1,0,0,0.1,0.010366,7.39335,888188
5610,2,9.83183,58,1,0,0,0.1,0.011306,7.42043,888247
5611,2,9.80476,67,1,0,0,0.1,0.016718,7.39853,888315
5612,2,9.87107,45,1,0,0,0.1,0.011444,7.41964,888361
5613,2,9.87991,42,1,0,0,0.1,0.017613,7.42713,888404
5614,2,9.94258,21,1,0,0,0.1,0.00773,7.44416,888426
5615,2,9.94287,21,1,0,0,0.1,0.010725,7.41056,888448
5616,2,9.73539,90,1,0,0,0.1,0.012314,7.42141,888539
5617,2,9.78678,73,1,0,0,0.1,0.01514,7.41932,888613
5618,2,9.92209,28,1,0,0,0.1,0.015275,7.40932,888642
5619,2,9.901,35,1,0,0,0.1,0.020244,7.40755,888678
5620,2,9.82904,59,1,0,0,0.1,0.016436,7.4064,888738
5621,2,9.86843,46,1,0,0,0.1,0.007406,7.39541,888785
5622,2,9.89472,37,1,0,0,0.1,0.0113,7.38273,888823
5623,2,9.78925,72,1,0,0,0.1,0.012919,7.38913,888896
5624,2,-1.036,12,0,1,0,0.1,0.006055,7.43334,888909
5625,2,9.88877,39,1,0,0,0.1,0.011731,7.43244,888949
5626,2,9.88884,39,1,0,0,0.1,0.012739,7.40001,888989
5627,2,9.78959,72,1,0,0,0.1,0.012201,7.41805,889062
5628,2,9.91341,31,1,0,0,0.1,0.009222,7.4363,889094
5629,2,9.68168,108,1,0,0,0.1,0.013607,7.41359,889203
5630,2,9.92166,28,1,0,0,0.1,0.011258,7.39993,889232
5631,2,9.81105,65,1,0,0,0.1,0.016184,7.39851,889298
5632,2,9.79899,69,1,0,0,0.1,0.011015,7.40399,889368
5633,2,9.88015,42,1,0,0,0.1,0.011452,7.44351,889411
5634,2,9.8167,63,1,0,0,0.1,0.009847,7.43799,889475
5635,2,9.8591,49,1,0,0,0.1,0.009247,7.43791,889525
5636,2,9.90091,35,1,0,0,0.1,0.012828,7.40518,889561
5637,2,9.85732,50,1,0,0,0.1,0.014055,7.43781,889612
5638,2,9.68831,106,1,0,0,0.1,0.012674,7.42035,889719
5639,2,9.89155,38,1,0,0,0.1,0.016095,7.45469,889758
5640,2,9.90374,34,1,0,0,0.1,0.01671,7.43899,889793
5641,2,9.86749,46,1,0,0,0.1,0.018111,7.44577,889840
5642,2,9.86791,46,1,0,0,0.1,0.015863,7.4329,889887
5643,2,9.88256,41,1,0,0,0.1,0.01543,7.43104,889929
5644,2,9.91936,29,1,0,0,0.1,0.013119,7.47766,889959
5645,2,-1.126,42,0,1,0,0.1,0.022021,7.43367,890002
5646,2,9.80483,67,1,0,0,0.1,0.017238,7.43271,890070
5647,2,9.81695,63,1,0,0,0.1,0.015416,7.42309,890134
5648,2,9.87976,42,1,0,0,0.1,0.014552,7.40119,890177
5649,2,9.85256,51,1,0,0,0.1,0.017555,7.41758,890229
5650,2,9.9043,34,1,0,0,0.1,0.01185,7.39919,890264
5651,2,9.9282,26,1,0,0,0.1,0.009827,7.42523,890291
5652,2,-1.021,7,0,1,0,0.1,0.022586,7.49984,890299
5653,2,-1.324,108,0,1,0,0.1,0.013162,7.44088,890408
5654,2,9.85278,51,1,0,0,0.1,0.011522,7.4518,890460
5655,2,9.88896,39,1,0,0,0.1,0.00723,7.40299,890500
5656,2,9.81699,63,1,0,0,0.1,0.009471,7.44426,890564
5657,2,9.84426,54,1,0,0,0.1,0.008886,7.42327,890619
5658,2,9.91255,31,1,0,0,0.1,0.011893,7.42754,890651
5659,2,9.84675,53,1,0,0,0.1,0.006572,7.43824,890705
5660,2,9.92823,26,1,0,0,0.1,0.008837,7.42869,890732
5661,2,9.8503,52,1,0,0,0.1,0.012413,7.473,890785
5662,2,9.8738,44,1,0,0,0.1,0.012045,7.42723,890830
5663,2,9.72694,93,1,0,0,0.1,0.013609,7.42856,890924
5664,2,9.80782,66,1,0,0,0.1,0.011229,7.46741,890991
5665,2,9.80778,66,1,0,0,0.1,0.013995,7.41707,891058
5666,2,8.94378,354,1,0,0,0.1,0.013645,7.43298,891413
5667,2,9.88881,39,1,0,0,0.1,0.009576,7.44376,891453
5668,2,9.79009,72,1,0,0,0.1,0.015806,7.47554,891526
5669,2,9.89123,38,1,0,0,0.1,0.01047,7.40909,891565
5670,2,9.87365,44,1,0,0,0.1,0.012885,7.43076,891610
5671,2,9.90403,34,1,0,0,0.1,0.015311,7.46565,891645
5672,2,9.91912,29,1,0,0,0.1,0.015214,7.45488,891675
5673,2,-1.138,46,0,1,0,0.1,0.012379,7.4236,891722
5674,2,-1.075,25,0,1,0,0.1,0.011576,7.37953,891748
5675,2,9.88525,40,1,0,0,0.1,0.008533,7.43912,891789
5676,2,9.93657,23,1,0,0,0.1,0.011726,7.42834,891813
5677,2,-1.273,91,0,1,0,0.1,0.012409,7.41387,891905
5678,2,9.87445,44,1,0,0,0.1,0.011323,7.43171,891950
5679,2,9.92539,27,1,0,0,0.1,0.015525,7.44699,891978
5680,2,9.87948,42,1,0,0,0.1,0.012429,7.42229,892021
5681,2,9.94232,21,1,0,0,0.1,0.010467,7.45067,892043
5682,2,9.85027,52,1,0,0,0.1,0.012079,7.43551,892096
5683,2,9.90686,33,1,0,0,0.1,0.012816,7.42246,892130
5684,2,9.91006,32,1,0,0,0.1,0.009521,7.45594,892163
5685,2,9.92493,27,1,0,0,0.1,0.010943,7.44467,892191
5686,2,9.92517,27,1,0,0,0.1,0.009677,7.47183,892219
5687,2,9.78927,72,1,0,0,0.1,0.017121,7.45359,892292
5688,2,9.94001,22,1,0,0,0.1,0.012173,7.41991,892315
5689,2,9.85551,50,1,0,0,0.1,0.008791,7.43795,892366
5690,2,9.82595,60,1,0,0,0.1,0.01175,7.43074,892427
5691,2,9.76865,79,1,0,0,0.1,0.011913,7.45205,892507
5692,2,9.82267,61,1,0,0,0.1,0.0073,7.4519,892569
5693,2,9.79606,70,1,0,0,0.1,0.011516,7.46522,892640
5694,2,9.75056,85,1,0,0,0.1,0.010059,7.42818,892726
5695,2,9.87424,44,1,0,0,0.1,0.012728,7.41192,892771
5696,2,9.81999,62,1,0,0,0.1,0.004862,7.45376,892834
5697,2,-1.465,155,0,1,0,0.1,0.011918,7.43207,892990
5698,2,-1.285,95,0,1,0,0.1,0.015035,7.4264,893086
5699,2,9.77483,77,1,0,0,0.1,0.007773,7.46275,893164
5700,2,9.91277,31,1,0,0,0.1,0.005127,7.41809,893196
5701,2,9.78433,74,1,0,0,0.1,0.00891,7.44771,893271
5702,2,9.87082,45,1,0,0,0.1,0.010546,7.45777,893317
5703,2,9.84048,55,1,0,0,0.1,0.011923,7.43516,893373
5704,2,9.73626,90,1,0,0,0.1,0.012441,7.46305,893464
5705,2,9.90118,35,1,0,0,0.1,0.016504,7.44457,893500
5706,2,9.7361,90,1,0,0,0.1,0.013737,7.44269,893591
5707,2,-1.135,45,0,1,0,0.1,0.009294,7.46079,893637
5708,2,-1.129,43,0,1,0,0.1,0.008598,7.46334,893681
5709,2,9.9279,26,1,0,0,0.1,0.009964,7.46983,893708
5710,2,9.8344,57,1,0,0,0.1,0.010601,7.44137,893766
5711,2,9.95195,18,1,0,0,0.1,0.006235,7.46459,893785
5712,2,9.77798,76,1,0,0,0.1,0.010222,7.48217,893862
5713,2,9.8949,37,1,0,0,0.1,0.009896,7.45816,893900
5714,2,9.85859,49,1,0,0,0.1,0.015214,7.44294,893950
5715,2,9.89784,36,1,0,0,0.1,0.010591,7.45956,893987
5716,2,9.85024,52,1,0,0,0.1,0.013133,7.45719,894040
5717,2,9.85257,51,1,0,0,0.1,0.010388,7.48124,894092
5718,2,9.68573,107,1,0,0,0.1,0.012788,7.45138,894200
5719,2,9.68164,108,1,0,0,0.1,0.011564,7.45867,894309
5720,2,-1.021,7,0,1,0,0.1,0.031066,7.48873,894317
5721,2,-1.087,29,0,1,0,0.1,0.018856,7.44457,894347
5722,2,-1.096,32,0,1,0,0.1,0.017232,7.47021,894380
5723,2,9.94608,20,1,0,0,0.1,0.018109,7.49335,894401
5724,2,9.83826,56,1,0,0,0.1,0.01275,7.46346,894458
5725,2,9.88922,39,1,0,0,0.1,0.012782,7.52539,894498
5726,2,9.8949,37,1,0,0,0.1,0.013156,7.4692,894536
5727,2,9.87433,44,1,0,0,0.1,0.011925,7.47387,894581
5728,2,9.79906,69,1,0,0,0.1,0.012552,7.49335,894651
5729,2,9.88567,40,1,0,0,0.1,0.008645,7.46778,894692
5730,2,9.81982,62,1,0,0,0.1,0.010735,7.457,894755
5731,2,9.94267,21,1,0,0,0.1,0.009963,7.42445,894777
5732,2,-1.018,6,0,1,0,0.1,0.008764,7.5175,894784
5733,2,-1.054,18,0,1,0,0.1,0.013291,7.49885,894803
5734,2,9.90395,34,1,0,0,0.1,0.008006,7.49123,894838
5735,2,9.88257,41,1,0,0,0.1,0.01099,7.50383,894880
5736,2,9.79048,72,1,0,0,0.1,0.014527,7.48406,894953
5737,2,9.84403,54,1,0,0,0.1,0.008121,7.46866,895008
5738,2,9.8709,45,1,0,0,0.1,0.009993,7.47983,895054
5739,2,9.86784,46,1,0,0,0.1,0.015024,7.45995,895101
5740,2,9.87665,43,1,0,0,0.1,0.010007,7.46487,895145
5741,2,9.87373,44,1,0,0,0.1,0.011913,7.44186,895190
5742,2,9.88859,39,1,0,0,0.1,0.016296,7.44931,895230
5743,2,9.92217,28,1,0,0,0.1,0.013356,7.43482,895259
5744,2,9.78656,73,1,0,0,0.1,0.012338,7.44983,895333
5745,2,9.91884,29,1,0,0,0.1,0.009987,7.47397,895363
5746,2,9.75038,85,1,0,0,0.1,0.016045,7.46589,895449
5747,2,9.89769,36,1,0,0,0.1,0.018071,7.46826,895486
5748,2,9.82003,62,1,0,0,0.1,0.013188,7.4541,895549
5749,2,9.88313,41,1,0,0,0.1,0.013186,7.47507,895591
5750,2,-1.135,45,0,1,0,0.1,0.014615,7.46204,895637
5751,2,9.92795,26,1,0,0,0.1,0.017135,7.42263,895664
5752,2,9.69684,103,1,0,0,0.1,0.010277,7.48087,895768
5753,2,-1.057,19,0,1,0,0.1,0.012513,7.5225,895788
5754,2,9.76265,81,1,0,0,0.1,0.011387,7.46492,895870
5755,2,9.87971,42,1,0,0,0.1,0.00836,7.46378,895913
5756,2,9.91616,30,1,0,0,0.1,0.009141,7.44917,895944
5757,2,9.8592,49,1,0,0,0.1,0.009599,7.46612,895994
5758,2,9.9276,26,1,0,0,0.1,0.014423,7.48191,896021
5759,2,9.86436,47,1,0,0,0.1,0.012117,7.45144,896069
5760,2,9.7779,76,1,0,0,0.1,0.01332,7.46743,896146
5761,2,9.87403,44,1,0,0,0.1,0.014697,7.46217,896191
5762,2,9.92223,28,1,0,0,0.1,0.015666,7.46615,896220
5763,2,-1.609,203,0,1,0,0.1,0.014987,7.46797,896424
5764,2,-1.252,84,0,1,0,0.1,0.011833,7.47099,896509
5765,2,9.847,53,1,0,0,0.1,0.014518,7.45904,896563
5766,2,9.7187,96,1,0,0,0.1,0.009969,7.45072,896660
5767,2,9.94314,21,1,0,0,0.1,0.014827,7.45825,896682
5768,2,9.84641,53,1,0,0,0.1,0.013922,7.46428,896736
5769,2,9.87407,44,1,0,0,0.1,0.008073,7.43011,896781
5770,2,9.7359,90,1,0,0,0.1,0.008483,7.46982,896872
5771,2,-1.045,15,0,1,0,0.1,0.007871,7.50608,896888
5772,2,9.71199,98,1,0,0,0.1,0.013306,7.47091,896987
5773,2,9.91312,31,1,0,0,0.1,0.012295,7.45652,897019
5774,2,9.8618,48,1,0,0,0.1,0.010926,7.49121,897068
5775,2,9.85241,51,1,0,0,0.1,0.009306,7.48632,897120
5776,2,9.89816,36,1,0,0,0.1,0.010345,7.47707,897157
5777,2,9.87144,45,1,0,0,0.1,0.013648,7.45095,897203
5778,2,9.89798,36,1,0,0,0.1,0.009087,7.46743,897240
5779,2,9.83186,58,1,0,0,0.1,0.015489,7.47758,897299
5780,2,9.7866,73,1,0,0,0.1,0.011233,7.47779,897373
5781,2,9.89174,38,1,0,0,0.1,0.008265,7.48493,897412
5782,2,9.90653,33,1,0,0,0.1,0.019078,7.48337,897446
5783,2,-1.1553,53,0,1,0,0.1,0.009154,7.50299,897500
5784,2,9.92152,28,1,0,0,0.1,0.014149,7.48822,897529
5785,2,9.835,57,1,0,0,0.1,0.012873,7.48665,897587
5786,2,9.77798,76,1,0,0,0.1,0.012133,7.47307,897664
5787,2,9.9218,28,1,0,0,0.1,0.013122,7.44217,897693
5788,2,9.91921,29,1,0,0,0.1,0.010839,7.48893,897723
5789,2,-1.135,45,0,1,0,0.1,0.012303,7.47285,897769
5790,2,9.8411,55,1,0,0,0.1,0.012952,7.48068,897825
5791,2,9.9367,23,1,0,0,0.1,0.013613,7.47055,897849
5792,2,9.84076,55,1,0,0,0.1,0.008487,7.49584,897905
5793,2,9.85881,49,1,0,0,0.1,0.014442,7.4759,897955
5794,2,9.82565,60,1,0,0,0.1,0.008311,7.48069,898016
5795,2,9.88939,39,1,0,0,0.1,0.009908,7.5359,898056
5796,2,9.80752,66,1,0,0,0.1,0.015498,7.50188,898123
5797,2,9.81715,63,1,0,0,0.1,0.010591,7.51275,898187
5798,2,9.78703,73,1,0,0,0.1,0.011227,7.53686,898261
5799,2,9.91025,32,1,0,0,0.1,0.008294,7.4904,898294
5800,2,9.89481,37,1,0,0,0.1,0.015906,7.50794,898332
5801,2,9.9368,23,1,0,0,0.1,0.01185,7.52694,898356
5802,2,9.76868,79,1,0,0,0.1,0.009851,7.51705,898436
5803,2,9.84973,52,1,0,0,0.1,0.013464,7.50886,898489
5804,2,9.90712,33,1,0,0,0.1,0.018848,7.51839,898523
5805,2,9.93747,23,1,0,0,0.1,0.005979,7.48081,898547
5806,2,9.89781,36,1,0,0,0.1,0.014069,7.53103,898584
5807,2,9.92208,28,1,0,0,0.1,0.004618,7.50641,898613
5808,2,9.78404,74,1,0,0,0.1,0.011024,7.515,898688
5809,2,9.88896,39,1,0,0,0.1,0.005734,7.50658,898728
5810,2,9.91836,29,1,0,0,0.1,0.010799,7.51206,898758
5811,2,9.88624,40,1,0,0,0.1,0.013607,7.54861,898799
5812,2,9.87132,45,1,0,0,0.1,0.013069,7.50112,898845
5813,2,9.93402,24,1,0,0,0.1,0.00961,7.50969,898870
5814,2,9.81394,64,1,0,0,0.1,0.010498,7.51689,898935
5815,2,9.79887,69,1,0,0,0.1,0.010227,7.51188,899005
5816,2,9.85864,49,1,0,0,0.1,0.008644,7.51892,899055
5817,2,9.93972,22,1,0,0,0.1,0.011776,7.45869,899078
5818,2,-1.2,400,0,0,1,0.1,0.010667,7.51789,899478
5819,2,9.93707,23,1,0,0,0.1,0.020609,7.48907,899502
5820,2,9.84951,52,1,0,0,0.1,0.015108,7.5097,899555
5821,2,9.93646,23,1,0,0,0.1,0.007095,7.48249,899579
5822,2,9.91853,29,1,0,0,0.1,0.010234,7.49946,899609
5823,2,9.88536,40,1,0,0,0.1,0.011896,7.46909,899650
5824,2,9.88222,41,1,0,0,0.1,0.011423,7.50361,899692
5825,2,9.87667,43,1,0,0,0.1,0.010338,7.52557,899736
5826,2,9.77579,77,1,0,0,0.1,0.007633,7.52141,899814
5827,2,9.92506,27,1,0,0,0.1,0.017804,7.5177,899842
5828,2,-1.039,13,0,1,0,0.1,0.010106,7.50332,899856
5829,2,9.6971,103,1,0,0,0.1,0.011356,7.50135,899960
5830,2,9.80786,66,1,0,0,0.1,0.014836,7.54463,900027
5831,2,9.79908,69,1,0,0,0.1,0.013289,7.50921,900097
5832,2,9.80125,68,1,0,0,0.1,0.008216,7.52109,900166
5833,2,9.79581,70,1,0,0,0.1,0.011213,7.54254,900237
5834,2,9.92486,27,1,0,0,0.1,0.013053,7.5193,900265
5835,2,9.91863,29,1,0,0,0.1,0.015597,7.49539,900295
5836,2,9.94517,20,1,0,0,0.1,0.014977,7.52153,900316
5837,2,9.81079,65,1,0,0,0.1,0.013617,7.51814,900382
5838,2,9.74453,87,1,0,0,0.1,0.010405,7.52325,900470
5839,2,9.84076,55,1,0,0,0.1,0.011534,7.53782,900526
5840,2,9.88923,39,1,0,0,0.1,0.012148,7.5261,900566
5841,2,9.84645,53,1,0,0,0.1,0.011899,7.54351,900620
5842,2,-1.819,273,0,1,0,0.1,0.01457,7.52852,900894
5843,2,9.79001,72,1,0,0,0.1,0.017077,7.53969,900967
5844,2,-1.138,46,0,1,0,0.1,0.011172,7.54197,901014
5845,2,9.81142,65,1,0,0,0.1,0.012054,7.55698,901080
5846,2,9.8473,53,1,0,0,0.1,0.009972,7.54923,901134
5847,2,9.73625,90,1,0,0,0.1,0.010584,7.54324,901225
5848,2,9.9126,31,1,0,0,0.1,0.005972,7.545,901257
5849,2,9.94301,21,1,0,0,0.1,0.011163,7.51705,901279
5850,2,9.88855,39,1,0,0,0.1,0.009641,7.55983,901319
5851,2,9.89784,36,1,0,0,0.1,0.00825,7.54933,901356
5852,2,9.91303,31,1,0,0,0.1,0.013309,7.53622,901388
5853,2,9.86436,47,1,0,0,0.1,0.010807,7.53003,901436
5854,2,9.7661,80,1,0,0,0.1,0.010591,7.50877,901517
5855,2,9.85303,51,1,0,0,0.1,0.009912,7.52803,901569
5856,2,9.78402,74,1,0,0,0.1,0.015509,7.52824,901644
5857,2,9.89533,37,1,0,0,0.1,0.010975,7.56579,901682
5858,2,9.90958,32,1,0,0,0.1,0.006449,7.58009,901715
5859,2,9.88025,42,1,0,0,0.1,0.016165,7.53654,901758
5860,2,9.74831,86,1,0,0,0.1,0.011417,7.55328,901845
5861,2,9.91881,29,1,0,0,0.1,0.017368,7.5638,901875
5862,2,9.92799,26,1,0,0,0.1,0.002999,7.52827,901902
5863,2,9.89485,37,1,0,0,0.1,0.005239,7.5552,901940
5864,2,9.73277,91,1,0,0,0.1,0.01176,7.53031,902032
5865,2,9.9127,31,1,0,0,0.1,0.014798,7.52988,902064
5866,2,9.9281,26,1,0,0,0.1,0.014539,7.55078,902091
5867,2,9.61584,130,1,0,0,0.1,0.014042,7.53152,902222
5868,2,9.76881,79,1,0,0,0.1,0.013987,7.54932,902302
5869,2,9.88254,41,1,0,0,0.1,0.007349,7.53984,902344
5870,2,9.8254,60,1,0,0,0.1,0.010158,7.52055,902405
5871,2,9.87963,42,1,0,0,0.1,0.015072,7.53982,902448
5872,2,-1.027,9,0,1,0,0.1,0.015012,7.60455,902458
5873,2,9.8404,55,1,0,0,0.1,0.011285,7.5588,902514
5874,2,9.93717,23,1,0,0,0.1,0.014943,7.55192,902538
5875,2,-1.06,20,0,1,0,0.1,0.017626,7.55635,902559
5876,2,9.91548,30,1,0,0,0.1,0.009791,7.50738,902590
5877,2,9.93382,24,1,0,0,0.1,0.015383,7.58674,902615
5878,2,9.89787,36,1,0,0,0.1,0.007364,7.54446,902652
5879,2,9.72992,92,1,0,0,0.1,0.01342,7.55405,902745
5880,2,9.86831,46,1,0,0,0.1,0.012017,7.5401,902792
5881,2,9.84357,54,1,0,0,0.1,0.008947,7.5621,902847
5882,2,9.9098,32,1,0,0,0.1,0.021068,7.52228,902880
5883,2,9.92233,28,1,0,0,0.1,0.009186,7.54223,902909
5884,2,9.88328,41,1,0,0,0.1,0.007677,7.5381,902951
5885,2,9.77524,77,1,0,0,0.1,0.009491,7.56697,903029
5886,2,9.82293,61,1,0,0,0.1,0.011196,7.56863,903091
5887,2,9.84374,54,1,0,0,0.1,0.008464,7.56464,903146
5888,2,9.88897,39,1,0,0,0.1,0.011732,7.57858,903186
5889,2,9.8676,46,1,0,0,0.1,0.012906,7.54569,903233
5890,2,9.77217,78,1,0,0,0.1,0.012236,7.54544,903312
5891,2,9.87174,45,1,0,0,0.1,0.012472,7.55486,903358
5892,2,9.84713,53,1,0,0,0.1,0.011034,7.51673,903412
5893,2,-1.399,133,0,1,0,0.1,0.013333,7.54065,903546
5894,2,9.90061,35,1,0,0,0.1,0.009351,7.53828,903582
5895,2,9.9011,35,1,0,0,0.1,0.013986,7.56636,903618
5896,2,9.76887,79,1,0,0,0.1,0.012077,7.55364,903698
5897,2,9.88921,39,1,0,0,0.1,0.009405,7.58302,903738
5898,2,9.87395,44,1,0,0,0.1,0.013303,7.54867,903783
5899,2,9.8105,65,1,0,0,0.1,0.009685,7.53326,903849
5900,2,9.8922,38,1,0,0,0.1,0.017135,7.54651,903888
5901,2,9.8946,37,1,0,0,0.1,0.009784,7.50496,903926
5902,2,-1.099,33,0,1,0,0.1,0.015679,7.53561,903960
5903,2,9.87374,44,1,0,0,0.1,0.008085,7.54761,904005
5904,2,9.89724,36,1,0,0,0.1,0.010866,7.57115,904042
5905,2,9.88594,40,1,0,0,0.1,0.008873,7.55308,904083
5906,2,9.91277,31,1,0,0,0.1,0.006123,7.54792,904115
5907,2,9.84381,54,1,0,0,0.1,0.008344,7.56596,904170
5908,2,9.90443,34,1,0,0,0.1,0.009807,7.52972,904205
5909,2,9.90385,34,1,0,0,0.1,0.017388,7.5725,904240
5910,2,9.86468,47,1,0,0,0.1,0.007589,7.5464,904288
5911,2,9.90076,35,1,0,0,0.1,0.011934,7.49736,904324
5912,2,9.79262,71,1,0,0,0.1,0.015024,7.57771,904396
5913,2,9.83222,58,1,0,0,0.1,0.017412,7.57508,904455
5914,2,9.78693,73,1,0,0,0.1,0.015245,7.55242,904529
5915,2,9.80532,67,1,0,0,0.1,0.01273,7.55194,904597
5916,2,9.85287,51,1,0,0,0.1,0.020987,7.5696,904649
5917,2,9.92781,26,1,0,0,0.1,0.01303,7.55815,904676
5918,2,9.89835,36,1,0,0,0.1,0.012212,7.52932,904713
5919,2,9.87059,45,1,0,0,0.1,0.010958,7.51196,904759
5920,2,9.63093,125,1,0,0,0.1,0.011871,7.54448,904885
5921,2,9.9162,30,1,0,0,0.1,0.015685,7.57867,904916
5922,2,9.90084,35,1,0,0,0.1,0.010307,7.57663,904952
5923,2,9.93119,25,1,0,0,0.1,0.007637,7.50875,904978
5924,2,9.88584,40,1,0,0,0.1,0.009333,7.54504,905019
5925,2,9.80786,66,1,0,0,0.1,0.008327,7.57132,905086
5926,2,9.87665,43,1,0,0,0.1,0.008628,7.54254,905130
5927,2,9.80168,68,1,0,0,0.1,0.006576,7.53782,905199
5928,2,9.88626,40,1,0,0,0.1,0.010474,7.5622,905240
5929,2,9.88855,39,1,0,0,0.1,0.008169,7.58304,905280
5930,2,9.88294,41,1,0,0,0.1,0.008948,7.54299,905322
5931,2,-1.177,59,0,1,0,0.1,0.006961,7.58158,905382
5932,2,9.88885,39,1,0,0,0.1,0.008438,7.57971,905422
5933,2,9.81982,62,1,0,0,0.1,0.010089,7.55986,905485
5934,2,9.93103,25,1,0,0,0.1,0.01093,7.6048,905511
5935,2,9.89473,37,1,0,0,0.1,0.015026,7.58612,905549
5936,2,9.86582,47,1,0,0,0.1,0.012014,7.57496,905597
5937,2,9.81672,63,1,0,0,0.1,0.010576,7.57838,905661
5938,2,9.83157,58,1,0,0,0.1,0.017909,7.5518,905720
5939,2,9.87094,45,1,0,0,0.1,0.012767,7.55356,905766
5940,2,9.86228,48,1,0,0,0.1,0.006932,7.59395,905815
5941,2,9.85581,50,1,0,0,0.1,0.0096,7.57452,905866
5942,2,9.84357,54,1,0,0,0.1,0.01315,7.59045,905921
5943,2,9.85973,49,1,0,0,0.1,0.017479,7.58362,905971
5944,2,9.81056,65,1,0,0,0.1,0.010517,7.57824,906037
5945,2,9.82823,59,1,0,0,0.1,0.011844,7.62285,906097
5946,2,9.88931,39,1,0,0,0.1,0.012554,7.61173,906137
5947,2,9.92454,27,1,0,0,0.1,0.006877,7.58757,906165
5948,2,9.94634,20,1,0,0,0.1,0.004855,7.58469,906186
5949,2,9.80818,66,1,0,0,0.1,0.012946,7.59449,906253
5950,2,9.83207,58,1,0,0,0.1,0.013242,7.59559,906312
5951,2,9.92768,26,1,0,0,0.1,0.009779,7.57636,906339
5952,2,9.92502,27,1,0,0,0.1,0.009154,7.59209,906367
5953,2,9.85866,49,1,0,0,0.1,0.013996,7.60166,906417
5954,2,9.73908,89,1,0,0,0.1,0.014574,7.58423,906507
5955,2,-1.2,400,0,0,1,0.1,0.010289,7.60645,906907
5956,2,9.84961,52,1,0,0,0.1,0.005099,7.57556,906960
5957,2,9.91598,30,1,0,0,0.1,0.012123,7.59582,906991
5958,2,9.889,39,1,0,0,0.1,0.008783,7.61486,907031
5959,2,9.83528,57,1,0,0,0.1,0.007618,7.60531,907089
5960,2,9.88038,42,1,0,0,0.1,0.010416,7.58568,907132
5961,2,9.9068,33,1,0,0,0.1,0.007751,7.56198,907166
5962,2,9.82074,62,1,0,0,0.1,0.010907,7.59452,907229
5963,2,9.80148,68,1,0,0,0.1,0.007634,7.59245,907298
5964,2,9.78647,73,1,0,0,0.1,0.010137,7.5742,907372
5965,2,9.86794,46,1,0,0,0.1,0.009308,7.58388,907419
5966,2,9.78379,74,1,0,0,0.1,0.011342,7.56624,907494
5967,2,9.90089,35,1,0,0,0.1,0.005941,7.60044,907530
5968,2,9.87369,44,1,0,0,0.1,0.009392,7.59224,907575
5969,2,9.81113,65,1,0,0,0.1,0.015352,7.59414,907641
5970,2,9.91568,30,1,0,0,0.1,0.007265,7.58253,907672
5971,2,9.8346,57,1,0,0,0.1,0.009424,7.60508,907730
5972,2,9.86206,48,1,0,0,0.1,0.006442,7.57889,907779
5973,2,9.793,71,1,0,0,0.1,0.008454,7.58947,907851
5974,2,9.81362,64,1,0,0,0.1,0.010188,7.61029,907916
5975,2,9.73295,91,1,0,0,0.1,0.013176,7.5797,908008
5976,2,9.87052,45,1,0,0,0.1,0.009255,7.60683,908054
5977,2,9.92794,26,1,0,0,0.1,0.008142,7.54065,908081
5978,2,-1.2,400,0,0,1,0.1,0.010646,7.5795,908481
5979,2,9.86808,46,1,0,0,0.1,0.011967,7.58469,908528
5980,2,-1.342,114,0,1,0,0.1,0.009881,7.58189,908643
5981,2,9.92485,27,1,0,0,0.1,0.010813,7.59495,908671
5982,2,9.79303,71,1,0,0,0.1,0.010522,7.58254,908743
5983,2,9.90371,34,1,0,0,0.1,0.011612,7.57581,908778
5984,2,9.81956,62,1,0,0,0.1,0.010534,7.5904,908841
5985,2,9.89122,38,1,0,0,0.1,0.010112,7.61242,908880
5986,2,9.90114,35,1,0,0,0.1,0.01096,7.59528,908916
5987,2,9.87387,44,1,0,0,0.1,0.016574,7.59885,908961
5988,2,9.91636,30,1,0,0,0.1,0.014644,7.63692,908992
5989,2,9.85552,50,1,0,0,0.1,0.013841,7.62904,909043
5990,2,9.89484,37,1,0,0,0.1,0.011877,7.62129,909081
5991,2,9.92503,27,1,0,0,0.1,0.012451,7.65752,909109
5992,2,9.91902,29,1,0,0,0.1,0.011642,7.60243,909139
5993,2,9.84041,55,1,0,0,0.1,0.012123,7.58976,909195
5994,2,9.83825,56,1,0,0,0.1,0.010062,7.61089,909252
5995,2,9.92169,28,1,0,0,0.1,0.015483,7.57669,909281
5996,2,9.75391,84,1,0,0,0.1,0.007042,7.5832,909366
5997,2,9.73854,89,1,0,0,0.1,0.007731,7.61399,909456
5998,2,9.75356,84,1,0,0,0.1,0.010439,7.64552,909541
5999,2,9.83772,56,1,0,0,0.1,0.009662,7.60037,909598
6000,2,9.92811,26,1,0,0,0.1,0.018526,7.61213,909625
6001,2,9.79559,70,1,0,0,0.1,0.013586,7.58599,909696
6002,2,9.93339,24,1,0,0,0.1,0.012183,7.59086,909721
6003,2,9.88249,41,1,0,0,0.1,0.006967,7.62519,909763
6004,2,9.80157,68,1,0,0,0.1,0.012475,7.60529,909832
6005,2,9.78107,75,1,0,0,0.1,0.008838,7.57842,909908
6006,2,9.77513,77,1,0,0,0.1,0.008141,7.59434,909986
6007,2,9.88876,39,1,0,0,0.1,0.018105,7.60959,910026
6008,2,9.91892,29,1,0,0,0.1,0.013131,7.62341,910056
6009,2,9.86565,47,1,0,0,0.1,0.013242,7.59891,910104
6010,2,9.86465,47,1,0,0,0.1,0.013076,7.59929,910152
6011,2,-2.182,394,0,1,0,0.1,0.01312,7.602,910547
6012,2,9.82299,61,1,0,0,0.1,0.009566,7.592,910609
6013,2,9.93381,24,1,0,0,0.1,0.009702,7.58751,910634
6014,2,9.84969,52,1,0,0,0.1,0.012498,7.58553,910687
6015,2,9.90028,35,1,0,0,0.1,0.012478,7.60865,910723
6016,2,9.92487,27,1,0,0,0.1,0.012485,7.59843,910751
6017,2,9.78703,73,1,0,0,0.1,0.008329,7.59004,910825
6018,2,9.7986,69,1,0,0,0.1,0.008583,7.58582,910895
6019,2,9.8263,60,1,0,0,0.1,0.012098,7.59297,910956
6020,2,9.84115,55,1,0,0,0.1,0.011618,7.60739,911012
6021,2,9.93109,25,1,0,0,0.1,0.007874,7.57562,911038
6022,2,9.88627,40,1,0,0,0.1,0.007611,7.62887,911079
6023,2,9.88874,39,1,0,0,0.1,0.007981,7.60084,911119
6024,2,9.8351,57,1,0,0,0.1,0.01006,7.58873,911177
6025,2,9.86781,46,1,0,0,0.1,0.010784,7.59691,911224
6026,2,9.85853,49,1,0,0,0.1,0.012307,7.59409,911274
6027,2,9.8527,51,1,0,0,0.1,0.011982,7.59711,911326
6028,2,9.93075,25,1,0,0,0.1,0.011521,7.59097,911352
6029,2,9.84084,55,1,0,0,0.1,0.007133,7.59629,911408
6030,2,9.67947,109,1,0,0,0.1,0.011692,7.59497,911518
6031,2,-1.2,400,0,0,1,0.1,0.010094,7.57644,911918
6032,2,9.83459,57,1,0,0,0.1,0.01281,7.56772,911976
6033,2,9.79916,69,1,0,0,0.1,0.00931,7.57905,912046
6034,2,9.92896,26,1,0,0,0.1,0.011023,7.60772,912073
6035,2,9.90098,35,1,0,0,0.1,0.009917,7.64939,912109
6036,2,9.87066,45,1,0,0,0.1,0.005692,7.5507,912155
6037,2,-1.069,23,0,1,0,0.1,0.012208,7.58169,912179
6038,2,-1.495,165,0,1,0,0.1,0.011852,7.58574,912345
6039,2,9.78383,74,1,0,0,0.1,0.009464,7.59477,912420
6040,2,-1.087,29,0,1,0,0.1,0.01865,7.58524,912450
6041,2,9.84668,53,1,0,0,0.1,0.009313,7.59371,912504
6042,2,9.86201,48,1,0,0,0.1,0.013096,7.55442,912553
6043,2,-1.2,400,0,0,1,0.1,0.010043,7.57597,912953
6044,2,9.84083,55,1,0,0,0.1,0.008594,7.55351,913009
6045,2,9.8443,54,1,0,0,0.1,0.007163,7.5579,913064
6046,2,9.91253,31,1,0,0,0.1,0.010787,7.55191,913096
6047,2,9.81937,62,1,0,0,0.1,0.011279,7.55346,913159
6048,2,9.8196,62,1,0,0,0.1,0.010998,7.54894,913222
6049,2,9.75688,83,1,0,0,0.1,0.010871,7.57629,913306
6050,2,9.68528,107,1,0,0,0.1,0.012279,7.54055,913414
6051,2,-1.132,44,0,1,0,0.1,0.01006,7.56844,913459
6052,2,9.81979,62,1,0,0,0.1,0.011565,7.55195,913522
6053,2,-1.084,28,0,1,0,0.1,0.014907,7.55537,913551
6054,2,9.89472,37,1,0,0,0.1,0.011733,7.55224,913589
6055,2,9.77496,77,1,0,0,0.1,0.010558,7.54262,913667
6056,2,9.77205,78,1,0,0,0.1,0.009561,7.56644,913746
6057,2,9.84692,53,1,0,0,0.1,0.00726,7.58438,913800
6058,2,9.91882,29,1,0,0,0.1,0.005778,7.58918,913830
6059,2,9.73569,90,1,0,0,0.1,0.012272,7.54508,913921
6060,2,9.85592,50,1,0,0,0.1,0.016979,7.54455,913972
6061,2,9.88934,39,1,0,0,0.1,0.014772,7.60022,914012
6062,2,9.94577,20,1,0,0,0.1,0.006136,7.59405,914033
6063,2,9.85577,50,1,0,0,0.1,0.013166,7.60376,914084
6064,2,9.86503,47,1,0,0,0.1,0.009838,7.55378,914132
6065,2,-1.06,20,0,1,0,0.1,0.008674,7.57455,914153
6066,2,9.8768,43,1,0,0,0.1,0.007793,7.57539,914197
6067,2,9.904,34,1,0,0,0.1,0.013402,7.61661,914232
6068,2,9.75035,85,1,0,0,0.1,0.011726,7.56422,914318
6069,2,9.88908,39,1,0,0,0.1,0.012751,7.58553,914358
6070,2,9.92542,27,1,0,0,0.1,0.007859,7.58097,914386
6071,2,9.82933,59,1,0,0,0.1,0.012608,7.58838,914446
6072,2,9.91319,31,1,0,0,0.1,0.00956,7.57821,914478
6073,2,9.92136,28,1,0,0,0.1,0.010644,7.5726,914507
6074,2,9.84441,54,1,0,0,0.1,0.01433,7.60087,914562
6075,2,9.93326,24,1,0,0,0.1,0.01169,7.57923,914587
6076,2,9.92217,28,1,0,0,0.1,0.012556,7.60978,914616
6077,2,9.83141,58,1,0,0,0.1,0.011121,7.57905,914675
6078,2,9.85857,49,1,0,0,0.1,0.014422,7.57344,914725
6079,2,9.83478,57,1,0,0,0.1,0.010956,7.56739,914783
6080,2,9.84923,52,1,0,0,0.1,0.013779,7.59898,914836
6081,2,9.87422,44,1,0,0,0.1,0.011164,7.57351,914881
6082,2,9.89479,37,1,0,0,0.1,0.020884,7.56357,914919
6083,2,9.80508,67,1,0,0,0.1,0.014895,7.57846,914987
6084,2,9.80222,68,1,0,0,0.1,0.013562,7.59282,915056
6085,2,9.77862,76,1,0,0,0.1,0.007844,7.56836,915133
6086,2,9.81987,62,1,0,0,0.1,0.013178,7.56307,915196
6087,2,9.82287,61,1,0,0,0.1,0.007905,7.59557,915258
6088,2,9.88612,40,1,0,0,0.1,0.010205,7.56654,915299
6089,2,9.90457,34,1,0,0,0.1,0.011213,7.58615,915334
6090,2,9.91257,31,1,0,0,0.1,0.007518,7.57771,915366
6091,2,9.87429,44,1,0,0,0.1,0.010124,7.57461,915411
6092,2,9.91294,31,1,0,0,0.1,0.010655,7.58467,915443
6093,2,-1.066,22,0,1,0,0.1,0.00919,7.55594,915466
6094,2,9.89788,36,1,0,0,0.1,0.012767,7.55172,915503
6095,2,9.8916,38,1,0,0,0.1,0.00934,7.57004,915542
6096,2,9.9432,21,1,0,0,0.1,0.005359,7.56935,915564
6097,2,9.85576,50,1,0,0,0.1,0.011176,7.60626,915615
6098,2,9.91581,30,1,0,0,0.1,0.016924,7.59746,915646
6099,2,9.82598,60,1,0,0,0.1,0.00802,7.61248,915707
6100,2,9.9191,29,1,0,0,0.1,0.010242,7.60694,915737
6101,2,9.87131,45,1,0,0,0.1,0.015243,7.5933,915783
6102,2,9.92156,28,1,0,0,0.1,0.013983,7.61254,915812
6103,2,9.91026,32,1,0,0,0.1,0.011438,7.60773,915845
6104,2,9.92473,27,1,0,0,0.1,0.012792,7.61254,915873
6105,2,-1.366,122,0,1,0,0.1,0.008085,7.60789,915996
6106,2,9.82641,60,1,0,0,0.1,0.016575,7.57652,916057
6107,2,9.74725,86,1,0,0,0.1,0.016024,7.60063,916144
6108,2,9.85887,49,1,0,0,0.1,0.015324,7.62365,916194
6109,2,9.94328,21,1,0,0,0.1,0.008435,7.61887,916216
6110,2,9.75113,85,1,0,0,0.1,0.011086,7.6068,916302
6111,2,-1.03,10,0,1,0,0.1,0.012318,7.56122,916313
6112,2,9.85564,50,1,0,0,0.1,0.008524,7.58001,916364
6113,2,-1.261,87,0,1,0,0.1,0.013773,7.59392,916452
6114,2,9.88885,39,1,0,0,0.1,0.011603,7.61645,916492
6115,2,-1.105,35,0,1,0,0.1,0.013778,7.59932,916528
6116,2,9.92135,28,1,0,0,0.1,0.013135,7.5806,916557
6117,2,9.89201,38,1,0,0,0.1,0.017118,7.56527,916596
6118,2,9.86543,47,1,0,0,0.1,0.014517,7.59432,916644
6119,2,9.81426,64,1,0,0,0.1,0.013204,7.60225,916709
6120,2,-1.03,10,0,1,0,0.1,0.010182,7.56294,916720
6121,2,9.9124,31,1,0,0,0.1,0.010385,7.57082,916752
6122,2,-1.105,35,0,1,0,0.1,0.009272,7.60571,916788
6123,2,9.8587,49,1,0,0,0.1,0.010817,7.59061,916838
6124,2,9.84057,55,1,0,0,0.1,0.011721,7.59485,916894
6125,2,9.81965,62,1,0,0,0.1,0.008237,7.58834,916957
6126,2,9.88841,39,1,0,0,0.1,0.007954,7.62668,916997
6127,2,9.90403,34,1,0,0,0.1,0.011781,7.61052,917032
6128,2,-1.051,17,0,1,0,0.1,0.011285,7.57196,917050
6129,2,9.81052,65,1,0,0,0.1,0.010752,7.61607,917116
6130,2,9.90956,32,1,0,0,0.1,0.012226,7.59974,917149
6131,2,-1.096,32,0,1,0,0.1,0.009072,7.60611,917182
6132,2,-1.036,12,0,1,0,0.1,0.011079,7.57966,917195
6133,2,9.89442,37,1,0,0,0.1,0.016502,7.57616,917233
6134,2,9.84408,54,1,0,0,0.1,0.012376,7.61841,917288
6135,2,-1.045,15,0,1,0,0.1,0.011456,7.5341,917304
6136,2,9.84711,53,1,0,0,0.1,0.015427,7.60213,917358
6137,2,9.88253,41,1,0,0,0.1,0.010121,7.59654,917400
6138,2,9.84146,55,1,0,0,0.1,0.013535,7.61751,917456
6139,2,9.87076,45,1,0,0,0.1,0.011837,7.6295,917502
6140,2,9.7808,75,1,0,0,0.1,0.012778,7.6006,917578
6141,2,9.7865,73,1,0,0,0.1,0.014349,7.61962,917652
6142,2,9.79621,70,1,0,0,0.1,0.008005,7.63714,917723
6143,2,9.93703,23,1,0,0,0.1,0.011204,7.60489,917747
6144,2,9.79,72,1,0,0,0.1,0.011441,7.62043,917820
6145,2,9.91279,31,1,0,0,0.1,0.01004,7.62326,917852
6146,2,-1.12,40,0,1,0,0.1,0.020802,7.59854,917893
6147,2,9.81646,63,1,0,0,0.1,0.013864,7.5741,917957
6148,2,9.91897,29,1,0,0,0.1,0.015715,7.6066,917987
6149,2,9.7837,74,1,0,0,0.1,0.009119,7.62539,918062
6150,2,9.86185,48,1,0,0,0.1,0.007102,7.63141,918111
6151,2,9.92496,27,1,0,0,0.1,0.010004,7.61406,918139
6152,2,9.87114,45,1,0,0,0.1,0.008517,7.64394,918185
6153,2,9.92475,27,1,0,0,0.1,0.012235,7.58657,918213
6154,2,9.84935,52,1,0,0,0.1,0.013454,7.62064,918266
6155,2,9.94621,20,1,0,0,0.1,0.002452,7.6641,918287
6156,2,9.84696,53,1,0,0,0.1,0.014015,7.58796,918341
6157,2,9.79899,69,1,0,0,0.1,0.012595,7.62864,918411
6158,2,9.91628,30,1,0,0,0.1,0.010535,7.65197,918442
6159,2,9.8644,47,1,0,0,0.1,0.011,7.62971,918490
6160,2,9.8803,42,1,0,0,0.1,0.017798,7.63039,918533
6161,2,9.90756,33,1,0,0,0.1,0.013678,7.63932,918567
6162,2,9.80798,66,1,0,0,0.1,0.010881,7.63401,918634
6163,2,9.93647,23,1,0,0,0.1,0.019128,7.64087,918658
6164,2,9.88874,39,1,0,0,0.1,0.015028,7.64725,918698
6165,2,9.89526,37,1,0,0,0.1,0.005895,7.59396,918736
6166,2,9.91881,29,1,0,0,0.1,0.010989,7.63382,918766
6167,2,9.8591,49,1,0,0,0.1,0.013641,7.6304,918816
6168,2,-1.129,43,0,1,0,0.1,0.0104,7.62952,918860
6169,2,9.90084,35,1,0,0,0.1,0.006051,7.62916,918896
6170,2,-1.171,57,0,1,0,0.1,0.011322,7.64884,918954
6171,2,9.82263,61,1,0,0,0.1,0.008121,7.61047,919016
6172,2,9.78343,74,1,0,0,0.1,0.013376,7.64575,919091
6173,2,9.93388,24,1,0,0,0.1,0.009705,7.62782,919116
6174,2,-1.189,63,0,1,0,0.1,0.0086,7.65394,919180
6175,2,9.85919,49,1,0,0,0.1,0.010511,7.61531,919230
6176,2,9.895,37,1,0,0,0.1,0.011681,7.65416,919268
6177,2,9.48133,175,1,0,0,0.1,0.009638,7.65089,919444
6178,2,9.87712,43,1,0,0,0.1,0.016431,7.63049,919488
6179,2,-1.237,79,0,1,0,0.1,0.01604,7.65041,919568
6180,2,9.87069,45,1,0,0,0.1,0.006137,7.6396,919614
6181,2,9.86512,47,1,0,0,0.1,0.016291,7.65093,919662
6182,2,9.84386,54,1,0,0,0.1,0.014864,7.62453,919717
6183,2,9.83437,57,1,0,0,0.1,0.013302,7.6174,919775
6184,2,9.85538,50,1,0,0,0.1,0.006969,7.62661,919826
6185,2,9.80839,66,1,0,0,0.1,0.014338,7.6161,919893
6186,2,9.90981,32,1,0,0,0.1,0.007004,7.66632,919926
6187,2,9.5293,159,1,0,0,0.1,0.012605,7.6435,920086
6188,2,9.92492,27,1,0,0,0.1,0.013865,7.65617,920114
6189,2,9.87339,44,1,0,0,0.1,0.011881,7.64236,920159
6190,2,9.8136,64,1,0,0,0.1,0.01105,7.63295,920224
6191,2,9.77756,76,1,0,0,0.1,0.011509,7.65166,920301
6192,2,-1.20626,69,0,1,0,0.1,0.011378,7.62138,920371
6193,2,9.86229,48,1,0,0,0.1,0.011208,7.63967,920420
6194,2,9.77806,76,1,0,0,0.1,0.016519,7.62649,920497
6195,2,9.92191,28,1,0,0,0.1,0.01356,7.61196,920526
6196,2,9.85917,49,1,0,0,0.1,0.013472,7.65269,920576
6197,2,-1.2,400,0,0,1,0.1,0.010458,7.64058,920976
6198,2,9.89202,38,1,0,0,0.1,0.013915,7.6715,921015
6199,2,-2.068,356,0,1,0,0.1,0.010006,7.61474,921372
