episode,phase,total_reward,steps,success,collision,timeout,epsilon,avg_loss,avg_q,global_train_steps
0,0,-1.2,400,0,0,1,0.997,0.0,0.0,0
1,0,-1.2,400,0,0,1,0.994009,0.0,0.0,0
2,0,-1.2,400,0,0,1,0.991027,0.12263,-0.09646,201
3,0,-1.2,400,0,0,1,0.988054,0.005822,-0.05492,601
4,0,-1.2,400,0,0,1,0.98509,0.000345,-0.00093,1001
5,0,-1.2,400,0,0,1,0.982134,0.000117,0.03622,1401
6,0,-1.2,400,0,0,1,0.979188,8.9e-05,0.06198,1801
7,0,-1.2,400,0,0,1,0.97625,9.5e-05,0.08209,2201
8,0,-1.2,400,0,0,1,0.973322,9.2e-05,0.09433,2601
9,0,-1.2,400,0,0,1,0.970402,9.2e-05,0.10493,3001
10,0,-1.2,400,0,0,1,0.967491,0.000123,0.1173,3401
11,0,-1.2,400,0,0,1,0.964588,0.000152,0.1348,3801
12,0,-1.2,400,0,0,1,0.961694,0.000232,0.15775,4201
13,0,-1.2,400,0,0,1,0.958809,0.000197,0.17429,4601
14,0,-1.2,400,0,0,1,0.955933,0.000228,0.19257,5001
15,0,-1.2,400,0,0,1,0.953065,0.00023,0.21041,5401
16,0,-1.2,400,0,0,1,0.950206,0.000317,0.23071,5801
17,0,-1.2,400,0,0,1,0.947355,0.00032,0.25539,6201
18,0,-1.2,400,0,0,1,0.944513,0.000392,0.29559,6601
19,0,-1.2,400,0,0,1,0.94168,0.000511,0.34266,7001
20,0,-1.2,400,0,0,1,0.938855,0.000733,0.39211,7401
21,0,-1.2,400,0,0,1,0.936038,0.000732,0.45022,7801
22,0,-1.2,400,0,0,1,0.93323,0.000992,0.51875,8201
23,0,-1.2,400,0,0,1,0.93043,0.001315,0.5844,8601
24,0,-1.2,400,0,0,1,0.927639,0.001067,0.65803,9001
25,0,-1.2,400,0,0,1,0.924856,0.001709,0.74165,9401
26,0,-1.2,400,0,0,1,0.922081,0.001336,0.81721,9801
27,0,-1.2,400,0,0,1,0.919315,0.001961,0.89608,10201
28,0,-1.2,400,0,0,1,0.916557,0.002213,0.98935,10601
29,0,-1.2,400,0,0,1,0.913808,0.002133,1.07135,11001
30,0,-1.2,400,0,0,1,0.911066,0.002601,1.15027,11401
31,0,-1.2,400,0,0,1,0.908333,0.002656,1.21663,11801
32,0,-1.2,400,0,0,1,0.905608,0.003077,1.28148,12201
33,0,-1.2,400,0,0,1,0.902891,0.003059,1.3582,12601
34,0,-1.2,400,0,0,1,0.900182,0.002883,1.44453,13001
35,0,-1.2,400,0,0,1,0.897482,0.003543,1.52153,13401
36,0,-1.2,400,0,0,1,0.894789,0.003628,1.59468,13801
37,0,-1.2,400,0,0,1,0.892105,0.003421,1.67399,14201
38,0,-1.2,400,0,0,1,0.889429,0.004152,1.7284,14601
39,0,-1.2,400,0,0,1,0.88676,0.003869,1.80225,15001
40,0,-1.2,400,0,0,1,0.8841,0.004247,1.8691,15401
41,0,-1.2,400,0,0,1,0.881448,0.004194,1.92959,15801
42,0,-1.2,400,0,0,1,0.878804,0.004293,1.99817,16201
43,0,-1.2,400,0,0,1,0.876167,0.004801,2.05701,16601
44,0,-1.2,400,0,0,1,0.873539,0.004942,2.10561,17001
45,0,-1.2,400,0,0,1,0.870918,0.00522,2.15077,17401
46,0,-1.2,400,0,0,1,0.868305,0.005849,2.18995,17801
47,0,-1.2,400,0,0,1,0.8657,0.004378,2.23508,18201
48,0,-1.2,400,0,0,1,0.863103,0.005229,2.25915,18601
49,0,-1.2,400,0,0,1,0.860514,0.005273,2.29525,19001
50,0,-1.2,400,0,0,1,0.857932,0.004825,2.32007,19401
51,0,-1.2,400,0,0,1,0.855359,0.005409,2.35809,19801
52,0,-1.2,400,0,0,1,0.852793,0.005658,2.38002,20201
53,0,-1.2,400,0,0,1,0.850234,0.005052,2.39895,20601
54,0,-1.2,400,0,0,1,0.847683,0.005657,2.41261,21001
55,0,-1.2,400,0,0,1,0.84514,0.005226,2.44924,21401
56,0,-1.2,400,0,0,1,0.842605,0.006052,2.48824,21801
57,0,-1.2,400,0,0,1,0.840077,0.007282,2.512,22201
58,0,-1.2,400,0,0,1,0.837557,0.00687,2.53691,22601
59,0,-1.2,400,0,0,1,0.835044,0.006355,2.56322,23001
60,0,-1.2,400,0,0,1,0.832539,0.006965,2.59478,23401
61,0,-1.2,400,0,0,1,0.830042,0.006927,2.6411,23801
62,0,-1.2,400,0,0,1,0.827551,0.008284,2.67097,24201
63,0,-1.2,400,0,0,1,0.825069,0.0072,2.70101,24601
64,0,-1.2,400,0,0,1,0.822594,0.008172,2.71949,25001
65,0,-1.2,400,0,0,1,0.820126,0.007797,2.77147,25401
66,0,-1.2,400,0,0,1,0.817665,0.007635,2.81642,25801
67,0,-1.2,400,0,0,1,0.815212,0.007149,2.86494,26201
68,0,-1.2,400,0,0,1,0.812767,0.008388,2.9202,26601
69,0,-1.2,400,0,0,1,0.810328,0.007364,2.97667,27001
70,0,-1.2,400,0,0,1,0.807897,0.007643,3.03148,27401
71,0,-1.2,400,0,0,1,0.805474,0.007918,3.07934,27801
72,0,-1.2,400,0,0,1,0.803057,0.008034,3.12821,28201
73,0,-1.2,400,0,0,1,0.800648,0.008716,3.19725,28601
74,0,-1.2,400,0,0,1,0.798246,0.008409,3.26796,29001
75,0,-1.18996,400,0,0,1,0.795851,0.011303,3.31988,29401
76,0,-1.2,400,0,0,1,0.793464,0.008359,3.37257,29801
77,0,9.11479,297,1,0,0,0.791084,0.008144,3.41725,30099
78,0,-1.19679,400,0,0,1,0.78871,0.008442,3.46116,30499
79,0,-1.2,400,0,0,1,0.786344,0.009193,3.53464,30899
80,0,8.92539,361,1,0,0,0.783985,0.00882,3.61498,31261
81,0,-1.2,400,0,0,1,0.781633,0.009151,3.72066,31661
82,0,-1.2,400,0,0,1,0.779288,0.009045,3.82743,32061
83,0,-1.2,400,0,0,1,0.77695,0.009842,3.95604,32461
84,0,-1.2,400,0,0,1,0.77462,0.010482,4.09249,32861
85,0,-1.2,400,0,0,1,0.772296,0.010399,4.23367,33261
86,0,-1.2,400,0,0,1,0.769979,0.00955,4.35073,33661
87,0,-1.2,400,0,0,1,0.767669,0.010395,4.49175,34061
88,0,-1.2,400,0,0,1,0.765366,0.011491,4.62389,34461
89,0,-1.2,400,0,0,1,0.76307,0.010446,4.7461,34861
90,0,-1.2,400,0,0,1,0.760781,0.010989,4.88067,35261
91,0,-1.2,400,0,0,1,0.758498,0.013837,4.99265,35661
92,0,-1.2,400,0,0,1,0.756223,0.012712,5.10835,36061
93,0,-1.2,400,0,0,1,0.753954,0.014102,5.21181,36461
94,0,-1.2,400,0,0,1,0.751692,0.01275,5.32282,36861
95,0,-1.2,400,0,0,1,0.749437,0.014673,5.41253,37261
96,0,-1.2,400,0,0,1,0.747189,0.014003,5.50912,37661
97,0,-1.2,400,0,0,1,0.744947,0.01594,5.59229,38061
98,0,-1.2,400,0,0,1,0.742712,0.013635,5.66697,38461
99,0,-1.2,400,0,0,1,0.740484,0.015192,5.74045,38861
100,0,-1.2,400,0,0,1,0.738263,0.017438,5.80234,39261
101,0,-1.2,400,0,0,1,0.736048,0.017255,5.89286,39661
102,0,-1.2,400,0,0,1,0.73384,0.017685,6.00384,40061
103,0,-1.2,400,0,0,1,0.731638,0.019394,6.15234,40461
104,0,-1.2,400,0,0,1,0.729443,0.018406,6.27846,40861
105,0,-1.2,400,0,0,1,0.727255,0.014565,6.44414,41261
106,0,-1.19552,400,0,0,1,0.725073,0.02022,6.62174,41661
107,0,-1.2,400,0,0,1,0.722898,0.020403,6.91561,42061
108,0,-1.2,400,0,0,1,0.720729,0.021923,7.32417,42461
109,0,-1.2,400,0,0,1,0.718567,0.022798,7.77149,42861
110,0,-1.2,400,0,0,1,0.716412,0.025845,8.27782,43261
111,0,-1.2,400,0,0,1,0.714262,0.022686,8.75494,43661
112,0,-1.2,400,0,0,1,0.71212,0.02551,9.27029,44061
113,0,-1.2,400,0,0,1,0.709983,0.029468,9.78088,44461
114,0,-1.2,400,0,0,1,0.707853,0.02639,10.30984,44861
115,0,-1.2,400,0,0,1,0.70573,0.028012,10.84935,45261
116,0,-1.2,400,0,0,1,0.703612,0.02637,11.25004,45661
117,0,-1.2,400,0,0,1,0.701502,0.024787,11.68921,46061
118,0,-1.2,400,0,0,1,0.699397,0.025777,12.06989,46461
119,0,-1.2,400,0,0,1,0.697299,0.028497,12.35229,46861
120,0,-1.2,400,0,0,1,0.695207,0.031086,12.56725,47261
121,0,-1.2,400,0,0,1,0.693121,0.029717,12.74896,47661
122,0,-1.2,400,0,0,1,0.691042,0.033016,12.93637,48061
123,0,-1.2,400,0,0,1,0.688969,0.032235,13.00787,48461
124,0,-1.2,400,0,0,1,0.686902,0.029348,13.09543,48861
125,0,-1.2,400,0,0,1,0.684841,0.034026,13.07303,49261
126,0,-1.2,400,0,0,1,0.682787,0.026915,13.06239,49661
127,0,-1.2,400,0,0,1,0.680738,0.032907,13.03025,50061
128,0,-1.2,400,0,0,1,0.678696,0.030561,12.93142,50461
129,0,-1.2,400,0,0,1,0.67666,0.029868,12.88979,50861
130,0,-1.2,400,0,0,1,0.67463,0.027045,12.78371,51261
131,0,-1.2,400,0,0,1,0.672606,0.029021,12.70459,51661
132,0,-1.2,400,0,0,1,0.670588,0.027722,12.6225,52061
133,0,-1.2,400,0,0,1,0.668577,0.030568,12.5129,52461
134,0,-1.2,400,0,0,1,0.666571,0.02838,12.40908,52861
135,0,-1.2,400,0,0,1,0.664571,0.028667,12.3276,53261
136,0,-1.2,400,0,0,1,0.662578,0.030255,12.21312,53661
137,0,-1.2,400,0,0,1,0.66059,0.028912,12.09948,54061
138,0,-1.2,400,0,0,1,0.658608,0.028173,12.00853,54461
139,0,-1.2,400,0,0,1,0.656632,0.029233,11.88791,54861
140,0,-1.2,400,0,0,1,0.654662,0.026914,11.78209,55261
141,0,-1.2,400,0,0,1,0.652698,0.027937,11.66501,55661
142,0,-1.2,400,0,0,1,0.65074,0.027248,11.55012,56061
143,0,-1.2,400,0,0,1,0.648788,0.029533,11.4221,56461
144,0,-1.2,400,0,0,1,0.646842,0.030232,11.29117,56861
145,0,-1.2,400,0,0,1,0.644901,0.02821,11.15088,57261
146,0,-1.2,400,0,0,1,0.642966,0.025538,11.00301,57661
147,0,-1.2,400,0,0,1,0.641037,0.025863,10.85426,58061
148,0,-1.2,400,0,0,1,0.639114,0.025876,10.69836,58461
149,0,-1.2,400,0,0,1,0.637197,0.028557,10.53246,58861
150,0,-1.2,400,0,0,1,0.635285,0.025149,10.37277,59261
151,0,-1.2,400,0,0,1,0.63338,0.024684,10.20837,59661
152,0,-1.2,400,0,0,1,0.631479,0.022584,10.04631,60061
153,0,-1.2,400,0,0,1,0.629585,0.02765,9.8807,60461
154,0,-1.2,400,0,0,1,0.627696,0.026154,9.7229,60861
155,0,-1.2,400,0,0,1,0.625813,0.024116,9.56785,61261
156,0,8.91744,363,1,0,0,0.623936,0.023925,9.42411,61625
157,0,9.05057,319,1,0,0,0.622064,0.024094,9.30391,61945
158,0,8.94421,355,1,0,0,0.620198,0.024831,9.18238,62301
159,0,-1.2,400,0,0,1,0.618337,0.023539,9.05936,62701
160,0,-1.2,400,0,0,1,0.616482,0.026617,8.9273,63101
161,0,-1.2,400,0,0,1,0.614633,0.022325,8.80318,63501
162,0,-1.2,400,0,0,1,0.612789,0.024044,8.68318,63901
163,0,-1.2,400,0,0,1,0.61095,0.02252,8.5777,64301
164,0,-1.2,400,0,0,1,0.609118,0.022809,8.47999,64701
165,0,-1.2,400,0,0,1,0.60729,0.023136,8.384,65101
166,0,-1.2,400,0,0,1,0.605468,0.020309,8.30862,65501
167,0,-1.2,400,0,0,1,0.603652,0.02377,8.218,65901
168,0,-1.2,400,0,0,1,0.601841,0.018146,8.15898,66301
169,0,-1.2,400,0,0,1,0.600035,0.020563,8.09241,66701
170,0,-1.2,400,0,0,1,0.598235,0.021801,8.04422,67101
171,0,-1.2,400,0,0,1,0.596441,0.02167,8.00075,67501
172,0,-1.2,400,0,0,1,0.594651,0.020132,7.96389,67901
173,0,-1.2,400,0,0,1,0.592867,0.018754,7.92138,68301
174,0,-1.2,400,0,0,1,0.591089,0.0178,7.89136,68701
175,0,-1.2,400,0,0,1,0.589315,0.018605,7.85182,69101
176,0,-1.2,400,0,0,1,0.587548,0.018246,7.82675,69501
177,0,-1.2,400,0,0,1,0.585785,0.020398,7.80605,69901
178,0,-1.2,400,0,0,1,0.584028,0.02297,7.78007,70301
179,0,-1.2,400,0,0,1,0.582275,0.017753,7.76132,70701
180,0,-1.2,400,0,0,1,0.580529,0.018022,7.73475,71101
181,0,-1.2,400,0,0,1,0.578787,0.018357,7.71465,71501
182,0,-1.2,400,0,0,1,0.577051,0.01932,7.70679,71901
183,0,-1.2,400,0,0,1,0.57532,0.021724,7.68157,72301
184,0,-1.2,400,0,0,1,0.573594,0.016521,7.67619,72701
185,0,-1.2,400,0,0,1,0.571873,0.020119,7.67942,73101
186,0,-1.2,400,0,0,1,0.570157,0.022572,7.66222,73501
187,0,-1.2,400,0,0,1,0.568447,0.018956,7.651,73901
188,0,-1.2,400,0,0,1,0.566741,0.021134,7.63105,74301
189,0,-1.2,400,0,0,1,0.565041,0.016924,7.62963,74701
190,0,9.13332,291,1,0,0,0.563346,0.018478,7.60837,74993
191,0,8.8191,396,1,0,0,0.561656,0.017452,7.59134,75390
192,0,9.2432,255,1,0,0,0.559971,0.017219,7.58132,75646
193,0,-1.2,400,0,0,1,0.558291,0.020329,7.55794,76046
194,0,9.28019,242,1,0,0,0.556616,0.023216,7.53502,76289
195,0,-1.2,400,0,0,1,0.554946,0.017501,7.52308,76689
196,0,-1.2,400,0,0,1,0.553282,0.020104,7.49286,77089
197,0,-1.2,400,0,0,1,0.551622,0.020784,7.48985,77489
198,0,-1.19657,400,0,0,1,0.549967,0.021134,7.45028,77889
199,0,-1.2,400,0,0,1,0.548317,0.019741,7.45823,78289
200,0,-1.2,400,0,0,1,0.546672,0.020344,7.43933,78689
201,0,9.44506,187,1,0,0,0.545032,0.0179,7.44277,78877
202,0,9.38488,207,1,0,0,0.543397,0.022395,7.43787,79085
203,0,9.42047,195,1,0,0,0.541767,0.017245,7.43647,79281
204,0,9.25349,251,1,0,0,0.540141,0.022333,7.44646,79533
205,0,9.40637,200,1,0,0,0.538521,0.022622,7.46637,79734
206,0,9.26818,246,1,0,0,0.536905,0.018319,7.50559,79981
207,0,9.48669,173,1,0,0,0.535295,0.017659,7.56717,80155
208,0,9.23554,257,1,0,0,0.533689,0.020537,7.55381,80413
209,0,9.56803,146,1,0,0,0.532088,0.022855,7.61417,80560
210,0,-1.19527,400,0,0,1,0.530491,0.021564,7.66012,80960
211,0,9.29505,237,1,0,0,0.5289,0.029165,7.73437,81198
212,0,9.57127,145,1,0,0,0.527313,0.025876,7.76153,81344
213,0,9.52599,160,1,0,0,0.525731,0.022256,7.84387,81505
214,0,9.40884,199,1,0,0,0.524154,0.024438,7.83618,81705
215,0,9.54697,153,1,0,0,0.522582,0.023722,7.91782,81859
216,0,8.84073,389,1,0,0,0.521014,0.024509,8.00394,82249
217,0,-1.19382,400,0,0,1,0.519451,0.02441,8.14297,82649
218,0,9.55916,149,1,0,0,0.517893,0.02274,8.23802,82799
219,0,9.62804,126,1,0,0,0.516339,0.018946,8.29752,82926
220,0,9.66349,114,1,0,0,0.51479,0.021597,8.35899,83041
221,0,9.62491,127,1,0,0,0.513245,0.020382,8.39141,83169
222,0,9.45247,185,1,0,0,0.511706,0.021284,8.48968,83355
223,0,9.56869,146,1,0,0,0.510171,0.022646,8.54505,83502
224,0,9.62491,127,1,0,0,0.50864,0.021314,8.55352,83630
225,0,9.48826,174,1,0,0,0.507114,0.025728,8.60903,83805
226,0,9.69394,104,1,0,0,0.505593,0.024578,8.68761,83910
227,0,9.55953,149,1,0,0,0.504076,0.021724,8.75443,84060
228,0,9.61936,129,1,0,0,0.502564,0.021047,8.81026,84190
229,0,9.52535,160,1,0,0,0.501056,0.03175,8.87656,84351
230,0,9.72327,94,1,0,0,0.499553,0.021059,9.01756,84446
231,0,9.67592,110,1,0,0,0.498054,0.025568,9.05664,84557
232,0,9.71513,97,1,0,0,0.49656,0.026173,9.0788,84655
233,0,9.61334,131,1,0,0,0.49507,0.02639,9.1264,84787
234,0,9.66668,113,1,0,0,0.493585,0.024724,9.18797,84901
235,0,9.64002,122,1,0,0,0.492105,0.024914,9.30004,85024
236,0,9.5467,153,1,0,0,0.490628,0.026278,9.32051,85178
237,0,9.61574,130,1,0,0,0.489156,0.025048,9.44117,85309
238,0,9.71482,97,1,0,0,0.487689,0.036883,9.49239,85407
239,0,9.68486,107,1,0,0,0.486226,0.031928,9.57727,85515
240,0,9.67278,111,1,0,0,0.484767,0.023447,9.65805,85627
241,0,9.56142,148,1,0,0,0.483313,0.025283,9.6549,85776
242,0,9.59842,136,1,0,0,0.481863,0.02552,9.79271,85913
243,0,9.68798,106,1,0,0,0.480417,0.029694,9.88776,86020
244,0,9.58267,141,1,0,0,0.478976,0.02543,9.91402,86162
245,0,9.66071,115,1,0,0,0.477539,0.036267,9.96101,86278
246,0,9.72623,93,1,0,0,0.476106,0.046976,10.12811,86372
247,0,9.69399,104,1,0,0,0.474678,0.041956,10.15299,86477
248,0,9.72633,93,1,0,0,0.473254,0.026899,10.22101,86571
249,0,9.58885,139,1,0,0,0.471834,0.030455,10.32694,86711
250,0,9.60668,133,1,0,0,0.470419,0.030591,10.39095,86845
251,0,9.68537,107,1,0,0,0.469008,0.030088,10.44704,86953
252,0,9.68465,107,1,0,0,0.467601,0.031101,10.54882,87061
253,0,9.72676,93,1,0,0,0.466198,0.033571,10.57069,87155
254,0,9.7268,93,1,0,0,0.464799,0.028631,10.6574,87249
255,0,9.65241,118,1,0,0,0.463405,0.032384,10.76488,87368
256,0,9.65226,118,1,0,0,0.462015,0.028819,10.79873,87487
257,0,9.70635,100,1,0,0,0.460629,0.036734,10.82747,87588
258,0,9.72415,94,1,0,0,0.459247,0.030166,10.93647,87683
259,0,9.72681,93,1,0,0,0.457869,0.030597,11.00747,87777
260,0,9.72094,95,1,0,0,0.456495,0.032995,11.1046,87873
261,0,9.70616,100,1,0,0,0.455126,0.051154,11.10631,87974
262,0,9.74465,87,1,0,0,0.45376,0.031861,11.19583,88062
263,0,9.68734,106,1,0,0,0.452399,0.029364,11.20646,88169
264,0,9.67868,109,1,0,0,0.451042,0.043514,11.31219,88279
265,0,9.68197,108,1,0,0,0.449689,0.033692,11.37197,88388
266,0,9.6485,119,1,0,0,0.44834,0.034857,11.51547,88508
267,0,9.71803,96,1,0,0,0.446995,0.03602,11.5872,88605
268,0,9.75116,85,1,0,0,0.445654,0.044532,11.64729,88691
269,0,9.7328,91,1,0,0,0.444317,0.046703,11.60909,88783
270,0,9.73004,92,1,0,0,0.442984,0.034774,11.72978,88876
271,0,9.72432,94,1,0,0,0.441655,0.039088,11.79109,88971
272,0,9.62519,127,1,0,0,0.44033,0.034099,11.8712,89099
273,0,9.75758,83,1,0,0,0.439009,0.039232,11.93911,89183
274,0,9.69696,103,1,0,0,0.437692,0.033406,11.9329,89287
275,0,9.77795,76,1,0,0,0.436379,0.049679,11.96473,89364
276,0,9.69413,104,1,0,0,0.43507,0.041576,12.10007,89469
277,0,9.7516,85,1,0,0,0.433765,0.043483,12.13285,89555
278,0,9.71465,97,1,0,0,0.432463,0.040154,12.22475,89653
279,0,9.75984,82,1,0,0,0.431166,0.038833,12.30542,89736
280,0,9.73879,89,1,0,0,0.429872,0.047445,12.33425,89826
281,0,9.75088,85,1,0,0,0.428583,0.050903,12.37482,89912
282,0,9.70906,99,1,0,0,0.427297,0.043464,12.49542,90012
283,0,9.73092,92,1,0,0,0.426015,0.041689,12.54608,90105
284,0,9.63646,123,1,0,0,0.424737,0.044226,12.56818,90229
285,0,9.70891,99,1,0,0,0.423463,0.043101,12.63443,90329
286,0,9.65231,118,1,0,0,0.422192,0.055211,12.73394,90448
287,0,9.78136,75,1,0,0,0.420926,0.056114,12.79141,90524
288,0,9.754,84,1,0,0,0.419663,0.04238,12.81155,90609
289,0,9.75355,84,1,0,0,0.418404,0.044209,12.97958,90694
290,0,9.72401,94,1,0,0,0.417149,0.04266,12.90673,90789
291,0,9.71785,96,1,0,0,0.415897,0.049101,12.96046,90886
292,0,9.75077,85,1,0,0,0.41465,0.039621,13.03597,90972
293,0,9.7305,92,1,0,0,0.413406,0.04781,13.02722,91065
294,0,9.75355,84,1,0,0,0.412166,0.049636,13.21926,91150
295,0,9.73577,90,1,0,0,0.410929,0.059866,13.14149,91241
296,0,9.68529,107,1,0,0,0.409696,0.042808,13.21153,91349
297,0,9.77858,76,1,0,0,0.408467,0.043694,13.23684,91426
298,0,9.74309,88,1,0,0,0.407242,0.04627,13.34107,91515
299,0,9.6968,103,1,0,0,0.40602,0.045315,13.30101,91619
300,0,9.73899,89,1,0,0,0.404802,0.042901,13.43459,91709
301,0,9.68547,107,1,0,0,0.403588,0.043434,13.49527,91817
302,0,9.7211,95,1,0,0,0.402377,0.059541,13.49509,91913
303,0,9.77465,77,1,0,0,0.40117,0.048086,13.53903,91991
304,0,9.63495,124,1,0,0,0.399966,0.0518,13.62651,92116
305,0,9.79026,72,1,0,0,0.398766,0.037469,13.70654,92189
306,0,9.69706,103,1,0,0,0.39757,0.061816,13.7527,92293
307,0,9.58011,142,1,0,0,0.396377,0.054355,13.83856,92436
308,0,9.76843,79,1,0,0,0.395188,0.048798,13.87704,92516
309,0,9.51071,165,1,0,0,0.394003,0.048816,13.97613,92682
310,0,9.69385,104,1,0,0,0.392821,0.056345,14.08705,92787
311,0,9.31315,231,1,0,0,0.391642,0.053724,14.12189,93019
312,0,9.29123,239,1,0,0,0.390467,0.046862,14.2861,93259
313,0,9.36979,212,1,0,0,0.389296,0.045579,14.39189,93472
314,0,9.39403,204,1,0,0,0.388128,0.04613,14.49285,93677
315,0,9.72379,94,1,0,0,0.386964,0.051043,14.5041,93772
316,0,9.71477,97,1,0,0,0.385803,0.041817,14.55709,93870
317,0,9.68289,108,1,0,0,0.384645,0.057657,14.6573,93979
318,0,9.72159,95,1,0,0,0.383491,0.057705,14.72801,94075
319,0,9.16428,282,1,0,0,0.382341,0.048838,14.7744,94358
320,0,9.55996,149,1,0,0,0.381194,0.044595,14.81691,94508
321,0,-1.19569,400,0,0,1,0.38005,0.051277,14.97156,94908
322,0,9.75135,85,1,0,0,0.37891,0.058366,15.03684,94994
323,0,9.28883,239,1,0,0,0.377773,0.05336,15.10633,95234
324,0,9.67031,112,1,0,0,0.37664,0.047477,15.17875,95347
325,0,9.20229,268,1,0,0,0.37551,0.04717,15.16951,95616
326,0,9.66049,115,1,0,0,0.374384,0.048928,15.29072,95732
327,0,9.66691,113,1,0,0,0.37326,0.050525,15.2775,95846
328,0,9.19495,271,1,0,0,0.372141,0.039103,15.3384,96118
329,0,-1.19363,400,0,0,1,0.371024,0.048023,15.39435,96518
330,0,-1.18567,400,0,0,1,0.369911,0.049757,15.4609,96918
331,0,-1.17972,400,0,0,1,0.368801,0.049237,15.5081,97318
332,0,8.91294,369,1,0,0,0.367695,0.051966,15.53977,97688
333,0,-1.18192,400,0,0,1,0.366592,0.046302,15.58675,98088
334,0,9.18351,275,1,0,0,0.365492,0.039289,15.58228,98364
335,0,9.37698,210,1,0,0,0.364396,0.039848,15.57518,98575
336,0,9.12189,298,1,0,0,0.363302,0.046608,15.5659,98874
337,0,9.51731,163,1,0,0,0.362213,0.042818,15.52697,99038
338,0,9.49025,172,1,0,0,0.361126,0.04673,15.53316,99211
339,0,-1.19037,400,0,0,1,0.360043,0.04026,15.49079,99611
340,0,9.33697,223,1,0,0,0.358962,0.046574,15.46448,99835
341,0,9.46769,180,1,0,0,0.357886,0.040334,15.44354,100016
342,0,9.47259,178,1,0,0,0.356812,0.043923,15.39113,100195
343,0,9.62139,128,1,0,0,0.355741,0.044661,15.36603,100324
344,0,9.47787,176,1,0,0,0.354674,0.03621,15.34155,100501
345,0,9.60349,134,1,0,0,0.35361,0.043514,15.28978,100636
346,0,9.65454,117,1,0,0,0.352549,0.048527,15.2669,100754
347,0,-1.19359,400,0,0,1,0.351492,0.03932,15.22188,101154
348,0,9.47524,177,1,0,0,0.350437,0.036896,15.14825,101332
349,0,-1.19227,400,0,0,1,0.349386,0.036385,15.07752,101732
350,0,9.33429,224,1,0,0,0.348338,0.032091,15.00244,101957
351,0,9.27772,243,1,0,0,0.347293,0.045189,14.96151,102201
352,0,9.43905,189,1,0,0,0.346251,0.034118,14.90658,102391
353,0,9.37563,210,1,0,0,0.345212,0.03713,14.82375,102602
354,0,9.63133,125,1,0,0,0.344176,0.040026,14.82295,102728
355,0,9.41564,197,1,0,0,0.343144,0.036674,14.74021,102926
356,0,9.31267,231,1,0,0,0.342115,0.038383,14.72289,103158
357,0,-1.19921,400,0,0,1,0.341088,0.035833,14.61059,103558
358,0,-1.2,400,0,0,1,0.340065,0.030647,14.49858,103958
359,0,-1.2,400,0,0,1,0.339045,0.034876,14.41185,104358
360,0,-1.2,400,0,0,1,0.338028,0.035945,14.27503,104758
361,0,-1.19367,400,0,0,1,0.337014,0.032314,14.16177,105158
362,0,-1.18587,400,0,0,1,0.336002,0.030728,14.04135,105558
363,0,-1.18581,400,0,0,1,0.334994,0.035535,13.92225,105958
364,0,-1.18852,400,0,0,1,0.333989,0.035278,13.79855,106358
365,0,-1.18773,400,0,0,1,0.332988,0.031784,13.66246,106758
366,0,-1.1893,400,0,0,1,0.331989,0.032653,13.53477,107158
367,0,-1.19349,400,0,0,1,0.330993,0.028431,13.38692,107558
368,0,-1.17978,400,0,0,1,0.33,0.030155,13.2358,107958
369,0,-1.19647,400,0,0,1,0.32901,0.028264,13.08454,108358
370,0,-1.19038,400,0,0,1,0.328023,0.028325,12.92727,108758
371,0,-1.17256,400,0,0,1,0.327039,0.026091,12.76107,109158
372,0,-1.19566,400,0,0,1,0.326057,0.025897,12.60361,109558
373,0,-1.18632,400,0,0,1,0.325079,0.024626,12.4327,109958
374,0,-1.19575,400,0,0,1,0.324104,0.0252,12.27675,110358
375,0,-1.18554,400,0,0,1,0.323132,0.025528,12.1303,110758
376,0,-1.19772,400,0,0,1,0.322162,0.024936,12.00845,111158
377,0,-1.2,400,0,0,1,0.321196,0.024928,11.89858,111558
378,0,-1.2,400,0,0,1,0.320232,0.021192,11.809,111958
379,0,-1.2,400,0,0,1,0.319272,0.022652,11.75453,112358
380,0,-1.2,400,0,0,1,0.318314,0.02765,11.72113,112758
381,0,-1.19844,400,0,0,1,0.317359,0.029594,11.71138,113158
382,0,-1.2,400,0,0,1,0.316407,0.028185,11.76837,113558
383,0,-1.2,400,0,0,1,0.315457,0.030956,11.87929,113958
384,0,-1.2,400,0,0,1,0.314511,0.036136,11.99583,114358
385,0,-1.2,400,0,0,1,0.313568,0.039572,12.19336,114758
386,0,-1.2,400,0,0,1,0.312627,0.043148,12.36225,115158
387,0,-1.2,400,0,0,1,0.311689,0.042391,12.55099,115558
388,0,-1.2,400,0,0,1,0.310754,0.048405,12.7579,115958
389,0,-1.2,400,0,0,1,0.309822,0.051928,13.0076,116358
390,0,9.2738,244,1,0,0,0.308892,0.066101,13.12022,116603
391,0,9.73265,91,1,0,0,0.307965,0.058647,13.27511,116695
392,0,9.71181,98,1,0,0,0.307042,0.060859,13.30642,116794
393,0,9.69357,104,1,0,0,0.30612,0.061989,13.33715,116899
394,0,9.62778,126,1,0,0,0.305202,0.065531,13.36156,117026
395,0,9.77912,76,1,0,0,0.304287,0.053459,13.45953,117103
396,0,9.72991,92,1,0,0,0.303374,0.061996,13.49974,117196
397,0,9.69986,102,1,0,0,0.302464,0.05651,13.54047,117299
398,0,9.70057,102,1,0,0,0.301556,0.044015,13.62949,117402
399,0,9.77149,78,1,0,0,0.300651,0.063381,13.75937,117481
400,0,9.77211,78,1,0,0,0.29975,0.05753,13.78239,117560
401,0,9.74836,86,1,0,0,0.29885,0.06313,13.79687,117647
402,0,9.69498,104,1,0,0,0.297954,0.069026,13.94624,117752
403,0,9.6517,118,1,0,0,0.29706,0.054245,14.01838,117871
404,0,9.74817,86,1,0,0,0.296169,0.069431,13.99251,117958
405,0,9.75688,83,1,0,0,0.29528,0.060898,14.06641,118042
406,0,9.7122,98,1,0,0,0.294394,0.077601,14.04883,118141
407,0,9.69057,105,1,0,0,0.293511,0.066631,14.19502,118247
408,0,9.75408,84,1,0,0,0.292631,0.064028,14.31208,118332
409,0,9.70025,102,1,0,0,0.291753,0.061647,14.31658,118435
410,0,9.73635,90,1,0,0,0.290877,0.077994,14.40259,118526
411,0,9.72662,93,1,0,0,0.290005,0.087971,14.49202,118620
412,0,9.73903,89,1,0,0,0.289135,0.05466,14.5318,118710
413,0,9.72147,95,1,0,0,0.288267,0.081707,14.63838,118806
414,0,9.72782,93,1,0,0,0.287403,0.07736,14.57471,118900
415,0,9.75405,84,1,0,0,0.28654,0.07234,14.63239,118985
416,0,9.7212,95,1,0,0,0.285681,0.045803,14.75526,119081
417,0,9.71152,98,1,0,0,0.284824,0.077995,14.84113,119180
418,0,9.72421,94,1,0,0,0.283969,0.087435,14.94739,119275
419,0,9.77482,77,1,0,0,0.283117,0.059761,14.8894,119353
420,0,9.71725,96,1,0,0,0.282268,0.075346,14.99589,119450
421,0,9.05791,316,1,0,0,0.281421,0.061851,15.15911,119767
422,0,9.29748,236,1,0,0,0.280577,0.057915,15.36407,120004
423,0,9.40265,201,1,0,0,0.279735,0.064169,15.52267,120206
424,0,-1.19655,400,0,0,1,0.278896,0.060054,15.81954,120606
425,0,-1.19818,400,0,0,1,0.278059,0.071284,16.13866,121006
426,0,-1.19756,400,0,0,1,0.277225,0.064229,16.39475,121406
427,0,-1.19724,400,0,0,1,0.276393,0.068474,16.60545,121806
428,0,-1.19707,400,0,0,1,0.275564,0.062658,16.82252,122206
429,0,-1.19354,400,0,0,1,0.274738,0.055811,17.00645,122606
430,0,-1.17987,400,0,0,1,0.273913,0.064488,17.09797,123006
431,0,-1.17348,400,0,0,1,0.273092,0.061836,17.26182,123406
432,0,-1.17923,400,0,0,1,0.272272,0.050519,17.41432,123806
433,0,-1.18904,400,0,0,1,0.271456,0.067405,17.5268,124206
434,0,-1.1842,400,0,0,1,0.270641,0.073492,17.63427,124606
435,0,-1.19038,400,0,0,1,0.269829,0.065662,17.7572,125006
436,0,-1.1848,400,0,0,1,0.26902,0.059647,17.88844,125406
437,0,9.01872,332,1,0,0,0.268213,0.058817,17.97208,125739
438,0,9.3525,218,1,0,0,0.267408,0.063514,17.99081,125958
439,0,9.67598,110,1,0,0,0.266606,0.056937,18.01185,126069
440,0,9.71173,98,1,0,0,0.265806,0.077909,17.99559,126168
441,0,9.64942,119,1,0,0,0.265009,0.06989,17.99523,126288
442,0,9.69111,105,1,0,0,0.264214,0.067929,18.04188,126394
443,0,9.69394,104,1,0,0,0.263421,0.052208,18.02741,126499
444,0,9.73366,91,1,0,0,0.262631,0.060098,18.04547,126591
445,0,9.71814,96,1,0,0,0.261843,0.059975,18.03642,126688
446,0,9.57067,145,1,0,0,0.261057,0.058721,18.03047,126834
447,0,9.6846,107,1,0,0,0.260274,0.069636,18.0454,126942
448,0,9.71455,97,1,0,0,0.259493,0.04908,17.98859,127040
449,0,9.68484,107,1,0,0,0.258715,0.060738,17.99779,127148
450,0,9.6756,110,1,0,0,0.257939,0.051301,17.99412,127259
451,0,9.61921,129,1,0,0,0.257165,0.05207,17.96171,127389
452,0,9.31613,230,1,0,0,0.256393,0.059399,17.94611,127620
453,0,9.47626,177,1,0,0,0.255624,0.052964,17.91117,127798
454,0,9.58319,141,1,0,0,0.254857,0.058064,17.91871,127940
455,0,9.5789,143,1,0,0,0.254093,0.047405,17.8623,128084
456,0,9.69472,104,1,0,0,0.25333,0.053689,17.83736,128189
457,0,9.60692,133,1,0,0,0.25257,0.05893,17.81558,128323
458,0,9.67854,109,1,0,0,0.251813,0.05409,17.79353,128433
459,0,9.559,149,1,0,0,0.251057,0.060475,17.78536,128583
460,0,9.69368,104,1,0,0,0.250304,0.047324,17.74488,128688
461,0,9.61291,131,1,0,0,0.249553,0.05701,17.69711,128820
462,0,9.61607,130,1,0,0,0.248805,0.057863,17.65366,128951
463,0,9.36463,214,1,0,0,0.248058,0.056468,17.62633,129166
464,0,9.55057,152,1,0,0,0.247314,0.063282,17.56038,129319
465,0,9.56536,147,1,0,0,0.246572,0.056571,17.54653,129467
466,0,9.14769,287,1,0,0,0.245832,0.051612,17.4802,129755
467,0,-1.19678,400,0,0,1,0.245095,0.054108,17.39813,130155
468,0,-1.19358,400,0,0,1,0.24436,0.056523,17.25174,130555
469,0,-1.1962,400,0,0,1,0.243626,0.050822,17.16252,130955
470,0,-1.19528,400,0,0,1,0.242896,0.059306,17.02319,131355
471,0,-1.19705,400,0,0,1,0.242167,0.053562,16.91174,131755
472,0,-1.19157,400,0,0,1,0.24144,0.052292,16.79409,132155
473,0,-1.19468,400,0,0,1,0.240716,0.051976,16.69954,132555
474,0,-1.2,400,0,0,1,0.239994,0.049982,16.59962,132955
475,0,-1.19479,400,0,0,1,0.239274,0.052232,16.48598,133355
476,0,-1.19948,400,0,0,1,0.238556,0.047478,16.39223,133755
477,0,-1.19463,400,0,0,1,0.23784,0.054353,16.29783,134155
478,0,-1.2,400,0,0,1,0.237127,0.055742,16.25867,134555
479,0,8.93845,356,1,0,0,0.236416,0.058024,16.18585,134912
480,0,-1.1965,400,0,0,1,0.235706,0.052543,16.23673,135312
481,0,9.64293,121,1,0,0,0.234999,0.059101,16.31969,135434
482,0,9.46933,179,1,0,0,0.234294,0.056656,16.39522,135614
483,0,9.11442,297,1,0,0,0.233591,0.061453,16.45492,135912
484,0,9.52573,160,1,0,0,0.232891,0.070249,16.62445,136073
485,0,9.72994,92,1,0,0,0.232192,0.090866,16.68631,136166
486,0,9.25604,250,1,0,0,0.231495,0.063728,16.76736,136417
487,0,9.619,129,1,0,0,0.230801,0.07088,16.90736,136547
488,0,-1.2,400,0,0,1,0.230108,0.077017,17.04266,136947
489,0,9.6788,109,1,0,0,0.229418,0.083157,17.22875,137057
490,0,9.73918,89,1,0,0,0.22873,0.080416,17.33708,137147
491,0,9.75061,85,1,0,0,0.228044,0.075881,17.35182,137233
492,0,9.74836,86,1,0,0,0.227359,0.072257,17.36419,137320
493,0,9.60654,133,1,0,0,0.226677,0.086092,17.48594,137454
494,0,9.7478,86,1,0,0,0.225997,0.074406,17.53262,137541
495,0,9.74821,86,1,0,0,0.225319,0.076317,17.54303,137628
496,0,9.76569,80,1,0,0,0.224643,0.102033,17.6605,137709
497,0,9.529,159,1,0,0,0.223969,0.075496,17.76866,137869
498,0,9.79862,69,1,0,0,0.223298,0.088323,17.79054,137939
499,0,9.7175,96,1,0,0,0.222628,0.088261,17.85022,138036
500,1,-1.2,400,0,0,1,0.3988,0.090224,17.99019,138436
501,1,9.26466,247,1,0,0,0.397604,0.080113,18.17476,138684
502,1,-2.047,349,0,1,0,0.396411,0.091916,18.41853,139034
503,1,9.68842,106,1,0,0,0.395222,0.077297,18.58158,139141
504,1,9.47506,177,1,0,0,0.394036,0.092171,18.6172,139319
505,1,9.72398,94,1,0,0,0.392854,0.094836,18.80366,139414
506,1,9.7332,91,1,0,0,0.391675,0.078107,18.81727,139506
507,1,9.73565,90,1,0,0,0.3905,0.072674,18.91151,139597
508,1,-1.06,20,0,1,0,0.389329,0.087099,18.949,139618
509,1,9.75086,85,1,0,0,0.388161,0.097758,19.0165,139704
510,1,9.68731,106,1,0,0,0.386996,0.079073,19.00024,139811
511,1,9.73891,89,1,0,0,0.385835,0.070555,19.15727,139901
512,1,9.71767,96,1,0,0,0.384678,0.088536,19.15675,139998
513,1,-1.093,31,0,1,0,0.383524,0.095153,19.28812,140030
514,1,9.72982,92,1,0,0,0.382373,0.091636,19.16854,140123
515,1,9.69666,103,1,0,0,0.381226,0.089565,19.37858,140227
516,1,-1.141,47,0,1,0,0.380082,0.094366,19.43748,140275
517,1,9.76293,81,1,0,0,0.378942,0.087702,19.38913,140357
518,1,-1.102,34,0,1,0,0.377805,0.113069,19.45508,140392
519,1,-1.159,53,0,1,0,0.376672,0.10696,19.42337,140446
520,1,9.75118,85,1,0,0,0.375542,0.086421,19.42371,140532
521,1,-1.072,24,0,1,0,0.374415,0.067984,19.46832,140557
522,1,9.75363,84,1,0,0,0.373292,0.090708,19.66798,140642
523,1,9.7562,83,1,0,0,0.372172,0.074863,19.62064,140726
524,1,9.77515,77,1,0,0,0.371056,0.112069,19.7506,140804
525,1,-1.066,22,0,1,0,0.369942,0.10043,19.69373,140827
526,1,-1.057,19,0,1,0,0.368833,0.146486,19.77125,140847
527,1,9.70263,101,1,0,0,0.367726,0.097437,19.84545,140949
528,1,-1.051,17,0,1,0,0.366623,0.057868,19.84509,140967
529,1,-1.075,25,0,1,0,0.365523,0.107796,19.86149,140993
530,1,-1.075,25,0,1,0,0.364426,0.077836,19.95711,141019
531,1,-1.084,28,0,1,0,0.363333,0.141686,20.11504,141048
532,1,-1.075,25,0,1,0,0.362243,0.077491,19.94425,141074
533,1,-1.096,32,0,1,0,0.361156,0.075899,20.09401,141107
534,1,9.7628,81,1,0,0,0.360073,0.112127,20.04727,141189
535,1,-1.063,21,0,1,0,0.358993,0.130033,20.04899,141211
536,1,9.76281,81,1,0,0,0.357916,0.122162,20.23228,141293
537,1,-1.078,26,0,1,0,0.356842,0.073539,20.30154,141320
538,1,9.76031,82,1,0,0,0.355772,0.12813,20.23664,141403
539,1,-1.057,19,0,1,0,0.354704,0.092418,20.27578,141423
540,1,9.73551,90,1,0,0,0.35364,0.120293,20.31003,141514
541,1,9.66644,113,1,0,0,0.352579,0.093112,20.31154,141628
542,1,-1.048,16,0,1,0,0.351521,0.107472,20.56815,141645
543,1,9.68843,106,1,0,0,0.350467,0.108222,20.58924,141752
544,1,9.75424,84,1,0,0,0.349415,0.092265,20.67895,141837
545,1,9.73121,92,1,0,0,0.348367,0.109854,20.69449,141930
546,1,-1.168,56,0,1,0,0.347322,0.112143,20.81768,141987
547,1,9.75973,82,1,0,0,0.34628,0.110044,20.89591,142070
548,1,-1.087,29,0,1,0,0.345241,0.153659,20.96757,142100
549,1,9.76267,81,1,0,0,0.344206,0.13624,20.99216,142182
550,1,-1.084,28,0,1,0,0.343173,0.10485,20.80323,142211
551,1,-1.054,18,0,1,0,0.342143,0.064618,20.91032,142230
552,1,9.77761,76,1,0,0,0.341117,0.112268,20.94258,142307
553,1,9.77183,78,1,0,0,0.340094,0.12004,21.08395,142386
554,1,-1.051,17,0,1,0,0.339073,0.097593,21.07688,142404
555,1,-1.063,21,0,1,0,0.338056,0.103052,21.03007,142426
556,1,9.65221,118,1,0,0,0.337042,0.115079,21.16853,142545
557,1,-1.114,38,0,1,0,0.336031,0.080603,21.1865,142584
558,1,-1.066,22,0,1,0,0.335023,0.126534,21.16042,142607
559,1,9.73299,91,1,0,0,0.334018,0.117921,21.31626,142699
560,1,-1.087,29,0,1,0,0.333016,0.13248,21.45273,142729
561,1,9.78102,75,1,0,0,0.332017,0.103769,21.42393,142805
562,1,-1.09,30,0,1,0,0.331021,0.119015,21.32938,142836
563,1,9.72407,94,1,0,0,0.330027,0.121154,21.54407,142931
564,1,9.7811,75,1,0,0,0.329037,0.12305,21.49015,143007
565,1,9.72676,93,1,0,0,0.32805,0.118722,21.51393,143101
566,1,9.7898,72,1,0,0,0.327066,0.142529,21.62883,143174
567,1,9.70345,101,1,0,0,0.326085,0.120612,21.67939,143276
568,1,9.44895,186,1,0,0,0.325107,0.117341,21.78542,143463
569,1,9.29452,237,1,0,0,0.324131,0.113568,21.9278,143701
570,1,-1.19564,400,0,0,1,0.323159,0.116104,22.16139,144101
571,1,9.49822,169,1,0,0,0.32219,0.12332,22.40242,144271
572,1,9.32255,228,1,0,0,0.321223,0.104905,22.51498,144500
573,1,9.65945,116,1,0,0,0.320259,0.114192,22.6309,144617
574,1,9.68942,106,1,0,0,0.319298,0.116616,22.56084,144724
575,1,9.766,80,1,0,0,0.318341,0.122906,22.57831,144805
576,1,9.56566,147,1,0,0,0.317386,0.110561,22.76411,144953
577,1,9.72386,94,1,0,0,0.316433,0.1036,22.78955,145048
578,1,9.761,82,1,0,0,0.315484,0.104817,22.77623,145131
579,1,-1.072,24,0,1,0,0.314538,0.079448,22.73914,145156
580,1,9.73252,91,1,0,0,0.313594,0.109948,22.91283,145248
581,1,9.70102,102,1,0,0,0.312653,0.115815,22.85455,145351
582,1,9.73929,89,1,0,0,0.311715,0.088587,22.88266,145441
583,1,9.6644,114,1,0,0,0.31078,0.137721,22.96191,145556
584,1,9.70863,99,1,0,0,0.309848,0.098261,22.94071,145656
585,1,9.71255,98,1,0,0,0.308918,0.101537,22.87988,145755
586,1,9.74152,88,1,0,0,0.307992,0.10423,22.96014,145844
587,1,9.70565,100,1,0,0,0.307068,0.094262,23.00464,145945
588,1,9.76568,80,1,0,0,0.306146,0.126579,23.05349,146026
589,1,9.57054,145,1,0,0,0.305228,0.118484,23.07455,146172
590,1,9.69071,105,1,0,0,0.304312,0.097579,23.07391,146278
591,1,9.63748,123,1,0,0,0.303399,0.098955,23.08953,146402
592,1,9.64003,122,1,0,0,0.302489,0.112394,23.12525,146525
593,1,9.69022,105,1,0,0,0.301582,0.115627,23.107,146631
594,1,9.74153,88,1,0,0,0.300677,0.13352,23.16106,146720
595,1,9.68778,106,1,0,0,0.299775,0.116002,23.14643,146827
596,1,9.65797,116,1,0,0,0.298876,0.096655,23.13312,146944
597,1,9.66402,114,1,0,0,0.297979,0.108256,23.19459,147059
598,1,9.70288,101,1,0,0,0.297085,0.114185,23.11482,147161
599,1,9.68795,106,1,0,0,0.296194,0.10292,23.18606,147268
600,1,9.72682,93,1,0,0,0.295305,0.11985,23.09065,147362
601,1,9.76904,79,1,0,0,0.294419,0.104323,23.08563,147442
602,1,9.69622,103,1,0,0,0.293536,0.095951,23.1176,147546
603,1,9.70966,99,1,0,0,0.292655,0.104075,23.14354,147646
604,1,9.60703,133,1,0,0,0.291777,0.109061,23.17933,147780
605,1,9.7028,101,1,0,0,0.290902,0.130913,23.12786,147882
606,1,9.70587,100,1,0,0,0.290029,0.09605,23.22907,147983
607,1,9.65445,117,1,0,0,0.289159,0.108523,23.1824,148101
608,1,9.75125,85,1,0,0,0.288292,0.116114,23.17737,148187
609,1,9.71749,96,1,0,0,0.287427,0.10414,23.16221,148284
610,1,9.7214,95,1,0,0,0.286565,0.106833,23.15447,148380
611,1,9.66981,112,1,0,0,0.285705,0.092152,23.09351,148493
612,1,9.71454,97,1,0,0,0.284848,0.120003,23.1101,148591
613,1,9.72413,94,1,0,0,0.283993,0.117725,23.07756,148686
614,1,9.7806,75,1,0,0,0.283141,0.106342,23.10233,148762
615,1,9.68143,108,1,0,0,0.282292,0.099219,23.09054,148871
616,1,9.70032,102,1,0,0,0.281445,0.103994,23.0807,148974
617,1,9.68755,106,1,0,0,0.280601,0.110946,23.08305,149081
618,1,9.72982,92,1,0,0,0.279759,0.101601,23.03596,149174
619,1,9.79899,69,1,0,0,0.27892,0.105776,22.99557,149244
620,1,9.62176,128,1,0,0,0.278083,0.103923,22.98866,149373
621,1,9.72684,93,1,0,0,0.277249,0.121489,22.93881,149467
622,1,9.53246,158,1,0,0,0.276417,0.097079,22.94551,149626
623,1,-1.084,28,0,1,0,0.275588,0.121822,22.94039,149655
624,1,-1.09,30,0,1,0,0.274761,0.11278,22.94697,149686
625,1,-1.19714,400,0,0,1,0.273937,0.108189,22.85903,150086
626,1,-1.19543,400,0,0,1,0.273115,0.097707,22.72714,150486
627,1,-1.19584,400,0,0,1,0.272295,0.10791,22.59,150886
628,1,-1.057,19,0,1,0,0.271478,0.085572,22.53003,150906
629,1,-1.19454,400,0,0,1,0.270664,0.097988,22.4602,151306
630,1,-1.1959,400,0,0,1,0.269852,0.105921,22.28729,151706
631,1,-1.18874,400,0,0,1,0.269042,0.099955,22.11138,152106
632,1,-1.051,17,0,1,0,0.268235,0.10224,21.9872,152124
633,1,-1.099,33,0,1,0,0.267431,0.122843,22.00824,152158
634,1,-1.19506,400,0,0,1,0.266628,0.106662,21.90492,152558
635,1,-1.19636,400,0,0,1,0.265828,0.091426,21.7173,152958
636,1,9.51705,163,1,0,0,0.265031,0.104867,21.58033,153122
637,1,9.55914,149,1,0,0,0.264236,0.122449,21.48594,153272
638,1,9.3875,206,1,0,0,0.263443,0.09091,21.39906,153479
639,1,-1.045,15,0,1,0,0.262653,0.054421,21.30528,153495
640,1,9.11539,297,1,0,0,0.261865,0.099106,21.24309,153793
641,1,-1.099,33,0,1,0,0.261079,0.119725,21.14951,153827
642,1,-1.096,32,0,1,0,0.260296,0.076158,21.10442,153860
643,1,9.56827,146,1,0,0,0.259515,0.09485,21.06822,154007
644,1,9.69958,102,1,0,0,0.258737,0.101846,21.04045,154110
645,1,9.26891,246,1,0,0,0.25796,0.087899,20.91893,154357
646,1,-1.19541,400,0,0,1,0.257187,0.089878,20.72741,154757
647,1,-1.1967,400,0,0,1,0.256415,0.087013,20.49451,155157
648,1,-1.1964,400,0,0,1,0.255646,0.087055,20.26369,155557
649,1,-1.19581,400,0,0,1,0.254879,0.084696,20.01748,155957
650,1,-1.19675,400,0,0,1,0.254114,0.08152,19.78067,156357
651,1,-1.19362,400,0,0,1,0.253352,0.088777,19.53058,156757
652,1,-1.1918,400,0,0,1,0.252592,0.079962,19.29549,157157
653,1,-1.18334,400,0,0,1,0.251834,0.079416,19.05547,157557
654,1,-1.18649,400,0,0,1,0.251079,0.076662,18.80025,157957
655,1,-1.18077,400,0,0,1,0.250325,0.077354,18.58049,158357
656,1,-1.17646,400,0,0,1,0.249574,0.06457,18.34057,158757
657,1,-1.18004,400,0,0,1,0.248826,0.069132,18.12104,159157
658,1,-1.18588,400,0,0,1,0.248079,0.069928,17.8758,159557
659,1,-1.19351,400,0,0,1,0.247335,0.064122,17.65232,159957
660,1,-1.18769,400,0,0,1,0.246593,0.065063,17.43492,160357
661,1,-1.18348,400,0,0,1,0.245853,0.059175,17.22039,160757
662,1,-1.19925,400,0,0,1,0.245116,0.064962,17.00383,161157
663,1,-1.19878,400,0,0,1,0.24438,0.060584,16.80325,161557
664,1,-1.19783,400,0,0,1,0.243647,0.06345,16.61131,161957
665,1,-1.19873,400,0,0,1,0.242916,0.063497,16.42696,162357
666,1,-1.1959,400,0,0,1,0.242187,0.061166,16.26141,162757
667,1,-1.1971,400,0,0,1,0.241461,0.061936,16.09108,163157
668,1,-1.19755,400,0,0,1,0.240736,0.059321,15.9565,163557
669,1,-1.19706,400,0,0,1,0.240014,0.056016,15.85465,163957
670,1,-1.063,21,0,1,0,0.239294,0.045283,15.77952,163979
671,1,-1.19523,400,0,0,1,0.238576,0.054276,15.74693,164379
672,1,-1.19599,400,0,0,1,0.237861,0.054519,15.66887,164779
673,1,-1.19592,400,0,0,1,0.237147,0.056991,15.57481,165179
674,1,-1.19484,400,0,0,1,0.236436,0.058082,15.5005,165579
675,1,-1.2,400,0,0,1,0.235726,0.064498,15.445,165979
676,1,-1.19175,400,0,0,1,0.235019,0.061059,15.35968,166379
677,1,-1.19731,400,0,0,1,0.234314,0.059753,15.27397,166779
678,1,-1.2,400,0,0,1,0.233611,0.059178,15.18895,167179
679,1,9.30054,235,1,0,0,0.23291,0.05627,15.13517,167415
680,1,-1.2,400,0,0,1,0.232211,0.054776,15.04972,167815
681,1,-1.2,400,0,0,1,0.231515,0.055235,14.93954,168215
682,1,-1.2,400,0,0,1,0.23082,0.060097,14.84068,168615
683,1,-1.2,400,0,0,1,0.230128,0.051137,14.73268,169015
684,1,-1.2,400,0,0,1,0.229437,0.053495,14.60955,169415
685,1,-1.2,400,0,0,1,0.228749,0.056182,14.50842,169815
686,1,-1.2,400,0,0,1,0.228063,0.054729,14.37037,170215
687,1,-1.072,24,0,1,0,0.227379,0.025947,14.3372,170240
688,1,-1.2,400,0,0,1,0.226697,0.05057,14.23389,170640
689,1,-1.2,400,0,0,1,0.226016,0.052538,14.09264,171040
690,1,9.57403,144,1,0,0,0.225338,0.054734,14.00348,171185
691,1,-1.1976,400,0,0,1,0.224662,0.053322,13.91637,171585
692,1,-1.2,400,0,0,1,0.223988,0.049751,13.80187,171985
693,1,-1.19347,400,0,0,1,0.223316,0.051549,13.66055,172385
694,1,-1.19812,400,0,0,1,0.222646,0.046576,13.52453,172785
695,1,-1.19804,400,0,0,1,0.221979,0.048095,13.40288,173185
696,1,-1.19702,400,0,0,1,0.221313,0.044933,13.27802,173585
697,1,-1.19494,400,0,0,1,0.220649,0.044653,13.16657,173985
698,1,-1.18402,400,0,0,1,0.219987,0.043125,13.03648,174385
699,1,-1.19927,400,0,0,1,0.219327,0.041402,12.90705,174785
700,1,-1.19656,400,0,0,1,0.218669,0.041446,12.79011,175185
701,1,-1.19741,400,0,0,1,0.218013,0.036825,12.6716,175585
702,1,-1.19782,400,0,0,1,0.217359,0.03913,12.57601,175985
703,1,-1.19757,400,0,0,1,0.216707,0.04012,12.46346,176385
704,1,-1.19691,400,0,0,1,0.216057,0.040407,12.37075,176785
705,1,-1.2,400,0,0,1,0.215408,0.039968,12.27773,177185
706,1,-1.2,400,0,0,1,0.214762,0.038526,12.19172,177585
707,1,-1.2,400,0,0,1,0.214118,0.036602,12.13896,177985
708,1,-1.19949,400,0,0,1,0.213476,0.039306,12.06274,178385
709,1,-1.2,400,0,0,1,0.212835,0.038662,11.99175,178785
710,1,-1.099,33,0,1,0,0.212197,0.029279,11.96405,178819
711,1,-1.18521,400,0,0,1,0.21156,0.034132,11.90668,179219
712,1,-1.19769,400,0,0,1,0.210925,0.041026,11.84616,179619
713,1,-1.2,400,0,0,1,0.210293,0.036968,11.78085,180019
714,1,-1.054,18,0,1,0,0.209662,0.031237,11.76274,180038
715,1,-1.19746,400,0,0,1,0.209033,0.036764,11.7313,180438
716,1,-1.19575,400,0,0,1,0.208406,0.039323,11.68737,180838
717,1,-1.18235,400,0,0,1,0.20778,0.033596,11.67322,181238
718,1,-1.17824,400,0,0,1,0.207157,0.035971,11.64871,181638
719,1,-1.19101,400,0,0,1,0.206536,0.038064,11.67073,182038
720,1,-1.2,400,0,0,1,0.205916,0.037745,11.67927,182438
721,1,-1.19701,400,0,0,1,0.205298,0.038301,11.7029,182838
722,1,-1.2,400,0,0,1,0.204682,0.035228,11.72331,183238
723,1,-1.2,400,0,0,1,0.204068,0.042199,11.73094,183638
724,1,-1.19488,400,0,0,1,0.203456,0.04001,11.73505,184038
725,1,-1.19516,400,0,0,1,0.202846,0.034319,11.75229,184438
726,1,-1.19618,400,0,0,1,0.202237,0.037491,11.7439,184838
727,1,-1.19594,400,0,0,1,0.20163,0.037544,11.74123,185238
728,1,-1.19724,400,0,0,1,0.201026,0.034538,11.70813,185638
729,1,-1.19719,400,0,0,1,0.200422,0.041746,11.6494,186038
730,1,-1.19607,400,0,0,1,0.199821,0.036872,11.59662,186438
731,1,-1.19614,400,0,0,1,0.199222,0.036806,11.53657,186838
732,1,-1.19641,400,0,0,1,0.198624,0.032305,11.47827,187238
733,1,-1.19498,400,0,0,1,0.198028,0.032374,11.41678,187638
734,1,-1.1952,400,0,0,1,0.197434,0.035396,11.32469,188038
735,1,-1.19773,400,0,0,1,0.196842,0.033116,11.25247,188438
736,1,-1.19229,400,0,0,1,0.196251,0.030043,11.17097,188838
737,1,-1.19033,400,0,0,1,0.195663,0.035323,11.09034,189238
738,1,-1.1812,400,0,0,1,0.195076,0.035171,10.99429,189638
739,1,-1.186,400,0,0,1,0.19449,0.029996,10.89847,190038
740,1,-1.18307,400,0,0,1,0.193907,0.034268,10.78374,190438
741,1,9.4472,188,1,0,0,0.193325,0.031488,10.7064,190627
742,1,9.39331,205,1,0,0,0.192745,0.032092,10.65058,190833
743,1,9.11558,297,1,0,0,0.192167,0.029545,10.5732,191131
744,1,-1.19465,400,0,0,1,0.19159,0.025841,10.49158,191531
745,1,-1.18404,400,0,0,1,0.191016,0.026733,10.38424,191931
746,1,-1.19586,400,0,0,1,0.190443,0.026459,10.2659,192331
747,1,-1.19448,400,0,0,1,0.189871,0.023839,10.16271,192731
748,1,-1.19556,400,0,0,1,0.189302,0.022608,10.05926,193131
749,1,-1.19723,400,0,0,1,0.188734,0.025525,9.96327,193531
750,1,-1.162,54,0,1,0,0.188168,0.037194,9.91052,193586
751,1,-1.156,52,0,1,0,0.187603,0.024018,9.89694,193639
752,1,-1.18,60,0,1,0,0.18704,0.026269,9.87658,193700
753,1,-1.186,62,0,1,0,0.186479,0.021804,9.85081,193763
754,1,-1.159,53,0,1,0,0.18592,0.019502,9.84316,193817
755,1,-1.18512,400,0,0,1,0.185362,0.024646,9.79894,194217
756,1,-1.2,400,0,0,1,0.184806,0.025495,9.70784,194617
757,1,-1.18549,400,0,0,1,0.184251,0.025494,9.6216,195017
758,1,-1.2,400,0,0,1,0.183699,0.023393,9.54333,195417
759,1,-1.2,400,0,0,1,0.183148,0.021244,9.45806,195817
760,1,-1.2,400,0,0,1,0.182598,0.025744,9.38036,196217
761,1,-1.1956,400,0,0,1,0.18205,0.027584,9.29936,196617
762,1,-1.2,400,0,0,1,0.181504,0.025616,9.23031,197017
763,1,-1.194,400,0,0,1,0.18096,0.026657,9.15358,197417
764,1,-1.18879,400,0,0,1,0.180417,0.02414,9.08829,197817
765,1,9.47512,177,1,0,0,0.179876,0.02462,9.0439,197995
766,1,9.10561,300,1,0,0,0.179336,0.023084,8.99057,198296
767,1,-1.19656,400,0,0,1,0.178798,0.02278,8.93475,198696
768,1,9.6757,110,1,0,0,0.178262,0.019868,8.88645,198807
769,1,9.56557,147,1,0,0,0.177727,0.020651,8.84437,198955
770,1,9.20764,266,1,0,0,0.177194,0.022744,8.81438,199222
771,1,9.034,324,1,0,0,0.176662,0.025816,8.75343,199547
772,1,9.32471,227,1,0,0,0.176132,0.023333,8.70747,199775
773,1,9.59771,136,1,0,0,0.175604,0.020215,8.66523,199912
774,1,-1.105,35,0,1,0,0.175077,0.025003,8.64331,199948
775,1,9.16114,282,1,0,0,0.174552,0.026229,8.61858,200231
776,1,9.806,67,1,0,0,0.174028,0.009345,8.59231,200299
777,1,-1.579,193,0,1,0,0.173506,0.022236,8.55493,200493
778,1,8.98613,340,1,0,0,0.172985,0.021132,8.49577,200834
779,1,-1.19363,400,0,0,1,0.172466,0.021205,8.42951,201234
780,1,-1.2,400,0,0,1,0.171949,0.024031,8.37253,201634
781,1,-1.19489,400,0,0,1,0.171433,0.023125,8.3249,202034
782,1,-1.19604,400,0,0,1,0.170919,0.0221,8.28831,202434
783,1,-1.2,400,0,0,1,0.170406,0.023877,8.27019,202834
784,1,-1.2,400,0,0,1,0.169895,0.02142,8.27911,203234
785,1,-1.2,400,0,0,1,0.169385,0.023451,8.2905,203634
786,1,-1.2,400,0,0,1,0.168877,0.020909,8.32211,204034
787,1,-1.645,215,0,1,0,0.16837,0.022781,8.34505,204250
788,1,-1.864,288,0,1,0,0.167865,0.01965,8.36389,204539
789,1,-1.2,400,0,0,1,0.167362,0.018132,8.38323,204939
790,1,-2.017,339,0,1,0,0.16686,0.025303,8.4003,205279
791,1,-2.089,363,0,1,0,0.166359,0.018228,8.42324,205643
792,1,-1.2,400,0,0,1,0.16586,0.020048,8.43598,206043
793,1,-1.2,400,0,0,1,0.165362,0.021912,8.46644,206443
794,1,-1.2,400,0,0,1,0.164866,0.019662,8.48558,206843
795,1,9.07907,309,1,0,0,0.164372,0.024392,8.4908,207153
796,1,-1.2,400,0,0,1,0.163879,0.02345,8.50965,207553
797,1,-1.2,400,0,0,1,0.163387,0.019516,8.54018,207953
798,1,-1.672,224,0,1,0,0.162897,0.020889,8.55281,208178
799,1,-1.19519,400,0,0,1,0.162408,0.022641,8.54641,208578
800,1,9.17754,276,1,0,0,0.161921,0.024245,8.55751,208855
801,1,-1.2,400,0,0,1,0.161435,0.022008,8.56751,209255
802,1,-1.2,400,0,0,1,0.160951,0.02176,8.56484,209655
803,1,9.7662,80,1,0,0,0.160468,0.026364,8.60341,209736
804,1,-1.2,400,0,0,1,0.159986,0.019258,8.60034,210136
805,1,9.78073,75,1,0,0,0.159507,0.031194,8.59996,210212
806,1,9.76282,81,1,0,0,0.159028,0.031699,8.64053,210294
807,1,9.76597,80,1,0,0,0.158551,0.026698,8.64093,210375
808,1,9.80452,67,1,0,0,0.158075,0.035573,8.66472,210443
809,1,-1.048,16,0,1,0,0.157601,0.030578,8.63642,210460
810,1,9.7749,77,1,0,0,0.157128,0.028188,8.64092,210538
811,1,9.5856,140,1,0,0,0.156657,0.022243,8.6366,210679
812,1,9.55968,149,1,0,0,0.156187,0.027104,8.66047,210829
813,1,9.80568,67,1,0,0,0.155718,0.019942,8.67891,210897
814,1,9.82621,60,1,0,0,0.155251,0.024311,8.65132,210958
815,1,9.78382,74,1,0,0,0.154785,0.02613,8.64257,211033
816,1,9.79548,70,1,0,0,0.154321,0.03033,8.6723,211104
817,1,9.82276,61,1,0,0,0.153858,0.016671,8.63218,211166
818,1,9.79858,69,1,0,0,0.153397,0.02212,8.68986,211236
819,1,9.82874,59,1,0,0,0.152936,0.019382,8.74743,211296
820,1,9.78689,73,1,0,0,0.152478,0.025508,8.70047,211370
821,1,9.77835,76,1,0,0,0.15202,0.023036,8.71059,211447
822,1,9.79265,71,1,0,0,0.151564,0.020209,8.73668,211519
823,1,9.78988,72,1,0,0,0.151109,0.020675,8.75261,211592
824,1,9.79863,69,1,0,0,0.150656,0.027455,8.71671,211662
825,1,9.78986,72,1,0,0,0.150204,0.029864,8.69211,211735
826,1,9.81429,64,1,0,0,0.149753,0.032097,8.73806,211800
827,1,9.79608,70,1,0,0,0.149304,0.02316,8.71261,211871
828,1,9.80807,66,1,0,0,0.148856,0.016838,8.77084,211938
829,1,9.80794,66,1,0,0,0.14841,0.026535,8.76672,212005
830,1,9.80193,68,1,0,0,0.147964,0.026448,8.77229,212074
831,1,9.79308,71,1,0,0,0.147521,0.024547,8.78876,212146
832,1,9.75687,83,1,0,0,0.147078,0.027595,8.81689,212230
833,1,9.77514,77,1,0,0,0.146637,0.023214,8.72825,212308
834,1,9.7958,70,1,0,0,0.146197,0.023583,8.80138,212379
835,1,9.80173,68,1,0,0,0.145758,0.021781,8.76903,212448
836,1,9.69675,103,1,0,0,0.145321,0.028296,8.78627,212552
837,1,9.55579,150,1,0,0,0.144885,0.02346,8.78035,212703
838,1,9.30689,233,1,0,0,0.14445,0.026185,8.79922,212937
839,1,9.48099,175,1,0,0,0.144017,0.024292,8.83936,213113
840,1,9.35214,218,1,0,0,0.143585,0.022427,8.85638,213332
841,1,9.57044,145,1,0,0,0.143154,0.029326,8.8476,213478
842,1,9.24062,255,1,0,0,0.142725,0.027252,8.82632,213734
843,1,9.39688,203,1,0,0,0.142297,0.019919,8.89297,213938
844,1,9.37326,211,1,0,0,0.14187,0.027226,8.87069,214150
845,1,9.56474,147,1,0,0,0.141444,0.025068,8.89255,214298
846,1,9.60713,133,1,0,0,0.14102,0.026511,8.87812,214432
847,1,9.76311,81,1,0,0,0.140597,0.016703,8.93277,214514
848,1,9.65191,118,1,0,0,0.140175,0.025205,8.8854,214633
849,1,9.66964,112,1,0,0,0.139754,0.029351,8.93447,214746
850,1,9.14212,288,1,0,0,0.139335,0.022785,8.9404,215035
851,1,-1.19708,400,0,0,1,0.138917,0.022154,8.91448,215435
852,1,9.50138,168,1,0,0,0.1385,0.024633,8.94954,215604
853,1,9.78673,73,1,0,0,0.138085,0.023322,8.98407,215678
854,1,-1.19498,400,0,0,1,0.137671,0.018287,8.96957,216078
855,1,9.43939,189,1,0,0,0.137258,0.022261,8.98128,216268
856,1,9.67878,109,1,0,0,0.136846,0.021235,8.94812,216378
857,1,9.0514,318,1,0,0,0.136435,0.019457,8.99764,216697
858,1,-1.19595,400,0,0,1,0.136026,0.020847,8.99944,217097
859,1,-1.19645,400,0,0,1,0.135618,0.022122,9.01762,217497
860,1,9.24101,256,1,0,0,0.135211,0.021105,9.03341,217754
861,1,8.92744,361,1,0,0,0.134805,0.023586,9.03001,218116
862,1,9.22963,259,1,0,0,0.134401,0.026384,9.03983,218376
863,1,-1.1905,400,0,0,1,0.133998,0.020912,9.05068,218776
864,1,-1.18867,400,0,0,1,0.133596,0.019844,9.0331,219176
865,1,-1.18379,400,0,0,1,0.133195,0.019249,9.01343,219576
866,1,-1.17518,400,0,0,1,0.132795,0.019535,9.00256,219976
867,1,-1.18017,400,0,0,1,0.132397,0.02072,8.96245,220376
868,1,-1.18416,400,0,0,1,0.132,0.021599,8.90642,220776
869,1,-1.17982,400,0,0,1,0.131604,0.021005,8.85292,221176
870,1,-1.17585,400,0,0,1,0.131209,0.018657,8.79809,221576
871,1,-1.18403,400,0,0,1,0.130815,0.019337,8.72563,221976
872,1,-1.19218,400,0,0,1,0.130423,0.01823,8.65272,222376
873,1,-1.19709,400,0,0,1,0.130032,0.021272,8.57058,222776
874,1,-1.1922,400,0,0,1,0.129642,0.01848,8.48701,223176
875,1,-1.18936,400,0,0,1,0.129253,0.019882,8.40708,223576
876,1,-1.19523,400,0,0,1,0.128865,0.019734,8.33022,223976
877,1,-1.126,42,0,1,0,0.128478,0.01413,8.26449,224019
878,1,9.55869,149,1,0,0,0.128093,0.020992,8.253,224169
879,1,9.69075,105,1,0,0,0.127709,0.021277,8.22031,224275
880,1,9.5676,146,1,0,0,0.127325,0.019015,8.19605,224422
881,1,-1.19506,400,0,0,1,0.126943,0.021332,8.13935,224822
882,1,9.37546,210,1,0,0,0.126563,0.023383,8.08322,225033
883,1,-1.19773,400,0,0,1,0.126183,0.019401,8.02328,225433
884,1,-1.096,32,0,1,0,0.125804,0.020145,7.98325,225466
885,1,-1.19936,400,0,0,1,0.125427,0.020741,7.9338,225866
886,1,-1.066,22,0,1,0,0.125051,0.014344,7.89929,225889
887,1,9.66372,114,1,0,0,0.124676,0.018771,7.88845,226004
888,1,-1.054,18,0,1,0,0.124302,0.021838,7.884,226023
889,1,9.70857,99,1,0,0,0.123929,0.025156,7.8466,226123
890,1,-1.072,24,0,1,0,0.123557,0.013741,7.83497,226148
891,1,9.57386,144,1,0,0,0.123186,0.018474,7.83357,226293
892,1,9.18385,274,1,0,0,0.122817,0.020763,7.80358,226568
893,1,-1.048,16,0,1,0,0.122448,0.015684,7.80594,226585
894,1,-1.093,31,0,1,0,0.122081,0.009991,7.76153,226617
895,1,-1.051,17,0,1,0,0.121715,0.007438,7.72478,226635
896,1,9.60972,132,1,0,0,0.121349,0.016062,7.77084,226768
897,1,9.68799,106,1,0,0,0.120985,0.022845,7.74159,226875
898,1,-1.078,26,0,1,0,0.120622,0.018562,7.71716,226902
899,1,9.6454,120,1,0,0,0.120261,0.017943,7.72336,227023
900,1,9.67308,111,1,0,0,0.1199,0.021421,7.7069,227135
901,1,-1.243,81,0,1,0,0.11954,0.019591,7.68835,227217
902,1,9.60058,135,1,0,0,0.119181,0.014762,7.67712,227353
903,1,9.6461,120,1,0,0,0.118824,0.017768,7.66335,227474
904,1,-1.048,16,0,1,0,0.118467,0.009721,7.67035,227491
905,1,-1.123,41,0,1,0,0.118112,0.021924,7.64121,227533
906,1,-1.078,26,0,1,0,0.117758,0.023819,7.64118,227560
907,1,-1.078,26,0,1,0,0.117404,0.016872,7.64937,227587
908,1,-1.441,147,0,1,0,0.117052,0.018061,7.6322,227735
909,1,-1.072,24,0,1,0,0.116701,0.012736,7.60586,227760
910,1,-1.066,22,0,1,0,0.116351,0.017894,7.61702,227783
911,1,-1.15,50,0,1,0,0.116002,0.019398,7.61984,227834
912,1,-1.126,42,0,1,0,0.115654,0.019164,7.59448,227877
913,1,-1.114,38,0,1,0,0.115307,0.01519,7.62813,227916
914,1,-1.054,18,0,1,0,0.114961,0.022395,7.60422,227935
915,1,9.69047,105,1,0,0,0.114616,0.020777,7.60363,228041
916,1,-1.102,34,0,1,0,0.114272,0.027204,7.59624,228076
917,1,-1.063,21,0,1,0,0.113929,0.020913,7.57739,228098
918,1,-1.081,27,0,1,0,0.113588,0.018536,7.58671,228126
919,1,-1.069,23,0,1,0,0.113247,0.03665,7.59055,228150
920,1,-1.081,27,0,1,0,0.112907,0.021035,7.55993,228178
921,1,9.66103,115,1,0,0,0.112568,0.018684,7.5753,228294
922,1,9.7114,98,1,0,0,0.112231,0.027907,7.5749,228393
923,1,-1.069,23,0,1,0,0.111894,0.03375,7.5853,228417
924,1,-1.063,21,0,1,0,0.111558,0.0295,7.55921,228439
925,1,9.61303,131,1,0,0,0.111224,0.017223,7.5545,228571
926,1,9.79231,71,1,0,0,0.11089,0.020707,7.55641,228643
927,1,9.70624,100,1,0,0,0.110557,0.02151,7.55869,228744
928,1,-1.111,37,0,1,0,0.110226,0.018758,7.5457,228782
929,1,9.77483,77,1,0,0,0.109895,0.023623,7.51966,228860
930,1,-1.108,36,0,1,0,0.109565,0.022831,7.53693,228897
931,1,9.69683,103,1,0,0,0.109237,0.01936,7.52407,229001
932,1,-1.06,20,0,1,0,0.108909,0.016363,7.55372,229022
933,1,-1.099,33,0,1,0,0.108582,0.024898,7.52742,229056
934,1,9.69684,103,1,0,0,0.108256,0.022505,7.52501,229160
935,1,9.7625,81,1,0,0,0.107932,0.018791,7.52503,229242
936,1,9.76869,79,1,0,0,0.107608,0.021974,7.51581,229322
937,1,9.76278,81,1,0,0,0.107285,0.021716,7.53053,229404
938,1,9.71208,98,1,0,0,0.106963,0.017746,7.52301,229503
939,1,9.78641,73,1,0,0,0.106642,0.019317,7.51706,229577
940,1,9.72358,94,1,0,0,0.106322,0.018865,7.52156,229672
941,1,9.78133,75,1,0,0,0.106003,0.014917,7.52433,229748
942,1,9.77805,76,1,0,0,0.105685,0.028991,7.51449,229825
943,1,9.79932,69,1,0,0,0.105368,0.020269,7.51715,229895
944,1,9.71153,98,1,0,0,0.105052,0.031278,7.51538,229994
945,1,9.6733,111,1,0,0,0.104737,0.030746,7.51806,230106
946,1,9.69342,104,1,0,0,0.104423,0.021841,7.52188,230211
947,1,9.77169,78,1,0,0,0.10411,0.02933,7.53427,230290
948,1,9.77182,78,1,0,0,0.103797,0.021951,7.52674,230369
949,1,-1.2,400,0,0,1,0.103486,0.020547,7.55163,230769
950,1,9.73014,92,1,0,0,0.103175,0.024122,7.56859,230862
951,1,9.78925,72,1,0,0,0.102866,0.025076,7.57519,230935
952,1,9.78352,74,1,0,0,0.102557,0.019219,7.59475,231010
953,1,9.75136,85,1,0,0,0.10225,0.023623,7.57159,231096
954,1,9.76316,81,1,0,0,0.101943,0.017139,7.60078,231178
955,1,9.76579,80,1,0,0,0.101637,0.020609,7.58076,231259
956,1,9.79276,71,1,0,0,0.101332,0.020964,7.61626,231331
957,1,9.78386,74,1,0,0,0.101028,0.022076,7.58706,231406
958,1,9.77164,78,1,0,0,0.100725,0.022547,7.60643,231485
959,1,9.79598,70,1,0,0,0.100423,0.019257,7.63518,231556
960,1,9.76929,79,1,0,0,0.100122,0.022787,7.63564,231636
961,1,9.79275,71,1,0,0,0.1,0.020744,7.61897,231708
962,1,9.80145,68,1,0,0,0.1,0.019677,7.65427,231777
963,1,9.79287,71,1,0,0,0.1,0.015213,7.64266,231849
964,1,9.81081,65,1,0,0,0.1,0.016414,7.68584,231915
965,1,9.76639,80,1,0,0,0.1,0.016935,7.67261,231996
966,1,9.77449,77,1,0,0,0.1,0.017877,7.6742,232074
967,1,9.79912,69,1,0,0,0.1,0.027575,7.66126,232144
968,1,9.76294,81,1,0,0,0.1,0.021847,7.67633,232226
969,1,9.80196,68,1,0,0,0.1,0.02278,7.71461,232295
970,1,9.75657,83,1,0,0,0.1,0.025289,7.71911,232379
971,1,9.81127,65,1,0,0,0.1,0.020254,7.7282,232445
972,1,9.80832,66,1,0,0,0.1,0.024539,7.77109,232512
973,1,9.74771,86,1,0,0,0.1,0.024096,7.73576,232599
974,1,9.74475,87,1,0,0,0.1,0.01959,7.75718,232687
975,1,9.78124,75,1,0,0,0.1,0.022613,7.7766,232763
976,1,9.77826,76,1,0,0,0.1,0.025097,7.74472,232840
977,1,9.80837,66,1,0,0,0.1,0.016262,7.76799,232907
978,1,9.78982,72,1,0,0,0.1,0.014097,7.77832,232980
979,1,9.74179,88,1,0,0,0.1,0.018729,7.79644,233069
980,1,9.72369,94,1,0,0,0.1,0.024736,7.81555,233164
981,1,-1.063,21,0,1,0,0.1,0.016684,7.77817,233186
982,1,9.81098,65,1,0,0,0.1,0.024196,7.80507,233252
983,1,9.81986,62,1,0,0,0.1,0.024455,7.8191,233315
984,1,9.78391,74,1,0,0,0.1,0.017484,7.79927,233390
985,1,9.79588,70,1,0,0,0.1,0.020096,7.80869,233461
986,1,9.81067,65,1,0,0,0.1,0.021058,7.82837,233527
987,1,9.7834,74,1,0,0,0.1,0.023498,7.83584,233602
988,1,9.74228,88,1,0,0,0.1,0.021394,7.85559,233691
989,1,9.71449,97,1,0,0,0.1,0.021407,7.8607,233789
990,1,9.82601,60,1,0,0,0.1,0.022164,7.89768,233850
991,1,9.34524,220,1,0,0,0.1,0.018754,7.875,234071
992,1,9.81418,64,1,0,0,0.1,0.017395,7.85647,234136
993,1,9.78375,74,1,0,0,0.1,0.022819,7.83355,234211
994,1,9.74803,86,1,0,0,0.1,0.022632,7.8345,234298
995,1,9.80783,66,1,0,0,0.1,0.023954,7.8353,234365
996,1,9.51701,163,1,0,0,0.1,0.020804,7.86064,234529
997,1,9.82567,60,1,0,0,0.1,0.02099,7.86319,234590
998,1,9.81993,62,1,0,0,0.1,0.024198,7.86619,234653
999,1,9.7991,69,1,0,0,0.1,0.019669,7.87191,234723
1000,1,9.82239,61,1,0,0,0.1,0.016069,7.8754,234785
1001,1,9.76895,79,1,0,0,0.1,0.018252,7.8831,234865
1002,1,9.6368,123,1,0,0,0.1,0.020708,7.86655,234989
1003,1,9.7987,69,1,0,0,0.1,0.021426,7.84988,235059
1004,1,9.81125,65,1,0,0,0.1,0.01953,7.81831,235125
1005,1,9.80842,66,1,0,0,0.1,0.014988,7.86552,235192
1006,1,9.81103,65,1,0,0,0.1,0.020495,7.87018,235258
1007,1,9.79294,71,1,0,0,0.1,0.016798,7.84824,235330
1008,1,9.844,54,1,0,0,0.1,0.013542,7.90392,235385
1009,1,9.81932,62,1,0,0,0.1,0.020318,7.90486,235448
1010,1,9.79908,69,1,0,0,0.1,0.021909,7.85533,235518
1011,1,9.7934,71,1,0,0,0.1,0.015948,7.89091,235590
1012,1,9.81679,63,1,0,0,0.1,0.016063,7.88798,235654
1013,1,9.82309,61,1,0,0,0.1,0.022483,7.86281,235716
1014,1,9.82583,60,1,0,0,0.1,0.022362,7.85367,235777
1015,1,9.83501,57,1,0,0,0.1,0.015552,7.88835,235835
1016,1,9.82697,60,1,0,0,0.1,0.018939,7.87883,235896
1017,1,9.83787,56,1,0,0,0.1,0.024229,7.85948,235953
1018,1,9.83535,57,1,0,0,0.1,0.017413,7.90213,236011
1019,1,9.80782,66,1,0,0,0.1,0.012565,7.87772,236078
1020,1,9.82588,60,1,0,0,0.1,0.02059,7.92607,236139
1021,1,9.83528,57,1,0,0,0.1,0.021283,7.87973,236197
1022,1,9.7656,80,1,0,0,0.1,0.017766,7.90995,236278
1023,1,9.70557,100,1,0,0,0.1,0.016664,7.88574,236379
1024,1,9.84417,54,1,0,0,0.1,0.023456,7.8787,236434
1025,1,9.74722,86,1,0,0,0.1,0.016566,7.91132,236521
1026,1,9.83232,58,1,0,0,0.1,0.011855,7.88822,236580
1027,1,9.82362,61,1,0,0,0.1,0.016036,7.89424,236642
1028,1,9.80816,66,1,0,0,0.1,0.019865,7.92538,236709
1029,1,9.805,67,1,0,0,0.1,0.017719,7.88411,236777
1030,1,9.83762,56,1,0,0,0.1,0.015162,7.9153,236834
1031,1,9.81064,65,1,0,0,0.1,0.015241,7.89061,236900
1032,1,9.84043,55,1,0,0,0.1,0.01962,7.92442,236956
1033,1,9.81988,62,1,0,0,0.1,0.020122,7.96046,237019
1034,1,9.84351,54,1,0,0,0.1,0.014016,7.89894,237074
1035,1,9.79254,71,1,0,0,0.1,0.016732,7.92189,237146
1036,1,9.82884,59,1,0,0,0.1,0.012057,7.90235,237206
1037,1,9.81103,65,1,0,0,0.1,0.021866,7.89919,237272
1038,1,9.83168,58,1,0,0,0.1,0.022027,7.91182,237331
1039,1,9.80185,68,1,0,0,0.1,0.024633,7.94723,237400
1040,1,9.8197,62,1,0,0,0.1,0.014504,7.92626,237463
1041,1,9.8376,56,1,0,0,0.1,0.019361,7.87706,237520
1042,1,9.82253,61,1,0,0,0.1,0.018993,7.89724,237582
1043,1,9.84058,55,1,0,0,0.1,0.015544,7.90726,237638
1044,1,9.82604,60,1,0,0,0.1,0.015863,7.87379,237699
1045,1,9.83496,57,1,0,0,0.1,0.013863,7.94699,237757
1046,1,9.81929,62,1,0,0,0.1,0.019586,7.9276,237820
1047,1,9.83526,57,1,0,0,0.1,0.024866,7.91323,237878
1048,1,9.82566,60,1,0,0,0.1,0.013823,7.94646,237939
1049,1,9.84687,53,1,0,0,0.1,0.02024,7.9173,237993
1050,1,9.81674,63,1,0,0,0.1,0.016638,7.92013,238057
1051,1,9.79912,69,1,0,0,0.1,0.012384,7.92585,238127
1052,1,9.83181,58,1,0,0,0.1,0.016846,7.93416,238186
1053,1,9.82625,60,1,0,0,0.1,0.012646,7.96455,238247
1054,1,9.82614,60,1,0,0,0.1,0.013087,7.95343,238308
1055,1,9.77193,78,1,0,0,0.1,0.018498,7.94137,238387
1056,1,9.7899,72,1,0,0,0.1,0.015649,7.95524,238460
1057,1,9.80811,66,1,0,0,0.1,0.017875,7.95849,238527
1058,1,9.81678,63,1,0,0,0.1,0.011541,7.9754,238591
1059,1,9.8111,65,1,0,0,0.1,0.016197,7.93104,238657
1060,1,9.80467,67,1,0,0,0.1,0.012809,7.95319,238725
1061,1,9.83503,57,1,0,0,0.1,0.019462,7.96345,238783
1062,1,9.82279,61,1,0,0,0.1,0.015457,7.95693,238845
1063,1,9.78725,73,1,0,0,0.1,0.012382,7.97384,238919
1064,1,9.82831,59,1,0,0,0.1,0.015401,7.94697,238979
1065,1,9.81676,63,1,0,0,0.1,0.020003,7.96828,239043
1066,1,9.83798,56,1,0,0,0.1,0.020706,7.95864,239100
1067,1,9.82021,62,1,0,0,0.1,0.014287,7.95065,239163
1068,1,9.81681,63,1,0,0,0.1,0.019183,7.92376,239227
1069,1,9.84942,52,1,0,0,0.1,0.016222,7.98069,239280
1070,1,9.83181,58,1,0,0,0.1,0.017531,7.9807,239339
1071,1,9.83469,57,1,0,0,0.1,0.018686,7.99078,239397
1072,1,9.84095,55,1,0,0,0.1,0.015881,7.95202,239453
1073,1,9.84372,54,1,0,0,0.1,0.020046,8.01848,239508
1074,1,9.82301,61,1,0,0,0.1,0.020227,7.95189,239570
1075,1,9.82977,59,1,0,0,0.1,0.015962,7.96169,239630
1076,1,9.8345,57,1,0,0,0.1,0.013423,7.98993,239688
1077,1,9.84432,54,1,0,0,0.1,0.014645,7.98353,239743
1078,1,9.82883,59,1,0,0,0.1,0.015548,7.98373,239803
1079,1,9.84127,55,1,0,0,0.1,0.016283,7.98107,239859
1080,1,9.78462,74,1,0,0,0.1,0.016857,7.97608,239934
1081,1,9.82021,62,1,0,0,0.1,0.016255,7.95158,239997
1082,1,9.84088,55,1,0,0,0.1,0.018689,7.97647,240053
1083,1,9.80504,67,1,0,0,0.1,0.01638,7.99759,240121
1084,1,9.83818,56,1,0,0,0.1,0.01427,7.98741,240178
1085,1,9.82908,59,1,0,0,0.1,0.023899,7.98816,240238
1086,1,9.83212,58,1,0,0,0.1,0.02174,7.96452,240297
1087,1,9.82929,59,1,0,0,0.1,0.018225,7.98623,240357
1088,1,9.84688,53,1,0,0,0.1,0.009864,7.96419,240411
1089,1,9.82571,60,1,0,0,0.1,0.013426,7.97953,240472
1090,1,9.81736,63,1,0,0,0.1,0.011073,7.98642,240536
1091,1,9.83486,57,1,0,0,0.1,0.017988,7.99412,240594
1092,1,9.81706,63,1,0,0,0.1,0.017418,7.95497,240658
1093,1,9.83464,57,1,0,0,0.1,0.014251,7.96923,240716
1094,1,9.84368,54,1,0,0,0.1,0.014302,7.97914,240771
1095,1,9.83506,57,1,0,0,0.1,0.018565,7.99365,240829
1096,1,9.82886,59,1,0,0,0.1,0.015273,7.94557,240889
1097,1,9.83222,58,1,0,0,0.1,0.013168,7.98674,240948
1098,1,9.82544,60,1,0,0,0.1,0.022445,7.97914,241009
1099,1,9.83788,56,1,0,0,0.1,0.013536,7.99793,241066
1100,1,9.83517,57,1,0,0,0.1,0.022521,7.98508,241124
1101,1,9.83514,57,1,0,0,0.1,0.025101,7.99725,241182
1102,1,9.8109,65,1,0,0,0.1,0.016054,7.98005,241248
1103,1,9.84443,54,1,0,0,0.1,0.013566,8.00147,241303
1104,1,9.82294,61,1,0,0,0.1,0.021737,7.9461,241365
1105,1,9.82317,61,1,0,0,0.1,0.019042,7.98103,241427
1106,1,9.81743,63,1,0,0,0.1,0.00863,7.96401,241491
1107,1,9.83486,57,1,0,0,0.1,0.007156,7.97542,241549
1108,1,9.81989,62,1,0,0,0.1,0.018113,7.99802,241612
1109,1,9.8343,57,1,0,0,0.1,0.020707,7.97013,241670
1110,1,9.82555,60,1,0,0,0.1,0.012085,7.98106,241731
1111,1,9.84139,55,1,0,0,0.1,0.016101,7.94594,241787
1112,1,9.81648,63,1,0,0,0.1,0.023057,7.96699,241851
1113,1,9.80517,67,1,0,0,0.1,0.015059,7.99913,241919
1114,1,9.83782,56,1,0,0,0.1,0.016771,7.96414,241976
1115,1,9.81062,65,1,0,0,0.1,0.017591,7.9661,242042
1116,1,9.81962,62,1,0,0,0.1,0.013509,7.94508,242105
1117,1,9.83216,58,1,0,0,0.1,0.015228,7.97242,242164
1118,1,9.82238,61,1,0,0,0.1,0.01624,7.95793,242226
1119,1,9.83176,58,1,0,0,0.1,0.019124,7.96023,242285
1120,1,9.83185,58,1,0,0,0.1,0.009497,7.95868,242344
1121,1,9.81359,64,1,0,0,0.1,0.015496,7.92178,242409
1122,1,9.8436,54,1,0,0,0.1,0.019734,7.96811,242464
1123,1,9.83184,58,1,0,0,0.1,0.010116,7.96889,242523
1124,1,9.83184,58,1,0,0,0.1,0.0162,7.95914,242582
1125,1,9.84153,55,1,0,0,0.1,0.014251,7.93317,242638
1126,1,9.83172,58,1,0,0,0.1,0.018829,7.9336,242697
1127,1,9.82881,59,1,0,0,0.1,0.01338,7.93972,242757
1128,1,9.84078,55,1,0,0,0.1,0.01216,7.93866,242813
1129,1,9.84114,55,1,0,0,0.1,0.016729,7.91529,242869
1130,1,9.83178,58,1,0,0,0.1,0.019297,7.93711,242928
1131,1,9.81992,62,1,0,0,0.1,0.021565,7.92411,242991
1132,1,9.80214,68,1,0,0,0.1,0.013614,7.90906,243060
1133,1,9.83156,58,1,0,0,0.1,0.013678,7.88173,243119
1134,1,9.82596,60,1,0,0,0.1,0.022744,7.91657,243180
1135,1,9.81721,63,1,0,0,0.1,0.01375,7.86546,243244
1136,1,9.84132,55,1,0,0,0.1,0.008082,7.89526,243300
1137,1,9.82281,61,1,0,0,0.1,0.019071,7.86895,243362
1138,1,9.83821,56,1,0,0,0.1,0.015755,7.91655,243419
1139,1,9.81995,62,1,0,0,0.1,0.013919,7.88157,243482
1140,1,9.82936,59,1,0,0,0.1,0.011856,7.89002,243542
1141,1,9.84384,54,1,0,0,0.1,0.014883,7.89071,243597
1142,1,9.83233,58,1,0,0,0.1,0.016599,7.89316,243656
1143,1,9.82594,60,1,0,0,0.1,0.01111,7.849,243717
1144,1,9.82888,59,1,0,0,0.1,0.012383,7.89249,243777
1145,1,9.81438,64,1,0,0,0.1,0.01748,7.86185,243842
1146,1,9.81397,64,1,0,0,0.1,0.009913,7.89482,243907
1147,1,9.84139,55,1,0,0,0.1,0.015869,7.86763,243963
1148,1,9.82526,60,1,0,0,0.1,0.012296,7.86995,244024
1149,1,9.83434,57,1,0,0,0.1,0.01275,7.86821,244082
1150,1,9.84028,55,1,0,0,0.1,0.016787,7.84054,244138
1151,1,9.84713,53,1,0,0,0.1,0.012082,7.83423,244192
1152,1,9.83146,58,1,0,0,0.1,0.014671,7.83939,244251
1153,1,9.83128,58,1,0,0,0.1,0.011697,7.83027,244310
1154,1,9.80803,66,1,0,0,0.1,0.013229,7.8706,244377
1155,1,9.82598,60,1,0,0,0.1,0.016809,7.84685,244438
1156,1,9.84107,55,1,0,0,0.1,0.013616,7.83635,244494
1157,1,9.84103,55,1,0,0,0.1,0.016621,7.84946,244550
1158,1,9.83165,58,1,0,0,0.1,0.018754,7.85322,244609
1159,1,9.83803,56,1,0,0,0.1,0.014374,7.8344,244666
1160,1,9.80494,67,1,0,0,0.1,0.013322,7.83291,244734
1161,1,9.83199,58,1,0,0,0.1,0.016673,7.83216,244793
1162,1,9.83803,56,1,0,0,0.1,0.009023,7.82088,244850
1163,1,9.82628,60,1,0,0,0.1,0.013909,7.80708,244911
1164,1,9.83754,56,1,0,0,0.1,0.015605,7.82064,244968
1165,1,9.83741,56,1,0,0,0.1,0.007194,7.80611,245025
1166,1,9.83727,56,1,0,0,0.1,0.013216,7.83186,245082
1167,1,9.82896,59,1,0,0,0.1,0.014982,7.79223,245142
1168,1,9.83782,56,1,0,0,0.1,0.010815,7.81795,245199
1169,1,9.82599,60,1,0,0,0.1,0.014272,7.82479,245260
1170,1,9.81691,63,1,0,0,0.1,0.015198,7.80996,245324
1171,1,9.83184,58,1,0,0,0.1,0.016235,7.77666,245383
1172,1,9.82296,61,1,0,0,0.1,0.013816,7.78615,245445
1173,1,9.84088,55,1,0,0,0.1,0.014825,7.79555,245501
1174,1,9.83799,56,1,0,0,0.1,0.021651,7.78719,245558
1175,1,9.83181,58,1,0,0,0.1,0.009009,7.78275,245617
1176,1,9.83482,57,1,0,0,0.1,0.010264,7.82068,245675
1177,1,9.81439,64,1,0,0,0.1,0.0133,7.82253,245740
1178,1,9.82527,60,1,0,0,0.1,0.015809,7.82312,245801
1179,1,9.82583,60,1,0,0,0.1,0.007115,7.79759,245862
1180,1,9.84621,53,1,0,0,0.1,0.008127,7.76331,245916
1181,1,9.84685,53,1,0,0,0.1,0.00687,7.79292,245970
1182,1,9.82268,61,1,0,0,0.1,0.023495,7.76615,246032
1183,1,9.83152,58,1,0,0,0.1,0.015803,7.80391,246091
1184,1,9.81651,63,1,0,0,0.1,0.011417,7.77727,246155
1185,1,9.84997,52,1,0,0,0.1,0.017193,7.78003,246208
1186,1,9.83183,58,1,0,0,0.1,0.014305,7.77833,246267
1187,1,9.84101,55,1,0,0,0.1,0.02135,7.76911,246323
1188,1,9.83168,58,1,0,0,0.1,0.01346,7.78777,246382
1189,1,9.81707,63,1,0,0,0.1,0.01173,7.76323,246446
1190,1,9.83514,57,1,0,0,0.1,0.016522,7.7513,246504
1191,1,9.83822,56,1,0,0,0.1,0.013626,7.76611,246561
1192,1,9.81976,62,1,0,0,0.1,0.013612,7.76645,246624
1193,1,9.82227,61,1,0,0,0.1,0.017667,7.75942,246686
1194,1,9.84384,54,1,0,0,0.1,0.011004,7.78272,246741
1195,1,9.83771,56,1,0,0,0.1,0.009315,7.75658,246798
1196,1,9.82224,61,1,0,0,0.1,0.011673,7.76022,246860
1197,1,9.84084,55,1,0,0,0.1,0.0105,7.77253,246916
1198,1,9.83783,56,1,0,0,0.1,0.007688,7.74125,246973
1199,1,9.82943,59,1,0,0,0.1,0.011955,7.7484,247033
1200,1,9.84404,54,1,0,0,0.1,0.010411,7.7487,247088
1201,1,9.82596,60,1,0,0,0.1,0.006057,7.74864,247149
1202,1,9.82261,61,1,0,0,0.1,0.012494,7.73504,247211
1203,1,9.82001,62,1,0,0,0.1,0.012332,7.74043,247274
1204,1,9.82914,59,1,0,0,0.1,0.008629,7.76897,247334
1205,1,9.83476,57,1,0,0,0.1,0.007496,7.71008,247392
1206,1,9.83467,57,1,0,0,0.1,0.00921,7.74344,247450
1207,1,9.80597,67,1,0,0,0.1,0.013372,7.69647,247518
1208,1,9.83484,57,1,0,0,0.1,0.007892,7.72488,247576
1209,1,9.82432,61,1,0,0,0.1,0.013646,7.71537,247638
1210,1,9.83155,58,1,0,0,0.1,0.010022,7.71977,247697
1211,1,9.84969,52,1,0,0,0.1,0.010209,7.71631,247750
1212,1,9.84403,54,1,0,0,0.1,0.013097,7.68243,247805
1213,1,9.83513,57,1,0,0,0.1,0.011098,7.69384,247863
1214,1,9.83465,57,1,0,0,0.1,0.013017,7.7054,247921
1215,1,9.83769,56,1,0,0,0.1,0.010536,7.69255,247978
1216,1,9.823,61,1,0,0,0.1,0.008809,7.70129,248040
1217,1,9.80809,66,1,0,0,0.1,0.011291,7.69609,248107
1218,1,9.82911,59,1,0,0,0.1,0.009038,7.66037,248167
1219,1,9.84383,54,1,0,0,0.1,0.012769,7.66643,248222
1220,1,9.82589,60,1,0,0,0.1,0.009803,7.71429,248283
1221,1,9.82599,60,1,0,0,0.1,0.011828,7.68944,248344
1222,1,9.84961,52,1,0,0,0.1,0.018587,7.68671,248397
1223,1,9.82854,59,1,0,0,0.1,0.011426,7.67119,248457
1224,1,9.83783,56,1,0,0,0.1,0.013074,7.70373,248514
1225,1,9.82925,59,1,0,0,0.1,0.013751,7.67925,248574
1226,1,9.81675,63,1,0,0,0.1,0.011873,7.69352,248638
1227,1,9.82303,61,1,0,0,0.1,0.007837,7.65694,248700
1228,1,9.83484,57,1,0,0,0.1,0.010837,7.66794,248758
1229,1,9.83152,58,1,0,0,0.1,0.009433,7.674,248817
1230,1,9.84381,54,1,0,0,0.1,0.007957,7.68883,248872
1231,1,9.82025,62,1,0,0,0.1,0.014498,7.6688,248935
1232,1,9.82925,59,1,0,0,0.1,0.010538,7.67668,248995
1233,1,9.81668,63,1,0,0,0.1,0.011019,7.66809,249059
1234,1,9.83798,56,1,0,0,0.1,0.014428,7.64115,249116
1235,1,9.83123,58,1,0,0,0.1,0.00971,7.6544,249175
1236,1,9.82043,62,1,0,0,0.1,0.013352,7.66366,249238
1237,1,9.82286,61,1,0,0,0.1,0.007999,7.68541,249300
1238,1,9.84382,54,1,0,0,0.1,0.012847,7.63662,249355
1239,1,9.83508,57,1,0,0,0.1,0.010378,7.65842,249413
1240,1,9.84073,55,1,0,0,0.1,0.011373,7.65747,249469
1241,1,9.83201,58,1,0,0,0.1,0.01116,7.66109,249528
1242,1,9.83783,56,1,0,0,0.1,0.012295,7.66182,249585
1243,1,9.7987,69,1,0,0,0.1,0.010398,7.65117,249655
1244,1,9.83784,56,1,0,0,0.1,0.005309,7.65287,249712
1245,1,9.8408,55,1,0,0,0.1,0.009113,7.62674,249768
1246,1,9.8291,59,1,0,0,0.1,0.016379,7.63466,249828
1247,1,9.82274,61,1,0,0,0.1,0.012779,7.64845,249890
1248,1,9.83829,56,1,0,0,0.1,0.013747,7.62931,249947
1249,1,9.84633,53,1,0,0,0.1,0.008605,7.64353,250001
1250,1,9.82599,60,1,0,0,0.1,0.0149,7.64081,250062
1251,1,9.81702,63,1,0,0,0.1,0.011736,7.62337,250126
1252,1,9.83208,58,1,0,0,0.1,0.009776,7.61339,250185
1253,1,9.83149,58,1,0,0,0.1,0.007293,7.63342,250244
1254,1,9.84978,52,1,0,0,0.1,0.012377,7.62288,250297
1255,1,9.8319,58,1,0,0,0.1,0.015253,7.60208,250356
1256,1,9.82328,61,1,0,0,0.1,0.011849,7.61819,250418
1257,1,9.8409,55,1,0,0,0.1,0.010232,7.64713,250474
1258,1,9.82308,61,1,0,0,0.1,0.010181,7.62929,250536
1259,1,9.84391,54,1,0,0,0.1,0.014121,7.60978,250591
1260,1,9.80169,68,1,0,0,0.1,0.012813,7.63339,250660
1261,1,9.8439,54,1,0,0,0.1,0.016369,7.634,250715
1262,1,9.83809,56,1,0,0,0.1,0.008969,7.63729,250772
1263,1,9.84701,53,1,0,0,0.1,0.012893,7.60455,250826
1264,1,9.82406,61,1,0,0,0.1,0.010835,7.62777,250888
1265,1,9.8196,62,1,0,0,0.1,0.008372,7.63838,250951
1266,1,9.80785,66,1,0,0,0.1,0.010865,7.60878,251018
1267,1,9.80211,68,1,0,0,0.1,0.013142,7.58119,251087
1268,1,9.83201,58,1,0,0,0.1,0.015482,7.61677,251146
1269,1,9.83543,57,1,0,0,0.1,0.008352,7.60462,251204
1270,1,9.83139,58,1,0,0,0.1,0.013577,7.59131,251263
1271,1,9.82918,59,1,0,0,0.1,0.012948,7.60189,251323
1272,1,9.80766,66,1,0,0,0.1,0.018421,7.61371,251390
1273,1,9.82621,60,1,0,0,0.1,0.015082,7.62022,251451
1274,1,9.84383,54,1,0,0,0.1,0.008505,7.61449,251506
1275,1,9.81095,65,1,0,0,0.1,0.010799,7.59534,251572
1276,1,9.81976,62,1,0,0,0.1,0.016722,7.61269,251635
1277,1,9.83486,57,1,0,0,0.1,0.013283,7.62021,251693
1278,1,9.84384,54,1,0,0,0.1,0.01506,7.60344,251748
1279,1,9.83214,58,1,0,0,0.1,0.008603,7.62654,251807
1280,1,9.83183,58,1,0,0,0.1,0.008061,7.63974,251866
1281,1,9.82908,59,1,0,0,0.1,0.012433,7.63607,251926
1282,1,9.82046,62,1,0,0,0.1,0.013287,7.61593,251989
1283,1,9.8264,60,1,0,0,0.1,0.006722,7.61928,252050
1284,1,9.83488,57,1,0,0,0.1,0.009056,7.64358,252108
1285,1,9.79858,69,1,0,0,0.1,0.01048,7.61204,252178
1286,1,9.82311,61,1,0,0,0.1,0.014593,7.62423,252240
1287,1,9.83484,57,1,0,0,0.1,0.010847,7.5791,252298
1288,1,9.82876,59,1,0,0,0.1,0.008572,7.62132,252358
1289,1,9.82621,60,1,0,0,0.1,0.008104,7.63192,252419
1290,1,9.83757,56,1,0,0,0.1,0.009712,7.6053,252476
1291,1,9.83784,56,1,0,0,0.1,0.017867,7.62178,252533
1292,1,9.83193,58,1,0,0,0.1,0.016649,7.56884,252592
1293,1,9.83465,57,1,0,0,0.1,0.014352,7.64054,252650
1294,1,9.82591,60,1,0,0,0.1,0.009064,7.59559,252711
1295,1,9.83838,56,1,0,0,0.1,0.012348,7.58202,252768
1296,1,9.8344,57,1,0,0,0.1,0.011929,7.62843,252826
1297,1,9.82002,62,1,0,0,0.1,0.00938,7.63572,252889
1298,1,9.85003,52,1,0,0,0.1,0.014303,7.61392,252942
1299,1,9.82002,62,1,0,0,0.1,0.011394,7.6334,253005
1300,1,9.83801,56,1,0,0,0.1,0.018099,7.61778,253062
1301,1,9.84403,54,1,0,0,0.1,0.011523,7.62193,253117
1302,1,9.82632,60,1,0,0,0.1,0.008802,7.64637,253178
1303,1,9.82269,61,1,0,0,0.1,0.009992,7.63078,253240
1304,1,9.83492,57,1,0,0,0.1,0.011777,7.62365,253298
1305,1,9.84693,53,1,0,0,0.1,0.012973,7.64713,253352
1306,1,9.82328,61,1,0,0,0.1,0.008826,7.64431,253414
1307,1,9.82655,60,1,0,0,0.1,0.010509,7.66204,253475
1308,1,9.83132,58,1,0,0,0.1,0.005445,7.65469,253534
1309,1,9.80493,67,1,0,0,0.1,0.011067,7.65816,253602
1310,1,9.83859,56,1,0,0,0.1,0.004061,7.62595,253659
1311,1,9.84401,54,1,0,0,0.1,0.007694,7.67131,253714
1312,1,9.80259,68,1,0,0,0.1,0.00995,7.6368,253783
1313,1,9.82601,60,1,0,0,0.1,0.007214,7.64776,253844
1314,1,9.84969,52,1,0,0,0.1,0.005708,7.6518,253897
1315,1,9.84386,54,1,0,0,0.1,0.005105,7.68487,253952
1316,1,9.82818,59,1,0,0,0.1,0.010274,7.66408,254012
1317,1,9.82899,59,1,0,0,0.1,0.008701,7.65413,254072
1318,1,9.83825,56,1,0,0,0.1,0.010414,7.66662,254129
1319,1,9.83494,57,1,0,0,0.1,0.010489,7.64827,254187
1320,1,9.81111,65,1,0,0,0.1,0.011366,7.65588,254253
1321,1,9.82863,59,1,0,0,0.1,0.01047,7.68108,254313
1322,1,9.82345,61,1,0,0,0.1,0.007878,7.70129,254375
1323,1,9.83806,56,1,0,0,0.1,0.005443,7.66328,254432
1324,1,9.8379,56,1,0,0,0.1,0.009695,7.68828,254489
1325,1,9.84126,55,1,0,0,0.1,0.006111,7.66853,254545
1326,1,9.82886,59,1,0,0,0.1,0.008427,7.68181,254605
1327,1,9.84334,54,1,0,0,0.1,0.009308,7.70453,254660
1328,1,9.84083,55,1,0,0,0.1,0.012159,7.64898,254716
1329,1,9.84396,54,1,0,0,0.1,0.007155,7.71285,254771
1330,1,9.838,56,1,0,0,0.1,0.011756,7.72847,254828
1331,1,9.84401,54,1,0,0,0.1,0.009692,7.70773,254883
1332,1,9.84668,53,1,0,0,0.1,0.01107,7.70004,254937
1333,1,9.84429,54,1,0,0,0.1,0.007224,7.72432,254992
1334,1,9.84352,54,1,0,0,0.1,0.010104,7.72407,255047
1335,1,9.8467,53,1,0,0,0.1,0.008105,7.69767,255101
1336,1,9.83508,57,1,0,0,0.1,0.007574,7.7327,255159
1337,1,9.83776,56,1,0,0,0.1,0.008835,7.73829,255216
1338,1,9.83594,57,1,0,0,0.1,0.006023,7.74069,255274
1339,1,9.84352,54,1,0,0,0.1,0.005169,7.71828,255329
1340,1,9.83781,56,1,0,0,0.1,0.007318,7.70679,255386
1341,1,9.82589,60,1,0,0,0.1,0.011609,7.7291,255447
1342,1,9.84108,55,1,0,0,0.1,0.009524,7.70347,255503
1343,1,9.841,55,1,0,0,0.1,0.009958,7.75296,255559
1344,1,9.83554,57,1,0,0,0.1,0.007565,7.72902,255617
1345,1,9.83456,57,1,0,0,0.1,0.007709,7.74845,255675
1346,1,9.83801,56,1,0,0,0.1,0.009403,7.75956,255732
1347,1,9.83171,58,1,0,0,0.1,0.013219,7.7374,255791
1348,1,9.84433,54,1,0,0,0.1,0.011755,7.77097,255846
1349,1,9.84683,53,1,0,0,0.1,0.013216,7.73558,255900
1350,1,9.82332,61,1,0,0,0.1,0.010392,7.74726,255962
1351,1,9.84703,53,1,0,0,0.1,0.007538,7.7448,256016
1352,1,9.83497,57,1,0,0,0.1,0.008822,7.77673,256074
1353,1,9.83203,58,1,0,0,0.1,0.01074,7.74414,256133
1354,1,9.84701,53,1,0,0,0.1,0.010193,7.77757,256187
1355,1,9.83776,56,1,0,0,0.1,0.008705,7.79317,256244
1356,1,9.83513,57,1,0,0,0.1,0.008404,7.79671,256302
1357,1,9.83755,56,1,0,0,0.1,0.009793,7.77535,256359
1358,1,9.83493,57,1,0,0,0.1,0.010389,7.76343,256417
1359,1,9.8351,57,1,0,0,0.1,0.005981,7.78873,256475
1360,1,9.832,58,1,0,0,0.1,0.006134,7.78665,256534
1361,1,9.84997,52,1,0,0,0.1,0.011079,7.82967,256587
1362,1,9.83437,57,1,0,0,0.1,0.011385,7.75994,256645
1363,1,9.8441,54,1,0,0,0.1,0.010839,7.77918,256700
1364,1,9.82615,60,1,0,0,0.1,0.007933,7.80121,256761
1365,1,9.82883,59,1,0,0,0.1,0.014157,7.7667,256821
1366,1,9.82069,62,1,0,0,0.1,0.009607,7.79522,256884
1367,1,9.83158,58,1,0,0,0.1,0.0151,7.81013,256943
1368,1,9.829,59,1,0,0,0.1,0.016884,7.82802,257003
1369,1,9.83483,57,1,0,0,0.1,0.007405,7.79345,257061
1370,1,9.84701,53,1,0,0,0.1,0.015904,7.77179,257115
1371,1,9.81024,65,1,0,0,0.1,0.005112,7.81298,257181
1372,1,9.82591,60,1,0,0,0.1,0.012214,7.81989,257242
1373,1,9.82901,59,1,0,0,0.1,0.011367,7.83648,257302
1374,1,9.83776,56,1,0,0,0.1,0.014162,7.79788,257359
1375,1,9.83501,57,1,0,0,0.1,0.007333,7.79798,257417
1376,1,9.8228,61,1,0,0,0.1,0.007431,7.81857,257479
1377,1,9.85001,52,1,0,0,0.1,0.005848,7.84371,257532
1378,1,9.83203,58,1,0,0,0.1,0.005756,7.86181,257591
1379,1,9.82869,59,1,0,0,0.1,0.010164,7.82355,257651
1380,1,9.85001,52,1,0,0,0.1,0.005138,7.83983,257704
1381,1,9.82252,61,1,0,0,0.1,0.005912,7.81671,257766
1382,1,9.83577,57,1,0,0,0.1,0.008575,7.84146,257824
1383,1,9.82903,59,1,0,0,0.1,0.010623,7.85453,257884
1384,1,9.84146,55,1,0,0,0.1,0.006914,7.8603,257940
1385,1,9.83476,57,1,0,0,0.1,0.012733,7.84982,257998
1386,1,9.83784,56,1,0,0,0.1,0.011426,7.87791,258055
1387,1,9.85301,51,1,0,0,0.1,0.006832,7.84039,258107
1388,1,9.83427,57,1,0,0,0.1,0.010703,7.84423,258165
1389,1,9.84742,53,1,0,0,0.1,0.010322,7.86182,258219
1390,1,9.83803,56,1,0,0,0.1,0.007263,7.86195,258276
1391,1,9.85303,51,1,0,0,0.1,0.01024,7.8668,258328
1392,1,9.8348,57,1,0,0,0.1,0.01076,7.86349,258386
1393,1,9.8468,53,1,0,0,0.1,0.006471,7.84294,258440
1394,1,9.84696,53,1,0,0,0.1,0.010543,7.84766,258494
1395,1,9.82903,59,1,0,0,0.1,0.007495,7.87125,258554
1396,1,9.84098,55,1,0,0,0.1,0.005025,7.86265,258610
1397,1,9.82883,59,1,0,0,0.1,0.008744,7.89176,258670
1398,1,9.83778,56,1,0,0,0.1,0.01336,7.88364,258727
1399,1,9.82619,60,1,0,0,0.1,0.005833,7.88012,258788
1400,1,9.81695,63,1,0,0,0.1,0.006296,7.87881,258852
1401,1,9.84967,52,1,0,0,0.1,0.009624,7.90046,258905
1402,1,9.82895,59,1,0,0,0.1,0.00726,7.91378,258965
1403,1,9.85003,52,1,0,0,0.1,0.003986,7.91398,259018
1404,1,9.84699,53,1,0,0,0.1,0.008125,7.91487,259072
1405,1,9.83797,56,1,0,0,0.1,0.003674,7.93579,259129
1406,1,9.84154,55,1,0,0,0.1,0.003682,7.9332,259185
1407,1,9.80469,67,1,0,0,0.1,0.004124,7.9237,259253
1408,1,9.82238,61,1,0,0,0.1,0.007104,7.91148,259315
1409,1,9.84996,52,1,0,0,0.1,0.006541,7.92377,259368
1410,1,9.84027,55,1,0,0,0.1,0.007549,7.9277,259424
1411,1,9.84652,53,1,0,0,0.1,0.006942,7.92589,259478
1412,1,9.82303,61,1,0,0,0.1,0.004698,7.94941,259540
1413,1,9.84976,52,1,0,0,0.1,0.008746,7.91182,259593
1414,1,9.83731,56,1,0,0,0.1,0.0073,7.93204,259650
1415,1,9.83186,58,1,0,0,0.1,0.01248,7.93133,259709
1416,1,9.84326,54,1,0,0,0.1,0.010013,7.9402,259764
1417,1,9.83728,56,1,0,0,0.1,0.008666,7.92867,259821
1418,1,9.84067,55,1,0,0,0.1,0.006687,7.95069,259877
1419,1,9.81683,63,1,0,0,0.1,0.007558,7.95286,259941
1420,1,9.84406,54,1,0,0,0.1,0.012732,7.97084,259996
1421,1,9.82097,62,1,0,0,0.1,0.005498,7.93418,260059
1422,1,9.84624,53,1,0,0,0.1,0.006592,7.94305,260113
1423,1,9.84116,55,1,0,0,0.1,0.008557,7.9697,260169
1424,1,9.83194,58,1,0,0,0.1,0.007747,7.98823,260228
1425,1,9.82302,61,1,0,0,0.1,0.011211,7.96654,260290
1426,1,9.82822,59,1,0,0,0.1,0.004938,7.9496,260350
1427,1,9.83747,56,1,0,0,0.1,0.009006,7.95652,260407
1428,1,9.83498,57,1,0,0,0.1,0.005584,7.95919,260465
1429,1,9.81698,63,1,0,0,0.1,0.011295,7.96456,260529
1430,1,9.84984,52,1,0,0,0.1,0.009977,7.96412,260582
1431,1,9.84099,55,1,0,0,0.1,0.005038,7.96108,260638
1432,1,9.85303,51,1,0,0,0.1,0.004339,7.97645,260690
1433,1,9.81699,63,1,0,0,0.1,0.00979,7.97479,260754
1434,1,9.85601,50,1,0,0,0.1,0.001234,7.9577,260805
1435,1,9.84703,53,1,0,0,0.1,0.004468,7.9678,260859
1436,1,9.8224,61,1,0,0,0.1,0.007,7.99716,260921
1437,1,9.84977,52,1,0,0,0.1,0.006659,7.96213,260974
1438,1,9.85001,52,1,0,0,0.1,0.007328,7.98638,261027
1439,1,9.84358,54,1,0,0,0.1,0.010884,7.97044,261082
1440,1,9.83475,57,1,0,0,0.1,0.007062,7.95696,261140
1441,1,9.84084,55,1,0,0,0.1,0.009682,7.9354,261196
1442,1,9.84698,53,1,0,0,0.1,0.006689,7.96464,261250
1443,1,9.83729,56,1,0,0,0.1,0.006475,7.96456,261307
1444,1,9.83462,57,1,0,0,0.1,0.009088,7.94467,261365
1445,1,9.85001,52,1,0,0,0.1,0.004576,7.98273,261418
1446,1,9.83426,57,1,0,0,0.1,0.004538,7.97114,261476
1447,1,9.85299,51,1,0,0,0.1,0.003424,7.9527,261528
1448,1,9.85603,50,1,0,0,0.1,0.011389,7.9752,261579
1449,1,9.84627,53,1,0,0,0.1,0.006449,7.96918,261633
1450,1,9.83479,57,1,0,0,0.1,0.005694,8.00161,261691
1451,1,9.8343,57,1,0,0,0.1,0.015212,7.94827,261749
1452,1,9.84699,53,1,0,0,0.1,0.004412,7.99734,261803
1453,1,9.83239,58,1,0,0,0.1,0.008227,7.9604,261862
1454,1,9.81378,64,1,0,0,0.1,0.00933,7.97884,261927
1455,1,9.84981,52,1,0,0,0.1,0.007563,7.95814,261980
1456,1,9.8324,58,1,0,0,0.1,0.007459,7.97282,262039
1457,1,9.83169,58,1,0,0,0.1,0.007592,7.96498,262098
1458,1,9.81147,65,1,0,0,0.1,0.006535,7.98905,262164
1459,1,9.82882,59,1,0,0,0.1,0.00546,7.97151,262224
1460,1,9.84742,53,1,0,0,0.1,0.008105,7.95567,262278
1461,1,9.82018,62,1,0,0,0.1,0.008034,7.968,262341
1462,1,9.83783,56,1,0,0,0.1,0.00221,7.95843,262398
1463,1,9.84159,55,1,0,0,0.1,0.008165,7.97852,262454
1464,1,9.84421,54,1,0,0,0.1,0.003542,7.97276,262509
1465,1,9.84343,54,1,0,0,0.1,0.00575,7.99405,262564
1466,1,9.84401,54,1,0,0,0.1,0.009311,7.97563,262619
1467,1,9.83167,58,1,0,0,0.1,0.013369,7.98588,262678
1468,1,9.83471,57,1,0,0,0.1,0.006363,7.95074,262736
1469,1,9.84384,54,1,0,0,0.1,0.003011,7.97959,262791
1470,1,9.83187,58,1,0,0,0.1,0.0084,7.95013,262850
1471,1,9.8528,51,1,0,0,0.1,0.001691,7.94869,262902
1472,1,9.84978,52,1,0,0,0.1,0.013045,7.9607,262955
1473,1,9.84068,55,1,0,0,0.1,0.009231,7.94158,263011
1474,1,9.808,66,1,0,0,0.1,0.007516,7.94073,263078
1475,1,9.83467,57,1,0,0,0.1,0.011805,7.96366,263136
1476,1,9.8233,61,1,0,0,0.1,0.010495,7.98473,263198
1477,1,9.84076,55,1,0,0,0.1,0.005833,7.97169,263254
1478,1,9.83485,57,1,0,0,0.1,0.009021,7.96804,263312
1479,1,9.83491,57,1,0,0,0.1,0.006191,7.95488,263370
1480,1,9.84069,55,1,0,0,0.1,0.008187,7.96452,263426
1481,1,9.82942,59,1,0,0,0.1,0.009644,7.93095,263486
1482,1,9.83776,56,1,0,0,0.1,0.009562,7.96472,263543
1483,1,9.82001,62,1,0,0,0.1,0.004133,7.93625,263606
1484,1,9.84451,54,1,0,0,0.1,0.008189,7.94564,263661
1485,1,9.83803,56,1,0,0,0.1,0.009977,7.96198,263718
1486,1,9.83476,57,1,0,0,0.1,0.008958,7.95597,263776
1487,1,9.83869,56,1,0,0,0.1,0.008785,7.96729,263833
1488,1,9.85284,51,1,0,0,0.1,0.006257,7.92684,263885
1489,1,9.84103,55,1,0,0,0.1,0.010492,7.95595,263941
1490,1,9.82943,59,1,0,0,0.1,0.011018,7.9324,264001
1491,1,9.84714,53,1,0,0,0.1,0.005082,7.96243,264055
1492,1,9.82601,60,1,0,0,0.1,0.006735,7.94359,264116
1493,1,9.8319,58,1,0,0,0.1,0.0093,7.9467,264175
1494,1,9.84044,55,1,0,0,0.1,0.008698,7.93536,264231
1495,1,9.85303,51,1,0,0,0.1,0.005245,7.96843,264283
1496,1,9.80249,68,1,0,0,0.1,0.010124,7.92396,264352
1497,1,9.8261,60,1,0,0,0.1,0.008796,7.94296,264413
1498,1,9.83801,56,1,0,0,0.1,0.004151,7.95361,264470
1499,1,9.84665,53,1,0,0,0.1,0.009446,7.92207,264524
1500,1,9.85303,51,1,0,0,0.1,0.00743,7.93628,264576
1501,1,9.85291,51,1,0,0,0.1,0.007704,7.92152,264628
1502,1,9.82578,60,1,0,0,0.1,0.006882,7.94729,264689
1503,1,9.85299,51,1,0,0,0.1,0.005525,7.94561,264741
1504,1,9.81403,64,1,0,0,0.1,0.006568,7.92881,264806
1505,1,9.84103,55,1,0,0,0.1,0.006698,7.94514,264862
1506,1,9.84682,53,1,0,0,0.1,0.0163,7.92392,264916
1507,1,9.83503,57,1,0,0,0.1,0.012195,7.91736,264974
1508,1,9.83519,57,1,0,0,0.1,0.008759,7.91211,265032
1509,1,9.83786,56,1,0,0,0.1,0.011661,7.93086,265089
1510,1,9.83865,56,1,0,0,0.1,0.00936,7.93621,265146
1511,1,9.85601,50,1,0,0,0.1,0.013563,7.92584,265197
1512,1,9.84323,54,1,0,0,0.1,0.006973,7.93587,265252
1513,1,9.81356,64,1,0,0,0.1,0.010161,7.92978,265317
1514,1,9.84647,53,1,0,0,0.1,0.007283,7.92651,265371
1515,1,9.83784,56,1,0,0,0.1,0.009502,7.92204,265428
1516,1,9.84414,54,1,0,0,0.1,0.00568,7.93503,265483
1517,1,9.84065,55,1,0,0,0.1,0.005931,7.91214,265539
1518,1,9.84713,53,1,0,0,0.1,0.007101,7.92787,265593
1519,1,9.84098,55,1,0,0,0.1,0.009936,7.88215,265649
1520,1,9.82882,59,1,0,0,0.1,0.008644,7.91283,265709
1521,1,9.83145,58,1,0,0,0.1,0.011153,7.93838,265768
1522,1,9.84412,54,1,0,0,0.1,0.006692,7.90069,265823
1523,1,9.85001,52,1,0,0,0.1,0.007437,7.90337,265876
1524,1,9.84103,55,1,0,0,0.1,0.005135,7.90498,265932
1525,1,9.82574,60,1,0,0,0.1,0.008164,7.92325,265993
1526,1,9.82969,59,1,0,0,0.1,0.004616,7.90052,266053
1527,1,9.84652,53,1,0,0,0.1,0.006474,7.88079,266107
1528,1,9.82903,59,1,0,0,0.1,0.010329,7.93338,266167
1529,1,9.85284,51,1,0,0,0.1,0.004946,7.90127,266219
1530,1,9.82566,60,1,0,0,0.1,0.005423,7.90339,266280
1531,1,9.84401,54,1,0,0,0.1,0.008945,7.89931,266335
1532,1,9.83826,56,1,0,0,0.1,0.004275,7.89009,266392
1533,1,9.82278,61,1,0,0,0.1,0.004252,7.9033,266454
1534,1,9.82303,61,1,0,0,0.1,0.005791,7.89646,266516
1535,1,9.84669,53,1,0,0,0.1,0.011958,7.85841,266570
1536,1,9.84328,54,1,0,0,0.1,0.008944,7.92145,266625
1537,1,9.82933,59,1,0,0,0.1,0.007628,7.8802,266685
1538,1,9.84139,55,1,0,0,0.1,0.009439,7.86386,266741
1539,1,9.84124,55,1,0,0,0.1,0.008595,7.88457,266797
1540,1,9.84095,55,1,0,0,0.1,0.006405,7.91328,266853
1541,1,9.82603,60,1,0,0,0.1,0.004646,7.89953,266914
1542,1,9.84101,55,1,0,0,0.1,0.006571,7.87534,266970
1543,1,9.81928,62,1,0,0,0.1,0.007487,7.87361,267033
1544,1,9.83728,56,1,0,0,0.1,0.00844,7.90078,267090
1545,1,9.83195,58,1,0,0,0.1,0.007891,7.86185,267149
1546,1,9.83799,56,1,0,0,0.1,0.006429,7.91723,267206
1547,1,9.82318,61,1,0,0,0.1,0.007039,7.8744,267268
1548,1,9.85293,51,1,0,0,0.1,0.001804,7.87515,267320
1549,1,9.84927,52,1,0,0,0.1,0.005851,7.88598,267373
1550,1,9.84422,54,1,0,0,0.1,0.008447,7.87292,267428
1551,1,9.83794,56,1,0,0,0.1,0.006898,7.86691,267485
1552,1,9.82874,59,1,0,0,0.1,0.008567,7.86707,267545
1553,1,9.84453,54,1,0,0,0.1,0.00294,7.8661,267600
1554,1,9.85224,51,1,0,0,0.1,0.010328,7.87123,267652
1555,1,9.82933,59,1,0,0,0.1,0.0086,7.84979,267712
1556,1,9.82281,61,1,0,0,0.1,0.008147,7.85152,267774
1557,1,9.82582,60,1,0,0,0.1,0.008128,7.88024,267835
1558,1,9.82843,59,1,0,0,0.1,0.006247,7.88153,267895
1559,1,9.82936,59,1,0,0,0.1,0.004502,7.89216,267955
1560,1,9.84081,55,1,0,0,0.1,0.006967,7.86352,268011
1561,1,9.84075,55,1,0,0,0.1,0.010862,7.87903,268067
1562,1,9.84735,53,1,0,0,0.1,0.01051,7.86409,268121
1563,1,9.82253,61,1,0,0,0.1,0.003457,7.87293,268183
1564,1,9.82883,59,1,0,0,0.1,0.004151,7.85857,268243
1565,1,9.83231,58,1,0,0,0.1,0.00521,7.87359,268302
1566,1,9.79342,71,1,0,0,0.1,0.007195,7.86597,268374
1567,1,9.8229,61,1,0,0,0.1,0.008938,7.89177,268436
1568,1,9.85583,50,1,0,0,0.1,0.009,7.86148,268487
1569,1,9.84357,54,1,0,0,0.1,0.006229,7.86914,268542
1570,1,9.8076,66,1,0,0,0.1,0.006015,7.85291,268609
1571,1,9.8406,55,1,0,0,0.1,0.006629,7.84228,268665
1572,1,9.83508,57,1,0,0,0.1,0.006297,7.88306,268723
1573,1,9.84058,55,1,0,0,0.1,0.005595,7.86904,268779
1574,1,9.83213,58,1,0,0,0.1,0.012999,7.8449,268838
1575,1,9.84379,54,1,0,0,0.1,0.011209,7.83474,268893
1576,1,9.8375,56,1,0,0,0.1,0.008492,7.848,268950
1577,1,9.83753,56,1,0,0,0.1,0.005697,7.85197,269007
1578,1,9.82044,62,1,0,0,0.1,0.009094,7.82958,269070
1579,1,9.83209,58,1,0,0,0.1,0.009219,7.82964,269129
1580,1,9.84401,54,1,0,0,0.1,0.009993,7.86098,269184
1581,1,9.84083,55,1,0,0,0.1,0.008867,7.81285,269240
1582,1,9.83472,57,1,0,0,0.1,0.010555,7.8489,269298
1583,1,9.83798,56,1,0,0,0.1,0.00688,7.84992,269355
1584,1,9.82625,60,1,0,0,0.1,0.007682,7.81048,269416
1585,1,9.85224,51,1,0,0,0.1,0.004699,7.85565,269468
1586,1,9.83207,58,1,0,0,0.1,0.009891,7.82599,269527
1587,1,9.82007,62,1,0,0,0.1,0.010027,7.82538,269590
1588,1,9.84994,52,1,0,0,0.1,0.009216,7.83877,269643
1589,1,9.838,56,1,0,0,0.1,0.00754,7.81593,269700
1590,1,9.8408,55,1,0,0,0.1,0.005199,7.81777,269756
1591,1,9.83801,56,1,0,0,0.1,0.002902,7.8415,269813
1592,1,9.8375,56,1,0,0,0.1,0.008765,7.798,269870
1593,1,9.82547,60,1,0,0,0.1,0.006194,7.81395,269931
1594,1,9.84068,55,1,0,0,0.1,0.010131,7.81858,269987
1595,1,9.84396,54,1,0,0,0.1,0.004876,7.82119,270042
1596,1,9.83502,57,1,0,0,0.1,0.007244,7.82703,270100
1597,1,9.84403,54,1,0,0,0.1,0.002121,7.82048,270155
1598,1,9.83501,57,1,0,0,0.1,0.002458,7.82539,270213
1599,1,9.84103,55,1,0,0,0.1,0.00515,7.82811,270269
1600,1,9.85296,51,1,0,0,0.1,0.009096,7.81787,270321
1601,1,9.84681,53,1,0,0,0.1,0.005802,7.82244,270375
1602,1,9.83128,58,1,0,0,0.1,0.006999,7.80031,270434
1603,1,9.81701,63,1,0,0,0.1,0.003436,7.82849,270498
1604,1,9.85001,52,1,0,0,0.1,0.007095,7.81161,270551
1605,1,9.84096,55,1,0,0,0.1,0.004978,7.79495,270607
1606,1,9.83484,57,1,0,0,0.1,0.004231,7.79908,270665
1607,1,9.8415,55,1,0,0,0.1,0.005723,7.7906,270721
1608,1,9.84699,53,1,0,0,0.1,0.004223,7.79201,270775
1609,1,9.84082,55,1,0,0,0.1,0.004787,7.79264,270831
1610,1,9.84751,53,1,0,0,0.1,0.004901,7.81349,270885
1611,1,9.83726,56,1,0,0,0.1,0.005041,7.81127,270942
1612,1,9.85001,52,1,0,0,0.1,0.006188,7.81526,270995
1613,1,9.83201,58,1,0,0,0.1,0.006476,7.8199,271054
1614,1,9.84981,52,1,0,0,0.1,0.001583,7.80986,271107
1615,1,9.84081,55,1,0,0,0.1,0.00539,7.80332,271163
1616,1,9.84422,54,1,0,0,0.1,0.004034,7.8157,271218
1617,1,9.84403,54,1,0,0,0.1,0.006729,7.80877,271273
1618,1,9.84705,53,1,0,0,0.1,0.006594,7.82184,271327
1619,1,9.84699,53,1,0,0,0.1,0.006643,7.80134,271381
1620,1,9.84406,54,1,0,0,0.1,0.008609,7.78805,271436
1621,1,9.85601,50,1,0,0,0.1,0.003642,7.80806,271487
1622,1,9.82603,60,1,0,0,0.1,0.005915,7.81149,271548
1623,1,9.84691,53,1,0,0,0.1,0.006523,7.80806,271602
1624,1,9.81107,65,1,0,0,0.1,0.003849,7.79098,271668
1625,1,9.83801,56,1,0,0,0.1,0.004937,7.80651,271725
1626,1,9.84665,53,1,0,0,0.1,0.009709,7.77188,271779
1627,1,9.83503,57,1,0,0,0.1,0.001766,7.77612,271837
1628,1,9.83477,57,1,0,0,0.1,0.005939,7.77856,271895
1629,1,9.84072,55,1,0,0,0.1,0.0029,7.78813,271951
1630,1,9.83482,57,1,0,0,0.1,0.004269,7.79942,272009
1631,1,9.82911,59,1,0,0,0.1,0.005725,7.77267,272069
1632,1,9.81987,62,1,0,0,0.1,0.001702,7.76072,272132
1633,1,9.85001,52,1,0,0,0.1,0.001145,7.80223,272185
1634,1,9.85303,51,1,0,0,0.1,0.004674,7.77294,272237
1635,1,9.83499,57,1,0,0,0.1,0.010353,7.78172,272295
1636,1,9.81656,63,1,0,0,0.1,0.004305,7.77609,272359
1637,1,9.84086,55,1,0,0,0.1,0.002629,7.79492,272415
1638,1,9.84059,55,1,0,0,0.1,0.006893,7.75709,272471
1639,1,9.84368,54,1,0,0,0.1,0.004179,7.77544,272526
1640,1,9.84386,54,1,0,0,0.1,0.007343,7.76859,272581
1641,1,9.81708,63,1,0,0,0.1,0.007024,7.7835,272645
1642,1,9.82591,60,1,0,0,0.1,0.008299,7.75853,272706
1643,1,9.82355,61,1,0,0,0.1,0.003662,7.7641,272768
1644,1,9.85601,50,1,0,0,0.1,0.00488,7.75617,272819
1645,1,9.82254,61,1,0,0,0.1,0.002656,7.77005,272881
1646,1,9.84675,53,1,0,0,0.1,0.005472,7.75442,272935
1647,1,9.84328,54,1,0,0,0.1,0.003,7.77828,272990
1648,1,9.84992,52,1,0,0,0.1,0.006417,7.74308,273043
1649,1,9.82844,59,1,0,0,0.1,0.003432,7.78184,273103
1650,1,9.84703,53,1,0,0,0.1,0.003946,7.7562,273157
1651,1,9.83539,57,1,0,0,0.1,0.005633,7.79134,273215
1652,1,9.83769,56,1,0,0,0.1,0.000979,7.78488,273272
1653,1,9.8167,63,1,0,0,0.1,0.006451,7.77497,273336
1654,1,9.82902,59,1,0,0,0.1,0.00239,7.79146,273396
1655,1,9.82931,59,1,0,0,0.1,0.007034,7.75247,273456
1656,1,9.83762,56,1,0,0,0.1,0.003241,7.74285,273513
1657,1,9.83159,58,1,0,0,0.1,0.004524,7.75497,273572
1658,1,9.83157,58,1,0,0,0.1,0.005292,7.76588,273631
1659,1,9.83181,58,1,0,0,0.1,0.005184,7.76566,273690
1660,1,9.82899,59,1,0,0,0.1,0.007813,7.74895,273750
1661,1,9.82869,59,1,0,0,0.1,0.003807,7.77209,273810
1662,1,9.84701,53,1,0,0,0.1,0.00398,7.75157,273864
1663,1,9.84099,55,1,0,0,0.1,0.007111,7.74786,273920
1664,1,9.83203,58,1,0,0,0.1,0.003347,7.75539,273979
1665,1,9.84703,53,1,0,0,0.1,0.002597,7.75805,274033
1666,1,9.8405,55,1,0,0,0.1,0.005312,7.70475,274089
1667,1,9.83525,57,1,0,0,0.1,0.004015,7.73941,274147
1668,1,9.82056,62,1,0,0,0.1,0.001549,7.74068,274210
1669,1,9.81998,62,1,0,0,0.1,0.005576,7.7443,274273
1670,1,9.83199,58,1,0,0,0.1,0.005677,7.7384,274332
1671,1,9.83519,57,1,0,0,0.1,0.002436,7.75135,274390
1672,1,9.84115,55,1,0,0,0.1,0.005062,7.74433,274446
1673,1,9.82324,61,1,0,0,0.1,0.002611,7.76955,274508
1674,1,9.84158,55,1,0,0,0.1,0.003837,7.79381,274564
1675,1,9.84096,55,1,0,0,0.1,0.004185,7.76104,274620
1676,1,9.84075,55,1,0,0,0.1,0.00263,7.72656,274676
1677,1,9.85284,51,1,0,0,0.1,0.00564,7.73701,274728
1678,1,9.85283,51,1,0,0,0.1,0.004349,7.74103,274780
1679,1,9.82337,61,1,0,0,0.1,0.007076,7.74946,274842
1680,1,9.84423,54,1,0,0,0.1,0.00657,7.73144,274897
1681,1,9.84083,55,1,0,0,0.1,0.003978,7.74408,274953
1682,1,9.82838,59,1,0,0,0.1,0.004577,7.72106,275013
1683,1,9.83181,58,1,0,0,0.1,0.00379,7.74067,275072
1684,1,9.84703,53,1,0,0,0.1,0.002946,7.72361,275126
1685,1,9.84081,55,1,0,0,0.1,0.003952,7.72378,275182
1686,1,9.83495,57,1,0,0,0.1,0.002776,7.70262,275240
1687,1,9.84627,53,1,0,0,0.1,0.001955,7.72475,275294
1688,1,9.84401,54,1,0,0,0.1,0.00194,7.73379,275349
1689,1,9.82342,61,1,0,0,0.1,0.005885,7.71296,275411
1690,1,9.82601,60,1,0,0,0.1,0.002591,7.70306,275472
1691,1,9.83488,57,1,0,0,0.1,0.00138,7.72797,275530
1692,1,9.82298,61,1,0,0,0.1,0.002438,7.71196,275592
1693,1,9.84328,54,1,0,0,0.1,0.008583,7.69749,275647
1694,1,9.81967,62,1,0,0,0.1,0.006539,7.72034,275710
1695,1,9.82283,61,1,0,0,0.1,0.002186,7.73542,275772
1696,1,9.85559,50,1,0,0,0.1,0.003374,7.70096,275823
1697,1,9.83779,56,1,0,0,0.1,0.002191,7.7227,275880
1698,1,9.83184,58,1,0,0,0.1,0.004352,7.71629,275939
1699,1,9.8316,58,1,0,0,0.1,0.002047,7.72021,275998
1700,1,9.838,56,1,0,0,0.1,0.003809,7.72816,276055
1701,1,9.84143,55,1,0,0,0.1,0.002765,7.71583,276111
1702,1,9.82653,60,1,0,0,0.1,0.003551,7.71183,276172
1703,1,9.83484,57,1,0,0,0.1,0.004639,7.72242,276230
1704,1,9.82926,59,1,0,0,0.1,0.002852,7.72813,276290
1705,1,9.82839,59,1,0,0,0.1,0.004184,7.71961,276350
1706,1,9.82903,59,1,0,0,0.1,0.002991,7.71551,276410
1707,1,9.82838,59,1,0,0,0.1,0.001965,7.70341,276470
1708,1,9.85299,51,1,0,0,0.1,0.002607,7.68655,276522
1709,1,9.83168,58,1,0,0,0.1,0.00535,7.69726,276581
1710,1,9.84394,54,1,0,0,0.1,0.001191,7.70443,276636
1711,1,9.84627,53,1,0,0,0.1,0.002756,7.72784,276690
1712,1,9.83801,56,1,0,0,0.1,0.002106,7.69875,276747
1713,1,9.84082,55,1,0,0,0.1,0.003268,7.68044,276803
1714,1,9.83201,58,1,0,0,0.1,0.004098,7.68166,276862
1715,1,9.84696,53,1,0,0,0.1,0.002675,7.67872,276916
1716,1,9.84732,53,1,0,0,0.1,0.004797,7.71001,276970
1717,1,9.84069,55,1,0,0,0.1,0.002053,7.7205,277026
1718,1,9.84384,54,1,0,0,0.1,0.001188,7.70174,277081
1719,1,9.83547,57,1,0,0,0.1,0.00023,7.72506,277139
1720,1,9.83162,58,1,0,0,0.1,0.001755,7.72138,277198
1721,1,9.84343,54,1,0,0,0.1,0.004976,7.69864,277253
1722,1,9.81961,62,1,0,0,0.1,0.002555,7.69839,277316
1723,1,9.84414,54,1,0,0,0.1,0.001239,7.72169,277371
1724,1,9.83803,56,1,0,0,0.1,0.004552,7.73118,277428
1725,1,9.82642,60,1,0,0,0.1,0.003515,7.70352,277489
1726,1,9.83728,56,1,0,0,0.1,0.000269,7.67834,277546
1727,1,9.84377,54,1,0,0,0.1,0.001349,7.72385,277601
1728,1,9.84384,54,1,0,0,0.1,0.00299,7.7051,277656
1729,1,9.8283,59,1,0,0,0.1,0.003342,7.71535,277716
1730,1,9.84045,55,1,0,0,0.1,0.004065,7.71826,277772
1731,1,9.83783,56,1,0,0,0.1,0.000324,7.72409,277829
1732,1,9.83427,57,1,0,0,0.1,0.00169,7.71971,277887
1733,1,9.82609,60,1,0,0,0.1,0.002712,7.70778,277948
1734,1,9.84739,53,1,0,0,0.1,0.002289,7.72235,278002
1735,1,9.83499,57,1,0,0,0.1,0.003889,7.72137,278060
1736,1,9.85578,50,1,0,0,0.1,0.000162,7.73979,278111
1737,1,9.84701,53,1,0,0,0.1,0.000248,7.73864,278165
1738,1,9.84383,54,1,0,0,0.1,0.000717,7.75261,278220
1739,1,9.81652,63,1,0,0,0.1,0.003119,7.72203,278284
1740,1,9.84434,54,1,0,0,0.1,0.000283,7.74763,278339
1741,1,9.832,58,1,0,0,0.1,0.000618,7.74757,278398
1742,1,9.83784,56,1,0,0,0.1,0.001095,7.75237,278455
1743,1,9.84696,53,1,0,0,0.1,0.000146,7.76166,278509
1744,1,9.84681,53,1,0,0,0.1,0.000117,7.73657,278563
1745,1,9.83804,56,1,0,0,0.1,0.000203,7.73798,278620
1746,1,9.81682,63,1,0,0,0.1,0.000132,7.72592,278684
1747,1,9.84083,55,1,0,0,0.1,0.00107,7.75415,278740
1748,1,9.81731,63,1,0,0,0.1,0.000165,7.73013,278804
1749,1,9.84389,54,1,0,0,0.1,0.00098,7.76696,278859
1750,1,9.82872,59,1,0,0,0.1,0.000932,7.75682,278919
1751,1,9.83835,56,1,0,0,0.1,0.001748,7.7475,278976
1752,1,9.83499,57,1,0,0,0.1,0.000961,7.76985,279034
1753,1,9.84649,53,1,0,0,0.1,0.001033,7.75516,279088
1754,1,9.85282,51,1,0,0,0.1,0.000168,7.7561,279140
1755,1,9.84102,55,1,0,0,0.1,0.000462,7.77203,279196
1756,1,9.82872,59,1,0,0,0.1,0.000138,7.75034,279256
1757,1,9.84661,53,1,0,0,0.1,0.000252,7.73912,279310
1758,1,9.84403,54,1,0,0,0.1,0.000992,7.73966,279365
1759,1,9.84327,54,1,0,0,0.1,0.000701,7.77897,279420
1760,1,9.83485,57,1,0,0,0.1,0.00108,7.76862,279478
1761,1,9.82628,60,1,0,0,0.1,0.000985,7.74205,279539
1762,1,9.84926,52,1,0,0,0.1,0.001061,7.75883,279592
1763,1,9.84683,53,1,0,0,0.1,0.000155,7.75702,279646
1764,1,9.82594,60,1,0,0,0.1,0.000219,7.75382,279707
1765,1,9.84367,54,1,0,0,0.1,0.000679,7.74912,279762
1766,1,9.84701,53,1,0,0,0.1,0.001032,7.74591,279816
1767,1,9.84681,53,1,0,0,0.1,0.000195,7.75124,279870
1768,1,9.84693,53,1,0,0,0.1,0.000162,7.76203,279924
1769,1,9.83194,58,1,0,0,0.1,0.00015,7.75078,279983
1770,1,9.81408,64,1,0,0,0.1,0.000208,7.78248,280048
1771,1,9.85284,51,1,0,0,0.1,0.00027,7.75198,280100
1772,1,9.83243,58,1,0,0,0.1,0.000137,7.78355,280159
1773,1,9.84103,55,1,0,0,0.1,0.00025,7.76096,280215
1774,1,9.83514,57,1,0,0,0.1,0.000154,7.75969,280273
1775,1,9.82843,59,1,0,0,0.1,0.000162,7.74928,280333
1776,1,9.83781,56,1,0,0,0.1,0.000164,7.75765,280390
1777,1,9.826,60,1,0,0,0.1,0.00026,7.75412,280451
1778,1,9.84401,54,1,0,0,0.1,0.001415,7.77341,280506
1779,1,9.83167,58,1,0,0,0.1,0.000286,7.77163,280565
1780,1,9.83125,58,1,0,0,0.1,0.000278,7.80586,280624
1781,1,9.84089,55,1,0,0,0.1,0.000307,7.80176,280680
1782,1,9.82575,60,1,0,0,0.1,0.000931,7.79069,280741
1783,1,9.83503,57,1,0,0,0.1,0.000819,7.7892,280799
1784,1,9.8379,56,1,0,0,0.1,0.000382,7.77555,280856
1785,1,9.84984,52,1,0,0,0.1,0.000218,7.78544,280909
1786,1,9.83769,56,1,0,0,0.1,0.000247,7.7729,280966
1787,1,9.85299,51,1,0,0,0.1,0.000189,7.79482,281018
1788,1,9.8437,54,1,0,0,0.1,0.00017,7.77461,281073
1789,1,9.84978,52,1,0,0,0.1,0.000173,7.75493,281126
1790,1,9.84364,54,1,0,0,0.1,0.000157,7.76964,281181
1791,1,9.84675,53,1,0,0,0.1,0.000231,7.76438,281235
1792,1,9.82307,61,1,0,0,0.1,0.000221,7.7701,281297
1793,1,9.84388,54,1,0,0,0.1,0.000256,7.80438,281352
1794,1,9.83184,58,1,0,0,0.1,0.00026,7.78818,281411
1795,1,9.83513,57,1,0,0,0.1,0.000262,7.78181,281469
1796,1,9.85001,52,1,0,0,0.1,0.000208,7.79491,281522
1797,1,9.85296,51,1,0,0,0.1,0.000283,7.78315,281574
1798,1,9.81984,62,1,0,0,0.1,0.000296,7.79163,281637
1799,1,9.84093,55,1,0,0,0.1,0.000172,7.76164,281693
1800,1,9.82581,60,1,0,0,0.1,0.000515,7.77549,281754
1801,1,9.72653,93,1,0,0,0.1,0.000438,7.78014,281848
1802,1,9.80478,67,1,0,0,0.1,0.000309,7.79019,281916
1803,1,9.83549,57,1,0,0,0.1,0.000285,7.76732,281974
1804,1,9.83123,58,1,0,0,0.1,0.000402,7.78544,282033
1805,1,9.82625,60,1,0,0,0.1,0.000501,7.78423,282094
1806,1,9.84384,54,1,0,0,0.1,0.000204,7.79309,282149
1807,1,9.78981,72,1,0,0,0.1,0.000454,7.78623,282222
1808,1,9.83778,56,1,0,0,0.1,0.00017,7.77012,282279
1809,1,9.82228,61,1,0,0,0.1,0.000152,7.78146,282341
1810,1,9.83197,58,1,0,0,0.1,0.000261,7.80245,282400
1811,1,9.83451,57,1,0,0,0.1,0.000245,7.78081,282458
1812,1,9.72983,92,1,0,0,0.1,0.000196,7.77951,282551
1813,1,9.83499,57,1,0,0,0.1,0.000174,7.78948,282609
1814,1,9.83475,57,1,0,0,0.1,0.000469,7.78278,282667
1815,1,9.82317,61,1,0,0,0.1,0.00037,7.79473,282729
1816,1,9.82603,60,1,0,0,0.1,0.000222,7.77146,282790
1817,1,9.84983,52,1,0,0,0.1,0.000226,7.77558,282843
1818,1,9.84403,54,1,0,0,0.1,0.000208,7.77975,282898
1819,1,9.78385,74,1,0,0,0.1,0.000452,7.77948,282973
1820,1,9.83165,58,1,0,0,0.1,0.000336,7.76375,283032
1821,1,-1.126,42,0,1,0,0.1,0.00042,7.7758,283075
1822,1,9.83803,56,1,0,0,0.1,0.000288,7.77893,283132
1823,1,-1.129,43,0,1,0,0.1,0.000451,7.77265,283176
1824,1,9.82869,59,1,0,0,0.1,0.000271,7.79774,283236
1825,1,9.83767,56,1,0,0,0.1,0.000305,7.75325,283293
1826,1,9.85276,51,1,0,0,0.1,0.000178,7.75064,283345
1827,1,9.83452,57,1,0,0,0.1,0.000186,7.79803,283403
1828,1,9.84403,54,1,0,0,0.1,0.001288,7.78395,283458
1829,1,9.8224,61,1,0,0,0.1,0.000203,7.78529,283520
1830,1,9.83489,57,1,0,0,0.1,0.000191,7.81375,283578
1831,1,9.84362,54,1,0,0,0.1,0.001314,7.78471,283633
1832,1,9.83195,58,1,0,0,0.1,0.000315,7.77029,283692
1833,1,9.84682,53,1,0,0,0.1,0.000184,7.7798,283746
1834,1,-1.105,35,0,1,0,0.1,0.000192,7.786,283782
1835,1,9.84099,55,1,0,0,0.1,0.000222,7.78318,283838
1836,1,9.82906,59,1,0,0,0.1,0.000209,7.78557,283898
1837,1,-1.429,143,0,1,0,0.1,0.000293,7.77855,284042
1838,1,-1.135,45,0,1,0,0.1,0.000952,7.79247,284088
1839,1,9.84369,54,1,0,0,0.1,0.000362,7.7831,284143
1840,1,-1.2,400,0,0,1,0.1,0.000859,7.77535,284543
1841,1,9.83783,56,1,0,0,0.1,0.001229,7.76123,284600
1842,1,9.83504,57,1,0,0,0.1,0.001391,7.76047,284658
1843,1,9.8049,67,1,0,0,0.1,0.000351,7.80429,284726
1844,1,9.84719,53,1,0,0,0.1,0.001319,7.76975,284780
1845,1,9.83199,58,1,0,0,0.1,0.000171,7.79464,284839
1846,1,-1.054,18,0,1,0,0.1,0.000104,7.78692,284858
1847,1,9.82911,59,1,0,0,0.1,0.001236,7.77747,284918
1848,1,9.84081,55,1,0,0,0.1,0.001122,7.78965,284974
1849,1,9.85224,51,1,0,0,0.1,0.000123,7.79286,285026
1850,1,-1.084,28,0,1,0,0.1,0.00421,7.75662,285055
1851,1,9.83128,58,1,0,0,0.1,0.001083,7.76966,285114
1852,1,9.84027,55,1,0,0,0.1,0.001993,7.8148,285170
1853,1,9.83807,56,1,0,0,0.1,0.00399,7.7975,285227
1854,1,9.82342,61,1,0,0,0.1,0.002411,7.74991,285289
1855,1,9.84684,53,1,0,0,0.1,0.000216,7.77124,285343
1856,1,9.84089,55,1,0,0,0.1,0.001171,7.79688,285399
1857,1,9.83803,56,1,0,0,0.1,0.003687,7.76997,285456
1858,1,9.84082,55,1,0,0,0.1,0.002008,7.78899,285512
1859,1,9.84703,53,1,0,0,0.1,0.000115,7.78171,285566
1860,1,9.85001,52,1,0,0,0.1,0.002057,7.78423,285619
1861,1,9.84108,55,1,0,0,0.1,0.000279,7.76991,285675
1862,1,9.85003,52,1,0,0,0.1,0.000263,7.7827,285728
1863,1,9.8498,52,1,0,0,0.1,0.000246,7.77818,285781
1864,1,9.8438,54,1,0,0,0.1,0.002197,7.74724,285836
1865,1,9.83501,57,1,0,0,0.1,0.001211,7.76146,285894
1866,1,9.82603,60,1,0,0,0.1,0.003858,7.79294,285955
1867,1,9.84083,55,1,0,0,0.1,0.002059,7.78888,286011
1868,1,9.84984,52,1,0,0,0.1,0.001308,7.77249,286064
1869,1,9.83142,58,1,0,0,0.1,0.000133,7.77877,286123
1870,1,9.82622,60,1,0,0,0.1,0.000128,7.80264,286184
1871,1,9.81653,63,1,0,0,0.1,0.00094,7.77705,286248
1872,1,9.85001,52,1,0,0,0.1,0.000109,7.79244,286301
1873,1,9.85601,50,1,0,0,0.1,0.001107,7.77161,286352
1874,1,9.84093,55,1,0,0,0.1,0.001072,7.78425,286408
1875,1,9.81702,63,1,0,0,0.1,0.00097,7.78956,286472
1876,1,9.84083,55,1,0,0,0.1,0.001127,7.77817,286528
1877,1,9.83424,57,1,0,0,0.1,0.001911,7.75901,286586
1878,1,9.83503,57,1,0,0,0.1,0.001953,7.75944,286644
1879,1,9.84091,55,1,0,0,0.1,0.000155,7.78377,286700
1880,1,9.82012,62,1,0,0,0.1,0.001874,7.76873,286763
1881,1,9.82315,61,1,0,0,0.1,0.003605,7.77337,286825
1882,1,9.83759,56,1,0,0,0.1,0.00209,7.78368,286882
1883,1,9.82002,62,1,0,0,0.1,0.001153,7.77235,286945
1884,1,9.83201,58,1,0,0,0.1,0.001804,7.78632,287004
1885,1,9.83752,56,1,0,0,0.1,0.003791,7.76216,287061
1886,1,9.83858,56,1,0,0,0.1,0.002769,7.76828,287118
1887,1,9.83484,57,1,0,0,0.1,0.003021,7.77188,287176
1888,1,9.82884,59,1,0,0,0.1,0.000942,7.74792,287236
1889,1,9.83468,57,1,0,0,0.1,0.001964,7.76459,287294
1890,1,9.81724,63,1,0,0,0.1,0.001479,7.78921,287358
1891,1,9.84091,55,1,0,0,0.1,0.000249,7.76812,287414
1892,1,9.80767,66,1,0,0,0.1,0.001901,7.73861,287481
1893,1,9.83501,57,1,0,0,0.1,0.001038,7.78632,287539
1894,1,9.83424,57,1,0,0,0.1,0.000256,7.77669,287597
1895,1,9.83507,57,1,0,0,0.1,0.002156,7.75839,287655
1896,1,9.84101,55,1,0,0,0.1,0.001023,7.76105,287711
1897,1,9.83203,58,1,0,0,0.1,0.000162,7.76501,287770
1898,1,9.84401,54,1,0,0,0.1,0.003024,7.78769,287825
1899,1,9.84701,53,1,0,0,0.1,0.001295,7.75227,287879
1900,1,9.79025,72,1,0,0,0.1,0.000136,7.77817,287952
1901,1,9.8348,57,1,0,0,0.1,0.00184,7.77866,288010
1902,1,9.82904,59,1,0,0,0.1,0.00305,7.75228,288070
1903,1,9.84103,55,1,0,0,0.1,0.003122,7.76427,288126
1904,1,9.83801,56,1,0,0,0.1,0.00015,7.78116,288183
1905,1,9.83169,58,1,0,0,0.1,0.00012,7.7666,288242
1906,1,9.84081,55,1,0,0,0.1,0.001095,7.80526,288298
1907,1,9.84403,54,1,0,0,0.1,0.000945,7.79866,288353
1908,1,9.83482,57,1,0,0,0.1,0.001888,7.767,288411
1909,1,9.83503,57,1,0,0,0.1,0.000136,7.79474,288469
1910,1,9.83481,57,1,0,0,0.1,0.000973,7.76061,288527
1911,1,9.83879,56,1,0,0,0.1,0.001195,7.79253,288584
1912,1,9.80802,66,1,0,0,0.1,0.001955,7.74046,288651
1913,1,9.84414,54,1,0,0,0.1,0.005024,7.76171,288706
1914,1,9.84352,54,1,0,0,0.1,0.000205,7.75733,288761
1915,1,9.85528,50,1,0,0,0.1,0.000146,7.81099,288812
1916,1,9.84389,54,1,0,0,0.1,0.00102,7.78416,288867
1917,1,9.83476,57,1,0,0,0.1,0.001192,7.77571,288925
1918,1,9.82314,61,1,0,0,0.1,0.00116,7.77446,288987
1919,1,9.83217,58,1,0,0,0.1,0.003007,7.76443,289046
1920,1,9.83524,57,1,0,0,0.1,0.001819,7.74811,289104
1921,1,9.84984,52,1,0,0,0.1,0.002107,7.75676,289157
1922,1,9.84724,53,1,0,0,0.1,0.000161,7.75396,289211
1923,1,9.82583,60,1,0,0,0.1,0.003415,7.77445,289272
1924,1,9.01567,330,1,0,0,0.1,0.001038,7.76504,289603
1925,1,9.83468,57,1,0,0,0.1,0.000662,7.75628,289661
1926,1,9.83752,56,1,0,0,0.1,0.001454,7.77069,289718
1927,1,9.82002,62,1,0,0,0.1,0.001185,7.73035,289781
1928,1,9.81354,64,1,0,0,0.1,0.001899,7.76645,289846
1929,1,9.8104,65,1,0,0,0.1,0.000933,7.74003,289912
1930,1,9.78403,74,1,0,0,0.1,0.000199,7.75906,289987
1931,1,9.8314,58,1,0,0,0.1,0.001857,7.75929,290046
1932,1,9.83501,57,1,0,0,0.1,0.00116,7.77902,290104
1933,1,9.84683,53,1,0,0,0.1,0.002964,7.7447,290158
1934,1,9.84627,53,1,0,0,0.1,0.00025,7.77142,290212
1935,1,9.84083,55,1,0,0,0.1,0.001217,7.7805,290268
1936,1,9.82541,60,1,0,0,0.1,0.002481,7.74547,290329
1937,1,9.84682,53,1,0,0,0.1,0.000193,7.73712,290383
1938,1,9.83457,57,1,0,0,0.1,0.000232,7.76376,290441
1939,1,9.84999,52,1,0,0,0.1,0.000186,7.78756,290494
1940,1,9.84397,54,1,0,0,0.1,0.002271,7.77268,290549
1941,1,9.83784,56,1,0,0,0.1,0.00023,7.76129,290606
1942,1,9.83801,56,1,0,0,0.1,0.001074,7.77338,290663
1943,1,9.826,60,1,0,0,0.1,0.003117,7.76906,290724
1944,1,9.83231,58,1,0,0,0.1,0.000253,7.73951,290783
1945,1,9.8256,60,1,0,0,0.1,0.00114,7.77769,290844
1946,1,9.83226,58,1,0,0,0.1,0.001071,7.76545,290903
1947,1,9.84701,53,1,0,0,0.1,0.002286,7.74067,290957
1948,1,9.85058,52,1,0,0,0.1,0.000301,7.75137,291010
1949,1,9.84357,54,1,0,0,0.1,0.001668,7.74497,291065
1950,1,9.84099,55,1,0,0,0.1,0.000436,7.74931,291121
1951,1,9.82862,59,1,0,0,0.1,0.001919,7.77955,291181
1952,1,9.81388,64,1,0,0,0.1,0.000993,7.74351,291246
1953,1,9.80223,68,1,0,0,0.1,0.000228,7.75934,291315
1954,1,9.84703,53,1,0,0,0.1,0.000984,7.7778,291369
1955,1,9.81954,62,1,0,0,0.1,0.000175,7.76499,291432
1956,1,9.84403,54,1,0,0,0.1,0.00131,7.75246,291487
1957,1,9.83483,57,1,0,0,0.1,0.000973,7.73871,291545
1958,1,9.82298,61,1,0,0,0.1,0.000873,7.76261,291607
1959,1,9.82892,59,1,0,0,0.1,0.00016,7.74697,291667
1960,1,9.84394,54,1,0,0,0.1,0.001191,7.75733,291722
1961,1,9.82854,59,1,0,0,0.1,0.00136,7.77223,291782
1962,1,9.83747,56,1,0,0,0.1,0.000993,7.71923,291839
1963,1,9.84681,53,1,0,0,0.1,0.000201,7.74444,291893
1964,1,9.81944,62,1,0,0,0.1,0.000152,7.75344,291956
1965,1,9.84659,53,1,0,0,0.1,0.000129,7.76358,292010
1966,1,9.85299,51,1,0,0,0.1,0.000205,7.74252,292062
1967,1,9.83803,56,1,0,0,0.1,0.001001,7.73514,292119
1968,1,9.82658,60,1,0,0,0.1,0.000196,7.772,292180
1969,1,9.84383,54,1,0,0,0.1,0.002107,7.72975,292235
1970,1,9.84676,53,1,0,0,0.1,0.001629,7.77626,292289
1971,1,9.82913,59,1,0,0,0.1,0.002913,7.76643,292349
1972,1,9.82903,59,1,0,0,0.1,0.001716,7.74495,292409
1973,1,9.85001,52,1,0,0,0.1,0.003259,7.76804,292462
1974,1,9.85301,51,1,0,0,0.1,0.001809,7.7532,292514
1975,1,9.83469,57,1,0,0,0.1,0.003173,7.73449,292572
1976,1,9.83727,56,1,0,0,0.1,0.002685,7.77241,292629
1977,1,9.84369,54,1,0,0,0.1,0.00196,7.7493,292684
1978,1,9.83551,57,1,0,0,0.1,0.000769,7.73612,292742
1979,1,9.83807,56,1,0,0,0.1,0.000128,7.76683,292799
1980,1,9.8318,58,1,0,0,0.1,0.000847,7.7559,292858
1981,1,9.85003,52,1,0,0,0.1,0.000223,7.7495,292911
1982,1,9.84394,54,1,0,0,0.1,0.000939,7.76259,292966
1983,1,9.8196,62,1,0,0,0.1,0.001131,7.77679,293029
1984,1,9.83199,58,1,0,0,0.1,0.00033,7.75699,293088
1985,1,9.84401,54,1,0,0,0.1,0.000821,7.71952,293143
1986,1,9.85304,51,1,0,0,0.1,0.000897,7.74279,293195
1987,1,9.82584,60,1,0,0,0.1,0.001121,7.74507,293256
1988,1,-1.279,93,0,1,0,0.1,0.000651,7.75268,293350
1989,1,9.82554,60,1,0,0,0.1,0.000407,7.77738,293411
1990,1,9.82269,61,1,0,0,0.1,0.001857,7.75724,293473
1991,1,9.82003,62,1,0,0,0.1,0.001069,7.74845,293536
1992,1,-1.2,400,0,0,1,0.1,0.001667,7.76635,293936
1993,1,9.84084,55,1,0,0,0.1,0.000292,7.78858,293992
1994,1,9.82906,59,1,0,0,0.1,0.002406,7.74802,294052
1995,1,9.82613,60,1,0,0,0.1,0.002001,7.7404,294113
1996,1,9.81978,62,1,0,0,0.1,0.00086,7.75665,294176
1997,1,9.85601,50,1,0,0,0.1,0.000247,7.7799,294227
1998,1,9.82297,61,1,0,0,0.1,0.001464,7.75996,294289
1999,1,9.84378,54,1,0,0,0.1,0.002532,7.77745,294344
2000,15,-1.189,63,0,1,0,0.3988,0.000435,7.76528,294408
2001,15,-1.141,47,0,1,0,0.397604,0.002,7.74232,294456
2002,15,-1.165,55,0,1,0,0.396411,0.000455,7.77447,294512
2003,15,-1.19724,400,0,0,1,0.395222,0.002377,7.75743,294912
2004,15,-1.2,400,0,0,1,0.394036,0.002522,7.75254,295312
2005,15,-1.258,86,0,1,0,0.392854,0.004376,7.73977,295399
2006,15,-1.2,400,0,0,1,0.391675,0.003711,7.74373,295799
2007,15,-1.2,400,0,0,1,0.3905,0.003076,7.73976,296199
2008,15,-1.036,12,0,1,0,0.389329,0.010643,7.68882,296212
2009,15,-1.015,5,0,1,0,0.388161,0.007992,7.68218,296218
2010,15,-1.2,400,0,0,1,0.386996,0.003522,7.74745,296618
2011,15,9.82237,61,1,0,0,0.385835,0.00196,7.72684,296680
2012,15,-1.378,126,0,1,0,0.384678,0.00177,7.73902,296807
2013,15,-1.2,400,0,0,1,0.383524,0.003774,7.73867,297207
2014,15,9.64288,121,1,0,0,0.382373,0.002751,7.7522,297329
2015,15,-1.399,133,0,1,0,0.381226,0.003344,7.74439,297463
2016,15,-1.2,400,0,0,1,0.380082,0.0042,7.75413,297863
2017,15,9.58334,141,1,0,0,0.378942,0.004881,7.76591,298005
2018,15,-1.219,73,0,1,0,0.377805,0.004475,7.77023,298079
2019,15,-1.258,86,0,1,0,0.376672,0.004542,7.7731,298166
2020,15,-1.177,59,0,1,0,0.375542,0.003143,7.76765,298226
2021,15,-1.198,66,0,1,0,0.374415,0.005654,7.76991,298293
2022,15,-1.081,27,0,1,0,0.373292,0.005616,7.77749,298321
2023,15,-1.255,85,0,1,0,0.372172,0.007523,7.75069,298407
2024,15,9.69641,103,1,0,0,0.371056,0.009815,7.77192,298511
2025,15,9.57679,143,1,0,0,0.369942,0.005286,7.7752,298655
2026,15,-1.156,52,0,1,0,0.368833,0.001445,7.75939,298708
2027,15,-1.447,149,0,1,0,0.367726,0.006657,7.74797,298858
2028,15,9.88526,40,1,0,0,0.366623,0.007385,7.78347,298899
2029,15,-1.099,33,0,1,0,0.365523,0.005841,7.76247,298933
2030,15,-1.54,180,0,1,0,0.364426,0.005073,7.76213,299114
2031,15,9.94301,21,1,0,0,0.363333,0.011741,7.72226,299136
2032,15,9.85866,49,1,0,0,0.362243,0.004915,7.7553,299186
2033,15,9.63114,125,1,0,0,0.361156,0.005239,7.76344,299312
2034,15,-1.048,16,0,1,0,0.360073,0.008951,7.77837,299329
2035,15,-1.432,144,0,1,0,0.358993,0.007446,7.7505,299474
2036,15,-1.2,400,0,0,1,0.357916,0.005422,7.76102,299874
2037,15,-1.546,182,0,1,0,0.356842,0.006336,7.74424,300057
2038,15,-1.09,30,0,1,0,0.355772,0.003554,7.7527,300088
2039,15,-1.018,6,0,1,0,0.354704,0.001473,7.69323,300095
2040,15,-1.255,85,0,1,0,0.35364,0.004745,7.74729,300181
2041,15,-1.975,325,0,1,0,0.352579,0.007801,7.73984,300507
2042,15,-1.279,93,0,1,0,0.351521,0.006273,7.73931,300601
2043,15,-1.399,133,0,1,0,0.350467,0.007433,7.72719,300735
2044,15,9.72158,95,1,0,0,0.349415,0.007771,7.70891,300831
2045,15,-1.945,315,0,1,0,0.348367,0.007856,7.71441,301147
2046,15,9.68239,108,1,0,0,0.347322,0.006718,7.72054,301256
2047,15,9.8983,36,1,0,0,0.34628,0.007136,7.72139,301293
2048,15,9.45452,184,1,0,0,0.345241,0.010625,7.70239,301478
2049,15,9.78382,74,1,0,0,0.344206,0.004264,7.70891,301553
2050,15,9.31893,229,1,0,0,0.343173,0.005889,7.68721,301783
2051,15,9.49719,170,1,0,0,0.342143,0.007348,7.68638,301954
2052,15,9.52266,161,1,0,0,0.341117,0.007108,7.68298,302116
2053,15,-1.162,54,0,1,0,0.340094,0.006558,7.68489,302171
2054,15,-1.21,70,0,1,0,0.339073,0.007112,7.70166,302242
2055,15,9.73887,89,1,0,0,0.338056,0.007933,7.69923,302332
2056,15,-1.891,297,0,1,0,0.337042,0.008471,7.67954,302630
2057,15,-1.039,13,0,1,0,0.336031,0.005653,7.63822,302644
2058,15,-1.336,112,0,1,0,0.335023,0.00978,7.67415,302757
2059,15,-1.2,400,0,0,1,0.334018,0.008439,7.64849,303157
2060,15,9.90072,35,1,0,0,0.333016,0.008097,7.62915,303193
2061,15,-1.882,294,0,1,0,0.332017,0.007892,7.62801,303488
2062,15,-1.2,400,0,0,1,0.331021,0.007703,7.62178,303888
2063,15,-1.927,309,0,1,0,0.330027,0.008723,7.60092,304198
2064,15,-1.006,2,0,1,0,0.329037,0.02217,7.65778,304201
2065,15,-1.033,11,0,1,0,0.32805,0.012696,7.58484,304213
2066,15,-1.147,49,0,1,0,0.327066,0.004251,7.60385,304263
2067,15,-1.555,185,0,1,0,0.326085,0.005748,7.58115,304449
2068,15,-1.015,5,0,1,0,0.325107,0.022685,7.56986,304455
2069,15,-1.414,138,0,1,0,0.324131,0.007639,7.57093,304594
2070,15,9.92226,28,1,0,0,0.323159,0.009445,7.55684,304623
2071,15,-1.252,84,0,1,0,0.32219,0.009731,7.54747,304708
2072,15,-1.027,9,0,1,0,0.321223,0.011147,7.54404,304718
2073,15,-1.258,86,0,1,0,0.320259,0.010231,7.54604,304805
2074,15,9.84359,54,1,0,0,0.319298,0.008405,7.52908,304860
2075,15,9.82294,61,1,0,0,0.318341,0.005254,7.54047,304922
2076,15,-1.024,8,0,1,0,0.317386,0.016231,7.48558,304931
2077,15,-1.285,95,0,1,0,0.316433,0.011213,7.5367,305027
2078,15,-1.2,400,0,0,1,0.315484,0.011005,7.51364,305427
2079,15,-1.387,129,0,1,0,0.314538,0.009846,7.50543,305557
2080,15,-1.297,99,0,1,0,0.313594,0.013963,7.49489,305657
2081,15,9.80751,66,1,0,0,0.312653,0.009744,7.47067,305724
2082,15,-1.2,400,0,0,1,0.311715,0.010525,7.47515,306124
2083,15,-1.363,121,0,1,0,0.31078,0.00957,7.46491,306246
2084,15,9.29212,238,1,0,0,0.309848,0.007348,7.46366,306485
2085,15,9.49264,171,1,0,0,0.308918,0.01115,7.44512,306657
2086,15,-1.204,68,0,1,0,0.307992,0.008821,7.43804,306726
2087,15,9.73892,89,1,0,0,0.307068,0.007147,7.44351,306816
2088,15,9.45991,182,1,0,0,0.306146,0.010041,7.44348,306999
2089,15,9.72449,94,1,0,0,0.305228,0.008136,7.41731,307094
2090,15,9.86803,46,1,0,0,0.304312,0.009275,7.406,307141
2091,15,9.85887,49,1,0,0,0.303399,0.011741,7.40724,307191
2092,15,-1.051,17,0,1,0,0.302489,0.004242,7.36868,307209
2093,15,-1.126,42,0,1,0,0.301582,0.011119,7.41774,307252
2094,15,9.93795,23,1,0,0,0.300677,0.007496,7.43292,307276
2095,15,9.41743,196,1,0,0,0.299775,0.011945,7.41121,307473
2096,15,-1.237,79,0,1,0,0.298876,0.011735,7.38887,307553
2097,15,-1.018,6,0,1,0,0.297979,0.008646,7.41421,307560
2098,15,-1.102,34,0,1,0,0.297085,0.007174,7.35483,307595
2099,15,-1.942,314,0,1,0,0.296194,0.008945,7.40648,307910
2100,15,9.75379,84,1,0,0,0.295305,0.008397,7.41111,307995
2101,15,9.60078,135,1,0,0,0.294419,0.011748,7.39635,308131
2102,15,-1.294,98,0,1,0,0.293536,0.011518,7.39175,308230
2103,15,9.82292,61,1,0,0,0.292655,0.014181,7.38505,308292
2104,15,9.45357,184,1,0,0,0.291777,0.014614,7.36827,308477
2105,15,9.80191,68,1,0,0,0.290902,0.013148,7.38332,308546
2106,15,-1.18,60,0,1,0,0.290029,0.013907,7.35345,308607
2107,15,-1.258,86,0,1,0,0.289159,0.005887,7.36139,308694
2108,15,9.84409,54,1,0,0,0.288292,0.011678,7.39739,308749
2109,15,-1.336,112,0,1,0,0.287427,0.011543,7.35877,308862
2110,15,9.77759,76,1,0,0,0.286565,0.013272,7.35253,308939
2111,15,9.43928,189,1,0,0,0.285705,0.013821,7.35441,309129
2112,15,-1.144,48,0,1,0,0.284848,0.015889,7.30607,309178
2113,15,9.26178,248,1,0,0,0.283993,0.01069,7.34939,309427
2114,15,-1.138,46,0,1,0,0.283141,0.009985,7.32875,309474
2115,15,-1.162,54,0,1,0,0.282292,0.009776,7.35273,309529
2116,15,9.86778,46,1,0,0,0.281445,0.01334,7.32083,309576
2117,15,9.79623,70,1,0,0,0.280601,0.011508,7.31366,309647
2118,15,9.79322,71,1,0,0,0.279759,0.010401,7.34672,309719
2119,15,-1.156,52,0,1,0,0.27892,0.012275,7.32882,309772
2120,15,-1.207,69,0,1,0,0.278083,0.011379,7.31,309842
2121,15,9.56182,148,1,0,0,0.277249,0.011136,7.33438,309991
2122,15,9.90933,32,1,0,0,0.276417,0.010327,7.31956,310024
2123,15,-1.384,128,0,1,0,0.275588,0.015957,7.3225,310153
2124,15,9.85005,52,1,0,0,0.274761,0.013759,7.32388,310206
2125,15,9.50232,168,1,0,0,0.273937,0.014922,7.30388,310375
2126,15,9.78484,74,1,0,0,0.273115,0.012026,7.29627,310450
2127,15,9.82602,60,1,0,0,0.272295,0.005623,7.29236,310511
2128,15,9.58326,141,1,0,0,0.271478,0.013105,7.29331,310653
2129,15,9.86503,47,1,0,0,0.270664,0.013587,7.26025,310701
2130,15,9.42995,192,1,0,0,0.269852,0.012992,7.29001,310894
2131,15,9.80827,66,1,0,0,0.269042,0.008849,7.27324,310961
2132,15,-1.267,89,0,1,0,0.268235,0.015056,7.2737,311051
2133,15,9.67572,110,1,0,0,0.267431,0.012804,7.29411,311162
2134,15,9.77152,78,1,0,0,0.266628,0.012574,7.28979,311241
2135,15,-1.009,3,0,1,0,0.265828,0.012858,7.40005,311245
2136,15,9.75087,85,1,0,0,0.265031,0.011033,7.27882,311331
2137,15,9.742,88,1,0,0,0.264236,0.011637,7.2747,311420
2138,15,-1.063,21,0,1,0,0.263443,0.008684,7.2771,311442
2139,15,9.72136,95,1,0,0,0.262653,0.008802,7.30557,311538
2140,15,-1.051,17,0,1,0,0.261865,0.013101,7.24859,311556
2141,15,9.75691,83,1,0,0,0.261079,0.012653,7.25572,311640
2142,15,9.80231,68,1,0,0,0.260296,0.013478,7.27141,311709
2143,15,9.71197,98,1,0,0,0.259515,0.009242,7.27915,311808
2144,15,9.89008,39,1,0,0,0.258737,0.00531,7.28279,311848
2145,15,9.60976,132,1,0,0,0.25796,0.011646,7.26235,311981
2146,15,9.69426,104,1,0,0,0.257187,0.011315,7.25623,312086
2147,15,9.6913,105,1,0,0,0.256415,0.013287,7.25879,312192
2148,15,9.75692,83,1,0,0,0.255646,0.01595,7.24213,312276
2149,15,9.84672,53,1,0,0,0.254879,0.012974,7.25188,312330
2150,15,-1.348,116,0,1,0,0.254114,0.013115,7.29307,312447
2151,15,9.82271,61,1,0,0,0.253352,0.014229,7.24501,312509
2152,15,9.8654,47,1,0,0,0.252592,0.007738,7.25441,312557
2153,15,9.797,70,1,0,0,0.251834,0.015023,7.28081,312628
2154,15,9.6668,113,1,0,0,0.251079,0.011858,7.23721,312742
2155,15,-1.135,45,0,1,0,0.250325,0.009239,7.25494,312788
2156,15,9.9153,30,1,0,0,0.249574,0.011347,7.25447,312819
2157,15,-1.033,11,0,1,0,0.248826,0.015367,7.2488,312831
2158,15,-1.177,59,0,1,0,0.248079,0.015627,7.23781,312891
2159,15,9.81421,64,1,0,0,0.247335,0.012501,7.2324,312956
2160,15,9.60822,133,1,0,0,0.246593,0.014125,7.23749,313090
2161,15,-1.018,6,0,1,0,0.245853,0.002964,7.23319,313097
2162,15,-1.054,18,0,1,0,0.245116,0.009806,7.24591,313116
2163,15,9.73299,91,1,0,0,0.24438,0.014885,7.20455,313208
2164,15,-1.882,294,0,1,0,0.243647,0.013593,7.22189,313503
2165,15,9.8587,49,1,0,0,0.242916,0.016623,7.23092,313553
2166,15,9.93372,24,1,0,0,0.242187,0.011171,7.22284,313578
2167,15,9.84673,53,1,0,0,0.241461,0.01177,7.22805,313632
2168,15,9.85243,51,1,0,0,0.240736,0.015568,7.20125,313684
2169,15,9.86491,47,1,0,0,0.240014,0.012903,7.23342,313732
2170,15,9.70921,99,1,0,0,0.239294,0.012659,7.19203,313832
2171,15,9.74789,86,1,0,0,0.238576,0.011383,7.1764,313919
2172,15,-1.057,19,0,1,0,0.237861,0.015024,7.2071,313939
2173,15,-1.867,289,0,1,0,0.237147,0.013774,7.1975,314229
2174,15,9.74176,88,1,0,0,0.236436,0.018685,7.20811,314318
2175,15,9.73365,91,1,0,0,0.235726,0.014272,7.1828,314410
2176,15,9.91825,29,1,0,0,0.235019,0.01386,7.20842,314440
2177,15,9.73578,90,1,0,0,0.234314,0.0115,7.16639,314531
2178,15,9.81628,63,1,0,0,0.233611,0.01006,7.17398,314595
2179,15,9.66166,115,1,0,0,0.23291,0.01237,7.18533,314711
2180,15,9.81355,64,1,0,0,0.232211,0.01233,7.18412,314776
2181,15,9.78759,73,1,0,0,0.231515,0.01129,7.18048,314850
2182,15,9.80203,68,1,0,0,0.23082,0.014421,7.16782,314919
2183,15,9.74801,86,1,0,0,0.230128,0.017501,7.16611,315006
2184,15,-1.333,111,0,1,0,0.229437,0.013295,7.17291,315118
2185,15,9.73254,91,1,0,0,0.228749,0.01287,7.14667,315210
2186,15,-1.078,26,0,1,0,0.228063,0.020801,7.1833,315237
2187,15,-1.09,30,0,1,0,0.227379,0.013361,7.17131,315268
2188,15,9.53141,158,1,0,0,0.226697,0.011372,7.16866,315427
2189,15,9.73267,91,1,0,0,0.226016,0.015227,7.16484,315519
2190,15,-1.075,25,0,1,0,0.225338,0.011563,7.12822,315545
2191,15,9.76,82,1,0,0,0.224662,0.014646,7.14322,315628
2192,15,9.70906,99,1,0,0,0.223988,0.012803,7.1321,315728
2193,15,9.847,53,1,0,0,0.223316,0.012535,7.14588,315782
2194,15,9.72928,92,1,0,0,0.222646,0.01457,7.15925,315875
2195,15,9.74181,88,1,0,0,0.221979,0.017541,7.15243,315964
2196,15,9.70336,101,1,0,0,0.221313,0.013847,7.13945,316066
2197,15,-1.162,54,0,1,0,0.220649,0.015501,7.13221,316121
2198,15,9.69962,102,1,0,0,0.219987,0.016905,7.13609,316224
2199,15,9.73002,92,1,0,0,0.219327,0.01299,7.14135,316317
2200,15,9.82257,61,1,0,0,0.218669,0.024177,7.13414,316379
2201,15,9.70611,100,1,0,0,0.218013,0.013865,7.12867,316480
2202,15,-1.108,36,0,1,0,0.217359,0.015756,7.11461,316517
2203,15,9.86165,48,1,0,0,0.216707,0.014254,7.16572,316566
2204,15,9.76331,81,1,0,0,0.216057,0.015684,7.11044,316648
2205,15,9.88894,39,1,0,0,0.215408,0.012206,7.14602,316688
2206,15,-1.078,26,0,1,0,0.214762,0.015946,7.15081,316715
2207,15,9.67522,110,1,0,0,0.214118,0.016088,7.12279,316826
2208,15,-1.03,10,0,1,0,0.213476,0.025398,7.15519,316837
2209,15,9.8015,68,1,0,0,0.212835,0.015652,7.09838,316906
2210,15,9.82584,60,1,0,0,0.212197,0.014045,7.12896,316967
2211,15,9.68754,106,1,0,0,0.21156,0.018591,7.12902,317074
2212,15,9.88264,41,1,0,0,0.210925,0.01256,7.15355,317116
2213,15,9.9039,34,1,0,0,0.210293,0.019633,7.0954,317151
2214,15,9.85259,51,1,0,0,0.209662,0.01252,7.12286,317203
2215,15,9.87445,44,1,0,0,0.209033,0.012725,7.1472,317248
2216,15,9.664,114,1,0,0,0.208406,0.016314,7.13565,317363
2217,15,9.76523,80,1,0,0,0.20778,0.02051,7.12118,317444
2218,15,9.76934,79,1,0,0,0.207157,0.012726,7.12681,317524
2219,15,9.75627,83,1,0,0,0.206536,0.015659,7.11398,317608
2220,15,9.79612,70,1,0,0,0.205916,0.016632,7.11391,317679
2221,15,9.81424,64,1,0,0,0.205298,0.013357,7.13312,317744
2222,15,9.66396,114,1,0,0,0.204682,0.01132,7.1234,317859
2223,15,9.78724,73,1,0,0,0.204068,0.015615,7.1025,317933
2224,15,9.82273,61,1,0,0,0.203456,0.009888,7.08779,317995
2225,15,9.85864,49,1,0,0,0.202846,0.01049,7.11308,318045
2226,15,9.79626,70,1,0,0,0.202237,0.014266,7.13761,318116
2227,15,9.85875,49,1,0,0,0.20163,0.019768,7.12259,318166
2228,15,9.92171,28,1,0,0,0.201026,0.013451,7.16911,318195
2229,15,-1.024,8,0,1,0,0.200422,0.014258,7.07376,318204
2230,15,9.72073,95,1,0,0,0.199821,0.008874,7.10585,318300
2231,15,9.79558,70,1,0,0,0.199222,0.010501,7.13416,318371
2232,15,-1.06,20,0,1,0,0.198624,0.004467,7.12815,318392
2233,15,-1.027,9,0,1,0,0.198028,0.007546,7.21567,318402
2234,15,-1.09,30,0,1,0,0.197434,0.013135,7.05874,318433
2235,15,9.93957,22,1,0,0,0.196842,0.015638,7.07302,318456
2236,15,9.8493,52,1,0,0,0.196251,0.00957,7.12152,318509
2237,15,9.85594,50,1,0,0,0.195663,0.016734,7.10666,318560
2238,15,9.71183,98,1,0,0,0.195076,0.017446,7.10735,318659
2239,15,9.87701,43,1,0,0,0.19449,0.01375,7.06596,318703
2240,15,9.91592,30,1,0,0,0.193907,0.013453,7.09939,318734
2241,15,9.81081,65,1,0,0,0.193325,0.013321,7.1272,318800
2242,15,9.8943,37,1,0,0,0.192745,0.014142,7.14617,318838
2243,15,9.80803,66,1,0,0,0.192167,0.011617,7.12613,318905
2244,15,9.81697,63,1,0,0,0.19159,0.016385,7.13226,318969
2245,15,9.89164,38,1,0,0,0.191016,0.017747,7.12031,319008
2246,15,9.81944,62,1,0,0,0.190443,0.01637,7.1402,319071
2247,15,9.84677,53,1,0,0,0.189871,0.020722,7.14435,319125
2248,15,9.8798,42,1,0,0,0.189302,0.017001,7.12987,319168
2249,15,-1.117,39,0,1,0,0.188734,0.020516,7.12705,319208
2250,15,9.74214,88,1,0,0,0.188168,0.008961,7.14617,319297
2251,15,9.89797,36,1,0,0,0.187603,0.008477,7.13534,319334
2252,15,9.87072,45,1,0,0,0.18704,0.028332,7.13345,319380
2253,15,9.74486,87,1,0,0,0.186479,0.020515,7.13977,319468
2254,15,9.76264,81,1,0,0,0.18592,0.018533,7.12448,319550
2255,15,-1.06,20,0,1,0,0.185362,0.021051,7.1121,319571
2256,15,-1.006,2,0,1,0,0.184806,0.01785,7.06326,319574
2257,15,9.81128,65,1,0,0,0.184251,0.021219,7.12936,319640
2258,15,9.88913,39,1,0,0,0.183699,0.01135,7.10399,319680
2259,15,-1.024,8,0,1,0,0.183148,0.018764,7.15581,319689
2260,15,-1.084,28,0,1,0,0.182598,0.020448,7.07492,319718
2261,15,9.84708,53,1,0,0,0.18205,0.017643,7.13565,319772
2262,15,9.91835,29,1,0,0,0.181504,0.017177,7.08944,319802
2263,15,9.88859,39,1,0,0,0.18096,0.021572,7.147,319842
2264,15,9.85281,51,1,0,0,0.180417,0.021247,7.13646,319894
2265,15,9.85882,49,1,0,0,0.179876,0.024923,7.1001,319944
2266,15,-1.189,63,0,1,0,0.179336,0.0172,7.1241,320008
2267,15,9.85607,50,1,0,0,0.178798,0.016548,7.1294,320059
2268,15,9.76,82,1,0,0,0.178262,0.019439,7.11449,320142
2269,15,-1.033,11,0,1,0,0.177727,0.026626,7.10242,320154
2270,15,9.7418,88,1,0,0,0.177194,0.012299,7.12295,320243
2271,15,9.85567,50,1,0,0,0.176662,0.01487,7.14672,320294
2272,15,-1.111,37,0,1,0,0.176132,0.011853,7.11851,320332
2273,15,9.81081,65,1,0,0,0.175604,0.017642,7.10616,320398
2274,15,9.91278,31,1,0,0,0.175077,0.025033,7.1356,320430
2275,15,9.91072,32,1,0,0,0.174552,0.012417,7.12243,320463
2276,15,9.86218,48,1,0,0,0.174028,0.013608,7.16922,320512
2277,15,9.80801,66,1,0,0,0.173506,0.017262,7.15316,320579
2278,15,9.70913,99,1,0,0,0.172985,0.01591,7.11842,320679
2279,15,-1.036,12,0,1,0,0.172466,0.027174,7.18333,320692
2280,15,-1.135,45,0,1,0,0.171949,0.011119,7.11037,320738
2281,15,9.87054,45,1,0,0,0.171433,0.017357,7.12648,320784
2282,15,9.66928,112,1,0,0,0.170919,0.01987,7.12571,320897
2283,15,-1.042,14,0,1,0,0.170406,0.016118,7.19064,320912
2284,15,9.81408,64,1,0,0,0.169895,0.015518,7.13444,320977
2285,15,9.92153,28,1,0,0,0.169385,0.018004,7.09582,321006
2286,15,9.71752,96,1,0,0,0.168877,0.0159,7.17492,321103
2287,15,9.754,84,1,0,0,0.16837,0.014383,7.13308,321188
2288,15,-1.084,28,0,1,0,0.167865,0.016146,7.13261,321217
2289,15,-1.066,22,0,1,0,0.167362,0.024357,7.13353,321240
2290,15,9.92477,27,1,0,0,0.16686,0.019426,7.09394,321268
2291,15,-1.09,30,0,1,0,0.166359,0.021236,7.11463,321299
2292,15,9.73569,90,1,0,0,0.16586,0.016152,7.13693,321390
2293,15,9.89791,36,1,0,0,0.165362,0.016494,7.14813,321427
2294,15,9.86201,48,1,0,0,0.164866,0.01565,7.14533,321476
2295,15,9.83852,56,1,0,0,0.164372,0.0145,7.1554,321533
2296,15,9.79634,70,1,0,0,0.163879,0.018393,7.12913,321604
2297,15,9.83192,58,1,0,0,0.163387,0.012567,7.14728,321663
2298,15,9.757,83,1,0,0,0.162897,0.019307,7.17143,321747
2299,15,-1.018,6,0,1,0,0.162408,0.015259,7.17251,321754
2300,15,9.79599,70,1,0,0,0.161921,0.018785,7.14883,321825
2301,15,-1.018,6,0,1,0,0.161435,0.012345,7.14189,321832
2302,15,9.79899,69,1,0,0,0.160951,0.0205,7.13085,321902
2303,15,9.79001,72,1,0,0,0.160468,0.012875,7.14261,321975
2304,15,9.88564,40,1,0,0,0.159986,0.012276,7.11431,322016
2305,15,9.81079,65,1,0,0,0.159507,0.014774,7.14419,322082
2306,15,-1.057,19,0,1,0,0.159028,0.016421,7.14155,322102
2307,15,9.8559,50,1,0,0,0.158551,0.023539,7.14847,322153
2308,15,9.76303,81,1,0,0,0.158075,0.015675,7.15948,322235
2309,15,-1.048,16,0,1,0,0.157601,0.013051,7.12058,322252
2310,15,9.92304,28,1,0,0,0.157128,0.022355,7.12382,322281
2311,15,9.78399,74,1,0,0,0.156657,0.016627,7.13251,322356
2312,15,9.8353,57,1,0,0,0.156187,0.024749,7.13709,322414
2313,15,9.90723,33,1,0,0,0.155718,0.020436,7.1419,322448
2314,15,9.81993,62,1,0,0,0.155251,0.016915,7.13842,322511
2315,15,9.84126,55,1,0,0,0.154785,0.012852,7.15015,322567
2316,15,9.73587,90,1,0,0,0.154321,0.016355,7.17108,322658
2317,15,9.79603,70,1,0,0,0.153858,0.01273,7.13887,322729
2318,15,9.84137,55,1,0,0,0.153397,0.024252,7.11975,322785
2319,15,9.92512,27,1,0,0,0.152936,0.015189,7.11665,322813
2320,15,9.90084,35,1,0,0,0.152478,0.015949,7.13723,322849
2321,15,9.94027,22,1,0,0,0.15202,0.021455,7.13892,322872
2322,15,9.89769,36,1,0,0,0.151564,0.025664,7.15602,322909
2323,15,9.79948,69,1,0,0,0.151109,0.017541,7.14811,322979
2324,15,9.78924,72,1,0,0,0.150656,0.023833,7.19479,323052
2325,15,9.89517,37,1,0,0,0.150204,0.016627,7.14698,323090
2326,15,-1.078,26,0,1,0,0.149753,0.013306,7.14759,323117
2327,15,9.88268,41,1,0,0,0.149304,0.01325,7.13719,323159
2328,15,-1.057,19,0,1,0,0.148856,0.021255,7.16843,323179
2329,15,9.79282,71,1,0,0,0.14841,0.01519,7.16261,323251
2330,15,9.88574,40,1,0,0,0.147964,0.02755,7.17204,323292
2331,15,9.85591,50,1,0,0,0.147521,0.010886,7.16826,323343
2332,15,-1.087,29,0,1,0,0.147078,0.021008,7.15255,323373
2333,15,-1.042,14,0,1,0,0.146637,0.019605,7.12714,323388
2334,15,9.73902,89,1,0,0,0.146197,0.021036,7.15855,323478
2335,15,9.89482,37,1,0,0,0.145758,0.02252,7.17197,323516
2336,15,9.76316,81,1,0,0,0.145321,0.014788,7.12563,323598
2337,15,-1.057,19,0,1,0,0.144885,0.022651,7.17226,323618
2338,15,9.83164,58,1,0,0,0.14445,0.015386,7.14381,323677
2339,15,9.92821,26,1,0,0,0.144017,0.016067,7.17207,323704
2340,15,9.89198,38,1,0,0,0.143585,0.017488,7.19919,323743
2341,15,9.79871,69,1,0,0,0.143154,0.019942,7.15315,323813
2342,15,9.88002,42,1,0,0,0.142725,0.013118,7.18367,323856
2343,15,9.83181,58,1,0,0,0.142297,0.01903,7.16406,323915
2344,15,9.93669,23,1,0,0,0.14187,0.020823,7.15987,323939
2345,15,9.8676,46,1,0,0,0.141444,0.015689,7.18574,323986
2346,15,9.93399,24,1,0,0,0.14102,0.014231,7.19069,324011
2347,15,9.78968,72,1,0,0,0.140597,0.023758,7.19704,324084
2348,15,9.86767,46,1,0,0,0.140175,0.023971,7.18726,324131
2349,15,9.85898,49,1,0,0,0.139754,0.019035,7.17089,324181
2350,15,-1.207,69,0,1,0,0.139335,0.017539,7.17211,324251
2351,15,9.844,54,1,0,0,0.138917,0.01844,7.18438,324306
2352,15,9.83761,56,1,0,0,0.1385,0.017118,7.23187,324363
2353,15,9.82003,62,1,0,0,0.138085,0.024619,7.17353,324426
2354,15,9.88603,40,1,0,0,0.137671,0.010858,7.19145,324467
2355,15,9.92197,28,1,0,0,0.137258,0.011926,7.19482,324496
2356,15,9.84103,55,1,0,0,0.136846,0.020543,7.1897,324552
2357,15,9.71176,98,1,0,0,0.136435,0.014043,7.1905,324651
2358,15,9.92471,27,1,0,0,0.136026,0.017125,7.22466,324679
2359,15,-1.0,0,0,1,0,0.135618,0.001877,7.14199,324680
2360,15,9.79255,71,1,0,0,0.135211,0.018328,7.18224,324752
2361,15,-1.048,16,0,1,0,0.134805,0.017771,7.1996,324769
2362,15,9.86793,46,1,0,0,0.134401,0.016075,7.17663,324816
2363,15,9.76024,82,1,0,0,0.133998,0.01833,7.17751,324899
2364,15,9.83184,58,1,0,0,0.133596,0.015582,7.18108,324958
2365,15,9.80486,67,1,0,0,0.133195,0.016835,7.19351,325026
2366,15,-1.12,40,0,1,0,0.132795,0.018551,7.18615,325067
2367,15,9.78957,72,1,0,0,0.132397,0.025968,7.20947,325140
2368,15,-1.042,14,0,1,0,0.132,0.008348,7.15425,325155
2369,15,9.93356,24,1,0,0,0.131604,0.020237,7.13674,325180
2370,15,9.847,53,1,0,0,0.131209,0.019862,7.22174,325234
2371,15,9.85095,52,1,0,0,0.130815,0.014998,7.23915,325287
2372,15,9.83123,58,1,0,0,0.130423,0.020403,7.19751,325346
2373,15,9.87102,45,1,0,0,0.130032,0.026097,7.19422,325392
2374,15,-1.066,22,0,1,0,0.129642,0.026234,7.12739,325415
2375,15,9.91934,29,1,0,0,0.129253,0.018258,7.17116,325445
2376,15,9.78115,75,1,0,0,0.128865,0.02659,7.20719,325521
2377,15,9.88594,40,1,0,0,0.128478,0.013875,7.20552,325562
2378,15,9.90991,32,1,0,0,0.128093,0.020066,7.20571,325595
2379,15,-1.06,20,0,1,0,0.127709,0.01253,7.22977,325616
2380,15,-1.033,11,0,1,0,0.127325,0.007806,7.21977,325628
2381,15,9.91323,31,1,0,0,0.126943,0.017393,7.22831,325660
2382,15,9.7606,82,1,0,0,0.126563,0.016785,7.22177,325743
2383,15,9.78476,74,1,0,0,0.126183,0.021244,7.18387,325818
2384,15,-1.006,2,0,1,0,0.125804,0.006437,7.2308,325821
2385,15,-1.087,29,0,1,0,0.125427,0.010781,7.22997,325851
2386,15,-1.087,29,0,1,0,0.125051,0.028851,7.20829,325881
2387,15,9.8289,59,1,0,0,0.124676,0.021148,7.20037,325941
2388,15,-1.012,4,0,1,0,0.124302,0.012949,7.31575,325946
2389,15,9.88578,40,1,0,0,0.123929,0.027679,7.18671,325987
2390,15,9.81047,65,1,0,0,0.123557,0.026376,7.19068,326053
2391,15,9.87078,45,1,0,0,0.123186,0.01631,7.21931,326099
2392,15,-1.045,15,0,1,0,0.122817,0.032289,7.22276,326115
2393,15,9.84418,54,1,0,0,0.122448,0.025262,7.19214,326170
2394,15,9.90033,35,1,0,0,0.122081,0.027799,7.23799,326206
2395,15,-1.024,8,0,1,0,0.121715,0.033186,7.14607,326215
2396,15,9.92499,27,1,0,0,0.121349,0.02605,7.22398,326243
2397,15,9.76604,80,1,0,0,0.120985,0.014487,7.22967,326324
2398,15,9.75713,83,1,0,0,0.120622,0.023256,7.20661,326408
2399,15,9.72092,95,1,0,0,0.120261,0.018232,7.20528,326504
2400,2,9.75709,83,1,0,0,0.4995,0.0,0.0,326504
2401,2,-1.048,16,0,1,0,0.499001,0.0,0.0,326504
2402,2,-1.957,319,0,1,0,0.498501,0.0,0.0,326504
2403,2,9.65592,117,1,0,0,0.498003,0.0,0.0,326504
2404,2,-1.699,233,0,1,0,0.497505,0.0,0.0,326504
2405,2,9.72153,95,1,0,0,0.497007,0.0,0.0,326504
2406,2,9.64411,121,1,0,0,0.49651,0.0,0.0,326504
2407,2,-1.327,109,0,1,0,0.496014,0.066639,7.88313,326606
2408,2,9.81101,65,1,0,0,0.495518,0.055811,7.83501,326672
2409,2,-1.291,97,0,1,0,0.495022,0.043723,7.9201,326770
2410,2,-1.087,29,0,1,0,0.494527,0.053934,7.93711,326800
2411,2,-1.108,36,0,1,0,0.494033,0.067047,7.88153,326837
2412,2,-1.141,47,0,1,0,0.493539,0.05842,7.85558,326885
2413,2,9.70619,100,1,0,0,0.493045,0.064191,7.8743,326986
2414,2,-1.669,223,0,1,0,0.492552,0.052094,7.78018,327210
2415,2,9.15074,285,1,0,0,0.49206,0.045339,7.73016,327496
2416,2,9.44607,187,1,0,0,0.491568,0.043906,7.86696,327684
2417,2,-1.036,12,0,1,0,0.491076,0.033735,7.99764,327697
2418,2,-1.2,400,0,0,1,0.490585,0.037657,7.97327,328097
2419,2,9.68166,108,1,0,0,0.490094,0.039769,8.02657,328206
2420,2,-1.666,222,0,1,0,0.489604,0.034933,8.03461,328429
2421,2,9.73551,90,1,0,0,0.489115,0.027307,8.03803,328520
2422,2,-1.183,61,0,1,0,0.488626,0.033806,8.0501,328582
2423,2,-1.2,400,0,0,1,0.488137,0.032357,7.88878,328982
2424,2,-1.144,48,0,1,0,0.487649,0.02721,7.75847,329031
2425,2,9.65208,118,1,0,0,0.487161,0.037268,7.74478,329150
2426,2,9.55937,149,1,0,0,0.486674,0.0306,7.77294,329300
2427,2,-1.39,130,0,1,0,0.486187,0.033778,7.81551,329431
2428,2,-1.099,33,0,1,0,0.485701,0.038791,7.78819,329465
2429,2,-1.09,30,0,1,0,0.485215,0.051589,7.79086,329496
2430,2,-1.378,126,0,1,0,0.48473,0.029205,7.78634,329623
2431,2,9.74531,87,1,0,0,0.484246,0.040226,7.77711,329711
2432,2,9.85604,50,1,0,0,0.483761,0.042986,7.78806,329762
2433,2,-1.045,15,0,1,0,0.483278,0.037392,7.76967,329778
2434,2,-1.06,20,0,1,0,0.482794,0.038915,7.77233,329799
2435,2,9.78074,75,1,0,0,0.482311,0.042103,7.77998,329875
2436,2,-1.432,144,0,1,0,0.481829,0.036435,7.79123,330020
2437,2,-1.198,66,0,1,0,0.481347,0.040018,7.73238,330087
2438,2,-1.2,400,0,0,1,0.480866,0.042524,7.75599,330487
2439,2,9.68513,107,1,0,0,0.480385,0.042732,7.73355,330595
2440,2,-1.102,34,0,1,0,0.479905,0.037895,7.74455,330630
2441,2,9.18308,277,1,0,0,0.479425,0.037105,7.76819,330908
2442,2,-1.087,29,0,1,0,0.478945,0.028657,7.76257,330938
2443,2,-1.456,152,0,1,0,0.478466,0.032882,7.76756,331091
2444,2,-1.2,400,0,0,1,0.477988,0.042002,7.69634,331491
2445,2,-1.072,24,0,1,0,0.47751,0.042681,7.63699,331516
2446,2,9.85877,49,1,0,0,0.477032,0.037192,7.65728,331566
2447,2,9.22002,262,1,0,0,0.476555,0.042103,7.63892,331829
2448,2,9.87083,45,1,0,0,0.476079,0.028915,7.64551,331875
2449,2,-1.19277,400,0,0,1,0.475603,0.031634,7.6452,332275
2450,2,-1.282,94,0,1,0,0.475127,0.039906,7.61382,332370
2451,2,-1.39,130,0,1,0,0.474652,0.040019,7.58943,332501
2452,2,-1.138,46,0,1,0,0.474177,0.039759,7.58599,332548
2453,2,-1.2,400,0,0,1,0.473703,0.039386,7.55108,332948
2454,2,-1.318,106,0,1,0,0.47323,0.036989,7.51845,333055
2455,2,9.03752,323,1,0,0,0.472756,0.037328,7.49591,333379
2456,2,-1.294,98,0,1,0,0.472284,0.027237,7.46704,333478
2457,2,-1.435,145,0,1,0,0.471811,0.045143,7.46363,333624
2458,2,9.62186,128,1,0,0,0.471339,0.037766,7.46328,333753
2459,2,9.66461,115,1,0,0,0.470868,0.034186,7.46971,333869
2460,2,9.78129,75,1,0,0,0.470397,0.038408,7.47451,333945
2461,2,9.51439,164,1,0,0,0.469927,0.035605,7.44997,334110
2462,2,9.26504,247,1,0,0,0.469457,0.03651,7.42383,334358
2463,2,-1.12,40,0,1,0,0.468987,0.039525,7.4168,334399
2464,2,-1.837,279,0,1,0,0.468518,0.03385,7.39137,334679
2465,2,-1.423,141,0,1,0,0.46805,0.039627,7.36401,334821
2466,2,-1.267,89,0,1,0,0.467582,0.040411,7.34563,334911
2467,2,9.80146,68,1,0,0,0.467114,0.021572,7.36743,334980
2468,2,-1.24,80,0,1,0,0.466647,0.029764,7.35402,335061
2469,2,9.79907,69,1,0,0,0.466181,0.04686,7.34619,335131
2470,2,9.90112,35,1,0,0,0.465714,0.036908,7.35661,335167
2471,2,9.80181,68,1,0,0,0.465249,0.038378,7.35875,335236
2472,2,9.7896,72,1,0,0,0.464783,0.036936,7.348,335309
2473,2,9.44189,188,1,0,0,0.464319,0.03372,7.35189,335498
2474,2,-1.2,400,0,0,1,0.463854,0.032621,7.33616,335898
2475,2,-1.687,229,0,1,0,0.46339,0.032515,7.27526,336128
2476,2,-1.216,72,0,1,0,0.462927,0.033721,7.23822,336201
2477,2,9.84388,54,1,0,0,0.462464,0.035905,7.26166,336256
2478,2,9.78053,75,1,0,0,0.462002,0.031376,7.27356,336332
2479,2,9.61592,130,1,0,0,0.46154,0.030847,7.2466,336463
2480,2,-1.198,66,0,1,0,0.461078,0.039627,7.22811,336530
2481,2,9.83171,58,1,0,0,0.460617,0.029292,7.25861,336589
2482,2,-1.2,400,0,0,1,0.460156,0.033658,7.2187,336989
2483,2,-1.084,28,0,1,0,0.459696,0.030768,7.21771,337018
2484,2,-1.039,13,0,1,0,0.459237,0.03906,7.1924,337032
2485,2,9.76574,80,1,0,0,0.458777,0.033625,7.18655,337113
2486,2,-1.015,5,0,1,0,0.458319,0.053194,7.13529,337119
2487,2,-1.114,38,0,1,0,0.45786,0.036564,7.17214,337158
2488,2,9.24685,253,1,0,0,0.457402,0.029794,7.18827,337412
2489,2,-1.2,400,0,0,1,0.456945,0.034703,7.14253,337812
2490,2,-1.492,164,0,1,0,0.456488,0.02793,7.11119,337977
2491,2,-1.063,21,0,1,0,0.456032,0.029022,7.10152,337999
2492,2,-1.2,400,0,0,1,0.455576,0.034069,7.07073,338399
2493,2,-1.15,50,0,1,0,0.45512,0.039075,7.06172,338450
2494,2,9.76333,81,1,0,0,0.454665,0.030371,7.04554,338532
2495,2,-1.06,20,0,1,0,0.45421,0.033664,7.03331,338553
2496,2,-1.249,83,0,1,0,0.453756,0.038353,7.02827,338637
2497,2,9.72688,93,1,0,0,0.453302,0.034702,7.00976,338731
2498,2,9.81701,63,1,0,0,0.452849,0.031743,7.02193,338795
2499,2,9.42383,194,1,0,0,0.452396,0.035392,7.01412,338990
2500,2,9.84944,52,1,0,0,0.451944,0.034067,7.01649,339043
2501,2,-1.783,261,0,1,0,0.451492,0.037502,6.98724,339305
2502,2,-1.198,66,0,1,0,0.45104,0.039846,6.94746,339372
2503,2,-1.336,112,0,1,0,0.450589,0.039007,6.93914,339485
2504,2,-1.47333,158,0,1,0,0.450139,0.02975,6.94975,339644
2505,2,9.7733,78,1,0,0,0.449688,0.038734,6.95008,339723
2506,2,9.63036,125,1,0,0,0.449239,0.032952,6.97638,339849
2507,2,9.80808,66,1,0,0,0.44879,0.034161,6.95171,339916
2508,2,-1.2,400,0,0,1,0.448341,0.037096,6.94265,340316
2509,2,-1.2,400,0,0,1,0.447892,0.031467,6.8837,340716
2510,2,9.45897,183,1,0,0,0.447445,0.033913,6.85098,340900
2511,2,-2.023,341,0,1,0,0.446997,0.030999,6.84143,341242
2512,2,9.48735,173,1,0,0,0.44655,0.026383,6.81621,341416
2513,2,9.89157,38,1,0,0,0.446104,0.029166,6.79921,341455
2514,2,-1.654,218,0,1,0,0.445657,0.030571,6.80319,341674
2515,2,-1.162,54,0,1,0,0.445212,0.029051,6.77468,341729
2516,2,-1.135,45,0,1,0,0.444767,0.041384,6.79384,341775
2517,2,9.89213,38,1,0,0,0.444322,0.031989,6.79606,341814
2518,2,-1.273,91,0,1,0,0.443877,0.039147,6.77069,341906
2519,2,9.77167,78,1,0,0,0.443434,0.029591,6.76818,341985
2520,2,9.67285,111,1,0,0,0.44299,0.033473,6.76672,342097
2521,2,-1.573,191,0,1,0,0.442547,0.035589,6.75607,342289
2522,2,9.60684,133,1,0,0,0.442105,0.031679,6.75523,342423
2523,2,9.72983,92,1,0,0,0.441663,0.030793,6.70191,342516
2524,2,-1.348,116,0,1,0,0.441221,0.028392,6.73108,342633
2525,2,9.70307,101,1,0,0,0.44078,0.031652,6.73853,342735
2526,2,9.70294,101,1,0,0,0.440339,0.030066,6.7149,342837
2527,2,9.64282,121,1,0,0,0.439899,0.031623,6.71897,342959
2528,2,-1.2,400,0,0,1,0.439459,0.028271,6.69108,343359
2529,2,9.55897,149,1,0,0,0.439019,0.030645,6.64308,343509
2530,2,9.6907,105,1,0,0,0.43858,0.03429,6.65703,343615
2531,2,-1.039,13,0,1,0,0.438142,0.047297,6.63646,343629
2532,2,-1.114,38,0,1,0,0.437703,0.028604,6.67556,343668
2533,2,9.58919,139,1,0,0,0.437266,0.033947,6.65928,343808
2534,2,-1.024,8,0,1,0,0.436828,0.04425,6.75219,343817
2535,2,-1.135,45,0,1,0,0.436392,0.022899,6.62817,343863
2536,2,9.89436,37,1,0,0,0.435955,0.028407,6.61692,343901
2537,2,-1.21,70,0,1,0,0.435519,0.032297,6.63668,343972
2538,2,-1.168,56,0,1,0,0.435084,0.029574,6.6403,344029
2539,2,9.84713,53,1,0,0,0.434649,0.031348,6.63208,344083
2540,2,-1.204,68,0,1,0,0.434214,0.034042,6.65836,344152
2541,2,-1.222,74,0,1,0,0.43378,0.032368,6.66276,344227
2542,2,-1.156,52,0,1,0,0.433346,0.027011,6.63508,344280
2543,2,-1.267,89,0,1,0,0.432913,0.029432,6.67124,344370
2544,2,-1.09,30,0,1,0,0.43248,0.034956,6.64129,344401
2545,2,-1.093,31,0,1,0,0.432047,0.02947,6.63399,344433
2546,2,9.91002,32,1,0,0,0.431615,0.036443,6.62614,344466
2547,2,9.76616,80,1,0,0,0.431184,0.032165,6.64591,344547
2548,2,-1.14566,49,0,1,0,0.430752,0.026528,6.61723,344597
2549,2,9.88961,39,1,0,0,0.430322,0.032793,6.65439,344637
2550,2,9.67884,109,1,0,0,0.429891,0.035498,6.65755,344747
2551,2,-1.114,38,0,1,0,0.429461,0.037363,6.69197,344786
2552,2,9.844,54,1,0,0,0.429032,0.025772,6.67879,344841
2553,2,-1.171,57,0,1,0,0.428603,0.039238,6.63682,344899
2554,2,9.79394,71,1,0,0,0.428174,0.037402,6.66852,344971
2555,2,-1.261,87,0,1,0,0.427746,0.034701,6.65567,345059
2556,2,9.81434,64,1,0,0,0.427318,0.045241,6.65757,345124
2557,2,9.83599,57,1,0,0,0.426891,0.040493,6.66603,345182
2558,2,-1.144,48,0,1,0,0.426464,0.037987,6.67506,345231
2559,2,-1.48,160,0,1,0,0.426038,0.036578,6.65963,345392
2560,2,-1.174,58,0,1,0,0.425612,0.03227,6.63308,345451
2561,2,-1.129,43,0,1,0,0.425186,0.025695,6.67836,345495
2562,2,9.78402,74,1,0,0,0.424761,0.0398,6.63974,345570
2563,2,9.88608,40,1,0,0,0.424336,0.033868,6.65246,345611
2564,2,9.89779,36,1,0,0,0.423912,0.037285,6.62727,345648
2565,2,-1.135,45,0,1,0,0.423488,0.037442,6.68168,345694
2566,2,9.87428,44,1,0,0,0.423064,0.041428,6.6816,345739
2567,2,-1.102,34,0,1,0,0.422641,0.033398,6.62949,345774
2568,2,9.34547,220,1,0,0,0.422219,0.038393,6.65773,345995
2569,2,-1.237,79,0,1,0,0.421797,0.035019,6.65267,346075
2570,2,-1.651,217,0,1,0,0.421375,0.036815,6.66434,346293
2571,2,-1.144,48,0,1,0,0.420953,0.035982,6.62447,346342
2572,2,-1.087,29,0,1,0,0.420532,0.039412,6.66892,346372
2573,2,9.53591,157,1,0,0,0.420112,0.040879,6.61955,346530
2574,2,9.86792,46,1,0,0,0.419692,0.037282,6.60427,346577
2575,2,9.81371,64,1,0,0,0.419272,0.039071,6.6245,346642
2576,2,-1.363,121,0,1,0,0.418853,0.035817,6.62982,346764
2577,2,-1.09,30,0,1,0,0.418434,0.040475,6.63886,346795
2578,2,-1.087,29,0,1,0,0.418016,0.030961,6.63695,346825
2579,2,9.83182,58,1,0,0,0.417597,0.042232,6.60994,346884
2580,2,-1.294,98,0,1,0,0.41718,0.038125,6.66249,346983
2581,2,9.81659,63,1,0,0,0.416763,0.02715,6.59716,347047
2582,2,-1.12,40,0,1,0,0.416346,0.039551,6.64967,347088
2583,2,9.88844,39,1,0,0,0.41593,0.048194,6.64907,347128
2584,2,9.70536,100,1,0,0,0.415514,0.034799,6.65487,347229
2585,2,9.81087,65,1,0,0,0.415098,0.037773,6.65487,347295
2586,2,9.86154,48,1,0,0,0.414683,0.037942,6.64065,347344
2587,2,9.73778,90,1,0,0,0.414268,0.035826,6.6559,347435
2588,2,-1.18,60,0,1,0,0.413854,0.031924,6.66284,347496
2589,2,-1.096,32,0,1,0,0.41344,0.022334,6.64317,347529
2590,2,9.85828,49,1,0,0,0.413027,0.041898,6.68466,347579
2591,2,9.8706,45,1,0,0,0.412614,0.040411,6.64197,347625
2592,2,-1.393,131,0,1,0,0.412201,0.032702,6.66309,347757
2593,2,-1.2,400,0,0,1,0.411789,0.036835,6.66272,348157
2594,2,9.85242,51,1,0,0,0.411377,0.03738,6.69931,348209
2595,2,-1.054,18,0,1,0,0.410966,0.043493,6.64255,348228
2596,2,9.85294,51,1,0,0,0.410555,0.035384,6.67791,348280
2597,2,-1.222,74,0,1,0,0.410144,0.034941,6.67682,348355
2598,2,9.79689,70,1,0,0,0.409734,0.035738,6.66626,348426
2599,2,-1.072,24,0,1,0,0.409324,0.04418,6.6985,348451
2600,2,9.84142,55,1,0,0,0.408915,0.043538,6.69296,348507
2601,2,-1.057,19,0,1,0,0.408506,0.03779,6.70198,348527
2602,2,9.91028,32,1,0,0,0.408098,0.036945,6.6631,348560
2603,2,9.69141,105,1,0,0,0.40769,0.034892,6.70801,348666
2604,2,9.8314,58,1,0,0,0.407282,0.039356,6.70998,348725
2605,2,9.6822,109,1,0,0,0.406875,0.037706,6.71558,348835
2606,2,9.80206,68,1,0,0,0.406468,0.03808,6.72411,348904
2607,2,-1.31028,105,0,1,0,0.406061,0.03641,6.72176,349010
2608,2,9.81381,64,1,0,0,0.405655,0.031478,6.72856,349075
2609,2,-1.228,76,0,1,0,0.40525,0.03152,6.73396,349152
2610,2,-1.228,76,0,1,0,0.404844,0.038416,6.716,349229
2611,2,9.80871,66,1,0,0,0.404439,0.033645,6.71992,349296
2612,2,9.84093,55,1,0,0,0.404035,0.04995,6.7595,349352
2613,2,9.79952,69,1,0,0,0.403631,0.036985,6.77255,349422
2614,2,9.68809,106,1,0,0,0.403227,0.044425,6.75823,349529
2615,2,9.76652,80,1,0,0,0.402824,0.038908,6.75888,349610
2616,2,9.87115,45,1,0,0,0.402421,0.030095,6.73534,349656
2617,2,-1.633,211,0,1,0,0.402019,0.039587,6.73579,349868
2618,2,9.88038,42,1,0,0,0.401617,0.051273,6.74469,349911
2619,2,-1.042,14,0,1,0,0.401215,0.027351,6.72381,349926
2620,2,-1.054,18,0,1,0,0.400814,0.038915,6.74678,349945
2621,2,9.82957,59,1,0,0,0.400413,0.038711,6.74042,350005
2622,2,-1.105,35,0,1,0,0.400013,0.034287,6.79338,350041
2623,2,9.82887,59,1,0,0,0.399613,0.035431,6.77025,350101
2624,2,-1.08855,31,0,1,0,0.399213,0.050936,6.76462,350133
2625,2,9.88568,40,1,0,0,0.398814,0.033327,6.84191,350174
2626,2,-1.2,400,0,0,1,0.398415,0.041026,6.77094,350574
2627,2,9.90069,35,1,0,0,0.398017,0.046286,6.76462,350610
2628,2,9.77499,77,1,0,0,0.397619,0.041668,6.77701,350688
2629,2,9.84458,54,1,0,0,0.397221,0.037145,6.78898,350743
2630,2,-1.057,19,0,1,0,0.396824,0.042744,6.81221,350763
2631,2,9.90384,34,1,0,0,0.396427,0.041437,6.8271,350798
2632,2,9.72398,94,1,0,0,0.396031,0.036714,6.77288,350893
2633,2,9.7778,76,1,0,0,0.395635,0.038659,6.7806,350970
2634,2,-1.078,26,0,1,0,0.395239,0.036361,6.87749,350997
2635,2,9.61016,132,1,0,0,0.394844,0.036396,6.81541,351130
2636,2,9.64626,120,1,0,0,0.394449,0.032395,6.80541,351251
2637,2,-1.096,32,0,1,0,0.394054,0.048035,6.79684,351284
2638,2,-1.312,104,0,1,0,0.39366,0.038502,6.82057,351389
2639,2,9.64931,119,1,0,0,0.393267,0.034122,6.83075,351509
2640,2,9.72656,93,1,0,0,0.392873,0.034455,6.83688,351603
2641,2,-1.069,23,0,1,0,0.392481,0.031643,6.83078,351627
2642,2,9.7147,97,1,0,0,0.392088,0.038387,6.87283,351725
2643,2,-1.456,152,0,1,0,0.391696,0.039839,6.83538,351878
2644,2,9.682,108,1,0,0,0.391304,0.030736,6.85134,351987
2645,2,-1.111,37,0,1,0,0.390913,0.044929,6.8125,352025
2646,2,-1.20047,67,0,1,0,0.390522,0.041508,6.84529,352093
2647,2,9.81038,65,1,0,0,0.390132,0.032295,6.82595,352159
2648,2,9.77869,76,1,0,0,0.389741,0.04295,6.8492,352236
2649,2,-1.153,51,0,1,0,0.389352,0.046154,6.87927,352288
2650,2,-1.135,45,0,1,0,0.388962,0.029307,6.86215,352334
2651,2,9.43568,190,1,0,0,0.388573,0.043391,6.86138,352525
2652,2,9.8291,59,1,0,0,0.388185,0.045103,6.8825,352585
2653,2,9.74813,86,1,0,0,0.387797,0.03752,6.87647,352672
2654,2,9.87015,45,1,0,0,0.387409,0.041862,6.9242,352718
2655,2,9.90396,34,1,0,0,0.387021,0.034738,6.88529,352753
2656,2,-1.075,25,0,1,0,0.386634,0.040757,6.85947,352779
2657,2,9.76011,82,1,0,0,0.386248,0.034058,6.89444,352862
2658,2,-1.054,18,0,1,0,0.385862,0.024999,6.92686,352881
2659,2,-1.156,52,0,1,0,0.385476,0.040194,6.8876,352934
2660,2,-1.06,20,0,1,0,0.38509,0.030973,6.87862,352955
2661,2,-1.165,55,0,1,0,0.384705,0.038102,6.8981,353011
2662,2,-1.108,36,0,1,0,0.38432,0.036252,6.91778,353048
2663,2,-1.054,18,0,1,0,0.383936,0.036808,6.97059,353067
2664,2,9.91233,31,1,0,0,0.383552,0.046514,6.88664,353099
2665,2,-1.042,14,0,1,0,0.383169,0.062956,6.96631,353114
2666,2,9.68987,106,1,0,0,0.382785,0.040846,6.91796,353221
2667,2,9.70232,101,1,0,0,0.382403,0.04019,6.94183,353323
2668,2,9.86153,48,1,0,0,0.38202,0.039594,6.90054,353372
2669,2,9.80456,67,1,0,0,0.381638,0.040342,6.88717,353440
2670,2,9.69656,103,1,0,0,0.381257,0.030487,6.91758,353544
2671,2,9.83514,57,1,0,0,0.380875,0.038088,6.92334,353602
2672,2,9.69964,102,1,0,0,0.380494,0.040477,6.9177,353705
2673,2,-1.102,34,0,1,0,0.380114,0.038576,6.91472,353740
2674,2,9.8942,37,1,0,0,0.379734,0.043606,6.95602,353778
2675,2,9.78151,75,1,0,0,0.379354,0.046517,6.92455,353854
2676,2,9.88256,41,1,0,0,0.378975,0.042287,6.93078,353896
2677,2,9.86169,48,1,0,0,0.378596,0.042491,6.96474,353945
2678,2,9.80479,67,1,0,0,0.378217,0.031991,6.9455,354013
2679,2,9.63706,123,1,0,0,0.377839,0.037408,6.95265,354137
2680,2,-1.024,8,0,1,0,0.377461,0.078034,6.90697,354146
2681,2,9.51368,164,1,0,0,0.377084,0.040267,6.94323,354311
2682,2,-1.081,27,0,1,0,0.376707,0.050037,6.98585,354339
2683,2,9.79569,70,1,0,0,0.37633,0.034846,6.94795,354410
2684,2,9.87678,43,1,0,0,0.375954,0.03246,6.94087,354454
2685,2,9.73278,91,1,0,0,0.375578,0.029728,6.96117,354546
2686,2,-1.03,10,0,1,0,0.375202,0.041834,6.98221,354557
2687,2,-1.045,15,0,1,0,0.374827,0.024033,6.97202,354573
2688,2,9.68166,108,1,0,0,0.374452,0.045762,6.99256,354682
2689,2,9.76573,80,1,0,0,0.374078,0.035304,6.97423,354763
2690,2,-1.027,9,0,1,0,0.373703,0.050137,7.03708,354773
2691,2,9.81983,62,1,0,0,0.37333,0.037515,7.00946,354836
2692,2,-1.245,82,0,1,0,0.372956,0.036878,6.99936,354919
2693,2,9.84431,54,1,0,0,0.372583,0.028158,7.04017,354974
2694,2,9.94313,21,1,0,0,0.372211,0.029424,6.97544,354996
2695,2,-1.087,29,0,1,0,0.371839,0.045189,7.0027,355026
2696,2,-1.102,34,0,1,0,0.371467,0.037162,6.99254,355061
2697,2,-1.081,27,0,1,0,0.371095,0.041001,7.00317,355089
2698,2,-1.252,84,0,1,0,0.370724,0.041576,6.99092,355174
2699,2,-1.081,27,0,1,0,0.370354,0.047488,7.02601,355202
2700,2,-1.39088,133,0,1,0,0.369983,0.038625,7.01994,355336
2701,2,9.91883,29,1,0,0,0.369613,0.039413,7.01487,355366
2702,2,-1.183,61,0,1,0,0.369244,0.029407,6.97674,355428
2703,2,-1.30258,102,0,1,0,0.368874,0.043289,7.01279,355531
2704,2,-1.018,6,0,1,0,0.368505,0.054358,6.95598,355538
2705,2,-1.123,41,0,1,0,0.368137,0.038303,6.99428,355580
2706,2,9.7059,100,1,0,0,0.367769,0.041427,7.02719,355681
2707,2,-1.024,8,0,1,0,0.367401,0.025004,7.02466,355690
2708,2,-1.072,24,0,1,0,0.367034,0.062511,7.0426,355715
2709,2,-1.15,50,0,1,0,0.366667,0.036879,6.99322,355766
2710,2,9.81081,65,1,0,0,0.3663,0.040201,7.04499,355832
2711,2,-1.249,83,0,1,0,0.365934,0.039063,6.9857,355916
2712,2,9.76654,80,1,0,0,0.365568,0.035092,7.00257,355997
2713,2,9.81135,65,1,0,0,0.365202,0.037868,7.03762,356063
2714,2,-1.144,48,0,1,0,0.364837,0.042881,7.02521,356112
2715,2,-1.051,17,0,1,0,0.364472,0.041242,7.06975,356130
2716,2,-1.057,19,0,1,0,0.364108,0.047131,6.98609,356150
2717,2,9.91864,29,1,0,0,0.363744,0.042088,7.03757,356180
2718,2,-1.048,16,0,1,0,0.36338,0.048699,7.01791,356197
2719,2,9.86246,48,1,0,0,0.363016,0.030116,7.02419,356246
2720,2,-1.174,58,0,1,0,0.362653,0.032272,7.05088,356305
2721,2,9.80441,67,1,0,0,0.362291,0.044636,7.02095,356373
2722,2,9.82274,61,1,0,0,0.361928,0.043823,7.03364,356435
2723,2,9.91276,31,1,0,0,0.361567,0.027912,7.01832,356467
2724,2,-1.018,6,0,1,0,0.361205,0.023098,7.03818,356474
2725,2,9.7658,80,1,0,0,0.360844,0.05213,7.0179,356555
2726,2,-1.252,84,0,1,0,0.360483,0.051684,7.04302,356640
2727,2,-1.066,22,0,1,0,0.360122,0.032126,7.06311,356663
2728,2,-1.09,30,0,1,0,0.359762,0.045255,7.06056,356694
2729,2,-1.024,8,0,1,0,0.359403,0.022917,7.04642,356703
2730,2,-1.093,31,0,1,0,0.359043,0.037535,7.06819,356735
2731,2,9.81387,64,1,0,0,0.358684,0.050075,7.05788,356800
2732,2,9.6094,132,1,0,0,0.358325,0.041782,7.03787,356933
2733,2,9.77473,77,1,0,0,0.357967,0.042616,7.03992,357011
2734,2,-1.219,73,0,1,0,0.357609,0.044099,7.04202,357085
2735,2,-1.216,72,0,1,0,0.357251,0.034957,7.06091,357158
2736,2,-1.06,20,0,1,0,0.356894,0.038069,7.01925,357179
2737,2,9.70873,99,1,0,0,0.356537,0.042575,7.03712,357279
2738,2,-1.045,15,0,1,0,0.356181,0.053492,7.03699,357295
2739,2,9.87683,43,1,0,0,0.355825,0.038683,7.00667,357339
2740,2,9.38462,207,1,0,0,0.355469,0.042851,7.03922,357547
2741,2,9.78455,74,1,0,0,0.355113,0.043122,7.05507,357622
2742,2,-1.066,22,0,1,0,0.354758,0.038072,7.04384,357645
2743,2,-1.081,27,0,1,0,0.354403,0.046766,7.0757,357673
2744,2,9.56801,146,1,0,0,0.354049,0.046519,7.04967,357820
2745,2,9.90061,35,1,0,0,0.353695,0.049224,7.03436,357856
2746,2,9.74515,87,1,0,0,0.353341,0.041779,7.04065,357944
2747,2,9.81081,65,1,0,0,0.352988,0.034524,7.06044,358010
2748,2,-1.267,89,0,1,0,0.352635,0.045539,7.08951,358100
2749,2,9.88097,42,1,0,0,0.352282,0.039325,7.06416,358143
2750,2,9.89737,36,1,0,0,0.35193,0.053026,7.05748,358180
2751,2,9.75046,85,1,0,0,0.351578,0.042974,7.05627,358266
2752,2,9.70643,100,1,0,0,0.351227,0.042923,7.05636,358367
2753,2,-1.084,28,0,1,0,0.350875,0.041812,7.08313,358396
2754,2,9.83489,57,1,0,0,0.350524,0.04641,7.04285,358454
2755,2,9.72717,93,1,0,0,0.350174,0.04408,7.05398,358548
2756,2,9.35485,217,1,0,0,0.349824,0.040653,7.06381,358766
2757,2,-1.159,53,0,1,0,0.349474,0.048933,7.05804,358820
2758,2,-1.252,84,0,1,0,0.349124,0.038653,7.07976,358905
2759,2,9.82579,60,1,0,0,0.348775,0.045357,7.06761,358966
2760,2,-1.198,66,0,1,0,0.348427,0.044006,7.06691,359033
2761,2,9.75064,85,1,0,0,0.348078,0.030866,7.06402,359119
2762,2,9.72659,93,1,0,0,0.34773,0.043642,7.07475,359213
2763,2,-1.138,46,0,1,0,0.347382,0.031994,7.06626,359260
2764,2,-1.057,19,0,1,0,0.347035,0.043268,7.01112,359280
2765,2,-1.12,40,0,1,0,0.346688,0.048956,7.03278,359321
2766,2,9.77814,76,1,0,0,0.346341,0.045406,7.04686,359398
2767,2,-1.156,52,0,1,0,0.345995,0.028513,7.05795,359451
2768,2,9.62286,128,1,0,0,0.345649,0.036809,7.04684,359580
2769,2,9.90449,34,1,0,0,0.345303,0.035207,7.04255,359615
2770,2,9.69959,102,1,0,0,0.344958,0.042016,7.08493,359718
2771,2,-1.042,14,0,1,0,0.344613,0.051523,7.07415,359733
2772,2,-1.042,14,0,1,0,0.344268,0.041358,7.0233,359748
2773,2,9.88889,39,1,0,0,0.343924,0.043575,7.10676,359788
2774,2,-1.537,179,0,1,0,0.34358,0.043916,7.05812,359968
2775,2,9.86523,47,1,0,0,0.343237,0.029069,7.05286,360016
2776,2,9.77781,76,1,0,0,0.342893,0.045209,7.03457,360093
2777,2,-1.147,49,0,1,0,0.34255,0.050455,7.07368,360143
2778,2,9.637,123,1,0,0,0.342208,0.039717,7.06421,360267
2779,2,9.69723,103,1,0,0,0.341866,0.037587,7.06673,360371
2780,2,-1.363,121,0,1,0,0.341524,0.034964,7.02563,360493
2781,2,-1.189,63,0,1,0,0.341182,0.036564,7.06748,360557
2782,2,9.89445,37,1,0,0,0.340841,0.039324,7.0563,360595
2783,2,-1.09,30,0,1,0,0.3405,0.039949,7.07064,360626
2784,2,9.83739,56,1,0,0,0.34016,0.045599,7.02391,360683
2785,2,-1.402,134,0,1,0,0.33982,0.041868,7.06011,360818
2786,2,9.87665,43,1,0,0,0.33948,0.039699,7.04472,360862
2787,2,9.76886,79,1,0,0,0.33914,0.041875,7.04723,360942
2788,2,-1.096,32,0,1,0,0.338801,0.037456,7.08624,360975
2789,2,-1.078,26,0,1,0,0.338462,0.035742,7.05873,361002
2790,2,9.69964,102,1,0,0,0.338124,0.046865,7.06179,361105
2791,2,-1.126,42,0,1,0,0.337786,0.04441,7.06449,361148
2792,2,9.93089,25,1,0,0,0.337448,0.040857,7.07483,361174
2793,2,-1.12,40,0,1,0,0.337111,0.039055,7.08143,361215
2794,2,-1.051,17,0,1,0,0.336773,0.048584,7.04585,361233
2795,2,9.92757,26,1,0,0,0.336437,0.039437,7.05601,361260
2796,2,-1.228,76,0,1,0,0.3361,0.039632,7.03277,361337
2797,2,9.88574,40,1,0,0,0.335764,0.052257,7.03838,361378
2798,2,9.67638,110,1,0,0,0.335428,0.047794,7.04074,361489
2799,2,9.88361,41,1,0,0,0.335093,0.046391,7.05504,361531
2800,2,-1.081,27,0,1,0,0.334758,0.044632,7.0391,361559
2801,2,-1.015,5,0,1,0,0.334423,0.064221,7.0226,361565
2802,2,9.86825,46,1,0,0,0.334089,0.038788,7.01159,361612
2803,2,9.70327,101,1,0,0,0.333755,0.041814,7.06318,361714
2804,2,9.89213,38,1,0,0,0.333421,0.047809,7.03162,361753
2805,2,9.80782,66,1,0,0,0.333087,0.037735,7.05385,361820
2806,2,-1.087,29,0,1,0,0.332754,0.034979,7.0188,361850
2807,2,-1.06531,22,0,1,0,0.332422,0.042623,7.04652,361873
2808,2,-1.063,21,0,1,0,0.332089,0.068323,7.08988,361895
2809,2,9.78371,74,1,0,0,0.331757,0.054486,7.01502,361970
2810,2,-1.051,17,0,1,0,0.331425,0.031955,7.0598,361988
2811,2,-1.165,55,0,1,0,0.331094,0.044694,7.02698,362044
2812,2,-1.393,131,0,1,0,0.330763,0.046534,7.03742,362176
2813,2,-1.1777,60,0,1,0,0.330432,0.044365,7.0501,362237
2814,2,-1.108,36,0,1,0,0.330102,0.036507,7.05399,362274
2815,2,-1.2,400,0,0,1,0.329771,0.042779,7.02661,362674
2816,2,-1.411,137,0,1,0,0.329442,0.045187,7.00633,362812
2817,2,9.81062,65,1,0,0,0.329112,0.04004,7.00006,362878
2818,2,-1.153,51,0,1,0,0.328783,0.043584,6.9853,362930
2819,2,9.7185,96,1,0,0,0.328454,0.047576,7.02753,363027
2820,2,9.8977,36,1,0,0,0.328126,0.049765,7.0122,363064
2821,2,9.90963,32,1,0,0,0.327798,0.044361,7.00121,363097
2822,2,9.72394,94,1,0,0,0.32747,0.048185,6.98491,363192
2823,2,9.83516,57,1,0,0,0.327143,0.042438,7.02237,363250
2824,2,9.9162,30,1,0,0,0.326815,0.047741,7.02992,363281
2825,2,-1.234,78,0,1,0,0.326489,0.048772,7.03833,363360
2826,2,9.70299,101,1,0,0,0.326162,0.040338,6.98602,363462
2827,2,-1.153,51,0,1,0,0.325836,0.033983,7.03004,363514
2828,2,-1.294,98,0,1,0,0.32551,0.044088,7.00304,363613
2829,2,-1.033,11,0,1,0,0.325185,0.050233,6.9515,363625
2830,2,-1.285,95,0,1,0,0.324859,0.044811,6.99473,363721
2831,2,9.59751,136,1,0,0,0.324535,0.046334,7.00973,363858
2832,2,9.74486,87,1,0,0,0.32421,0.039526,7.00864,363946
2833,2,-1.183,61,0,1,0,0.323886,0.038216,7.01994,364008
2834,2,9.81945,62,1,0,0,0.323562,0.041452,7.01668,364071
2835,2,-1.159,53,0,1,0,0.323238,0.050873,6.97755,364125
2836,2,9.77735,76,1,0,0,0.322915,0.046103,6.995,364202
2837,2,-1.2,400,0,0,1,0.322592,0.045391,6.96892,364602
2838,2,-1.24,80,0,1,0,0.32227,0.040834,6.94917,364683
2839,2,9.81083,65,1,0,0,0.321947,0.046472,6.94314,364749
2840,2,-1.138,46,0,1,0,0.321625,0.041581,6.94332,364796
2841,2,-1.054,18,0,1,0,0.321304,0.056443,6.97004,364815
2842,2,-1.057,19,0,1,0,0.320982,0.023005,7.02015,364835
2843,2,-1.036,12,0,1,0,0.320661,0.029075,6.88276,364848
2844,2,-1.033,11,0,1,0,0.320341,0.034687,6.96367,364860
2845,2,-1.189,63,0,1,0,0.32002,0.041594,6.91922,364924
2846,2,9.6818,108,1,0,0,0.3197,0.048215,6.94813,365033
2847,2,9.69457,104,1,0,0,0.319381,0.045873,6.94334,365138
2848,2,9.54068,155,1,0,0,0.319061,0.045624,6.939,365294
2849,2,9.84697,53,1,0,0,0.318742,0.035319,6.91649,365348
2850,2,-1.177,59,0,1,0,0.318424,0.040025,6.9041,365408
2851,2,9.8978,36,1,0,0,0.318105,0.044629,6.90841,365445
2852,2,9.87086,45,1,0,0,0.317787,0.051236,6.94632,365491
2853,2,-1.087,29,0,1,0,0.317469,0.047385,6.95088,365521
2854,2,-1.171,57,0,1,0,0.317152,0.026925,6.90405,365579
2855,2,-1.06,20,0,1,0,0.316835,0.040208,6.91369,365600
2856,2,9.63714,123,1,0,0,0.316518,0.042049,6.93399,365724
2857,2,-1.096,32,0,1,0,0.316201,0.040687,6.87643,365757
2858,2,-1.087,29,0,1,0,0.315885,0.048061,6.92565,365787
2859,2,-1.405,135,0,1,0,0.315569,0.043739,6.94454,365923
2860,2,-1.147,49,0,1,0,0.315254,0.041251,6.9155,365973
2861,2,9.80771,66,1,0,0,0.314938,0.043102,6.93367,366040
2862,2,9.74199,88,1,0,0,0.314623,0.048225,6.9234,366129
2863,2,9.92176,28,1,0,0,0.314309,0.050249,6.95902,366158
2864,2,-1.039,13,0,1,0,0.313994,0.047542,6.94105,366172
2865,2,9.66328,114,1,0,0,0.31368,0.04087,6.92379,366287
2866,2,-1.141,47,0,1,0,0.313367,0.028543,6.95819,366335
2867,2,-1.045,15,0,1,0,0.313053,0.038663,6.9591,366351
2868,2,9.88026,42,1,0,0,0.31274,0.050181,6.93847,366394
2869,2,9.84413,54,1,0,0,0.312428,0.050198,6.92782,366449
2870,2,9.87948,42,1,0,0,0.312115,0.054907,6.95236,366492
2871,2,9.88934,39,1,0,0,0.311803,0.044367,6.92451,366532
2872,2,9.80212,68,1,0,0,0.311491,0.043264,6.9545,366601
2873,2,-1.14947,50,0,1,0,0.31118,0.049663,6.963,366652
2874,2,9.92459,27,1,0,0,0.310869,0.03216,6.94304,366680
2875,2,9.73615,90,1,0,0,0.310558,0.035168,6.95449,366771
2876,2,9.83532,57,1,0,0,0.310247,0.046112,6.92328,366829
2877,2,-1.13436,45,0,1,0,0.309937,0.040164,6.94299,366875
2878,2,9.81411,64,1,0,0,0.309627,0.051033,6.94163,366940
2879,2,9.60991,132,1,0,0,0.309317,0.054153,6.94472,367073
2880,2,9.86753,46,1,0,0,0.309008,0.046141,6.95428,367120
2881,2,9.76895,79,1,0,0,0.308699,0.043259,6.93279,367200
2882,2,9.70278,101,1,0,0,0.30839,0.045125,6.92578,367302
2883,2,-1.093,31,0,1,0,0.308082,0.033748,6.85652,367334
2884,2,9.74792,86,1,0,0,0.307774,0.057989,6.92681,367421
2885,2,9.89178,38,1,0,0,0.307466,0.040145,6.91173,367460
2886,2,-1.096,32,0,1,0,0.307159,0.04802,6.89592,367493
2887,2,9.88927,39,1,0,0,0.306852,0.033458,6.92539,367533
2888,2,-1.078,26,0,1,0,0.306545,0.038319,6.91712,367560
2889,2,-1.186,62,0,1,0,0.306238,0.032214,6.91294,367623
2890,2,9.87413,44,1,0,0,0.305932,0.05239,6.93261,367668
2891,2,-1.147,49,0,1,0,0.305626,0.067186,6.90018,367718
2892,2,-1.123,41,0,1,0,0.30532,0.039093,6.95623,367760
2893,2,9.66387,114,1,0,0,0.305015,0.045676,6.91553,367875
2894,2,9.64105,122,1,0,0,0.30471,0.045651,6.90554,367998
2895,2,-1.23996,81,0,1,0,0.304405,0.0462,6.91053,368080
2896,2,9.90992,32,1,0,0,0.304101,0.040961,6.88596,368113
2897,2,9.85923,49,1,0,0,0.303797,0.04557,6.94186,368163
2898,2,9.80452,67,1,0,0,0.303493,0.045243,6.92188,368231
2899,2,-1.207,69,0,1,0,0.303189,0.046796,6.91107,368301
2900,2,9.88917,39,1,0,0,0.302886,0.043126,6.92695,368341
2901,2,9.91919,29,1,0,0,0.302583,0.05134,6.95672,368371
2902,2,9.60561,134,1,0,0,0.302281,0.036728,6.92089,368506
2903,2,9.89488,37,1,0,0,0.301979,0.031317,6.91563,368544
2904,2,9.57692,143,1,0,0,0.301677,0.045039,6.90399,368688
2905,2,9.84995,52,1,0,0,0.301375,0.043515,6.92982,368741
2906,2,9.85642,50,1,0,0,0.301074,0.047424,6.91474,368792
2907,2,-1.645,215,0,1,0,0.300772,0.047295,6.92277,369008
2908,2,-1.516,172,0,1,0,0.300472,0.048116,6.89452,369181
2909,2,-1.222,74,0,1,0,0.300171,0.044785,6.92665,369256
2910,2,9.71492,97,1,0,0,0.299871,0.040361,6.88523,369354
2911,2,-1.138,46,0,1,0,0.299571,0.046509,6.92827,369401
2912,2,9.8231,61,1,0,0,0.299272,0.038154,6.90823,369463
2913,2,9.83865,56,1,0,0,0.298972,0.035482,6.90253,369520
2914,2,9.72987,92,1,0,0,0.298673,0.043034,6.91697,369613
2915,2,9.86164,48,1,0,0,0.298375,0.046359,6.88486,369662
2916,2,9.73598,90,1,0,0,0.298076,0.039295,6.92467,369753
2917,2,-1.051,17,0,1,0,0.297778,0.04436,6.88549,369771
2918,2,-1.171,57,0,1,0,0.29748,0.032321,6.90357,369829
2919,2,-1.144,48,0,1,0,0.297183,0.042603,6.93918,369878
2920,2,9.69401,104,1,0,0,0.296886,0.039378,6.9082,369983
2921,2,9.74783,86,1,0,0,0.296589,0.049121,6.92037,370070
2922,2,-1.351,117,0,1,0,0.296292,0.041779,6.91464,370188
2923,2,-1.096,32,0,1,0,0.295996,0.057283,6.89884,370221
2924,2,9.85592,50,1,0,0,0.2957,0.048071,6.90809,370272
2925,2,9.88301,41,1,0,0,0.295404,0.046667,6.87879,370314
2926,2,9.85605,50,1,0,0,0.295109,0.03624,6.87792,370365
2927,2,9.72371,94,1,0,0,0.294814,0.041975,6.90901,370460
2928,2,9.92457,27,1,0,0,0.294519,0.042912,6.85501,370488
2929,2,9.86512,47,1,0,0,0.294224,0.043183,6.87651,370536
2930,2,9.79362,71,1,0,0,0.29393,0.044061,6.91438,370608
2931,2,9.7994,69,1,0,0,0.293636,0.052565,6.89479,370678
2932,2,9.71154,98,1,0,0,0.293343,0.038745,6.89526,370777
2933,2,-1.039,13,0,1,0,0.293049,0.04595,6.84989,370791
2934,2,9.74501,87,1,0,0,0.292756,0.048505,6.89713,370879
2935,2,-1.198,66,0,1,0,0.292464,0.047453,6.92722,370946
2936,2,9.92448,27,1,0,0,0.292171,0.045611,6.8982,370974
2937,2,9.91024,32,1,0,0,0.291879,0.037214,6.88595,371007
2938,2,9.88528,40,1,0,0,0.291587,0.048929,6.88631,371048
2939,2,9.81099,65,1,0,0,0.291295,0.043331,6.89159,371114
2940,2,-1.03,10,0,1,0,0.291004,0.023356,6.99442,371125
2941,2,9.84719,53,1,0,0,0.290713,0.044487,6.89824,371179
2942,2,-1.123,41,0,1,0,0.290422,0.04265,6.88505,371221
2943,2,9.86602,47,1,0,0,0.290132,0.038123,6.89335,371269
2944,2,9.72102,95,1,0,0,0.289842,0.042418,6.90189,371365
2945,2,9.77486,77,1,0,0,0.289552,0.040479,6.90478,371443
2946,2,9.82025,62,1,0,0,0.289262,0.040047,6.92637,371506
2947,2,9.84094,55,1,0,0,0.288973,0.034294,6.92901,371562
2948,2,9.91583,30,1,0,0,0.288684,0.053771,6.89232,371593
2949,2,9.8144,64,1,0,0,0.288396,0.044318,6.91072,371658
2950,2,-1.072,24,0,1,0,0.288107,0.045006,6.88724,371683
2951,2,-1.117,39,0,1,0,0.287819,0.0424,6.91958,371723
2952,2,9.63753,123,1,0,0,0.287531,0.043761,6.90962,371847
2953,2,-1.294,98,0,1,0,0.287244,0.04359,6.8918,371946
2954,2,-1.249,83,0,1,0,0.286956,0.047812,6.88622,372030
2955,2,9.89789,36,1,0,0,0.286669,0.047528,6.88633,372067
2956,2,9.91291,31,1,0,0,0.286383,0.045514,6.93534,372099
2957,2,9.87089,45,1,0,0,0.286096,0.049905,6.88398,372145
2958,2,-1.129,43,0,1,0,0.28581,0.03135,6.92214,372189
2959,2,9.78984,72,1,0,0,0.285525,0.043112,6.87538,372262
2960,2,9.90385,34,1,0,0,0.285239,0.045902,6.88182,372297
2961,2,9.86251,48,1,0,0,0.284954,0.034714,6.85898,372346
2962,2,-1.534,178,0,1,0,0.284669,0.038232,6.89541,372525
2963,2,9.77535,77,1,0,0,0.284384,0.042479,6.89116,372603
2964,2,-1.39,130,0,1,0,0.2841,0.045329,6.88352,372734
2965,2,9.89246,38,1,0,0,0.283816,0.050337,6.89492,372773
2966,2,9.82581,60,1,0,0,0.283532,0.052293,6.90259,372834
2967,2,-1.165,55,0,1,0,0.283248,0.050308,6.88568,372890
2968,2,9.86796,46,1,0,0,0.282965,0.039506,6.88661,372937
2969,2,9.88869,39,1,0,0,0.282682,0.058567,6.9139,372977
2970,2,9.84334,54,1,0,0,0.282399,0.036727,6.91131,373032
2971,2,9.78717,73,1,0,0,0.282117,0.043186,6.90702,373106
2972,2,9.86151,48,1,0,0,0.281835,0.040752,6.87926,373155
2973,2,-1.117,39,0,1,0,0.281553,0.044856,6.91714,373195
2974,2,-1.621,207,0,1,0,0.281272,0.043549,6.89415,373403
2975,2,9.7482,86,1,0,0,0.28099,0.044798,6.88355,373490
2976,2,-1.03,10,0,1,0,0.280709,0.064399,6.98673,373501
2977,2,9.76859,79,1,0,0,0.280429,0.045458,6.88813,373581
2978,2,9.79293,71,1,0,0,0.280148,0.042293,6.91089,373653
2979,2,9.72142,95,1,0,0,0.279868,0.045357,6.89598,373749
2980,2,9.89477,37,1,0,0,0.279588,0.04326,6.88563,373787
2981,2,9.66477,114,1,0,0,0.279308,0.042741,6.89763,373902
2982,2,9.76304,81,1,0,0,0.279029,0.037193,6.93651,373984
2983,2,-1.174,58,0,1,0,0.27875,0.047567,6.86849,374043
2984,2,-1.048,16,0,1,0,0.278471,0.041888,6.84343,374060
2985,2,9.89173,38,1,0,0,0.278193,0.03964,6.89632,374099
2986,2,-1.069,23,0,1,0,0.277915,0.045103,6.87535,374123
2987,2,9.77537,77,1,0,0,0.277637,0.047081,6.87708,374201
2988,2,9.76852,79,1,0,0,0.277359,0.041243,6.88298,374281
2989,2,-1.996,332,0,1,0,0.277082,0.038855,6.89577,374614
2990,2,-1.063,21,0,1,0,0.276805,0.039257,6.88977,374636
2991,2,-1.201,67,0,1,0,0.276528,0.052479,6.9148,374704
2992,2,-1.07952,27,0,1,0,0.276251,0.036119,6.93886,374732
2993,2,9.8084,66,1,0,0,0.275975,0.037189,6.89035,374799
2994,2,9.90095,35,1,0,0,0.275699,0.043049,6.86602,374835
2995,2,9.84983,52,1,0,0,0.275423,0.035691,6.89251,374888
2996,2,9.40338,201,1,0,0,0.275148,0.041387,6.88144,375090
2997,2,9.92743,26,1,0,0,0.274873,0.044302,6.84318,375117
2998,2,9.8227,61,1,0,0,0.274598,0.03635,6.85291,375179
2999,2,9.91872,29,1,0,0,0.274323,0.039517,6.8926,375209
3000,2,9.91038,32,1,0,0,0.274049,0.037813,6.90494,375242
3001,2,-1.264,88,0,1,0,0.273775,0.038934,6.86576,375331
3002,2,9.81936,62,1,0,0,0.273501,0.038544,6.86186,375394
3003,2,9.81425,64,1,0,0,0.273228,0.03635,6.90754,375459
3004,2,-1.234,78,0,1,0,0.272955,0.045075,6.86447,375538
3005,2,-1.042,14,0,1,0,0.272682,0.035038,6.86369,375553
3006,2,9.84373,54,1,0,0,0.272409,0.044042,6.8934,375608
3007,2,-1.108,36,0,1,0,0.272137,0.045561,6.86078,375645
3008,2,9.84023,55,1,0,0,0.271864,0.045831,6.89077,375701
3009,2,-1.027,9,0,1,0,0.271593,0.05417,6.82126,375711
3010,2,9.91567,30,1,0,0,0.271321,0.036852,6.88489,375742
3011,2,9.90676,33,1,0,0,0.27105,0.038233,6.89753,375776
3012,2,-1.186,62,0,1,0,0.270779,0.044,6.86574,375839
3013,2,9.80802,66,1,0,0,0.270508,0.040644,6.9001,375906
3014,2,-1.069,23,0,1,0,0.270237,0.039012,6.94367,375930
3015,2,9.91285,31,1,0,0,0.269967,0.039108,6.93185,375962
3016,2,9.85944,49,1,0,0,0.269697,0.051517,6.90344,376012
3017,2,-1.108,36,0,1,0,0.269427,0.045576,6.87865,376049
3018,2,-1.012,4,0,1,0,0.269158,0.036474,6.91818,376054
3019,2,9.84728,53,1,0,0,0.268889,0.042621,6.87116,376108
3020,2,-1.426,142,0,1,0,0.26862,0.047918,6.90745,376251
3021,2,9.83129,58,1,0,0,0.268351,0.043612,6.89576,376310
3022,2,9.85268,51,1,0,0,0.268083,0.045657,6.91576,376362
3023,2,-1.087,29,0,1,0,0.267815,0.053825,6.87163,376392
3024,2,9.83732,56,1,0,0,0.267547,0.035596,6.90342,376449
3025,2,9.84104,55,1,0,0,0.267279,0.038132,6.8969,376505
3026,2,9.90338,34,1,0,0,0.267012,0.034803,6.8525,376540
3027,2,-1.09,30,0,1,0,0.266745,0.029452,6.88432,376571
3028,2,9.87069,45,1,0,0,0.266478,0.037444,6.90361,376617
3029,2,9.62472,127,1,0,0,0.266212,0.045252,6.9159,376745
3030,2,9.57686,143,1,0,0,0.265946,0.039138,6.87726,376889
3031,2,-1.048,16,0,1,0,0.26568,0.040267,6.82932,376906
3032,2,9.69751,103,1,0,0,0.265414,0.040176,6.895,377010
3033,2,9.81702,63,1,0,0,0.265149,0.036779,6.89783,377074
3034,2,-1.012,4,0,1,0,0.264884,0.016946,6.8765,377079
3035,2,-1.111,37,0,1,0,0.264619,0.033074,6.90988,377117
3036,2,-1.129,43,0,1,0,0.264354,0.03965,6.86539,377161
3037,2,9.78191,75,1,0,0,0.26409,0.031202,6.89104,377237
3038,2,-1.39,130,0,1,0,0.263826,0.041806,6.90509,377368
3039,2,-1.171,57,0,1,0,0.263562,0.047178,6.94575,377426
3040,2,-1.057,19,0,1,0,0.263298,0.043078,6.89515,377446
3041,2,9.83918,56,1,0,0,0.263035,0.051214,6.86804,377503
3042,2,9.88606,40,1,0,0,0.262772,0.042418,6.92705,377544
3043,2,9.84726,53,1,0,0,0.262509,0.049501,6.91533,377598
3044,2,-1.054,18,0,1,0,0.262247,0.054199,6.88578,377617
3045,2,9.76106,82,1,0,0,0.261984,0.050473,6.91486,377700
3046,2,-1.147,49,0,1,0,0.261722,0.043603,6.87485,377750
3047,2,9.80825,66,1,0,0,0.261461,0.044704,6.91396,377817
3048,2,-1.099,33,0,1,0,0.261199,0.042728,6.92958,377851
3049,2,-1.657,219,0,1,0,0.260938,0.043419,6.90771,378071
3050,2,9.69156,105,1,0,0,0.260677,0.041449,6.89738,378177
3051,2,-1.096,32,0,1,0,0.260416,0.045247,6.90548,378210
3052,2,9.92211,28,1,0,0,0.260156,0.061624,6.90485,378239
3053,2,9.56235,148,1,0,0,0.259896,0.045869,6.91343,378388
3054,2,9.31027,232,1,0,0,0.259636,0.040455,6.89766,378621
3055,2,9.81411,64,1,0,0,0.259376,0.045313,6.94204,378686
3056,2,9.92181,28,1,0,0,0.259117,0.040216,6.93347,378715
3057,2,9.75672,83,1,0,0,0.258858,0.043322,6.91973,378799
3058,2,9.91604,30,1,0,0,0.258599,0.046324,6.89886,378830
3059,2,9.88298,41,1,0,0,0.25834,0.043848,6.93734,378872
3060,2,-1.165,55,0,1,0,0.258082,0.040815,6.94583,378928
3061,2,-1.216,72,0,1,0,0.257824,0.054382,6.91086,379001
3062,2,-1.045,15,0,1,0,0.257566,0.046058,6.98337,379017
3063,2,9.87384,44,1,0,0,0.257309,0.031944,6.9017,379062
3064,2,-1.09,30,0,1,0,0.257051,0.03901,6.92007,379093
3065,2,9.79008,72,1,0,0,0.256794,0.041438,6.9044,379166
3066,2,9.92462,27,1,0,0,0.256537,0.04268,6.95581,379194
3067,2,9.84969,52,1,0,0,0.256281,0.036857,6.9375,379247
3068,2,-1.08893,30,0,1,0,0.256025,0.042084,6.99004,379278
3069,2,9.88028,42,1,0,0,0.255769,0.047468,6.92687,379321
3070,2,-1.276,92,0,1,0,0.255513,0.047461,6.94243,379414
3071,2,9.89233,38,1,0,0,0.255257,0.04981,6.96356,379453
3072,2,-1.237,79,0,1,0,0.255002,0.048727,6.93885,379533
3073,2,9.67875,109,1,0,0,0.254747,0.049294,6.94581,379643
3074,2,9.82897,59,1,0,0,0.254492,0.037429,6.95687,379703
3075,2,9.82599,60,1,0,0,0.254238,0.048792,6.89438,379764
3076,2,9.87383,44,1,0,0,0.253984,0.050594,6.93608,379809
3077,2,-1.12,40,0,1,0,0.25373,0.043653,6.89064,379850
3078,2,9.9098,32,1,0,0,0.253476,0.040018,6.88983,379883
3079,2,9.83472,57,1,0,0,0.253222,0.047181,6.93424,379941
3080,2,9.87945,42,1,0,0,0.252969,0.061958,6.958,379984
3081,2,9.88859,39,1,0,0,0.252716,0.046841,6.9243,380024
3082,2,9.75759,83,1,0,0,0.252463,0.044027,6.92954,380108
3083,2,-1.021,7,0,1,0,0.252211,0.04816,6.94123,380116
3084,2,-1.03,10,0,1,0,0.251959,0.029982,6.92144,380127
3085,2,9.74222,88,1,0,0,0.251707,0.05032,6.95056,380216
3086,2,9.81648,63,1,0,0,0.251455,0.047221,6.94688,380280
3087,2,9.88258,41,1,0,0,0.251204,0.040972,6.91817,380322
3088,2,9.85564,50,1,0,0,0.250952,0.03831,6.97604,380373
3089,2,9.79558,70,1,0,0,0.250701,0.040892,6.94762,380444
3090,2,-1.114,38,0,1,0,0.250451,0.042842,6.88494,380483
3091,2,-1.03,10,0,1,0,0.2502,0.024638,6.91238,380494
3092,2,9.8255,60,1,0,0,0.24995,0.053242,6.95801,380555
3093,2,9.80774,66,1,0,0,0.2497,0.05273,6.92402,380622
3094,2,9.88574,40,1,0,0,0.24945,0.048522,6.90901,380663
3095,2,9.33673,223,1,0,0,0.249201,0.045443,6.93298,380887
3096,2,-1.063,21,0,1,0,0.248952,0.040357,6.89377,380909
3097,2,-1.168,56,0,1,0,0.248703,0.04682,6.93473,380966
3098,2,-1.285,95,0,1,0,0.248454,0.042582,6.93906,381062
3099,2,9.7566,83,1,0,0,0.248206,0.046627,6.94455,381146
3100,2,9.82325,61,1,0,0,0.247958,0.047829,6.92127,381208
3101,2,-1.246,82,0,1,0,0.24771,0.045767,6.93487,381291
3102,2,9.93361,24,1,0,0,0.247462,0.050841,6.9034,381316
3103,2,-1.123,41,0,1,0,0.247214,0.054459,6.92325,381358
3104,2,-1.2,400,0,0,1,0.246967,0.045993,6.93214,381758
3105,2,9.79334,71,1,0,0,0.24672,0.047394,6.89178,381830
3106,2,9.76839,79,1,0,0,0.246473,0.048309,6.91335,381910
3107,2,-1.051,17,0,1,0,0.246227,0.033918,6.82728,381928
3108,2,9.75378,84,1,0,0,0.245981,0.043506,6.93199,382013
3109,2,-1.243,81,0,1,0,0.245735,0.055336,6.91416,382095
3110,2,9.83522,57,1,0,0,0.245489,0.042731,6.90324,382153
3111,2,-1.234,78,0,1,0,0.245244,0.049137,6.90791,382232
3112,2,9.86174,48,1,0,0,0.244998,0.04537,6.88326,382281
3113,2,9.84992,52,1,0,0,0.244753,0.048098,6.9001,382334
3114,2,-1.198,66,0,1,0,0.244509,0.043432,6.93469,382401
3115,2,9.88288,41,1,0,0,0.244264,0.053984,6.89899,382443
3116,2,9.9096,32,1,0,0,0.24402,0.043538,6.92961,382476
3117,2,-1.066,22,0,1,0,0.243776,0.047603,7.01323,382499
3118,2,-1.15,50,0,1,0,0.243532,0.053666,6.91717,382550
3119,2,9.93418,24,1,0,0,0.243288,0.061356,6.8941,382575
3120,2,-1.22998,78,0,1,0,0.243045,0.041442,6.9166,382654
3121,2,9.9369,23,1,0,0,0.242802,0.045154,6.9858,382678
3122,2,9.85224,51,1,0,0,0.242559,0.036572,6.93732,382730
3123,2,9.90687,33,1,0,0,0.242317,0.048023,6.94594,382764
3124,2,9.7508,85,1,0,0,0.242074,0.044092,6.92394,382850
3125,2,-1.027,9,0,1,0,0.241832,0.025671,6.84288,382860
3126,2,9.80783,66,1,0,0,0.241591,0.049684,6.93513,382927
3127,2,-1.336,112,0,1,0,0.241349,0.051151,6.93996,383040
3128,2,9.88289,41,1,0,0,0.241108,0.044356,6.95501,383082
3129,2,-1.111,37,0,1,0,0.240867,0.0564,6.95799,383120
3130,2,-1.072,24,0,1,0,0.240626,0.036188,6.97321,383145
3131,2,9.6789,109,1,0,0,0.240385,0.044366,6.93769,383255
3132,2,9.93654,23,1,0,0,0.240145,0.034458,6.90906,383279
3133,2,9.92497,27,1,0,0,0.239904,0.044351,6.98848,383307
3134,2,-1.105,35,0,1,0,0.239665,0.039007,6.9855,383343
3135,2,-1.576,192,0,1,0,0.239425,0.04653,6.9354,383536
3136,2,9.73006,92,1,0,0,0.239185,0.05542,6.92819,383629
3137,2,9.81966,62,1,0,0,0.238946,0.052317,6.95433,383692
3138,2,-1.123,41,0,1,0,0.238707,0.039292,6.93615,383734
3139,2,-1.033,11,0,1,0,0.238469,0.060284,6.91598,383746
3140,2,9.77784,76,1,0,0,0.23823,0.045666,6.92389,383823
3141,2,-1.114,38,0,1,0,0.237992,0.050632,6.93366,383862
3142,2,9.81723,63,1,0,0,0.237754,0.0521,6.90186,383926
3143,2,9.90441,34,1,0,0,0.237516,0.037491,6.94136,383961
3144,2,9.91901,29,1,0,0,0.237279,0.044357,6.93384,383991
3145,2,9.85578,50,1,0,0,0.237041,0.048878,6.94151,384042
3146,2,9.82552,60,1,0,0,0.236804,0.054557,6.88532,384103
3147,2,-1.05149,18,0,1,0,0.236568,0.027255,6.96486,384122
3148,2,9.88541,40,1,0,0,0.236331,0.048345,6.95726,384163
3149,2,9.76292,81,1,0,0,0.236095,0.041892,6.92041,384245
3150,2,9.94925,19,1,0,0,0.235859,0.036076,6.97814,384265
3151,2,9.82598,60,1,0,0,0.235623,0.049752,6.89745,384326
3152,2,-1.105,35,0,1,0,0.235387,0.043978,6.92948,384362
3153,2,9.91875,29,1,0,0,0.235152,0.054316,6.922,384392
3154,2,9.94549,20,1,0,0,0.234917,0.054477,6.962,384413
3155,2,-1.654,218,0,1,0,0.234682,0.045114,6.92745,384632
3156,2,-1.114,38,0,1,0,0.234447,0.044734,6.96221,384671
3157,2,9.81412,64,1,0,0,0.234213,0.052736,6.92667,384736
3158,2,9.76225,81,1,0,0,0.233978,0.050062,6.93325,384818
3159,2,-1.171,57,0,1,0,0.233744,0.049344,6.93304,384876
3160,2,-1.105,35,0,1,0,0.233511,0.052948,6.90535,384912
3161,2,9.8685,46,1,0,0,0.233277,0.041086,6.95415,384959
3162,2,9.85558,50,1,0,0,0.233044,0.048503,6.90464,385010
3163,2,9.75124,85,1,0,0,0.232811,0.038507,6.92403,385096
3164,2,-1.021,7,0,1,0,0.232578,0.068962,6.93289,385104
3165,2,9.90206,35,1,0,0,0.232345,0.054433,6.913,385140
3166,2,9.87076,45,1,0,0,0.232113,0.049413,6.94192,385186
3167,2,-1.066,22,0,1,0,0.231881,0.044262,6.92599,385209
3168,2,-1.309,103,0,1,0,0.231649,0.053063,6.93573,385313
3169,2,9.9009,35,1,0,0,0.231417,0.034497,6.94289,385349
3170,2,-1.111,37,0,1,0,0.231186,0.039139,6.94244,385387
3171,2,9.88292,41,1,0,0,0.230955,0.053133,6.90931,385429
3172,2,9.7389,89,1,0,0,0.230724,0.045449,6.96576,385519
3173,2,9.80486,67,1,0,0,0.230493,0.039077,6.90618,385587
3174,2,-1.2,400,0,0,1,0.230263,0.047813,6.9289,385987
3175,2,9.9099,32,1,0,0,0.230032,0.052651,6.96611,386020
3176,2,-1.051,17,0,1,0,0.229802,0.039071,6.94138,386038
3177,2,9.91578,30,1,0,0,0.229572,0.058866,6.98328,386069
3178,2,-1.042,14,0,1,0,0.229343,0.037572,6.91604,386084
3179,2,9.78694,73,1,0,0,0.229114,0.053073,6.93589,386158
3180,2,-1.126,42,0,1,0,0.228884,0.037086,6.96217,386201
3181,2,-1.087,29,0,1,0,0.228656,0.052357,6.98147,386231
3182,2,9.8172,63,1,0,0,0.228427,0.039303,6.97186,386295
3183,2,9.90403,34,1,0,0,0.228198,0.041362,6.96098,386330
3184,2,-1.138,46,0,1,0,0.22797,0.044542,6.95797,386377
3185,2,-1.135,45,0,1,0,0.227742,0.044727,6.92797,386423
3186,2,9.82832,59,1,0,0,0.227515,0.051971,6.95576,386483
3187,2,9.67238,111,1,0,0,0.227287,0.044497,6.95475,386595
3188,2,-1.654,218,0,1,0,0.22706,0.046963,6.96066,386814
3189,2,9.46004,182,1,0,0,0.226833,0.048999,6.9584,386997
3190,2,9.93042,25,1,0,0,0.226606,0.059558,6.8929,387023
3191,2,9.84973,52,1,0,0,0.226379,0.053268,6.96121,387076
3192,2,9.83832,56,1,0,0,0.226153,0.055627,6.97489,387133
3193,2,-1.048,16,0,1,0,0.225927,0.037421,6.93256,387150
3194,2,9.92769,26,1,0,0,0.225701,0.055832,6.97252,387177
3195,2,9.73596,90,1,0,0,0.225475,0.054012,6.95059,387268
3196,2,-1.102,34,0,1,0,0.22525,0.030921,6.98826,387303
3197,2,9.85847,49,1,0,0,0.225024,0.051315,6.95944,387353
3198,2,-1.099,33,0,1,0,0.224799,0.066849,6.9606,387387
3199,2,9.77457,77,1,0,0,0.224575,0.035577,6.94539,387465
3200,2,-1.054,18,0,1,0,0.22435,0.044033,6.92011,387484
3201,2,9.85909,49,1,0,0,0.224126,0.046941,6.92869,387534
3202,2,-1.009,3,0,1,0,0.223902,0.11432,7.01134,387538
3203,2,9.89534,37,1,0,0,0.223678,0.053208,6.97174,387576
3204,2,9.87675,43,1,0,0,0.223454,0.067331,6.95886,387620
3205,2,9.85845,49,1,0,0,0.22323,0.04761,6.97952,387670
3206,2,9.83841,56,1,0,0,0.223007,0.042381,6.94677,387727
3207,2,9.89764,36,1,0,0,0.222784,0.040313,6.99311,387764
3208,2,-1.156,52,0,1,0,0.222561,0.043944,6.99225,387817
3209,2,9.85319,51,1,0,0,0.222339,0.036024,6.99929,387869
3210,2,-1.015,5,0,1,0,0.222117,0.088571,7.02976,387875
3211,2,-1.258,86,0,1,0,0.221894,0.059524,6.96404,387962
3212,2,-1.066,22,0,1,0,0.221673,0.054588,6.9676,387985
3213,2,9.70007,102,1,0,0,0.221451,0.044203,6.98324,388088
3214,2,-1.129,43,0,1,0,0.221229,0.047534,6.97455,388132
3215,2,-1.159,53,0,1,0,0.221008,0.047592,6.96172,388186
3216,2,-1.027,9,0,1,0,0.220787,0.01953,7.03632,388196
3217,2,-1.045,15,0,1,0,0.220566,0.055713,6.91732,388212
3218,2,9.78355,74,1,0,0,0.220346,0.04648,6.96915,388287
3219,2,9.86503,47,1,0,0,0.220125,0.057963,6.99257,388335
3220,2,9.90081,35,1,0,0,0.219905,0.054296,6.99659,388371
3221,2,9.85547,50,1,0,0,0.219685,0.041385,6.98996,388422
3222,2,-1.186,62,0,1,0,0.219466,0.048722,7.001,388485
3223,2,9.74128,88,1,0,0,0.219246,0.058794,6.99343,388574
3224,2,-1.198,66,0,1,0,0.219027,0.047357,6.98748,388641
3225,2,9.92585,27,1,0,0,0.218808,0.049542,7.03594,388669
3226,2,9.67005,112,1,0,0,0.218589,0.049173,6.99837,388782
3227,2,-1.093,31,0,1,0,0.218371,0.039591,7.02832,388814
3228,2,-1.087,29,0,1,0,0.218152,0.046142,7.0333,388844
3229,2,9.9006,35,1,0,0,0.217934,0.042009,6.99225,388880
3230,2,9.88858,39,1,0,0,0.217716,0.043347,6.98629,388920
3231,2,9.76833,79,1,0,0,0.217498,0.047641,6.98249,389000
3232,2,-1.177,59,0,1,0,0.217281,0.044055,6.97291,389060
3233,2,9.82584,60,1,0,0,0.217064,0.058023,7.01043,389121
3234,2,9.86158,48,1,0,0,0.216847,0.052084,7.00472,389170
3235,2,9.91927,29,1,0,0,0.21663,0.051738,6.97494,389200
3236,2,9.88268,41,1,0,0,0.216413,0.051655,7.01729,389242
3237,2,-1.033,11,0,1,0,0.216197,0.035298,7.08795,389254
3238,2,9.75068,85,1,0,0,0.215981,0.05115,7.00304,389340
3239,2,9.80806,66,1,0,0,0.215765,0.04314,7.00276,389407
3240,2,-1.201,67,0,1,0,0.215549,0.051022,7.00908,389475
3241,2,9.76031,82,1,0,0,0.215333,0.049227,7.00495,389558
3242,2,-1.237,79,0,1,0,0.215118,0.041749,6.9776,389638
3243,2,-1.384,128,0,1,0,0.214903,0.050581,7.01127,389767
3244,2,9.84437,54,1,0,0,0.214688,0.042943,6.99371,389822
3245,2,-1.027,9,0,1,0,0.214473,0.042934,7.03303,389832
3246,2,-1.072,24,0,1,0,0.214259,0.045388,6.95024,389857
3247,2,9.80217,68,1,0,0,0.214044,0.053732,7.00493,389926
3248,2,9.93083,25,1,0,0,0.21383,0.053025,7.00693,389952
3249,2,-1.108,36,0,1,0,0.213617,0.036811,6.98598,389989
3250,2,9.92499,27,1,0,0,0.213403,0.036227,7.04204,390017
3251,2,9.90695,33,1,0,0,0.21319,0.043703,6.98231,390051
3252,2,9.92502,27,1,0,0,0.212976,0.053242,7.02138,390079
3253,2,-1.195,65,0,1,0,0.212763,0.047902,6.9893,390145
3254,2,9.78403,74,1,0,0,0.212551,0.04474,7.02433,390220
3255,2,9.85029,52,1,0,0,0.212338,0.047552,7.04904,390273
3256,2,-1.051,17,0,1,0,0.212126,0.053882,6.94053,390291
3257,2,-1.162,54,0,1,0,0.211914,0.043085,7.03712,390346
3258,2,-1.09,30,0,1,0,0.211702,0.056969,7.02213,390377
3259,2,9.67231,111,1,0,0,0.21149,0.057667,7.05311,390489
3260,2,9.87714,43,1,0,0,0.211279,0.046532,7.03568,390533
3261,2,-1.345,115,0,1,0,0.211067,0.052182,7.04352,390649
3262,2,-1.21,70,0,1,0,0.210856,0.050319,7.09402,390720
3263,2,9.80476,67,1,0,0,0.210645,0.054442,7.05863,390788
3264,2,9.81974,62,1,0,0,0.210435,0.053514,7.04097,390851
3265,2,9.89733,36,1,0,0,0.210224,0.040295,6.99798,390888
3266,2,9.93646,23,1,0,0,0.210014,0.057681,7.09104,390912
3267,2,9.83774,56,1,0,0,0.209804,0.054655,7.10595,390969
3268,2,9.87412,44,1,0,0,0.209594,0.057596,7.05426,391014
3269,2,-1.105,35,0,1,0,0.209385,0.051546,7.10605,391050
3270,2,9.91599,30,1,0,0,0.209175,0.058527,7.02349,391081
3271,2,9.86177,48,1,0,0,0.208966,0.060787,7.03943,391130
3272,2,9.93379,24,1,0,0,0.208757,0.057101,7.06689,391155
3273,2,9.93735,23,1,0,0,0.208548,0.053021,7.09786,391179
3274,2,-1.174,58,0,1,0,0.20834,0.040041,7.06361,391238
3275,2,9.90695,33,1,0,0,0.208131,0.039617,7.05156,391272
3276,2,-1.009,3,0,1,0,0.207923,0.068474,7.11587,391276
3277,2,9.82288,61,1,0,0,0.207715,0.039385,7.02368,391338
3278,2,9.8888,39,1,0,0,0.207508,0.049054,7.06767,391378
3279,2,9.8379,56,1,0,0,0.2073,0.047595,7.08468,391435
3280,2,9.87355,44,1,0,0,0.207093,0.04492,7.08259,391480
3281,2,9.85964,49,1,0,0,0.206886,0.04154,7.09346,391530
3282,2,9.91245,31,1,0,0,0.206679,0.036576,7.07393,391562
3283,2,9.89451,37,1,0,0,0.206472,0.034609,7.04082,391600
3284,2,9.8704,45,1,0,0,0.206266,0.04298,7.07085,391646
3285,2,-1.141,47,0,1,0,0.206059,0.051789,7.06658,391694
3286,2,-1.12,40,0,1,0,0.205853,0.04008,7.09568,391735
3287,2,9.84663,53,1,0,0,0.205648,0.051761,7.0733,391789
3288,2,9.87342,44,1,0,0,0.205442,0.045586,7.04084,391834
3289,2,9.91997,29,1,0,0,0.205236,0.040295,7.10398,391864
3290,2,-2.137,379,0,1,0,0.205031,0.046007,7.0771,392244
3291,2,9.76622,80,1,0,0,0.204826,0.057842,7.0678,392325
3292,2,9.72061,95,1,0,0,0.204621,0.056662,7.092,392421
3293,2,-1.105,35,0,1,0,0.204417,0.049481,7.04469,392457
3294,2,9.74172,88,1,0,0,0.204212,0.054587,7.07516,392546
3295,2,9.66694,113,1,0,0,0.204008,0.046952,7.08269,392660
3296,2,-1.096,32,0,1,0,0.203804,0.046442,7.06699,392693
3297,2,-1.18,60,0,1,0,0.2036,0.048317,7.08614,392754
3298,2,-1.27,90,0,1,0,0.203397,0.053858,7.07302,392845
3299,2,-1.396,132,0,1,0,0.203193,0.051118,7.07839,392978
3300,2,9.78717,73,1,0,0,0.20299,0.061336,7.06557,393052
3301,2,9.87376,44,1,0,0,0.202787,0.062631,7.07822,393097
3302,2,9.85324,51,1,0,0,0.202584,0.042625,7.08099,393149
3303,2,9.5894,139,1,0,0,0.202382,0.048586,7.06834,393289
3304,2,9.8796,42,1,0,0,0.202179,0.04486,7.13687,393332
3305,2,9.78087,75,1,0,0,0.201977,0.043802,7.08187,393408
3306,2,9.81627,63,1,0,0,0.201775,0.062086,7.11304,393472
3307,2,-1.162,54,0,1,0,0.201573,0.050155,7.12805,393527
3308,2,9.92472,27,1,0,0,0.201372,0.064425,7.07633,393555
3309,2,-1.441,147,0,1,0,0.20117,0.046281,7.11063,393703
3310,2,-1.135,45,0,1,0,0.200969,0.067697,7.10061,393749
3311,2,-1.111,37,0,1,0,0.200768,0.064788,7.06406,393787
3312,2,9.82311,61,1,0,0,0.200568,0.040978,7.05853,393849
3313,2,9.73599,90,1,0,0,0.200367,0.04276,7.09034,393940
3314,2,9.87364,44,1,0,0,0.200167,0.044607,7.08917,393985
3315,2,9.83243,58,1,0,0,0.199966,0.043954,7.10372,394044
3316,2,9.90976,32,1,0,0,0.199767,0.052381,7.09522,394077
3317,2,-1.213,71,0,1,0,0.199567,0.056528,7.10112,394149
3318,2,9.69321,104,1,0,0,0.199367,0.055109,7.10875,394254
3319,2,9.90105,35,1,0,0,0.199168,0.049105,7.13241,394290
3320,2,9.8858,40,1,0,0,0.198969,0.061937,7.05433,394331
3321,2,9.4985,169,1,0,0,0.19877,0.057528,7.08565,394501
3322,2,-1.099,33,0,1,0,0.198571,0.047448,7.0571,394535
3323,2,-1.177,59,0,1,0,0.198372,0.048523,7.07253,394595
3324,2,9.9309,25,1,0,0,0.198174,0.051859,7.01097,394621
3325,2,-1.252,84,0,1,0,0.197976,0.045886,7.07881,394706
3326,2,9.93368,24,1,0,0,0.197778,0.048658,7.06718,394731
3327,2,-1.189,63,0,1,0,0.19758,0.059358,7.08835,394795
3328,2,-1.066,22,0,1,0,0.197382,0.039029,7.10862,394818
3329,2,9.8256,60,1,0,0,0.197185,0.056079,7.05772,394879
3330,2,9.91281,31,1,0,0,0.196988,0.049135,7.09631,394911
3331,2,9.93708,23,1,0,0,0.196791,0.062107,7.08868,394935
3332,2,9.90707,33,1,0,0,0.196594,0.051125,7.04367,394969
3333,2,9.89513,37,1,0,0,0.196398,0.054282,7.08789,395007
3334,2,-1.135,45,0,1,0,0.196201,0.05605,7.06858,395053
3335,2,9.82248,61,1,0,0,0.196005,0.054743,7.09327,395115
3336,2,9.8833,41,1,0,0,0.195809,0.044496,7.09873,395157
3337,2,9.81046,65,1,0,0,0.195613,0.041045,7.07795,395223
3338,2,9.88621,40,1,0,0,0.195417,0.047161,7.0353,395264
3339,2,9.929,26,1,0,0,0.195222,0.040681,7.06377,395291
3340,2,9.80227,68,1,0,0,0.195027,0.054901,7.10062,395360
3341,2,9.93964,22,1,0,0,0.194832,0.080667,7.08144,395383
3342,2,9.72394,94,1,0,0,0.194637,0.049599,7.06253,395478
3343,2,-1.054,18,0,1,0,0.194442,0.06339,7.10076,395497
3344,2,-1.072,24,0,1,0,0.194248,0.0524,7.10989,395522
3345,2,9.87414,44,1,0,0,0.194054,0.05237,7.09506,395567
3346,2,9.79825,69,1,0,0,0.19386,0.05473,7.08081,395637
3347,2,9.82019,62,1,0,0,0.193666,0.04584,7.08145,395700
3348,2,-1.063,21,0,1,0,0.193472,0.055562,7.13065,395722
3349,2,9.80182,68,1,0,0,0.193279,0.052708,7.0803,395791
3350,2,-1.048,16,0,1,0,0.193085,0.03785,7.06036,395808
3351,2,-1.528,176,0,1,0,0.192892,0.052949,7.09865,395985
3352,2,9.84396,54,1,0,0,0.192699,0.042058,7.09369,396040
3353,2,9.90992,32,1,0,0,0.192507,0.056268,7.05535,396073
3354,2,9.81166,65,1,0,0,0.192314,0.055901,7.07638,396139
3355,2,-1.177,59,0,1,0,0.192122,0.055481,7.07006,396199
3356,2,9.83775,56,1,0,0,0.19193,0.048189,7.13578,396256
3357,2,9.84974,52,1,0,0,0.191738,0.043439,7.09595,396309
3358,2,9.84131,55,1,0,0,0.191546,0.049684,7.11243,396365
3359,2,-1.06,20,0,1,0,0.191355,0.045122,7.09279,396386
3360,2,9.81184,65,1,0,0,0.191163,0.048857,7.1208,396452
3361,2,-1.21,70,0,1,0,0.190972,0.065317,7.11146,396523
3362,2,9.86773,46,1,0,0,0.190781,0.058269,7.15298,396570
3363,2,9.73053,92,1,0,0,0.19059,0.048329,7.08965,396663
3364,2,9.78639,73,1,0,0,0.1904,0.036724,7.0873,396737
3365,2,9.80777,66,1,0,0,0.190209,0.057334,7.13822,396804
3366,2,9.87086,45,1,0,0,0.190019,0.058057,7.11738,396850
3367,2,9.91899,29,1,0,0,0.189829,0.067052,7.1332,396880
3368,2,9.90985,32,1,0,0,0.189639,0.039802,7.15496,396913
3369,2,9.90437,34,1,0,0,0.18945,0.064639,7.11247,396948
3370,2,9.81645,63,1,0,0,0.18926,0.057272,7.12239,397012
3371,2,9.93692,23,1,0,0,0.189071,0.057968,7.10748,397036
3372,2,9.93092,25,1,0,0,0.188882,0.038754,7.10783,397062
3373,2,9.77818,76,1,0,0,0.188693,0.059458,7.11689,397139
3374,2,9.82547,60,1,0,0,0.188504,0.041695,7.1533,397200
3375,2,9.93664,23,1,0,0,0.188316,0.063128,7.0953,397224
3376,2,9.90458,34,1,0,0,0.188127,0.051208,7.16274,397259
3377,2,9.90744,33,1,0,0,0.187939,0.046604,7.2076,397293
3378,2,9.81336,64,1,0,0,0.187751,0.065428,7.11915,397358
3379,2,9.85236,51,1,0,0,0.187564,0.040234,7.15856,397410
3380,2,9.85886,49,1,0,0,0.187376,0.045133,7.14329,397460
3381,2,9.90065,35,1,0,0,0.187189,0.038537,7.15782,397496
3382,2,9.8352,57,1,0,0,0.187001,0.05628,7.11334,397554
3383,2,9.8075,66,1,0,0,0.186814,0.049307,7.13373,397621
3384,2,-1.018,6,0,1,0,0.186628,0.016789,7.12619,397628
3385,2,9.84464,54,1,0,0,0.186441,0.040288,7.13683,397683
3386,2,-1.015,5,0,1,0,0.186255,0.042677,7.03062,397689
3387,2,9.85301,51,1,0,0,0.186068,0.051518,7.09912,397741
3388,2,-1.015,5,0,1,0,0.185882,0.02575,7.22808,397747
3389,2,9.83442,57,1,0,0,0.185696,0.048394,7.12663,397805
3390,2,-1.105,35,0,1,0,0.185511,0.047571,7.14834,397841
3391,2,-1.102,34,0,1,0,0.185325,0.060843,7.10439,397876
3392,2,-1.153,51,0,1,0,0.18514,0.050306,7.17315,397928
3393,2,9.68769,106,1,0,0,0.184955,0.049281,7.14451,398035
3394,2,9.82618,60,1,0,0,0.18477,0.043257,7.14537,398096
3395,2,-1.258,86,0,1,0,0.184585,0.043921,7.1517,398183
3396,2,9.81408,64,1,0,0,0.1844,0.054338,7.12513,398248
3397,2,-1.069,23,0,1,0,0.184216,0.058495,7.11531,398272
3398,2,9.8615,48,1,0,0,0.184032,0.046139,7.12512,398321
3399,2,9.76283,81,1,0,0,0.183848,0.057945,7.15806,398403
3400,2,9.93677,23,1,0,0,0.183664,0.056695,7.13046,398427
3401,2,9.91847,29,1,0,0,0.18348,0.057576,7.16938,398457
3402,2,-1.09,30,0,1,0,0.183297,0.049178,7.17605,398488
3403,2,9.71767,96,1,0,0,0.183113,0.04744,7.14064,398585
3404,2,-1.396,132,0,1,0,0.18293,0.050697,7.12277,398718
3405,2,9.90972,32,1,0,0,0.182747,0.062731,7.19509,398751
3406,2,9.9129,31,1,0,0,0.182565,0.039511,7.12299,398783
3407,2,-1.162,54,0,1,0,0.182382,0.060267,7.12188,398838
3408,2,9.82274,61,1,0,0,0.1822,0.044696,7.1075,398900
3409,2,9.92809,26,1,0,0,0.182017,0.057971,7.16,398927
3410,2,9.89121,38,1,0,0,0.181835,0.05073,7.16122,398966
3411,2,9.85628,50,1,0,0,0.181654,0.042862,7.11054,399017
3412,2,9.92269,28,1,0,0,0.181472,0.050004,7.1559,399046
3413,2,9.91551,30,1,0,0,0.181291,0.053703,7.11424,399077
3414,2,9.89171,38,1,0,0,0.181109,0.048052,7.1179,399116
3415,2,9.85614,50,1,0,0,0.180928,0.048769,7.0939,399167
3416,2,9.89759,36,1,0,0,0.180747,0.062834,7.14136,399204
3417,2,9.76575,80,1,0,0,0.180566,0.055315,7.10645,399285
3418,2,-1.339,113,0,1,0,0.180386,0.046098,7.14671,399399
3419,2,9.83531,57,1,0,0,0.180205,0.050599,7.13456,399457
3420,2,9.90731,33,1,0,0,0.180025,0.072736,7.11523,399491
3421,2,9.8644,47,1,0,0,0.179845,0.0297,7.13752,399539
3422,2,-1.15,50,0,1,0,0.179665,0.055609,7.10892,399590
3423,2,9.82628,60,1,0,0,0.179486,0.054971,7.12903,399651
3424,2,9.54353,154,1,0,0,0.179306,0.049688,7.11664,399806
3425,2,-1.138,46,0,1,0,0.179127,0.044032,7.13331,399853
3426,2,9.87706,43,1,0,0,0.178948,0.045351,7.13033,399897
3427,2,9.87621,43,1,0,0,0.178769,0.047273,7.13974,399941
3428,2,-1.054,18,0,1,0,0.17859,0.059358,7.1212,399960
3429,2,-1.066,22,0,1,0,0.178412,0.053872,7.1538,399983
3430,2,-1.051,17,0,1,0,0.178233,0.043128,7.16758,400001
3431,2,9.94013,22,1,0,0,0.178055,0.055761,7.12022,400024
3432,2,9.73528,90,1,0,0,0.177877,0.049285,7.15165,400115
3433,2,-1.363,121,0,1,0,0.177699,0.046872,7.13876,400237
3434,2,9.36102,215,1,0,0,0.177521,0.045252,7.13492,400453
3435,2,-1.123,41,0,1,0,0.177344,0.057931,7.12429,400495
3436,2,9.86753,46,1,0,0,0.177166,0.05299,7.12936,400542
3437,2,9.72403,94,1,0,0,0.176989,0.058898,7.1552,400637
3438,2,9.94025,22,1,0,0,0.176812,0.043431,7.13532,400660
3439,2,-1.105,35,0,1,0,0.176635,0.039302,7.13158,400696
3440,2,9.886,40,1,0,0,0.176459,0.045025,7.19087,400737
3441,2,9.81973,62,1,0,0,0.176282,0.052205,7.17143,400800
3442,2,-1.51,170,0,1,0,0.176106,0.047691,7.14656,400971
3443,2,9.86509,47,1,0,0,0.17593,0.05607,7.14584,401019
3444,2,9.88825,39,1,0,0,0.175754,0.039787,7.131,401059
3445,2,-1.021,7,0,1,0,0.175578,0.044366,7.21981,401067
3446,2,9.82862,59,1,0,0,0.175403,0.043705,7.17896,401127
3447,2,9.78662,73,1,0,0,0.175227,0.042924,7.13156,401201
3448,2,9.84722,53,1,0,0,0.175052,0.058931,7.12556,401255
3449,2,9.92233,28,1,0,0,0.174877,0.046396,7.13707,401284
3450,2,9.916,30,1,0,0,0.174702,0.056397,7.16283,401315
3451,2,9.88259,41,1,0,0,0.174527,0.040045,7.17941,401357
3452,2,-1.102,34,0,1,0,0.174353,0.057768,7.15268,401392
3453,2,9.89487,37,1,0,0,0.174179,0.056714,7.17521,401430
3454,2,-1.126,42,0,1,0,0.174004,0.055196,7.20496,401473
3455,2,9.72664,93,1,0,0,0.17383,0.044992,7.15631,401567
3456,2,9.6039,134,1,0,0,0.173657,0.045941,7.16598,401702
3457,2,-1.018,6,0,1,0,0.173483,0.026565,7.13839,401709
3458,2,9.75959,82,1,0,0,0.173309,0.055469,7.15182,401792
3459,2,9.91558,30,1,0,0,0.173136,0.038702,7.20415,401823
3460,2,9.92494,27,1,0,0,0.172963,0.05029,7.11775,401851
3461,2,9.82605,60,1,0,0,0.17279,0.054077,7.16451,401912
3462,2,9.79045,72,1,0,0,0.172617,0.049309,7.13617,401985
3463,2,9.8264,60,1,0,0,0.172445,0.058601,7.16105,402046
3464,2,9.87785,43,1,0,0,0.172272,0.0444,7.16516,402090
3465,2,9.82244,61,1,0,0,0.1721,0.053775,7.16942,402152
3466,2,9.86176,48,1,0,0,0.171928,0.058181,7.14692,402201
3467,2,-1.219,73,0,1,0,0.171756,0.039375,7.125,402275
3468,2,9.91904,29,1,0,0,0.171584,0.048737,7.12312,402305
3469,2,9.82584,60,1,0,0,0.171412,0.057427,7.15694,402366
3470,2,-1.129,43,0,1,0,0.171241,0.052276,7.17065,402410
3471,2,9.80793,66,1,0,0,0.17107,0.056342,7.16672,402477
3472,2,9.82332,61,1,0,0,0.170899,0.043133,7.17006,402539
3473,2,-1.102,34,0,1,0,0.170728,0.051476,7.16178,402574
3474,2,9.91923,29,1,0,0,0.170557,0.037995,7.11852,402604
3475,2,9.90702,33,1,0,0,0.170387,0.040996,7.1963,402638
3476,2,-1.024,8,0,1,0,0.170216,0.03862,7.14192,402647
3477,2,9.87728,43,1,0,0,0.170046,0.061602,7.14601,402691
3478,2,9.90927,32,1,0,0,0.169876,0.053792,7.09872,402724
3479,2,9.85005,52,1,0,0,0.169706,0.056675,7.17725,402777
3480,2,9.87669,43,1,0,0,0.169536,0.04226,7.16286,402821
3481,2,9.92522,27,1,0,0,0.169367,0.038381,7.20609,402849
3482,2,9.90674,33,1,0,0,0.169197,0.050316,7.12876,402883
3483,2,9.87085,45,1,0,0,0.169028,0.053332,7.11516,402929
3484,2,-1.672,224,0,1,0,0.168859,0.047029,7.16075,403154
3485,2,-1.225,75,0,1,0,0.16869,0.037462,7.14843,403230
3486,2,9.91267,31,1,0,0,0.168522,0.052815,7.16332,403262
3487,2,-1.036,12,0,1,0,0.168353,0.055929,7.20484,403275
3488,2,9.81106,65,1,0,0,0.168185,0.053989,7.16113,403341
3489,2,9.8292,59,1,0,0,0.168017,0.050337,7.15631,403401
3490,2,-1.033,11,0,1,0,0.167849,0.049228,7.13741,403413
3491,2,-1.03,10,0,1,0,0.167681,0.072801,7.12353,403424
3492,2,9.87097,45,1,0,0,0.167513,0.060518,7.15755,403470
3493,2,9.88286,41,1,0,0,0.167346,0.050711,7.11903,403512
3494,2,9.81418,64,1,0,0,0.167178,0.047816,7.16683,403577
3495,2,9.89551,37,1,0,0,0.167011,0.052419,7.19106,403615
3496,2,9.80809,66,1,0,0,0.166844,0.041665,7.14939,403682
3497,2,9.13322,291,1,0,0,0.166677,0.053482,7.14368,403974
3498,2,9.81403,64,1,0,0,0.16651,0.05667,7.1499,404039
3499,2,9.92833,26,1,0,0,0.166344,0.048359,7.11738,404066
3500,2,9.92491,27,1,0,0,0.166178,0.03321,7.18793,404094
3501,2,9.85269,51,1,0,0,0.166011,0.043678,7.14262,404146
3502,2,9.93078,25,1,0,0,0.165845,0.047144,7.15866,404172
3503,2,9.84806,53,1,0,0,0.16568,0.050472,7.12939,404226
3504,2,9.69138,105,1,0,0,0.165514,0.038041,7.16429,404332
3505,2,-1.072,24,0,1,0,0.165348,0.059897,7.10709,404357
3506,2,-1.165,55,0,1,0,0.165183,0.042999,7.13901,404413
3507,2,9.87372,44,1,0,0,0.165018,0.049243,7.12187,404458
3508,2,9.90377,34,1,0,0,0.164853,0.050212,7.17047,404493
3509,2,-1.243,81,0,1,0,0.164688,0.055078,7.15541,404575
3510,2,9.7539,84,1,0,0,0.164523,0.050322,7.11676,404660
3511,2,-1.057,19,0,1,0,0.164359,0.049728,7.13636,404680
3512,2,9.83215,58,1,0,0,0.164194,0.051598,7.14857,404739
3513,2,9.94294,21,1,0,0,0.16403,0.051511,7.1997,404761
3514,2,9.8473,53,1,0,0,0.163866,0.049901,7.17217,404815
3515,2,9.73881,89,1,0,0,0.163702,0.053009,7.13111,404905
3516,2,9.82007,62,1,0,0,0.163539,0.043072,7.12113,404968
3517,2,9.75103,85,1,0,0,0.163375,0.054528,7.16403,405054
3518,2,-1.627,209,0,1,0,0.163212,0.052416,7.12195,405264
3519,2,-1.636,212,0,1,0,0.163049,0.043421,7.10214,405477
3520,2,-1.102,34,0,1,0,0.162885,0.046863,7.169,405512
3521,2,9.91941,29,1,0,0,0.162723,0.049053,7.11437,405542
3522,2,9.90999,32,1,0,0,0.16256,0.034773,7.11097,405575
3523,2,-1.135,45,0,1,0,0.162397,0.038361,7.12251,405621
3524,2,9.68801,106,1,0,0,0.162235,0.038028,7.12092,405728
3525,2,-1.03,10,0,1,0,0.162073,0.034478,7.14852,405739
3526,2,9.87673,43,1,0,0,0.161911,0.042733,7.12652,405783
3527,2,9.89777,36,1,0,0,0.161749,0.036758,7.15165,405820
3528,2,9.90103,35,1,0,0,0.161587,0.044581,7.1227,405856
3529,2,9.83472,57,1,0,0,0.161425,0.046984,7.09888,405914
3530,2,9.81137,65,1,0,0,0.161264,0.048273,7.12746,405980
3531,2,-1.261,87,0,1,0,0.161103,0.042073,7.11278,406068
3532,2,9.86789,46,1,0,0,0.160942,0.031295,7.11433,406115
3533,2,9.23551,257,1,0,0,0.160781,0.051736,7.11195,406373
3534,2,-1.063,21,0,1,0,0.16062,0.048456,7.10651,406395
3535,2,9.907,33,1,0,0,0.160459,0.052589,7.12737,406429
3536,2,9.89914,36,1,0,0,0.160299,0.048043,7.10183,406466
3537,2,9.78082,75,1,0,0,0.160138,0.045663,7.10768,406542
3538,2,-1.126,42,0,1,0,0.159978,0.051405,7.10156,406585
3539,2,9.91891,29,1,0,0,0.159818,0.043915,7.1227,406615
3540,2,9.85565,50,1,0,0,0.159659,0.057469,7.10406,406666
3541,2,9.72082,95,1,0,0,0.159499,0.045514,7.11476,406762
3542,2,9.90366,34,1,0,0,0.159339,0.043569,7.12606,406797
3543,2,9.9189,29,1,0,0,0.15918,0.038265,7.12093,406827
3544,2,9.89181,38,1,0,0,0.159021,0.040153,7.09155,406866
3545,2,9.89184,38,1,0,0,0.158862,0.047977,7.12834,406905
3546,2,9.87446,44,1,0,0,0.158703,0.054782,7.12893,406950
3547,2,9.85574,50,1,0,0,0.158544,0.047415,7.12496,407001
3548,2,-1.456,152,0,1,0,0.158386,0.05403,7.11656,407154
3549,2,9.89148,38,1,0,0,0.158227,0.047903,7.10352,407193
3550,2,9.94875,19,1,0,0,0.158069,0.058313,7.11425,407213
3551,2,9.87682,43,1,0,0,0.157911,0.048342,7.10485,407257
3552,2,-1.03,10,0,1,0,0.157753,0.029366,7.0553,407268
3553,2,9.85003,52,1,0,0,0.157595,0.051132,7.13642,407321
3554,2,9.7566,83,1,0,0,0.157438,0.044794,7.13262,407405
3555,2,-1.03,10,0,1,0,0.15728,0.064957,7.09691,407416
3556,2,9.71823,96,1,0,0,0.157123,0.039652,7.11702,407513
3557,2,9.57767,143,1,0,0,0.156966,0.053269,7.12984,407657
3558,2,9.8173,63,1,0,0,0.156809,0.037284,7.14737,407721
3559,2,9.76613,80,1,0,0,0.156652,0.048099,7.15085,407802
3560,2,-1.075,25,0,1,0,0.156495,0.052749,7.11722,407828
3561,2,9.91919,29,1,0,0,0.156339,0.066412,7.09436,407858
3562,2,-1.183,61,0,1,0,0.156183,0.041052,7.08364,407920
3563,2,-1.297,99,0,1,0,0.156026,0.034692,7.10344,408020
3564,2,9.87392,44,1,0,0,0.15587,0.037518,7.12356,408065
3565,2,9.83157,58,1,0,0,0.155715,0.043855,7.12344,408124
3566,2,9.93976,22,1,0,0,0.155559,0.045172,7.1461,408147
3567,2,9.88896,39,1,0,0,0.155403,0.057105,7.12615,408187
3568,2,9.89507,37,1,0,0,0.155248,0.042078,7.14044,408225
3569,2,9.75201,85,1,0,0,0.155093,0.0503,7.12908,408311
3570,2,9.87089,45,1,0,0,0.154938,0.045038,7.11591,408357
3571,2,-1.12,40,0,1,0,0.154783,0.064044,7.07198,408398
3572,2,-1.087,29,0,1,0,0.154628,0.046943,7.10159,408428
3573,2,9.90731,33,1,0,0,0.154473,0.046546,7.10352,408462
3574,2,9.93988,22,1,0,0,0.154319,0.049911,7.10965,408485
3575,2,-1.069,23,0,1,0,0.154164,0.035303,7.09061,408509
3576,2,9.90999,32,1,0,0,0.15401,0.058485,7.09002,408542
3577,2,9.94543,20,1,0,0,0.153856,0.042347,7.11098,408563
3578,2,9.94603,20,1,0,0,0.153702,0.051684,7.12803,408584
3579,2,9.76009,82,1,0,0,0.153549,0.041562,7.10213,408667
3580,2,9.8017,68,1,0,0,0.153395,0.045596,7.10005,408736
3581,2,-1.075,25,0,1,0,0.153242,0.046489,7.13606,408762
3582,2,9.82575,60,1,0,0,0.153089,0.044343,7.09188,408823
3583,2,9.8593,49,1,0,0,0.152935,0.049319,7.11118,408873
3584,2,-1.036,12,0,1,0,0.152782,0.028947,7.15182,408886
3585,2,9.93955,22,1,0,0,0.15263,0.047916,7.12763,408909
3586,2,9.8863,40,1,0,0,0.152477,0.058601,7.1023,408950
3587,2,-1.432,144,0,1,0,0.152325,0.050123,7.11945,409095
3588,2,-1.231,77,0,1,0,0.152172,0.057928,7.10103,409173
3589,2,9.77796,76,1,0,0,0.15202,0.037237,7.08995,409250
3590,2,9.89138,38,1,0,0,0.151868,0.042462,7.12723,409289
3591,2,9.90016,35,1,0,0,0.151716,0.047663,7.07649,409325
3592,2,9.83754,56,1,0,0,0.151564,0.044585,7.1156,409382
3593,2,9.92758,26,1,0,0,0.151413,0.04719,7.17288,409409
3594,2,-1.12226,41,0,1,0,0.151262,0.058423,7.10159,409451
3595,2,9.89452,37,1,0,0,0.15111,0.041804,7.13597,409489
3596,2,9.81356,64,1,0,0,0.150959,0.04619,7.10122,409554
3597,2,9.85832,49,1,0,0,0.150808,0.050078,7.12117,409604
3598,2,9.85881,49,1,0,0,0.150657,0.05341,7.13397,409654
3599,2,-1.294,98,0,1,0,0.150507,0.046847,7.09795,409753
3600,2,-1.117,39,0,1,0,0.150356,0.040055,7.14134,409793
3601,2,-1.12,40,0,1,0,0.150206,0.0431,7.13391,409834
3602,2,9.92415,27,1,0,0,0.150056,0.052224,7.13231,409862
3603,2,9.88322,41,1,0,0,0.149906,0.046862,7.13839,409904
3604,2,-1.042,14,0,1,0,0.149756,0.052852,7.16102,409919
3605,2,-1.087,29,0,1,0,0.149606,0.050583,7.08513,409949
3606,2,-1.012,4,0,1,0,0.149456,0.041536,7.18893,409954
3607,2,9.8744,44,1,0,0,0.149307,0.04773,7.12925,409999
3608,2,-1.039,13,0,1,0,0.149158,0.030094,7.12759,410013
3609,2,9.83226,58,1,0,0,0.149008,0.052747,7.1358,410072
3610,2,-1.207,69,0,1,0,0.148859,0.041719,7.12061,410142
3611,2,9.85027,52,1,0,0,0.148711,0.050791,7.08231,410195
3612,2,-1.213,71,0,1,0,0.148562,0.044258,7.10629,410267
3613,2,9.85922,49,1,0,0,0.148413,0.054606,7.11177,410317
3614,2,9.85942,49,1,0,0,0.148265,0.045366,7.16544,410367
3615,2,9.88933,39,1,0,0,0.148117,0.043178,7.12738,410407
3616,2,9.88645,40,1,0,0,0.147968,0.04659,7.13657,410448
3617,2,9.66695,113,1,0,0,0.14782,0.047117,7.12064,410562
3618,2,9.91549,30,1,0,0,0.147673,0.053304,7.16764,410593
3619,2,9.90665,33,1,0,0,0.147525,0.051689,7.17683,410627
3620,2,-1.099,33,0,1,0,0.147377,0.049694,7.08929,410661
3621,2,9.7121,98,1,0,0,0.14723,0.04477,7.11095,410760
3622,2,9.82902,59,1,0,0,0.147083,0.034345,7.10313,410820
3623,2,9.93072,25,1,0,0,0.146936,0.064988,7.18061,410846
3624,2,-1.099,33,0,1,0,0.146789,0.041338,7.12451,410880
3625,2,-1.126,42,0,1,0,0.146642,0.053503,7.12564,410923
3626,2,9.67348,111,1,0,0,0.146495,0.053398,7.14977,411035
3627,2,9.91308,31,1,0,0,0.146349,0.056544,7.14307,411067
3628,2,9.78081,75,1,0,0,0.146203,0.041471,7.13589,411143
3629,2,9.78964,72,1,0,0,0.146056,0.060997,7.13316,411216
3630,2,9.79882,69,1,0,0,0.14591,0.0431,7.14297,411286
3631,2,9.94251,21,1,0,0,0.145764,0.043181,7.08857,411308
3632,2,-1.561,187,0,1,0,0.145619,0.046922,7.15721,411496
3633,2,9.9066,33,1,0,0,0.145473,0.038437,7.10925,411530
3634,2,-1.045,15,0,1,0,0.145328,0.04289,7.18309,411546
3635,2,9.81991,62,1,0,0,0.145182,0.044457,7.10919,411609
3636,2,9.85893,49,1,0,0,0.145037,0.052287,7.11019,411659
3637,2,-1.144,48,0,1,0,0.144892,0.036612,7.12418,411708
3638,2,9.91284,31,1,0,0,0.144747,0.039046,7.12548,411740
3639,2,-1.09,30,0,1,0,0.144602,0.041584,7.11925,411771
3640,2,9.65489,117,1,0,0,0.144458,0.046178,7.12604,411889
3641,2,9.94034,22,1,0,0,0.144313,0.043053,7.1083,411912
3642,2,9.8138,64,1,0,0,0.144169,0.043989,7.12915,411977
3643,2,-1.234,78,0,1,0,0.144025,0.041927,7.13293,412056
3644,2,9.60731,133,1,0,0,0.143881,0.041564,7.13664,412190
3645,2,-1.066,22,0,1,0,0.143737,0.04528,7.16595,412213
3646,2,9.70583,100,1,0,0,0.143593,0.045514,7.12047,412314
3647,2,9.8736,44,1,0,0,0.14345,0.047428,7.12032,412359
3648,2,-1.024,8,0,1,0,0.143306,0.051239,7.17321,412368
3649,2,9.8769,43,1,0,0,0.143163,0.041297,7.11493,412412
3650,2,-1.126,42,0,1,0,0.14302,0.05597,7.15281,412455
3651,2,9.85338,51,1,0,0,0.142877,0.056705,7.13778,412507
3652,2,9.91287,31,1,0,0,0.142734,0.041851,7.16196,412539
3653,2,9.39381,204,1,0,0,0.142591,0.042743,7.1377,412744
3654,2,9.91253,31,1,0,0,0.142448,0.059205,7.15331,412776
3655,2,9.8951,37,1,0,0,0.142306,0.051522,7.17436,412814
3656,2,9.78982,72,1,0,0,0.142164,0.048244,7.14804,412887
3657,2,9.80766,66,1,0,0,0.142022,0.044872,7.13088,412954
3658,2,9.91912,29,1,0,0,0.14188,0.048268,7.13571,412984
3659,2,-1.351,117,0,1,0,0.141738,0.048831,7.14775,413102
3660,2,9.78656,73,1,0,0,0.141596,0.046563,7.15764,413176
3661,2,9.85622,50,1,0,0,0.141454,0.047094,7.09601,413227
3662,2,9.85288,51,1,0,0,0.141313,0.045709,7.15749,413279
3663,2,9.94602,20,1,0,0,0.141172,0.060059,7.09433,413300
3664,2,9.86174,48,1,0,0,0.14103,0.052391,7.13181,413349
3665,2,9.85569,50,1,0,0,0.140889,0.044561,7.16174,413400
3666,2,-1.042,14,0,1,0,0.140748,0.052265,7.13481,413415
3667,2,9.87955,42,1,0,0,0.140608,0.037232,7.16929,413458
3668,2,9.90367,34,1,0,0,0.140467,0.049944,7.11607,413493
3669,2,9.8798,42,1,0,0,0.140327,0.048632,7.16073,413536
3670,2,9.83488,57,1,0,0,0.140186,0.043591,7.13507,413594
3671,2,-1.324,108,0,1,0,0.140046,0.043212,7.13779,413703
3672,2,9.59209,138,1,0,0,0.139906,0.044875,7.14639,413842
3673,2,9.91627,30,1,0,0,0.139766,0.047445,7.11987,413873
3674,2,9.92525,27,1,0,0,0.139626,0.038488,7.09788,413901
3675,2,9.89475,37,1,0,0,0.139487,0.043682,7.17527,413939
3676,2,9.9368,23,1,0,0,0.139347,0.05166,7.13846,413963
3677,2,-1.072,24,0,1,0,0.139208,0.042753,7.1678,413988
3678,2,9.86795,46,1,0,0,0.139069,0.042947,7.15443,414035
3679,2,9.79607,70,1,0,0,0.13893,0.03609,7.1478,414106
3680,2,-1.045,15,0,1,0,0.138791,0.044391,7.13431,414122
3681,2,9.73845,89,1,0,0,0.138652,0.04848,7.17201,414212
3682,2,9.9313,25,1,0,0,0.138513,0.05353,7.15791,414238
3683,2,-1.078,26,0,1,0,0.138375,0.040758,7.15568,414265
3684,2,9.925,27,1,0,0,0.138236,0.055127,7.18806,414293
3685,2,9.7809,75,1,0,0,0.138098,0.034694,7.18673,414369
3686,2,9.9401,22,1,0,0,0.13796,0.042104,7.20843,414392
3687,2,9.85341,51,1,0,0,0.137822,0.037316,7.15925,414444
3688,2,9.91553,30,1,0,0,0.137684,0.035915,7.18336,414475
3689,2,9.90095,35,1,0,0,0.137547,0.057892,7.13101,414511
3690,2,9.87099,45,1,0,0,0.137409,0.051603,7.21743,414557
3691,2,9.73569,90,1,0,0,0.137272,0.045477,7.16774,414648
3692,2,9.82302,61,1,0,0,0.137134,0.047447,7.19235,414710
3693,2,-1.201,67,0,1,0,0.136997,0.041158,7.17343,414778
3694,2,9.38422,207,1,0,0,0.13686,0.039904,7.19602,414986
3695,2,-1.06,20,0,1,0,0.136723,0.036326,7.20066,415007
3696,2,-1.234,78,0,1,0,0.136587,0.051195,7.18255,415086
3697,2,9.83728,56,1,0,0,0.13645,0.036545,7.1803,415143
3698,2,9.87073,45,1,0,0,0.136314,0.044937,7.20734,415189
3699,2,9.88946,39,1,0,0,0.136177,0.027658,7.21573,415229
3700,2,9.8348,57,1,0,0,0.136041,0.036158,7.16541,415287
3701,2,9.77259,78,1,0,0,0.135905,0.047232,7.173,415366
3702,2,9.86476,47,1,0,0,0.135769,0.052706,7.17592,415414
3703,2,9.80837,66,1,0,0,0.135633,0.043259,7.18274,415481
3704,2,-1.186,62,0,1,0,0.135498,0.04712,7.21223,415544
3705,2,9.91635,30,1,0,0,0.135362,0.03925,7.18093,415575
3706,2,9.9101,32,1,0,0,0.135227,0.050037,7.14806,415608
3707,2,9.84703,53,1,0,0,0.135092,0.042387,7.18098,415662
3708,2,9.91306,31,1,0,0,0.134957,0.054469,7.18659,415694
3709,2,9.913,31,1,0,0,0.134822,0.042183,7.19502,415726
3710,2,-1.1215,41,0,1,0,0.134687,0.042352,7.16952,415768
3711,2,-1.075,25,0,1,0,0.134552,0.041683,7.19828,415794
3712,2,9.9038,34,1,0,0,0.134418,0.036708,7.18269,415829
3713,2,9.71805,96,1,0,0,0.134283,0.046281,7.1886,415926
3714,2,-1.27,90,0,1,0,0.134149,0.040958,7.18529,416017
3715,2,9.94586,20,1,0,0,0.134015,0.048161,7.18136,416038
3716,2,9.91576,30,1,0,0,0.133881,0.057629,7.18503,416069
3717,2,-1.042,14,0,1,0,0.133747,0.056395,7.19714,416084
3718,2,9.82603,60,1,0,0,0.133613,0.042072,7.19323,416145
3719,2,9.9338,24,1,0,0,0.133479,0.026545,7.226,416170
3720,2,9.89463,37,1,0,0,0.133346,0.047323,7.21614,416208
3721,2,9.90687,33,1,0,0,0.133213,0.057433,7.15668,416242
3722,2,9.8374,56,1,0,0,0.133079,0.032232,7.19727,416299
3723,2,9.90125,35,1,0,0,0.132946,0.039285,7.12916,416335
3724,2,-1.072,24,0,1,0,0.132813,0.050892,7.14237,416360
3725,2,-1.267,89,0,1,0,0.132681,0.042465,7.19245,416450
3726,2,-1.26774,90,0,1,0,0.132548,0.046899,7.21332,416541
3727,2,-1.243,81,0,1,0,0.132415,0.051882,7.18369,416623
3728,2,9.86304,48,1,0,0,0.132283,0.040667,7.16163,416672
3729,2,9.61283,131,1,0,0,0.132151,0.043078,7.17606,416804
3730,2,-1.273,91,0,1,0,0.132019,0.048509,7.17341,416896
3731,2,9.86185,48,1,0,0,0.131886,0.041959,7.17064,416945
3732,2,9.78655,73,1,0,0,0.131755,0.05031,7.16242,417019
3733,2,9.80127,68,1,0,0,0.131623,0.042739,7.18127,417088
3734,2,-1.243,81,0,1,0,0.131491,0.035135,7.16265,417170
3735,2,-1.174,58,0,1,0,0.13136,0.048773,7.19051,417229
3736,2,-1.12,40,0,1,0,0.131228,0.034083,7.19506,417270
3737,2,9.82565,60,1,0,0,0.131097,0.042365,7.1905,417331
3738,2,-1.027,9,0,1,0,0.130966,0.022836,7.20374,417341
3739,2,9.83449,57,1,0,0,0.130835,0.045561,7.18682,417399
3740,2,9.88239,41,1,0,0,0.130704,0.056162,7.16469,417441
3741,2,-1.12,40,0,1,0,0.130574,0.041127,7.1734,417482
3742,2,9.79579,70,1,0,0,0.130443,0.049298,7.18095,417553
3743,2,9.85296,51,1,0,0,0.130313,0.048006,7.1509,417605
3744,2,-1.261,87,0,1,0,0.130182,0.04609,7.19652,417693
3745,2,9.67915,109,1,0,0,0.130052,0.038557,7.1791,417803
3746,2,-1.114,38,0,1,0,0.129922,0.038376,7.16791,417842
3747,2,9.84686,53,1,0,0,0.129792,0.045246,7.16487,417896
3748,2,9.78444,74,1,0,0,0.129662,0.050768,7.18027,417971
3749,2,9.87663,43,1,0,0,0.129533,0.040959,7.19823,418015
3750,2,9.9336,24,1,0,0,0.129403,0.042609,7.26132,418040
3751,2,-1.108,36,0,1,0,0.129274,0.040197,7.16695,418077
3752,2,9.76333,81,1,0,0,0.129144,0.046221,7.17081,418159
3753,2,9.898,36,1,0,0,0.129015,0.033962,7.12929,418196
3754,2,-1.372,124,0,1,0,0.128886,0.043565,7.16912,418321
3755,2,9.94303,21,1,0,0,0.128757,0.041586,7.16153,418343
3756,2,-1.084,28,0,1,0,0.128629,0.035989,7.16676,418372
3757,2,-1.651,217,0,1,0,0.1285,0.04372,7.1699,418590
3758,2,-1.2,400,0,0,1,0.128371,0.045856,7.17074,418990
3759,2,9.83803,56,1,0,0,0.128243,0.047532,7.1699,419047
3760,2,9.62513,127,1,0,0,0.128115,0.051467,7.146,419175
3761,2,-1.132,44,0,1,0,0.127987,0.049559,7.14,419220
3762,2,9.92218,28,1,0,0,0.127859,0.026864,7.12313,419249
3763,2,9.84356,54,1,0,0,0.127731,0.049194,7.17765,419304
3764,2,9.92457,27,1,0,0,0.127603,0.04553,7.12919,419332
3765,2,-1.12,40,0,1,0,0.127476,0.047396,7.11225,419373
3766,2,9.90127,35,1,0,0,0.127348,0.045153,7.11615,419409
3767,2,9.87338,44,1,0,0,0.127221,0.038575,7.13686,419454
3768,2,9.8556,50,1,0,0,0.127094,0.037473,7.14367,419505
3769,2,9.85007,52,1,0,0,0.126966,0.035433,7.15588,419558
3770,2,9.77831,76,1,0,0,0.126839,0.033963,7.1435,419635
3771,2,9.93625,23,1,0,0,0.126713,0.029296,7.19158,419659
3772,2,-1.102,34,0,1,0,0.126586,0.037695,7.17373,419694
3773,2,9.00651,333,1,0,0,0.126459,0.040159,7.15058,420028
3774,2,9.91332,31,1,0,0,0.126333,0.040871,7.15831,420060
3775,2,-1.396,132,0,1,0,0.126207,0.042498,7.1382,420193
3776,2,9.89425,37,1,0,0,0.12608,0.048402,7.13205,420231
3777,2,9.90702,33,1,0,0,0.125954,0.051853,7.15831,420265
3778,2,-1.204,68,0,1,0,0.125828,0.049678,7.13349,420334
3779,2,9.80759,66,1,0,0,0.125702,0.040662,7.11717,420401
3780,2,9.88273,41,1,0,0,0.125577,0.039089,7.12835,420443
3781,2,9.90692,33,1,0,0,0.125451,0.052726,7.10662,420477
3782,2,9.87957,42,1,0,0,0.125326,0.037845,7.10343,420520
3783,2,9.64906,119,1,0,0,0.1252,0.044063,7.13703,420640
3784,2,-1.126,42,0,1,0,0.125075,0.039063,7.09322,420683
3785,2,9.82322,61,1,0,0,0.12495,0.052737,7.1063,420745
3786,2,9.90969,32,1,0,0,0.124825,0.026638,7.12265,420778
3787,2,9.92806,26,1,0,0,0.1247,0.040392,7.10309,420805
3788,2,9.87356,44,1,0,0,0.124576,0.038553,7.12241,420850
3789,2,-1.03,10,0,1,0,0.124451,0.057318,7.17636,420861
3790,2,-1.198,66,0,1,0,0.124327,0.042078,7.16127,420928
3791,2,9.7266,93,1,0,0,0.124202,0.041459,7.12302,421022
3792,2,9.74526,87,1,0,0,0.124078,0.049274,7.13644,421110
3793,2,9.86159,48,1,0,0,0.123954,0.046775,7.14647,421159
3794,2,9.91588,30,1,0,0,0.12383,0.044966,7.12365,421190
3795,2,9.75063,85,1,0,0,0.123706,0.043919,7.12314,421276
3796,2,9.91579,30,1,0,0,0.123583,0.040414,7.12048,421307
3797,2,9.88242,41,1,0,0,0.123459,0.036823,7.12387,421349
3798,2,9.91269,31,1,0,0,0.123335,0.03761,7.15164,421381
3799,2,9.87986,42,1,0,0,0.123212,0.040284,7.11189,421424
3800,2,9.84132,55,1,0,0,0.123089,0.042919,7.13678,421480
3801,2,9.85589,50,1,0,0,0.122966,0.045494,7.15159,421531
3802,2,9.93089,25,1,0,0,0.122843,0.037208,7.14021,421557
3803,2,9.88266,41,1,0,0,0.12272,0.05302,7.13628,421599
3804,2,9.81724,63,1,0,0,0.122597,0.039261,7.16741,421663
3805,2,9.80454,67,1,0,0,0.122475,0.037371,7.15279,421731
3806,2,9.91883,29,1,0,0,0.122352,0.053257,7.14717,421761
3807,2,9.80169,68,1,0,0,0.12223,0.053388,7.1198,421830
3808,2,9.86789,46,1,0,0,0.122108,0.046278,7.14075,421877
3809,2,9.83501,57,1,0,0,0.121986,0.035373,7.1588,421935
3810,2,9.84356,54,1,0,0,0.121864,0.045063,7.13037,421990
3811,2,9.75388,84,1,0,0,0.121742,0.038447,7.13368,422075
3812,2,9.93705,23,1,0,0,0.12162,0.054477,7.12119,422099
3813,2,9.82335,61,1,0,0,0.121498,0.049544,7.16499,422161
3814,2,9.94569,20,1,0,0,0.121377,0.048318,7.09957,422182
3815,2,-1.054,18,0,1,0,0.121255,0.072037,7.10075,422201
3816,2,9.90992,32,1,0,0,0.121134,0.03967,7.20165,422234
3817,2,9.85396,51,1,0,0,0.121013,0.037773,7.11515,422286
3818,2,-1.144,48,0,1,0,0.120892,0.049073,7.13466,422335
3819,2,9.81669,63,1,0,0,0.120771,0.052173,7.11871,422399
3820,2,9.82876,59,1,0,0,0.12065,0.045077,7.13545,422459
3821,2,-1.468,156,0,1,0,0.12053,0.044072,7.11254,422616
3822,2,-1.249,83,0,1,0,0.120409,0.043203,7.10946,422700
3823,2,9.81069,65,1,0,0,0.120289,0.045951,7.10556,422766
3824,2,9.94901,19,1,0,0,0.120169,0.062225,7.10896,422786
3825,2,9.79964,69,1,0,0,0.120048,0.041857,7.10349,422856
3826,2,9.90691,33,1,0,0,0.119928,0.059985,7.0963,422890
3827,2,-1.156,52,0,1,0,0.119808,0.054589,7.12657,422943
3828,2,9.81682,63,1,0,0,0.119689,0.043875,7.08502,423007
3829,2,-1.213,71,0,1,0,0.119569,0.042857,7.11833,423079
3830,2,9.87954,42,1,0,0,0.119449,0.061002,7.09912,423122
3831,2,-1.2,400,0,0,1,0.11933,0.042078,7.10975,423522
3832,2,9.86184,48,1,0,0,0.119211,0.047162,7.10818,423571
3833,2,9.88003,42,1,0,0,0.119091,0.04521,7.12303,423614
3834,2,9.92554,27,1,0,0,0.118972,0.046748,7.1116,423642
3835,2,9.82938,59,1,0,0,0.118853,0.047896,7.12216,423702
3836,2,9.94855,19,1,0,0,0.118734,0.0362,7.15711,423722
3837,2,9.76302,81,1,0,0,0.118616,0.051935,7.1154,423804
3838,2,9.79274,71,1,0,0,0.118497,0.04132,7.11897,423876
3839,2,9.42379,194,1,0,0,0.118379,0.039071,7.11405,424071
3840,2,-1.093,31,0,1,0,0.11826,0.042663,7.11842,424103
3841,2,9.67556,110,1,0,0,0.118142,0.04446,7.07544,424214
3842,2,-1.06,20,0,1,0,0.118024,0.046569,7.06316,424235
3843,2,9.92197,28,1,0,0,0.117906,0.043923,7.10804,424264
3844,2,9.93423,24,1,0,0,0.117788,0.043152,7.17029,424289
3845,2,9.85815,49,1,0,0,0.11767,0.037353,7.12529,424339
3846,2,9.8764,43,1,0,0,0.117552,0.043178,7.12495,424383
3847,2,9.87426,44,1,0,0,0.117435,0.036659,7.09317,424428
3848,2,9.76292,81,1,0,0,0.117317,0.041221,7.12128,424510
3849,2,9.92466,27,1,0,0,0.1172,0.041812,7.14373,424538
3850,2,9.87742,43,1,0,0,0.117083,0.046124,7.15867,424582
3851,2,9.84948,52,1,0,0,0.116966,0.040707,7.11871,424635
3852,2,9.90659,33,1,0,0,0.116849,0.037288,7.0975,424669
3853,2,9.91926,29,1,0,0,0.116732,0.043484,7.11278,424699
3854,2,9.89524,37,1,0,0,0.116615,0.029923,7.1276,424737
3855,2,9.74871,86,1,0,0,0.116499,0.04192,7.13489,424824
3856,2,9.82632,60,1,0,0,0.116382,0.04624,7.11254,424885
3857,2,9.86741,46,1,0,0,0.116266,0.034081,7.15854,424932
3858,2,9.87076,45,1,0,0,0.116149,0.054741,7.18164,424978
3859,2,9.86198,48,1,0,0,0.116033,0.050365,7.15519,425027
3860,2,-1.24,80,0,1,0,0.115917,0.04527,7.12274,425108
3861,2,9.76314,81,1,0,0,0.115801,0.046229,7.14548,425190
3862,2,-1.54827,183,0,1,0,0.115686,0.044303,7.14897,425374
3863,2,9.73899,89,1,0,0,0.11557,0.035119,7.1332,425464
3864,2,9.85026,52,1,0,0,0.115454,0.045172,7.1433,425517
3865,2,9.94281,21,1,0,0,0.115339,0.041186,7.10417,425539
3866,2,9.82343,61,1,0,0,0.115224,0.048034,7.11767,425601
3867,2,9.91891,29,1,0,0,0.115108,0.036378,7.12103,425631
3868,2,9.874,44,1,0,0,0.114993,0.044735,7.14221,425676
3869,2,9.93076,25,1,0,0,0.114878,0.031766,7.10865,425702
3870,2,9.83502,57,1,0,0,0.114763,0.045962,7.10235,425760
3871,2,9.93427,24,1,0,0,0.114649,0.035233,7.18209,425785
3872,2,-1.099,33,0,1,0,0.114534,0.041908,7.12805,425819
3873,2,9.92178,28,1,0,0,0.114419,0.043618,7.12491,425848
3874,2,9.93452,24,1,0,0,0.114305,0.040655,7.09536,425873
3875,2,-1.099,33,0,1,0,0.114191,0.04062,7.11416,425907
3876,2,9.86128,48,1,0,0,0.114076,0.042813,7.14563,425956
3877,2,-1.027,9,0,1,0,0.113962,0.025479,7.15009,425966
3878,2,9.87678,43,1,0,0,0.113848,0.03425,7.14606,426010
3879,2,9.89788,36,1,0,0,0.113735,0.035188,7.14436,426047
3880,2,9.82881,59,1,0,0,0.113621,0.049768,7.12487,426107
3881,2,9.90983,32,1,0,0,0.113507,0.03585,7.12062,426140
3882,2,9.84393,54,1,0,0,0.113394,0.035714,7.11973,426195
3883,2,9.8346,57,1,0,0,0.11328,0.045763,7.13814,426253
3884,2,-1.705,235,0,1,0,0.113167,0.042027,7.13456,426489
3885,2,-1.042,14,0,1,0,0.113054,0.054242,7.23594,426504
3886,2,9.93127,25,1,0,0,0.112941,0.04708,7.15128,426530
3887,2,9.87685,43,1,0,0,0.112828,0.037848,7.09584,426574
3888,2,9.92233,28,1,0,0,0.112715,0.038835,7.10948,426603
3889,2,9.7746,77,1,0,0,0.112602,0.044788,7.12223,426681
3890,2,9.85854,49,1,0,0,0.11249,0.043065,7.12749,426731
3891,2,9.84104,55,1,0,0,0.112377,0.047869,7.14702,426787
3892,2,9.82634,60,1,0,0,0.112265,0.043846,7.11552,426848
3893,2,9.83802,56,1,0,0,0.112153,0.042848,7.12088,426905
3894,2,9.92789,26,1,0,0,0.11204,0.045246,7.14946,426932
3895,2,9.76559,80,1,0,0,0.111928,0.03842,7.15725,427013
3896,2,9.88877,39,1,0,0,0.111816,0.045949,7.10488,427053
3897,2,9.9156,30,1,0,0,0.111705,0.041527,7.14978,427084
3898,2,9.93743,23,1,0,0,0.111593,0.049869,7.16461,427108
3899,2,9.83724,56,1,0,0,0.111481,0.034258,7.12531,427165
3900,2,9.82627,60,1,0,0,0.11137,0.048251,7.14545,427226
3901,2,-1.15,50,0,1,0,0.111259,0.046007,7.15113,427277
3902,2,-1.552,184,0,1,0,0.111147,0.042645,7.13916,427462
3903,2,9.79569,70,1,0,0,0.111036,0.043957,7.14277,427533
3904,2,-1.306,102,0,1,0,0.110925,0.041615,7.13473,427636
3905,2,-1.153,51,0,1,0,0.110814,0.041643,7.14288,427688
3906,2,-1.195,65,0,1,0,0.110703,0.052303,7.16414,427754
3907,2,9.073,311,1,0,0,0.110593,0.041895,7.10814,428066
3908,2,9.88282,41,1,0,0,0.110482,0.043366,7.1175,428108
3909,2,9.82554,60,1,0,0,0.110372,0.051948,7.14986,428169
3910,2,9.68175,108,1,0,0,0.110261,0.042319,7.13491,428278
3911,2,9.90955,32,1,0,0,0.110151,0.022583,7.11844,428311
3912,2,9.77811,76,1,0,0,0.110041,0.0348,7.11492,428388
3913,2,-1.027,9,0,1,0,0.109931,0.047562,7.18281,428398
3914,2,9.80473,67,1,0,0,0.109821,0.039085,7.1275,428466
3915,2,9.86197,48,1,0,0,0.109711,0.0438,7.13484,428515
3916,2,9.74155,88,1,0,0,0.109601,0.049383,7.10507,428604
3917,2,-1.033,11,0,1,0,0.109492,0.039117,7.17464,428616
3918,2,-1.027,9,0,1,0,0.109382,0.038515,7.14073,428626
3919,2,9.82606,60,1,0,0,0.109273,0.04684,7.11952,428687
3920,2,9.9365,23,1,0,0,0.109164,0.026447,7.07918,428711
3921,2,9.89783,36,1,0,0,0.109054,0.035779,7.13978,428748
3922,2,-1.141,47,0,1,0,0.108945,0.049014,7.13727,428796
3923,2,9.86528,47,1,0,0,0.108836,0.04399,7.15562,428844
3924,2,-1.96,320,0,1,0,0.108728,0.038836,7.12113,429165
3925,2,-1.012,4,0,1,0,0.108619,0.014656,7.08115,429170
3926,2,9.93973,22,1,0,0,0.10851,0.03378,7.11559,429193
3927,2,9.8983,36,1,0,0,0.108402,0.029568,7.07434,429230
3928,2,9.93126,25,1,0,0,0.108293,0.045151,7.12059,429256
3929,2,9.87327,44,1,0,0,0.108185,0.042532,7.09741,429301
3930,2,9.76318,81,1,0,0,0.108077,0.049285,7.11717,429383
3931,2,9.8535,51,1,0,0,0.107969,0.036901,7.11197,429435
3932,2,9.8886,39,1,0,0,0.107861,0.048808,7.12373,429475
3933,2,9.87048,45,1,0,0,0.107753,0.039084,7.11458,429521
3934,2,9.81096,65,1,0,0,0.107645,0.046518,7.11225,429587
3935,2,9.90355,34,1,0,0,0.107537,0.040763,7.09749,429622
3936,2,9.45389,184,1,0,0,0.10743,0.041605,7.12977,429807
3937,2,9.79274,71,1,0,0,0.107323,0.033426,7.12298,429879
3938,2,9.9367,23,1,0,0,0.107215,0.060088,7.12817,429903
3939,2,-1.126,42,0,1,0,0.107108,0.037145,7.10957,429946
3940,2,9.84392,54,1,0,0,0.107001,0.046183,7.1563,430001
3941,2,9.86201,48,1,0,0,0.106894,0.053085,7.11356,430050
3942,2,9.78369,74,1,0,0,0.106787,0.030028,7.14895,430125
3943,2,-1.117,39,0,1,0,0.10668,0.051334,7.13718,430165
3944,2,9.82554,60,1,0,0,0.106574,0.03971,7.13729,430226
3945,2,9.79011,72,1,0,0,0.106467,0.034527,7.08573,430299
3946,2,9.74186,88,1,0,0,0.10636,0.040987,7.10728,430388
3947,2,9.87127,45,1,0,0,0.106254,0.042074,7.13796,430434
3948,2,9.80453,67,1,0,0,0.106148,0.046001,7.13936,430502
3949,2,9.83806,56,1,0,0,0.106042,0.047887,7.10661,430559
3950,2,-1.105,35,0,1,0,0.105936,0.037027,7.09265,430595
3951,2,9.85858,49,1,0,0,0.10583,0.042765,7.09799,430645
3952,2,9.72742,93,1,0,0,0.105724,0.036228,7.10068,430739
3953,2,9.89532,37,1,0,0,0.105618,0.037622,7.10814,430777
3954,2,9.83235,58,1,0,0,0.105513,0.041609,7.13765,430836
3955,2,9.7602,82,1,0,0,0.105407,0.039648,7.10589,430919
3956,2,9.85844,49,1,0,0,0.105302,0.040107,7.1247,430969
3957,2,9.68785,106,1,0,0,0.105196,0.03639,7.13144,431076
3958,2,9.90121,35,1,0,0,0.105091,0.029133,7.14074,431112
3959,2,9.85596,50,1,0,0,0.104986,0.036968,7.13616,431163
3960,2,9.874,44,1,0,0,0.104881,0.032778,7.13592,431208
3961,2,9.79042,72,1,0,0,0.104776,0.034993,7.14794,431281
3962,2,9.90399,34,1,0,0,0.104671,0.039102,7.13922,431316
3963,2,9.69969,102,1,0,0,0.104567,0.037723,7.13718,431419
3964,2,9.87731,43,1,0,0,0.104462,0.04989,7.14328,431463
3965,2,9.90973,32,1,0,0,0.104358,0.036666,7.21225,431496
3966,2,9.86791,46,1,0,0,0.104253,0.040016,7.1392,431543
3967,2,9.9215,28,1,0,0,0.104149,0.033454,7.18629,431572
3968,2,9.8374,56,1,0,0,0.104045,0.040744,7.16356,431629
3969,2,9.85636,50,1,0,0,0.103941,0.036286,7.15792,431680
3970,2,-1.285,95,0,1,0,0.103837,0.038697,7.1617,431776
3971,2,-1.066,22,0,1,0,0.103733,0.034579,7.15878,431799
3972,2,-1.2,400,0,0,1,0.103629,0.040927,7.16842,432199
3973,2,-1.057,19,0,1,0,0.103526,0.042364,7.16567,432219
3974,2,-1.21,70,0,1,0,0.103422,0.044072,7.15179,432290
3975,2,9.9096,32,1,0,0,0.103319,0.03058,7.10255,432323
3976,2,-1.078,26,0,1,0,0.103216,0.033931,7.17611,432350
3977,2,-1.2,400,0,0,1,0.103112,0.041432,7.14721,432750
3978,2,9.85922,49,1,0,0,0.103009,0.041624,7.1447,432800
3979,2,9.88589,40,1,0,0,0.102906,0.037481,7.15725,432841
3980,2,9.7054,100,1,0,0,0.102803,0.043208,7.1413,432942
3981,2,9.91366,31,1,0,0,0.1027,0.042172,7.13013,432974
3982,2,9.81686,63,1,0,0,0.102598,0.036182,7.15284,433038
3983,2,-1.072,24,0,1,0,0.102495,0.021958,7.19048,433063
3984,2,-1.027,9,0,1,0,0.102393,0.025159,7.20349,433073
3985,2,9.86278,48,1,0,0,0.10229,0.046754,7.13847,433122
3986,2,9.86166,48,1,0,0,0.102188,0.042415,7.16024,433171
3987,2,9.92222,28,1,0,0,0.102086,0.044009,7.20666,433200
3988,2,-1.081,27,0,1,0,0.101984,0.028209,7.21066,433228
3989,2,9.82028,62,1,0,0,0.101882,0.039787,7.15524,433291
3990,2,9.94637,20,1,0,0,0.10178,0.060994,7.17261,433312
3991,2,9.87098,45,1,0,0,0.101678,0.04796,7.15945,433358
3992,2,9.87373,44,1,0,0,0.101576,0.036528,7.20033,433403
3993,2,9.71165,98,1,0,0,0.101475,0.036201,7.17598,433502
3994,2,-1.09,30,0,1,0,0.101373,0.049136,7.16333,433533
3995,2,-1.054,18,0,1,0,0.101272,0.042166,7.16613,433552
3996,2,9.88581,40,1,0,0,0.101171,0.045587,7.17023,433593
3997,2,9.63102,125,1,0,0,0.10107,0.03864,7.16647,433719
3998,2,9.84709,53,1,0,0,0.100968,0.035798,7.1551,433773
3999,2,9.77763,76,1,0,0,0.100867,0.040218,7.16192,433850
4000,2,9.91011,32,1,0,0,0.100767,0.047119,7.19511,433883
4001,2,-1.978,326,0,1,0,0.100666,0.036821,7.15996,434210
4002,2,9.81981,62,1,0,0,0.100565,0.036282,7.15281,434273
4003,2,9.74176,88,1,0,0,0.100465,0.038762,7.15715,434362
4004,2,9.83447,57,1,0,0,0.100364,0.03289,7.14696,434420
4005,2,-1.099,33,0,1,0,0.100264,0.03846,7.14783,434454
4006,2,9.81953,62,1,0,0,0.100164,0.042068,7.14491,434517
4007,2,-1.066,22,0,1,0,0.100063,0.029391,7.12847,434540
4008,2,-1.108,36,0,1,0,0.1,0.045951,7.18386,434577
4009,2,9.87933,42,1,0,0,0.1,0.046877,7.19234,434620
4010,2,9.91878,29,1,0,0,0.1,0.029687,7.17417,434650
4011,2,9.79584,70,1,0,0,0.1,0.036729,7.1766,434721
4012,2,9.70586,100,1,0,0,0.1,0.042006,7.18752,434822
4013,2,9.79879,69,1,0,0,0.1,0.038246,7.19194,434892
4014,2,9.92729,26,1,0,0,0.1,0.048798,7.13098,434919
4015,2,-1.153,51,0,1,0,0.1,0.045266,7.13857,434971
4016,2,9.82285,61,1,0,0,0.1,0.042283,7.15225,435033
4017,2,9.2496,252,1,0,0,0.1,0.037075,7.14469,435286
4018,2,-1.201,67,0,1,0,0.1,0.038211,7.15386,435354
4019,2,-1.069,23,0,1,0,0.1,0.032451,7.19986,435378
4020,2,9.9459,20,1,0,0,0.1,0.025569,7.23291,435399
4021,2,9.91046,32,1,0,0,0.1,0.031836,7.16969,435432
4022,2,9.91561,30,1,0,0,0.1,0.022318,7.16646,435463
4023,2,-1.126,42,0,1,0,0.1,0.027195,7.16045,435506
4024,2,9.89476,37,1,0,0,0.1,0.039954,7.16678,435544
4025,2,-1.054,18,0,1,0,0.1,0.042037,7.23455,435563
4026,2,9.87966,42,1,0,0,0.1,0.035416,7.15692,435606
4027,2,-1.078,26,0,1,0,0.1,0.036008,7.15371,435633
4028,2,9.87635,43,1,0,0,0.1,0.036148,7.13661,435677
4029,2,9.83469,57,1,0,0,0.1,0.030682,7.1811,435735
4030,2,9.91578,30,1,0,0,0.1,0.049477,7.15293,435766
4031,2,-1.018,6,0,1,0,0.1,0.057045,7.25298,435773
4032,2,9.91898,29,1,0,0,0.1,0.040982,7.15094,435803
4033,2,9.90684,33,1,0,0,0.1,0.03982,7.17427,435837
4034,2,-1.096,32,0,1,0,0.1,0.035023,7.15443,435870
4035,2,-1.2,400,0,0,1,0.1,0.040196,7.17473,436270
4036,2,9.71533,97,1,0,0,0.1,0.038374,7.14615,436368
4037,2,9.39102,205,1,0,0,0.1,0.040743,7.16136,436574
4038,2,9.85325,51,1,0,0,0.1,0.031694,7.13393,436626
4039,2,9.82875,59,1,0,0,0.1,0.036978,7.17326,436686
4040,2,9.83169,58,1,0,0,0.1,0.03469,7.19352,436745
4041,2,9.83181,58,1,0,0,0.1,0.04432,7.19176,436804
4042,2,9.85274,51,1,0,0,0.1,0.043154,7.18025,436856
4043,2,-1.078,26,0,1,0,0.1,0.045865,7.20424,436883
4044,2,9.88634,40,1,0,0,0.1,0.026421,7.19805,436924
4045,2,-1.2,400,0,0,1,0.1,0.0387,7.19372,437324
4046,2,-1.033,11,0,1,0,0.1,0.025177,7.16729,437336
4047,2,9.88301,41,1,0,0,0.1,0.033706,7.21153,437378
4048,2,-1.141,47,0,1,0,0.1,0.041043,7.18229,437426
4049,2,9.87442,44,1,0,0,0.1,0.03539,7.19782,437471
4050,2,9.89798,36,1,0,0,0.1,0.037193,7.2168,437508
4051,2,9.913,31,1,0,0,0.1,0.038927,7.21001,437540
4052,2,-1.036,12,0,1,0,0.1,0.048931,7.20443,437553
4053,2,-1.06,20,0,1,0,0.1,0.045942,7.17268,437574
4054,2,9.68135,108,1,0,0,0.1,0.039576,7.17307,437683
4055,2,9.76284,81,1,0,0,0.1,0.035685,7.20048,437765
4056,2,9.91587,30,1,0,0,0.1,0.048283,7.19307,437796
4057,2,-1.012,4,0,1,0,0.1,0.00754,7.20626,437801
4058,2,9.8438,54,1,0,0,0.1,0.037801,7.18636,437856
4059,2,9.86207,48,1,0,0,0.1,0.036199,7.16784,437905
4060,2,9.71779,96,1,0,0,0.1,0.046557,7.17782,438002
4061,2,-1.165,55,0,1,0,0.1,0.044167,7.1763,438058
4062,2,-1.096,32,0,1,0,0.1,0.041472,7.18499,438091
4063,2,9.91574,30,1,0,0,0.1,0.041488,7.14893,438122
4064,2,-1.324,108,0,1,0,0.1,0.037058,7.16146,438231
4065,2,-1.147,49,0,1,0,0.1,0.037415,7.21112,438281
4066,2,-1.243,81,0,1,0,0.1,0.03656,7.16402,438363
4067,2,-1.066,22,0,1,0,0.1,0.047272,7.14821,438386
4068,2,-1.234,78,0,1,0,0.1,0.038933,7.15474,438465
4069,2,-1.123,41,0,1,0,0.1,0.049683,7.16795,438507
4070,2,9.91016,32,1,0,0,0.1,0.026962,7.15349,438540
4071,2,9.81709,63,1,0,0,0.1,0.042458,7.19086,438604
4072,2,9.3642,214,1,0,0,0.1,0.046116,7.14814,438819
4073,2,9.92828,26,1,0,0,0.1,0.0242,7.15083,438846
4074,2,9.90348,34,1,0,0,0.1,0.033579,7.21608,438881
4075,2,9.91557,30,1,0,0,0.1,0.041562,7.15718,438912
4076,2,9.80233,68,1,0,0,0.1,0.042843,7.13793,438981
4077,2,9.86755,46,1,0,0,0.1,0.045697,7.10923,439028
4078,2,-1.276,92,0,1,0,0.1,0.03857,7.17803,439121
4079,2,-1.012,4,0,1,0,0.1,0.00824,7.2915,439126
4080,2,-1.117,39,0,1,0,0.1,0.042645,7.18896,439166
4081,2,9.82604,60,1,0,0,0.1,0.032712,7.17535,439227
4082,2,-1.525,175,0,1,0,0.1,0.042126,7.15322,439403
4083,2,9.91654,30,1,0,0,0.1,0.046501,7.17201,439434
4084,2,9.85868,49,1,0,0,0.1,0.042728,7.16183,439484
4085,2,-1.147,49,0,1,0,0.1,0.045271,7.15828,439534
4086,2,9.93692,23,1,0,0,0.1,0.04548,7.17545,439558
4087,2,9.82559,60,1,0,0,0.1,0.043278,7.14476,439619
4088,2,9.76897,79,1,0,0,0.1,0.046204,7.15167,439699
4089,2,9.88884,39,1,0,0,0.1,0.039996,7.15688,439739
4090,2,9.91249,31,1,0,0,0.1,0.03895,7.15066,439771
4091,2,9.90958,32,1,0,0,0.1,0.029403,7.18288,439804
4092,2,-1.051,17,0,1,0,0.1,0.046241,7.16897,439822
4093,2,9.89187,38,1,0,0,0.1,0.032325,7.16651,439861
4094,2,9.76012,82,1,0,0,0.1,0.034412,7.16534,439944
4095,2,9.86481,47,1,0,0,0.1,0.033259,7.14784,439992
4096,2,9.916,30,1,0,0,0.1,0.026451,7.08303,440023
4097,2,-1.162,54,0,1,0,0.1,0.043856,7.14697,440078
4098,2,-1.102,34,0,1,0,0.1,0.044204,7.17194,440113
4099,2,9.93697,23,1,0,0,0.1,0.032082,7.16111,440137
4100,2,9.85548,50,1,0,0,0.1,0.035251,7.18298,440188
4101,2,9.90408,34,1,0,0,0.1,0.044333,7.17962,440223
4102,2,9.817,63,1,0,0,0.1,0.03575,7.14871,440287
4103,2,9.89528,37,1,0,0,0.1,0.035751,7.17599,440325
4104,2,9.86764,46,1,0,0,0.1,0.033103,7.15666,440372
4105,2,9.82027,62,1,0,0,0.1,0.027667,7.16516,440435
4106,2,-1.021,7,0,1,0,0.1,0.049166,7.09734,440443
4107,2,9.90074,35,1,0,0,0.1,0.038445,7.16557,440479
4108,2,9.87957,42,1,0,0,0.1,0.036578,7.1529,440522
4109,2,9.92784,26,1,0,0,0.1,0.049739,7.19147,440549
4110,2,9.87636,43,1,0,0,0.1,0.032799,7.14627,440593
4111,2,9.76611,80,1,0,0,0.1,0.039754,7.1642,440674
4112,2,9.89256,38,1,0,0,0.1,0.045258,7.16603,440713
4113,2,9.8828,41,1,0,0,0.1,0.035794,7.1701,440755
4114,2,9.84718,53,1,0,0,0.1,0.041716,7.18246,440809
4115,2,9.88283,41,1,0,0,0.1,0.038406,7.19746,440851
4116,2,-1.039,13,0,1,0,0.1,0.036106,7.15533,440865
4117,2,-1.099,33,0,1,0,0.1,0.034384,7.13194,440899
4118,2,9.87428,44,1,0,0,0.1,0.050467,7.13991,440944
4119,2,-1.048,16,0,1,0,0.1,0.050726,7.20336,440961
4120,2,9.83479,57,1,0,0,0.1,0.038177,7.15609,441019
4121,2,9.84057,55,1,0,0,0.1,0.047887,7.11015,441075
4122,2,-1.174,58,0,1,0,0.1,0.028352,7.1829,441134
4123,2,9.83188,58,1,0,0,0.1,0.039828,7.20378,441193
4124,2,9.84953,52,1,0,0,0.1,0.035027,7.17703,441246
4125,2,-1.03,10,0,1,0,0.1,0.053243,7.17243,441257
4126,2,-1.069,23,0,1,0,0.1,0.018966,7.14385,441281
4127,2,9.89844,36,1,0,0,0.1,0.032771,7.16664,441318
4128,2,9.91895,29,1,0,0,0.1,0.033273,7.1754,441348
4129,2,9.90082,35,1,0,0,0.1,0.04698,7.16515,441384
4130,2,9.93695,23,1,0,0,0.1,0.046038,7.11526,441408
4131,2,-1.069,23,0,1,0,0.1,0.046703,7.14494,441432
4132,2,-1.183,61,0,1,0,0.1,0.035784,7.14891,441494
4133,2,9.87684,43,1,0,0,0.1,0.034696,7.16945,441538
4134,2,9.82585,60,1,0,0,0.1,0.050315,7.14656,441599
4135,2,9.77159,78,1,0,0,0.1,0.040159,7.17978,441678
4136,2,9.88589,40,1,0,0,0.1,0.033464,7.17311,441719
4137,2,9.90128,35,1,0,0,0.1,0.035485,7.16749,441755
4138,2,9.85306,51,1,0,0,0.1,0.035476,7.17636,441807
4139,2,9.27969,242,1,0,0,0.1,0.036292,7.14933,442050
4140,2,9.91666,30,1,0,0,0.1,0.043203,7.15461,442081
4141,2,9.88292,41,1,0,0,0.1,0.037754,7.12131,442123
4142,2,9.90979,32,1,0,0,0.1,0.036316,7.17183,442156
4143,2,9.92225,28,1,0,0,0.1,0.043059,7.21226,442185
4144,2,9.80459,67,1,0,0,0.1,0.035325,7.187,442253
4145,2,-1.087,29,0,1,0,0.1,0.051108,7.18601,442283
4146,2,9.91601,30,1,0,0,0.1,0.026658,7.18777,442314
4147,2,9.91307,31,1,0,0,0.1,0.041341,7.15726,442346
4148,2,9.87956,42,1,0,0,0.1,0.041906,7.15297,442389
4149,2,9.9315,25,1,0,0,0.1,0.026227,7.20994,442415
4150,2,9.91903,29,1,0,0,0.1,0.034089,7.15062,442445
4151,2,-1.2,400,0,0,1,0.1,0.042009,7.16913,442845
4152,2,9.92482,27,1,0,0,0.1,0.03698,7.15181,442873
4153,2,-1.318,106,0,1,0,0.1,0.04063,7.19339,442980
4154,2,9.87377,44,1,0,0,0.1,0.041603,7.14735,443025
4155,2,9.84657,53,1,0,0,0.1,0.034633,7.18303,443079
4156,2,9.87369,44,1,0,0,0.1,0.038647,7.17151,443124
4157,2,9.87925,42,1,0,0,0.1,0.05114,7.19389,443167
4158,2,9.84947,52,1,0,0,0.1,0.036044,7.21483,443220
4159,2,9.78682,73,1,0,0,0.1,0.035824,7.19191,443294
4160,2,9.94321,21,1,0,0,0.1,0.031879,7.18639,443316
4161,2,9.92528,27,1,0,0,0.1,0.041376,7.18175,443344
4162,2,9.87653,43,1,0,0,0.1,0.034148,7.19787,443388
4163,2,9.76532,80,1,0,0,0.1,0.04178,7.17682,443469
4164,2,9.94269,21,1,0,0,0.1,0.044895,7.17209,443491
4165,2,-1.066,22,0,1,0,0.1,0.040281,7.1866,443514
4166,2,9.85287,51,1,0,0,0.1,0.042933,7.20022,443566
4167,2,9.86479,47,1,0,0,0.1,0.045809,7.20153,443614
4168,2,9.85877,49,1,0,0,0.1,0.039478,7.16987,443664
4169,2,9.46898,179,1,0,0,0.1,0.039015,7.17835,443844
4170,2,9.87072,45,1,0,0,0.1,0.038845,7.16598,443890
4171,2,9.90967,32,1,0,0,0.1,0.023293,7.17396,443923
4172,2,9.91581,30,1,0,0,0.1,0.056243,7.20875,443954
4173,2,-1.147,49,0,1,0,0.1,0.052926,7.22428,444004
4174,2,9.74202,88,1,0,0,0.1,0.038846,7.19817,444093
4175,2,-1.03,10,0,1,0,0.1,0.052362,7.13607,444104
4176,2,9.8559,50,1,0,0,0.1,0.028292,7.17528,444155
4177,2,9.9008,35,1,0,0,0.1,0.038196,7.20215,444191
4178,2,9.85328,51,1,0,0,0.1,0.032713,7.2138,444243
4179,2,9.92804,26,1,0,0,0.1,0.032136,7.17186,444270
4180,2,9.51499,165,1,0,0,0.1,0.042635,7.18672,444436
4181,2,9.75396,84,1,0,0,0.1,0.041657,7.20536,444521
4182,2,-1.249,83,0,1,0,0.1,0.035643,7.16979,444605
4183,2,9.84482,54,1,0,0,0.1,0.037435,7.2033,444660
4184,2,-1.057,19,0,1,0,0.1,0.032119,7.21743,444680
4185,2,9.82868,59,1,0,0,0.1,0.038367,7.18559,444740
4186,2,9.78657,73,1,0,0,0.1,0.047008,7.17392,444814
4187,2,-1.2,400,0,0,1,0.1,0.037338,7.17473,445214
4188,2,9.93038,25,1,0,0,0.1,0.032188,7.17032,445240
4189,2,-1.201,67,0,1,0,0.1,0.040916,7.13768,445308
4190,2,9.92473,27,1,0,0,0.1,0.041676,7.17919,445336
4191,2,-1.12,40,0,1,0,0.1,0.037522,7.1058,445377
4192,2,9.84949,52,1,0,0,0.1,0.039748,7.16413,445430
4193,2,-1.2,400,0,0,1,0.1,0.038568,7.16352,445830
4194,2,9.88885,39,1,0,0,0.1,0.032416,7.18884,445870
4195,2,9.93692,23,1,0,0,0.1,0.034544,7.14197,445894
4196,2,9.80239,68,1,0,0,0.1,0.033145,7.1743,445963
4197,2,9.93408,24,1,0,0,0.1,0.036575,7.20431,445988
4198,2,9.82259,61,1,0,0,0.1,0.047182,7.18072,446050
4199,2,9.83505,57,1,0,0,0.1,0.030652,7.14737,446108
4200,2,9.89004,39,1,0,0,0.1,0.034802,7.11836,446148
4201,2,9.88588,40,1,0,0,0.1,0.03353,7.16487,446189
4202,2,9.79258,71,1,0,0,0.1,0.039703,7.15458,446261
4203,2,9.86422,47,1,0,0,0.1,0.038925,7.18466,446309
4204,2,9.84117,55,1,0,0,0.1,0.040659,7.16076,446365
4205,2,9.92728,26,1,0,0,0.1,0.042988,7.1033,446392
4206,2,9.82,62,1,0,0,0.1,0.035221,7.13668,446455
4207,2,9.75074,85,1,0,0,0.1,0.034582,7.13854,446541
4208,2,9.85015,52,1,0,0,0.1,0.034765,7.14055,446594
4209,2,9.76303,81,1,0,0,0.1,0.037821,7.16576,446676
4210,2,9.82898,59,1,0,0,0.1,0.040604,7.14667,446736
4211,2,9.85309,51,1,0,0,0.1,0.031854,7.1216,446788
4212,2,-1.168,56,0,1,0,0.1,0.034861,7.16293,446845
4213,2,-1.225,75,0,1,0,0.1,0.042666,7.14937,446921
4214,2,9.85591,50,1,0,0,0.1,0.028964,7.1762,446972
4215,2,9.90983,32,1,0,0,0.1,0.033857,7.14123,447005
4216,2,9.90117,35,1,0,0,0.1,0.038474,7.14261,447041
4217,2,9.87431,44,1,0,0,0.1,0.03392,7.17815,447086
4218,2,9.9129,31,1,0,0,0.1,0.025428,7.12388,447118
4219,2,9.84949,52,1,0,0,0.1,0.03187,7.159,447171
4220,2,9.88272,41,1,0,0,0.1,0.040921,7.1191,447213
4221,2,9.92157,28,1,0,0,0.1,0.0445,7.11901,447242
4222,2,9.78367,74,1,0,0,0.1,0.043118,7.16739,447317
4223,2,9.90134,35,1,0,0,0.1,0.033029,7.20092,447353
4224,2,9.94267,21,1,0,0,0.1,0.036896,7.12482,447375
4225,2,9.83833,56,1,0,0,0.1,0.035853,7.13024,447432
4226,2,9.91642,30,1,0,0,0.1,0.037906,7.19948,447463
4227,2,-1.063,21,0,1,0,0.1,0.045229,7.13681,447485
4228,2,9.90652,33,1,0,0,0.1,0.031357,7.15746,447519
4229,2,9.87932,42,1,0,0,0.1,0.033385,7.11636,447562
4230,2,9.78378,74,1,0,0,0.1,0.034434,7.16093,447637
4231,2,-1.06,20,0,1,0,0.1,0.050093,7.11975,447658
4232,2,-1.054,18,0,1,0,0.1,0.023977,7.14992,447677
4233,2,9.9194,29,1,0,0,0.1,0.035787,7.18887,447707
4234,2,9.91857,29,1,0,0,0.1,0.04064,7.15617,447737
4235,2,-1.189,63,0,1,0,0.1,0.032585,7.19474,447801
4236,2,9.84707,53,1,0,0,0.1,0.037923,7.13018,447855
4237,2,9.94311,21,1,0,0,0.1,0.032506,7.23582,447877
4238,2,-1.27,90,0,1,0,0.1,0.034895,7.14792,447968
4239,2,-1.069,23,0,1,0,0.1,0.025333,7.1897,447992
4240,2,-1.11206,38,0,1,0,0.1,0.034048,7.13935,448031
4241,2,9.90058,35,1,0,0,0.1,0.050678,7.20293,448067
4242,2,9.84089,55,1,0,0,0.1,0.040366,7.15682,448123
4243,2,9.85571,50,1,0,0,0.1,0.026717,7.18273,448174
4244,2,9.90703,33,1,0,0,0.1,0.045239,7.14854,448208
4245,2,9.80753,66,1,0,0,0.1,0.037294,7.15291,448275
4246,2,9.91885,29,1,0,0,0.1,0.044451,7.18566,448305
4247,2,-1.174,58,0,1,0,0.1,0.040987,7.16526,448364
4248,2,9.81628,63,1,0,0,0.1,0.038585,7.1723,448428
4249,2,9.8889,39,1,0,0,0.1,0.044263,7.19594,448468
4250,2,9.931,25,1,0,0,0.1,0.037229,7.1891,448494
4251,2,9.82903,59,1,0,0,0.1,0.030363,7.16727,448554
4252,2,-1.015,5,0,1,0,0.1,0.038747,7.16192,448560
4253,2,9.90703,33,1,0,0,0.1,0.036927,7.13283,448594
4254,2,9.79295,71,1,0,0,0.1,0.039663,7.18199,448666
4255,2,9.67353,111,1,0,0,0.1,0.038844,7.16156,448778
4256,2,9.81413,64,1,0,0,0.1,0.028613,7.16552,448843
4257,2,9.84077,55,1,0,0,0.1,0.039208,7.16447,448899
4258,2,9.66401,114,1,0,0,0.1,0.038506,7.16039,449014
4259,2,9.76913,79,1,0,0,0.1,0.040071,7.15757,449094
4260,2,9.87686,43,1,0,0,0.1,0.0311,7.1291,449138
4261,2,9.91266,31,1,0,0,0.1,0.033745,7.1288,449170
4262,2,9.84411,54,1,0,0,0.1,0.035206,7.19141,449225
4263,2,-1.096,32,0,1,0,0.1,0.030386,7.16219,449258
4264,2,9.7508,85,1,0,0,0.1,0.039681,7.1611,449344
4265,2,9.88885,39,1,0,0,0.1,0.0521,7.14149,449384
4266,2,9.8587,49,1,0,0,0.1,0.030792,7.1871,449434
4267,2,9.92525,27,1,0,0,0.1,0.042684,7.13933,449462
4268,2,9.93963,22,1,0,0,0.1,0.03045,7.20192,449485
4269,2,9.91598,30,1,0,0,0.1,0.039731,7.17484,449516
4270,2,9.90096,35,1,0,0,0.1,0.045585,7.145,449552
4271,2,9.75977,82,1,0,0,0.1,0.043325,7.13248,449635
4272,2,9.70674,100,1,0,0,0.1,0.033731,7.1561,449736
4273,2,-1.258,86,0,1,0,0.1,0.037831,7.14219,449823
4274,2,9.87357,44,1,0,0,0.1,0.028067,7.14059,449868
4275,2,9.88295,41,1,0,0,0.1,0.030565,7.14033,449910
4276,2,-1.033,11,0,1,0,0.1,0.045426,7.22262,449922
4277,2,-1.093,31,0,1,0,0.1,0.034874,7.14647,449954
4278,2,9.90366,34,1,0,0,0.1,0.050579,7.19121,449989
4279,2,9.73893,89,1,0,0,0.1,0.034048,7.1679,450079
4280,2,9.76626,80,1,0,0,0.1,0.031367,7.1607,450160
4281,2,9.71525,97,1,0,0,0.1,0.038745,7.15256,450258
4282,2,9.84985,52,1,0,0,0.1,0.031683,7.18031,450311
4283,2,9.92208,28,1,0,0,0.1,0.02647,7.15127,450340
4284,2,9.89157,38,1,0,0,0.1,0.040057,7.17527,450379
4285,2,-1.312,104,0,1,0,0.1,0.036774,7.15068,450484
4286,2,9.8619,48,1,0,0,0.1,0.044481,7.13651,450533
4287,2,9.80814,66,1,0,0,0.1,0.037721,7.16659,450600
4288,2,9.85611,50,1,0,0,0.1,0.035415,7.1743,450651
4289,2,9.91318,31,1,0,0,0.1,0.052194,7.15113,450683
4290,2,9.90419,34,1,0,0,0.1,0.026384,7.21708,450718
4291,2,9.8646,47,1,0,0,0.1,0.033193,7.15803,450766
4292,2,9.88913,39,1,0,0,0.1,0.043256,7.14236,450806
4293,2,-1.06,20,0,1,0,0.1,0.04151,7.17335,450827
4294,2,9.92207,28,1,0,0,0.1,0.030042,7.14527,450856
4295,2,9.86233,48,1,0,0,0.1,0.03322,7.19682,450905
4296,2,9.92759,26,1,0,0,0.1,0.044035,7.11906,450932
4297,2,9.90973,32,1,0,0,0.1,0.035584,7.12063,450965
4298,2,9.88577,40,1,0,0,0.1,0.032072,7.16779,451006
4299,2,9.83197,58,1,0,0,0.1,0.035946,7.18225,451065
4300,2,9.8316,58,1,0,0,0.1,0.031573,7.17352,451124
4301,2,-1.027,9,0,1,0,0.1,0.015222,7.17021,451134
4302,2,-1.054,18,0,1,0,0.1,0.05169,7.20238,451153
4303,2,9.84083,55,1,0,0,0.1,0.034393,7.13032,451209
4304,2,-1.042,14,0,1,0,0.1,0.037311,7.17719,451224
4305,2,9.89754,36,1,0,0,0.1,0.028101,7.18278,451261
4306,2,-1.069,23,0,1,0,0.1,0.034936,7.2003,451285
4307,2,9.94301,21,1,0,0,0.1,0.040111,7.15853,451307
4308,2,9.8864,40,1,0,0,0.1,0.032671,7.19244,451348
4309,2,-1.204,68,0,1,0,0.1,0.043181,7.19155,451417
4310,2,9.89234,38,1,0,0,0.1,0.033802,7.22292,451456
4311,2,-1.087,29,0,1,0,0.1,0.042372,7.16041,451486
4312,2,9.83507,57,1,0,0,0.1,0.029729,7.17213,451544
4313,2,9.89512,37,1,0,0,0.1,0.038899,7.15905,451582
4314,2,9.7987,69,1,0,0,0.1,0.035891,7.17513,451652
4315,2,9.84402,54,1,0,0,0.1,0.036398,7.19355,451707
4316,2,9.94849,19,1,0,0,0.1,0.030821,7.20951,451727
4317,2,9.8291,59,1,0,0,0.1,0.039189,7.1818,451787
4318,2,9.78101,75,1,0,0,0.1,0.033438,7.16648,451863
4319,2,-1.063,21,0,1,0,0.1,0.032802,7.17719,451885
4320,2,9.92725,26,1,0,0,0.1,0.036882,7.17359,451912
4321,2,9.93703,23,1,0,0,0.1,0.024941,7.19655,451936
4322,2,9.84103,55,1,0,0,0.1,0.030187,7.19548,451992
4323,2,-1.129,43,0,1,0,0.1,0.026401,7.19344,452036
4324,2,-1.057,19,0,1,0,0.1,0.037712,7.13718,452056
4325,2,-1.078,26,0,1,0,0.1,0.039039,7.20738,452083
4326,2,-1.024,8,0,1,0,0.1,0.034233,7.13985,452092
4327,2,-1.054,18,0,1,0,0.1,0.043127,7.19656,452111
4328,2,9.81724,63,1,0,0,0.1,0.038148,7.16922,452175
4329,2,9.9157,30,1,0,0,0.1,0.027449,7.16002,452206
4330,2,9.7601,82,1,0,0,0.1,0.039726,7.13715,452289
4331,2,9.90088,35,1,0,0,0.1,0.036247,7.19953,452325
4332,2,9.88274,41,1,0,0,0.1,0.040088,7.21522,452367
4333,2,9.87654,43,1,0,0,0.1,0.041746,7.20961,452411
4334,2,9.94313,21,1,0,0,0.1,0.034628,7.17698,452433
4335,2,9.94558,20,1,0,0,0.1,0.040184,7.20746,452454
4336,2,9.91827,29,1,0,0,0.1,0.030875,7.16136,452484
4337,2,-1.024,8,0,1,0,0.1,0.032938,7.12417,452493
4338,2,9.91308,31,1,0,0,0.1,0.041944,7.13107,452525
4339,2,9.90628,33,1,0,0,0.1,0.048109,7.16535,452559
4340,2,9.90922,32,1,0,0,0.1,0.048376,7.18793,452592
4341,2,-1.2,400,0,0,1,0.1,0.037121,7.18203,452992
4342,2,9.81381,64,1,0,0,0.1,0.034852,7.16638,453057
4343,2,9.82304,61,1,0,0,0.1,0.039943,7.18516,453119
4344,2,9.8708,45,1,0,0,0.1,0.035813,7.18141,453165
4345,2,9.93675,23,1,0,0,0.1,0.048863,7.23528,453189
4346,2,9.93378,24,1,0,0,0.1,0.033647,7.20459,453214
4347,2,-1.09,30,0,1,0,0.1,0.050387,7.14615,453245
4348,2,9.8377,56,1,0,0,0.1,0.033918,7.16475,453302
4349,2,9.83143,58,1,0,0,0.1,0.046285,7.1875,453361
4350,2,9.93982,22,1,0,0,0.1,0.029775,7.20363,453384
4351,2,9.80473,67,1,0,0,0.1,0.045299,7.19495,453452
4352,2,9.26763,246,1,0,0,0.1,0.041044,7.17595,453699
4353,2,9.88628,40,1,0,0,0.1,0.033371,7.1984,453740
4354,2,9.87376,44,1,0,0,0.1,0.02952,7.21841,453785
4355,2,9.92481,27,1,0,0,0.1,0.03998,7.19439,453813
4356,2,-1.117,39,0,1,0,0.1,0.031847,7.23619,453853
4357,2,-1.039,13,0,1,0,0.1,0.031295,7.16934,453867
4358,2,9.93944,22,1,0,0,0.1,0.04568,7.19202,453890
4359,2,9.74212,88,1,0,0,0.1,0.044856,7.17711,453979
4360,2,9.9184,29,1,0,0,0.1,0.034202,7.17017,454009
4361,2,9.84659,53,1,0,0,0.1,0.036085,7.21413,454063
4362,2,9.92755,26,1,0,0,0.1,0.032484,7.19179,454090
4363,2,9.86177,48,1,0,0,0.1,0.042542,7.18337,454139
4364,2,9.85258,51,1,0,0,0.1,0.046347,7.18566,454191
4365,2,9.89189,38,1,0,0,0.1,0.036532,7.19035,454230
4366,2,9.94565,20,1,0,0,0.1,0.047681,7.20825,454251
4367,2,-1.834,278,0,1,0,0.1,0.035696,7.1925,454530
4368,2,9.79912,69,1,0,0,0.1,0.04337,7.17929,454600
4369,2,-1.2,400,0,0,1,0.1,0.035566,7.18199,455000
4370,2,9.89188,38,1,0,0,0.1,0.03382,7.1739,455039
4371,2,-1.531,177,0,1,0,0.1,0.0401,7.17755,455217
4372,2,9.93682,23,1,0,0,0.1,0.050713,7.19346,455241
4373,2,9.83193,58,1,0,0,0.1,0.028854,7.20094,455300
4374,2,9.928,26,1,0,0,0.1,0.050176,7.15619,455327
4375,2,9.79881,69,1,0,0,0.1,0.028516,7.17378,455397
4376,2,-1.159,53,0,1,0,0.1,0.035436,7.19123,455451
4377,2,-1.075,25,0,1,0,0.1,0.042972,7.20045,455477
4378,2,9.76251,81,1,0,0,0.1,0.040721,7.17492,455559
4379,2,9.52279,161,1,0,0,0.1,0.032243,7.18346,455721
4380,2,-1.021,7,0,1,0,0.1,0.022066,7.15393,455729
4381,2,9.86481,47,1,0,0,0.1,0.031833,7.20461,455777
4382,2,9.85889,49,1,0,0,0.1,0.042715,7.2116,455827
4383,2,9.60969,132,1,0,0,0.1,0.035719,7.19054,455960
4384,2,9.81738,63,1,0,0,0.1,0.038035,7.18916,456024
4385,2,9.93382,24,1,0,0,0.1,0.034279,7.15213,456049
4386,2,9.89844,36,1,0,0,0.1,0.031563,7.1435,456086
4387,2,-1.06,20,0,1,0,0.1,0.038449,7.25244,456107
4388,2,9.89192,38,1,0,0,0.1,0.040076,7.18646,456146
4389,2,9.81424,64,1,0,0,0.1,0.048624,7.17771,456211
4390,2,9.8528,51,1,0,0,0.1,0.038781,7.186,456263
4391,2,9.82642,60,1,0,0,0.1,0.040058,7.20674,456324
4392,2,-1.204,68,0,1,0,0.1,0.029124,7.20415,456393
4393,2,9.85025,52,1,0,0,0.1,0.028901,7.18871,456446
4394,2,-1.072,24,0,1,0,0.1,0.027748,7.22908,456471
4395,2,9.82319,61,1,0,0,0.1,0.035945,7.16328,456533
4396,2,9.94625,20,1,0,0,0.1,0.039696,7.21801,456554
4397,2,9.90697,33,1,0,0,0.1,0.034611,7.14888,456588
4398,2,9.78331,74,1,0,0,0.1,0.04524,7.18625,456663
4399,2,9.85031,52,1,0,0,0.1,0.034439,7.16959,456716
4400,2,9.75403,84,1,0,0,0.1,0.034449,7.19434,456801
4401,2,9.91887,29,1,0,0,0.1,0.038781,7.21818,456831
4402,2,-2.071,357,0,1,0,0.1,0.033866,7.19311,457189
4403,2,9.84377,54,1,0,0,0.1,0.053245,7.20815,457244
4404,2,9.88319,41,1,0,0,0.1,0.037982,7.17568,457286
4405,2,9.88867,39,1,0,0,0.1,0.050707,7.17635,457326
4406,2,9.81061,65,1,0,0,0.1,0.033202,7.1941,457392
4407,2,-1.225,75,0,1,0,0.1,0.030434,7.18587,457468
4408,2,9.71526,97,1,0,0,0.1,0.039943,7.19412,457566
4409,2,9.85883,49,1,0,0,0.1,0.035604,7.202,457616
4410,2,9.82533,60,1,0,0,0.1,0.038809,7.15934,457677
4411,2,9.85525,50,1,0,0,0.1,0.028666,7.21217,457728
4412,2,9.93127,25,1,0,0,0.1,0.030697,7.23001,457754
4413,2,9.93077,25,1,0,0,0.1,0.038502,7.20908,457780
4414,2,9.91376,31,1,0,0,0.1,0.031308,7.19809,457812
4415,2,-1.093,31,0,1,0,0.1,0.035164,7.22958,457844
4416,2,9.91897,29,1,0,0,0.1,0.040736,7.18829,457874
4417,2,9.93041,25,1,0,0,0.1,0.029662,7.18146,457900
4418,2,-1.021,7,0,1,0,0.1,0.027204,7.24172,457908
4419,2,9.94,22,1,0,0,0.1,0.028437,7.25106,457931
4420,2,-1.834,278,0,1,0,0.1,0.040511,7.21143,458210
4421,2,-1.525,175,0,1,0,0.1,0.034267,7.17969,458386
4422,2,9.80428,67,1,0,0,0.1,0.034668,7.16971,458454
4423,2,9.88866,39,1,0,0,0.1,0.045593,7.18636,458494
4424,2,9.8889,39,1,0,0,0.1,0.037096,7.21241,458534
4425,2,9.82626,60,1,0,0,0.1,0.038621,7.19308,458595
4426,2,-1.078,26,0,1,0,0.1,0.042014,7.16008,458622
4427,2,-1.576,192,0,1,0,0.1,0.03691,7.17832,458815
4428,2,9.80194,68,1,0,0,0.1,0.033377,7.18408,458884
4429,2,9.84648,53,1,0,0,0.1,0.030816,7.18434,458938
4430,2,9.7328,91,1,0,0,0.1,0.042998,7.16302,459030
4431,2,8.84785,386,1,0,0,0.1,0.038442,7.16658,459417
4432,2,9.8613,48,1,0,0,0.1,0.036765,7.17008,459466
4433,2,9.90986,32,1,0,0,0.1,0.044928,7.17854,459499
4434,2,9.89228,38,1,0,0,0.1,0.037026,7.14423,459538
4435,2,9.84083,55,1,0,0,0.1,0.030275,7.16774,459594
4436,2,9.86818,46,1,0,0,0.1,0.029679,7.1501,459641
4437,2,9.92524,27,1,0,0,0.1,0.036864,7.11065,459669
4438,2,-1.195,65,0,1,0,0.1,0.032749,7.157,459735
4439,2,9.8532,51,1,0,0,0.1,0.042175,7.15613,459787
4440,2,9.73313,91,1,0,0,0.1,0.036778,7.16019,459879
4441,2,-1.183,61,0,1,0,0.1,0.042532,7.14789,459941
4442,2,-1.684,228,0,1,0,0.1,0.036543,7.15585,460170
4443,2,9.91041,32,1,0,0,0.1,0.041377,7.15294,460203
4444,2,9.94001,22,1,0,0,0.1,0.064307,7.16387,460226
4445,2,-1.045,15,0,1,0,0.1,0.045265,7.23281,460242
4446,2,9.91301,31,1,0,0,0.1,0.039815,7.14263,460274
4447,2,9.82893,59,1,0,0,0.1,0.029088,7.14885,460334
4448,2,-1.051,17,0,1,0,0.1,0.033046,7.17634,460352
4449,2,9.90363,34,1,0,0,0.1,0.032914,7.16199,460387
4450,2,-1.045,15,0,1,0,0.1,0.033872,7.17715,460403
4451,2,-1.123,41,0,1,0,0.1,0.041277,7.19988,460445
4452,2,9.87087,45,1,0,0,0.1,0.034148,7.1863,460491
4453,2,9.93383,24,1,0,0,0.1,0.035688,7.18732,460516
4454,2,9.79001,72,1,0,0,0.1,0.035201,7.17193,460589
4455,2,-1.726,242,0,1,0,0.1,0.035972,7.1582,460832
4456,2,9.65502,117,1,0,0,0.1,0.037659,7.15361,460950
4457,2,-1.096,32,0,1,0,0.1,0.043775,7.11817,460983
4458,2,9.81386,64,1,0,0,0.1,0.037368,7.12823,461048
4459,2,9.86488,47,1,0,0,0.1,0.028019,7.1313,461096
4460,2,-1.015,5,0,1,0,0.1,0.043343,7.03984,461102
4461,2,9.82844,59,1,0,0,0.1,0.032281,7.15794,461162
4462,2,9.94543,20,1,0,0,0.1,0.045689,7.115,461183
4463,2,9.88901,39,1,0,0,0.1,0.031164,7.17888,461223
4464,2,9.88296,41,1,0,0,0.1,0.029357,7.17017,461265
4465,2,9.82832,59,1,0,0,0.1,0.03607,7.15655,461325
4466,2,9.81079,65,1,0,0,0.1,0.040194,7.12947,461391
4467,2,9.92784,26,1,0,0,0.1,0.024757,7.1462,461418
4468,2,9.88603,40,1,0,0,0.1,0.03622,7.18485,461459
4469,2,9.94011,22,1,0,0,0.1,0.050688,7.1897,461482
4470,2,9.85311,51,1,0,0,0.1,0.036377,7.13995,461534
4471,2,9.85275,51,1,0,0,0.1,0.033075,7.21122,461586
4472,2,9.84104,55,1,0,0,0.1,0.033035,7.15899,461642
4473,2,9.89519,37,1,0,0,0.1,0.038686,7.16461,461680
4474,2,9.79244,71,1,0,0,0.1,0.032606,7.14695,461752
4475,2,9.87356,44,1,0,0,0.1,0.028834,7.13538,461797
4476,2,9.93701,23,1,0,0,0.1,0.038476,7.11143,461821
4477,2,9.71201,98,1,0,0,0.1,0.039154,7.16288,461920
4478,2,-1.108,36,0,1,0,0.1,0.031467,7.17817,461957
4479,2,-1.66,220,0,1,0,0.1,0.034109,7.16067,462178
4480,2,-1.042,14,0,1,0,0.1,0.033233,7.13502,462193
4481,2,9.89499,37,1,0,0,0.1,0.038655,7.13991,462231
4482,2,9.90055,35,1,0,0,0.1,0.038732,7.16629,462267
4483,2,9.9039,34,1,0,0,0.1,0.046401,7.13189,462302
4484,2,9.87998,42,1,0,0,0.1,0.036474,7.15642,462345
4485,2,9.91849,29,1,0,0,0.1,0.058616,7.15832,462375
4486,2,9.92738,26,1,0,0,0.1,0.036436,7.17902,462402
4487,2,9.82307,61,1,0,0,0.1,0.028904,7.13548,462464
4488,2,-1.024,8,0,1,0,0.1,0.037908,7.15563,462473
4489,2,9.91861,29,1,0,0,0.1,0.037398,7.20227,462503
4490,2,9.84948,52,1,0,0,0.1,0.030951,7.185,462556
4491,2,-1.03,10,0,1,0,0.1,0.016115,7.10686,462567
4492,2,9.87991,42,1,0,0,0.1,0.032913,7.15156,462610
4493,2,-1.09,30,0,1,0,0.1,0.03609,7.15269,462641
4494,2,-1.036,12,0,1,0,0.1,0.038011,7.16987,462654
4495,2,9.90355,34,1,0,0,0.1,0.04265,7.17746,462689
4496,2,-1.12,40,0,1,0,0.1,0.038644,7.18776,462730
4497,2,9.86177,48,1,0,0,0.1,0.02924,7.18251,462779
4498,2,9.91894,29,1,0,0,0.1,0.032182,7.18162,462809
4499,2,-1.087,29,0,1,0,0.1,0.044492,7.17642,462839
4500,2,9.92802,26,1,0,0,0.1,0.042285,7.18155,462866
4501,2,9.79867,69,1,0,0,0.1,0.027656,7.17941,462936
4502,2,9.87694,43,1,0,0,0.1,0.031014,7.12629,462980
4503,2,-1.099,33,0,1,0,0.1,0.046049,7.18214,463014
4504,2,9.92143,28,1,0,0,0.1,0.029796,7.19615,463043
4505,2,-1.093,31,0,1,0,0.1,0.033996,7.19592,463075
4506,2,9.62166,128,1,0,0,0.1,0.039103,7.17299,463204
4507,2,9.89176,38,1,0,0,0.1,0.035323,7.15119,463243
4508,2,9.88304,41,1,0,0,0.1,0.039903,7.14869,463285
4509,2,9.77839,76,1,0,0,0.1,0.033687,7.16039,463362
4510,2,9.77803,76,1,0,0,0.1,0.030152,7.14642,463439
4511,2,-1.219,73,0,1,0,0.1,0.036061,7.16338,463513
4512,2,9.90712,33,1,0,0,0.1,0.03207,7.14384,463547
4513,2,9.54716,153,1,0,0,0.1,0.036388,7.1589,463701
4514,2,9.9012,35,1,0,0,0.1,0.04662,7.16621,463737
4515,2,-1.177,59,0,1,0,0.1,0.031724,7.15704,463797
4516,2,9.78711,73,1,0,0,0.1,0.038079,7.14923,463871
4517,2,9.91975,29,1,0,0,0.1,0.04785,7.13807,463901
4518,2,9.91021,32,1,0,0,0.1,0.033413,7.15191,463934
4519,2,9.83543,57,1,0,0,0.1,0.034306,7.1348,463992
4520,2,9.82623,60,1,0,0,0.1,0.028228,7.14176,464053
4521,2,-1.126,42,0,1,0,0.1,0.029012,7.14745,464096
4522,2,9.90668,33,1,0,0,0.1,0.03374,7.14819,464130
4523,2,9.88327,41,1,0,0,0.1,0.035266,7.12627,464172
4524,2,9.9401,22,1,0,0,0.1,0.027824,7.16014,464195
4525,2,-1.264,88,0,1,0,0.1,0.028652,7.14054,464284
4526,2,9.90074,35,1,0,0,0.1,0.04105,7.14424,464320
4527,2,9.20225,268,1,0,0,0.1,0.036197,7.14243,464589
4528,2,-1.123,41,0,1,0,0.1,0.040569,7.14512,464631
4529,2,9.82584,60,1,0,0,0.1,0.031107,7.16542,464692
4530,2,-1.207,69,0,1,0,0.1,0.033356,7.15522,464762
4531,2,9.90702,33,1,0,0,0.1,0.029382,7.11251,464796
4532,2,9.67909,109,1,0,0,0.1,0.041859,7.12782,464906
4533,2,9.78975,72,1,0,0,0.1,0.033496,7.14406,464979
4534,2,-1.087,29,0,1,0,0.1,0.033786,7.159,465009
4535,2,-1.2,400,0,0,1,0.1,0.036174,7.15017,465409
4536,2,-1.063,21,0,1,0,0.1,0.037306,7.19224,465431
4537,2,9.85,52,1,0,0,0.1,0.028882,7.13857,465484
4538,2,9.87959,42,1,0,0,0.1,0.036779,7.18053,465527
4539,2,-1.234,78,0,1,0,0.1,0.032613,7.09354,465606
4540,2,9.90394,34,1,0,0,0.1,0.028032,7.12864,465641
4541,2,9.77495,77,1,0,0,0.1,0.038014,7.1719,465719
4542,2,-1.2,400,0,0,1,0.1,0.0356,7.15902,466119
4543,2,9.94295,21,1,0,0,0.1,0.042703,7.11343,466141
4544,2,9.87083,45,1,0,0,0.1,0.041128,7.16193,466187
4545,2,9.92216,28,1,0,0,0.1,0.022664,7.15561,466216
4546,2,9.91569,30,1,0,0,0.1,0.03514,7.13033,466247
4547,2,9.94017,22,1,0,0,0.1,0.037465,7.1067,466270
4548,2,-1.012,4,0,1,0,0.1,0.006596,7.11108,466275
4549,2,9.85003,52,1,0,0,0.1,0.027706,7.12655,466328
4550,2,-1.2,400,0,0,1,0.1,0.033485,7.13768,466728
4551,2,9.90955,32,1,0,0,0.1,0.02596,7.15974,466761
4552,2,-1.873,291,0,1,0,0.1,0.036913,7.12794,467053
4553,2,9.87351,44,1,0,0,0.1,0.033856,7.13675,467098
4554,2,9.8679,46,1,0,0,0.1,0.024804,7.15296,467145
4555,2,-1.2,400,0,0,1,0.1,0.035128,7.14573,467545
4556,2,9.93122,25,1,0,0,0.1,0.040386,7.20512,467571
4557,2,9.82593,60,1,0,0,0.1,0.035738,7.10863,467632
4558,2,9.73869,89,1,0,0,0.1,0.037496,7.13064,467722
4559,2,9.90953,32,1,0,0,0.1,0.024556,7.14604,467755
4560,2,-1.06,20,0,1,0,0.1,0.038525,7.11094,467776
4561,2,9.90077,35,1,0,0,0.1,0.044344,7.14659,467812
4562,2,9.84388,54,1,0,0,0.1,0.027337,7.13791,467867
4563,2,9.76307,81,1,0,0,0.1,0.039954,7.14327,467949
4564,2,-1.216,72,0,1,0,0.1,0.034341,7.0991,468022
4565,2,9.92491,27,1,0,0,0.1,0.036064,7.12647,468050
4566,2,9.80243,68,1,0,0,0.1,0.037623,7.16006,468119
4567,2,9.92785,26,1,0,0,0.1,0.034185,7.14807,468146
4568,2,9.93928,22,1,0,0,0.1,0.021661,7.15766,468169
4569,2,-1.108,36,0,1,0,0.1,0.03821,7.17312,468206
4570,2,-1.09,30,0,1,0,0.1,0.034062,7.13527,468237
4571,2,9.74801,86,1,0,0,0.1,0.042965,7.12453,468324
4572,2,9.69387,104,1,0,0,0.1,0.036949,7.13065,468429
4573,2,9.72067,95,1,0,0,0.1,0.039106,7.13888,468525
4574,2,-1.684,228,0,1,0,0.1,0.040584,7.12931,468754
4575,2,9.77467,77,1,0,0,0.1,0.030523,7.1387,468832
4576,2,9.85021,52,1,0,0,0.1,0.029896,7.10662,468885
4577,2,9.78937,72,1,0,0,0.1,0.03669,7.13032,468958
4578,2,9.83756,56,1,0,0,0.1,0.032656,7.13084,469015
4579,2,9.94013,22,1,0,0,0.1,0.050492,7.14161,469038
4580,2,-1.084,28,0,1,0,0.1,0.042087,7.09536,469067
4581,2,9.7961,70,1,0,0,0.1,0.043154,7.14565,469138
4582,2,9.88902,39,1,0,0,0.1,0.033473,7.16342,469178
4583,2,-1.144,48,0,1,0,0.1,0.040018,7.13111,469227
4584,2,9.84705,53,1,0,0,0.1,0.018741,7.13501,469281
4585,2,9.85602,50,1,0,0,0.1,0.033146,7.13554,469332
4586,2,9.80184,68,1,0,0,0.1,0.031651,7.14298,469401
4587,2,9.91602,30,1,0,0,0.1,0.036821,7.14981,469432
4588,2,9.88284,41,1,0,0,0.1,0.037614,7.17646,469474
4589,2,9.84987,52,1,0,0,0.1,0.037955,7.16723,469527
4590,2,-1.147,49,0,1,0,0.1,0.038411,7.13573,469577
4591,2,9.78069,75,1,0,0,0.1,0.036663,7.13946,469653
4592,2,9.94603,20,1,0,0,0.1,0.018895,7.19351,469674
4593,2,-1.099,33,0,1,0,0.1,0.038884,7.10791,469708
4594,2,-1.165,55,0,1,0,0.1,0.030011,7.14514,469764
4595,2,9.90655,33,1,0,0,0.1,0.036876,7.12609,469798
4596,2,9.82277,61,1,0,0,0.1,0.040029,7.155,469860
4597,2,9.93079,25,1,0,0,0.1,0.033454,7.16159,469886
4598,2,9.8475,53,1,0,0,0.1,0.039051,7.16352,469940
4599,2,-1.624,208,0,1,0,0.1,0.032098,7.14308,470149
4600,2,9.92797,26,1,0,0,0.1,0.04016,7.14619,470176
4601,2,9.83482,57,1,0,0,0.1,0.036474,7.14,470234
4602,2,9.89791,36,1,0,0,0.1,0.02753,7.15073,470271
4603,2,9.93667,23,1,0,0,0.1,0.036713,7.18597,470295
4604,2,9.89152,38,1,0,0,0.1,0.032087,7.1626,470334
4605,2,9.86247,48,1,0,0,0.1,0.030161,7.17757,470383
4606,2,9.90718,33,1,0,0,0.1,0.033568,7.11015,470417
4607,2,9.89844,36,1,0,0,0.1,0.026636,7.10343,470454
4608,2,9.77795,76,1,0,0,0.1,0.038716,7.15394,470531
4609,2,9.841,55,1,0,0,0.1,0.048493,7.12789,470587
4610,2,9.92206,28,1,0,0,0.1,0.043064,7.16014,470616
4611,2,-1.474,158,0,1,0,0.1,0.033445,7.15083,470775
4612,2,9.88103,42,1,0,0,0.1,0.020876,7.16254,470818
4613,2,9.91275,31,1,0,0,0.1,0.029244,7.13992,470850
4614,2,9.80777,66,1,0,0,0.1,0.032591,7.09976,470917
4615,2,9.83507,57,1,0,0,0.1,0.032106,7.12913,470975
4616,2,9.93998,22,1,0,0,0.1,0.046884,7.08458,470998
4617,2,9.94328,21,1,0,0,0.1,0.04821,7.14611,471020
4618,2,9.92215,28,1,0,0,0.1,0.039028,7.13962,471049
4619,2,-1.2,400,0,0,1,0.1,0.029837,7.15161,471449
4620,2,9.93937,22,1,0,0,0.1,0.020683,7.22329,471472
4621,2,9.75382,84,1,0,0,0.1,0.035383,7.15566,471557
4622,2,9.73598,90,1,0,0,0.1,0.040874,7.13259,471648
4623,2,9.84084,55,1,0,0,0.1,0.038013,7.12899,471704
4624,2,9.8496,52,1,0,0,0.1,0.024134,7.14969,471757
4625,2,-1.231,77,0,1,0,0.1,0.030045,7.12656,471835
4626,2,9.87079,45,1,0,0,0.1,0.024905,7.14475,471881
4627,2,9.93058,25,1,0,0,0.1,0.041861,7.1287,471907
4628,2,9.9363,23,1,0,0,0.1,0.029112,7.13667,471931
4629,2,9.84981,52,1,0,0,0.1,0.029714,7.13492,471984
4630,2,9.84092,55,1,0,0,0.1,0.03617,7.09811,472040
4631,2,9.93099,25,1,0,0,0.1,0.031547,7.17529,472066
4632,2,9.89455,37,1,0,0,0.1,0.031534,7.15772,472104
4633,2,-1.009,3,0,1,0,0.1,0.018419,7.28035,472108
4634,2,9.93103,25,1,0,0,0.1,0.034959,7.11032,472134
4635,2,-1.039,13,0,1,0,0.1,0.044303,7.14852,472148
4636,2,9.91003,32,1,0,0,0.1,0.037641,7.14607,472181
4637,2,9.81697,63,1,0,0,0.1,0.035206,7.14636,472245
4638,2,9.87381,44,1,0,0,0.1,0.026087,7.16999,472290
4639,2,9.73875,89,1,0,0,0.1,0.033453,7.13317,472380
4640,2,9.84979,52,1,0,0,0.1,0.031086,7.13832,472433
4641,2,-1.123,41,0,1,0,0.1,0.036572,7.133,472475
4642,2,-1.258,86,0,1,0,0.1,0.037742,7.14368,472562
4643,2,9.94303,21,1,0,0,0.1,0.037137,7.14262,472584
4644,2,9.83769,56,1,0,0,0.1,0.037345,7.13103,472641
4645,2,9.89157,38,1,0,0,0.1,0.026492,7.14926,472680
4646,2,9.85319,51,1,0,0,0.1,0.032962,7.13892,472732
4647,2,9.93414,24,1,0,0,0.1,0.040361,7.17756,472757
4648,2,9.90351,34,1,0,0,0.1,0.023941,7.13775,472792
4649,2,-1.141,47,0,1,0,0.1,0.039451,7.14772,472840
4650,2,-1.207,69,0,1,0,0.1,0.036777,7.13258,472910
4651,2,-1.15,50,0,1,0,0.1,0.029839,7.14271,472961
4652,2,-1.105,35,0,1,0,0.1,0.035121,7.11982,472997
4653,2,-1.036,12,0,1,0,0.1,0.052177,7.10582,473010
4654,2,9.92783,26,1,0,0,0.1,0.026722,7.21637,473037
4655,2,-1.06765,23,0,1,0,0.1,0.027315,7.12558,473061
4656,2,9.87081,45,1,0,0,0.1,0.029689,7.12476,473107
4657,2,9.89142,38,1,0,0,0.1,0.028296,7.11553,473146
4658,2,9.89426,37,1,0,0,0.1,0.037514,7.1794,473184
4659,2,-1.072,24,0,1,0,0.1,0.029034,7.15866,473209
4660,2,-1.036,12,0,1,0,0.1,0.028638,7.13029,473222
4661,2,9.51635,163,1,0,0,0.1,0.038542,7.13915,473386
4662,2,9.89172,38,1,0,0,0.1,0.050279,7.16986,473425
4663,2,9.90417,34,1,0,0,0.1,0.035667,7.15202,473460
4664,2,9.86844,46,1,0,0,0.1,0.040982,7.19201,473507
4665,2,9.8198,62,1,0,0,0.1,0.035496,7.14035,473570
4666,2,9.83742,56,1,0,0,0.1,0.031778,7.16411,473627
4667,2,-1.129,43,0,1,0,0.1,0.033554,7.14688,473671
4668,2,-1.069,23,0,1,0,0.1,0.03904,7.09025,473695
4669,2,-1.06,20,0,1,0,0.1,0.020691,7.164,473716
4670,2,9.85526,50,1,0,0,0.1,0.041101,7.14645,473767
4671,2,9.84935,52,1,0,0,0.1,0.044785,7.13733,473820
4672,2,9.92203,28,1,0,0,0.1,0.026116,7.15182,473849
4673,2,-1.231,77,0,1,0,0.1,0.036415,7.15235,473927
4674,2,9.80872,66,1,0,0,0.1,0.0368,7.14603,473994
4675,2,9.83177,58,1,0,0,0.1,0.036439,7.12082,474053
4676,2,9.7422,88,1,0,0,0.1,0.034297,7.12326,474142
4677,2,-1.2,400,0,0,1,0.1,0.037279,7.13464,474542
4678,2,9.8855,40,1,0,0,0.1,0.040721,7.1162,474583
4679,2,9.85882,49,1,0,0,0.1,0.046993,7.14027,474633
4680,2,9.76619,80,1,0,0,0.1,0.032602,7.13049,474714
4681,2,-1.2,400,0,0,1,0.1,0.036712,7.11829,475114
4682,2,-1.09,30,0,1,0,0.1,0.025267,7.10096,475145
4683,2,-1.2,400,0,0,1,0.1,0.036707,7.08831,475545
4684,2,9.81968,62,1,0,0,0.1,0.033723,7.09662,475608
4685,2,9.90113,35,1,0,0,0.1,0.033959,7.07156,475644
4686,2,9.90078,35,1,0,0,0.1,0.040557,7.08055,475680
4687,2,-1.07126,24,0,1,0,0.1,0.035452,7.07322,475705
4688,2,9.82878,59,1,0,0,0.1,0.041693,7.0574,475765
4689,2,9.93385,24,1,0,0,0.1,0.018554,7.06089,475790
4690,2,9.88285,41,1,0,0,0.1,0.040899,7.07833,475832
4691,2,9.94586,20,1,0,0,0.1,0.04873,7.09878,475853
4692,2,9.92764,26,1,0,0,0.1,0.038022,7.05606,475880
4693,2,9.88614,40,1,0,0,0.1,0.036233,7.09491,475921
4694,2,9.70896,99,1,0,0,0.1,0.033705,7.0812,476021
4695,2,9.76892,79,1,0,0,0.1,0.038261,7.07128,476101
4696,2,9.88589,40,1,0,0,0.1,0.028825,7.04503,476142
4697,2,-1.153,51,0,1,0,0.1,0.036967,7.04513,476194
4698,2,-1.486,162,0,1,0,0.1,0.035949,7.06264,476357
4699,2,9.90984,32,1,0,0,0.1,0.024938,7.06537,476390
4700,2,9.81657,63,1,0,0,0.1,0.031941,7.06621,476454
4701,2,9.91922,29,1,0,0,0.1,0.039693,7.09283,476484
4702,2,9.92605,27,1,0,0,0.1,0.045476,7.08702,476512
4703,2,-1.072,24,0,1,0,0.1,0.028598,7.04386,476537
4704,2,9.91628,30,1,0,0,0.1,0.0358,7.04355,476568
4705,2,9.9008,35,1,0,0,0.1,0.0543,7.04529,476604
4706,2,9.61297,131,1,0,0,0.1,0.043242,7.0671,476736
4707,2,-1.219,73,0,1,0,0.1,0.035641,7.07215,476810
4708,2,9.86499,47,1,0,0,0.1,0.040774,7.06867,476858
4709,2,9.87718,43,1,0,0,0.1,0.035364,7.05865,476902
4710,2,9.90093,35,1,0,0,0.1,0.029002,7.08377,476938
4711,2,9.91546,30,1,0,0,0.1,0.050433,7.05522,476969
4712,2,9.85266,51,1,0,0,0.1,0.041487,7.06574,477021
4713,2,-1.408,136,0,1,0,0.1,0.031395,7.07273,477158
4714,2,-1.042,14,0,1,0,0.1,0.037532,7.05733,477173
4715,2,9.94303,21,1,0,0,0.1,0.040893,7.04612,477195
4716,2,-1.285,95,0,1,0,0.1,0.038267,7.0697,477291
4717,2,9.93428,24,1,0,0,0.1,0.034653,7.08591,477316
4718,2,9.91593,30,1,0,0,0.1,0.030987,7.05781,477347
4719,2,-1.2,400,0,0,1,0.1,0.034671,7.07479,477747
4720,2,9.94265,21,1,0,0,0.1,0.023856,7.07463,477769
4721,2,9.90068,35,1,0,0,0.1,0.038069,7.09693,477805
4722,2,-1.444,148,0,1,0,0.1,0.034294,7.08089,477954
4723,2,9.88612,40,1,0,0,0.1,0.02944,7.06423,477995
4724,2,9.88307,41,1,0,0,0.1,0.035644,7.08065,478037
4725,2,9.89181,38,1,0,0,0.1,0.038127,7.10573,478076
4726,2,-1.105,35,0,1,0,0.1,0.033575,7.11337,478112
4727,2,-1.066,22,0,1,0,0.1,0.036743,7.0861,478135
4728,2,9.9222,28,1,0,0,0.1,0.032563,7.12336,478164
4729,2,9.90083,35,1,0,0,0.1,0.037561,7.04639,478200
4730,2,9.91279,31,1,0,0,0.1,0.0508,7.11976,478232
4731,2,-1.144,48,0,1,0,0.1,0.045584,7.09033,478281
4732,2,9.94055,22,1,0,0,0.1,0.046538,7.04241,478304
4733,2,9.77198,78,1,0,0,0.1,0.045293,7.06142,478383
4734,2,9.88023,42,1,0,0,0.1,0.040639,7.06615,478426
4735,2,9.69669,103,1,0,0,0.1,0.039612,7.05748,478530
4736,2,9.91278,31,1,0,0,0.1,0.033306,7.08182,478562
4737,2,9.65875,116,1,0,0,0.1,0.03968,7.08614,478679
4738,2,9.8228,61,1,0,0,0.1,0.030554,7.0371,478741
4739,2,9.93739,23,1,0,0,0.1,0.040036,7.06094,478765
4740,2,9.84727,53,1,0,0,0.1,0.027625,7.06811,478819
4741,2,-1.03,10,0,1,0,0.1,0.048713,7.08979,478830
4742,2,9.87386,44,1,0,0,0.1,0.03978,7.05974,478875
4743,2,9.90397,34,1,0,0,0.1,0.025413,7.05201,478910
4744,2,9.82601,60,1,0,0,0.1,0.034788,7.03814,478971
4745,2,9.83773,56,1,0,0,0.1,0.036767,7.08505,479028
4746,2,9.91568,30,1,0,0,0.1,0.027353,7.08897,479059
4747,2,9.85274,51,1,0,0,0.1,0.042193,7.08758,479111
4748,2,9.87149,45,1,0,0,0.1,0.036057,7.05755,479157
4749,2,-1.144,48,0,1,0,0.1,0.030774,7.11146,479206
4750,2,9.9401,22,1,0,0,0.1,0.031429,7.06884,479229
4751,2,-1.321,107,0,1,0,0.1,0.030799,7.08471,479337
4752,2,-1.543,181,0,1,0,0.1,0.034568,7.08791,479519
4753,2,9.89768,36,1,0,0,0.1,0.02995,7.09244,479556
4754,2,9.88042,42,1,0,0,0.1,0.029168,7.06394,479599
4755,2,-1.141,47,0,1,0,0.1,0.042381,7.05021,479647
4756,2,9.77449,77,1,0,0,0.1,0.031628,7.065,479725
4757,2,-1.06,20,0,1,0,0.1,0.019384,7.04508,479746
4758,2,9.85632,50,1,0,0,0.1,0.033602,7.05628,479797
4759,2,9.74497,87,1,0,0,0.1,0.037487,7.07394,479885
4760,2,9.93982,22,1,0,0,0.1,0.046054,7.10948,479908
4761,2,9.85962,49,1,0,0,0.1,0.044727,7.08029,479958
4762,2,9.91272,31,1,0,0,0.1,0.02376,7.0828,479990
4763,2,-1.114,38,0,1,0,0.1,0.032098,7.098,480029
4764,2,9.88003,42,1,0,0,0.1,0.041674,7.07827,480072
4765,2,9.93942,22,1,0,0,0.1,0.0425,7.09316,480095
4766,2,-1.081,27,0,1,0,0.1,0.029837,7.07626,480123
4767,2,9.89126,38,1,0,0,0.1,0.032518,7.12127,480162
4768,2,9.90684,33,1,0,0,0.1,0.027273,7.03984,480196
4769,2,-1.174,58,0,1,0,0.1,0.038973,7.06804,480255
4770,2,9.83478,57,1,0,0,0.1,0.034384,7.05922,480313
4771,2,9.78189,75,1,0,0,0.1,0.029052,7.07596,480389
4772,2,9.83832,56,1,0,0,0.1,0.028552,7.05993,480446
4773,2,-1.129,43,0,1,0,0.1,0.029923,7.04971,480490
4774,2,9.83729,56,1,0,0,0.1,0.036421,7.08349,480547
4775,2,-1.042,14,0,1,0,0.1,0.048383,7.05506,480562
4776,2,9.87684,43,1,0,0,0.1,0.025944,7.06641,480606
4777,2,-1.051,17,0,1,0,0.1,0.032462,7.05631,480624
4778,2,9.88862,39,1,0,0,0.1,0.035171,7.08302,480664
4779,2,9.70588,100,1,0,0,0.1,0.041891,7.09921,480765
4780,2,9.78424,74,1,0,0,0.1,0.033939,7.06774,480840
4781,2,-1.078,26,0,1,0,0.1,0.034527,7.08319,480867
4782,2,9.89794,36,1,0,0,0.1,0.035857,7.03758,480904
4783,2,9.76249,81,1,0,0,0.1,0.043207,7.05789,480986
4784,2,9.85298,51,1,0,0,0.1,0.029919,7.08657,481038
4785,2,9.80803,66,1,0,0,0.1,0.035978,7.1044,481105
4786,2,9.91898,29,1,0,0,0.1,0.037569,7.06933,481135
4787,2,9.91618,30,1,0,0,0.1,0.03962,7.02667,481166
4788,2,9.78384,74,1,0,0,0.1,0.03931,7.05051,481241
4789,2,9.87964,42,1,0,0,0.1,0.040749,7.08134,481284
4790,2,9.93382,24,1,0,0,0.1,0.044663,7.07502,481309
4791,2,9.8857,40,1,0,0,0.1,0.031718,7.13186,481350
4792,2,9.91533,30,1,0,0,0.1,0.040167,7.07413,481381
4793,2,9.92197,28,1,0,0,0.1,0.047817,7.05069,481410
4794,2,9.85013,52,1,0,0,0.1,0.031012,7.08376,481463
4795,2,-1.039,13,0,1,0,0.1,0.04785,7.08944,481477
4796,2,9.93619,23,1,0,0,0.1,0.020349,7.13196,481501
4797,2,9.93699,23,1,0,0,0.1,0.03644,6.99589,481525
4798,2,9.91226,31,1,0,0,0.1,0.043647,7.07349,481557
4799,2,-1.234,78,0,1,0,0.1,0.03823,7.10422,481636
4800,2,9.928,26,1,0,0,0.1,0.037342,7.11123,481663
4801,2,9.8978,36,1,0,0,0.1,0.028021,7.07907,481700
4802,2,-1.195,65,0,1,0,0.1,0.035561,7.07225,481766
4803,2,9.77745,76,1,0,0,0.1,0.035225,7.08658,481843
4804,2,9.88606,40,1,0,0,0.1,0.036783,7.06255,481884
4805,2,9.74457,87,1,0,0,0.1,0.033027,7.06276,481972
4806,2,9.25003,252,1,0,0,0.1,0.036977,7.11347,482225
4807,2,9.88303,41,1,0,0,0.1,0.034312,7.08422,482267
4808,2,9.78937,72,1,0,0,0.1,0.040673,7.08229,482340
4809,2,9.89499,37,1,0,0,0.1,0.026888,7.09908,482378
4810,2,-1.045,15,0,1,0,0.1,0.041098,7.0627,482394
4811,2,9.74479,87,1,0,0,0.1,0.033582,7.13687,482482
4812,2,9.83527,57,1,0,0,0.1,0.044421,7.117,482540
4813,2,-1.072,24,0,1,0,0.1,0.044095,7.07789,482565
4814,2,-1.45,150,0,1,0,0.1,0.036253,7.0815,482716
4815,2,9.94827,19,1,0,0,0.1,0.026314,7.1318,482736
4816,2,9.89528,37,1,0,0,0.1,0.037277,7.09791,482774
4817,2,9.93987,22,1,0,0,0.1,0.034358,7.0799,482797
4818,2,9.84106,55,1,0,0,0.1,0.030084,7.12454,482853
4819,2,9.85623,50,1,0,0,0.1,0.043674,7.09713,482904
4820,2,9.93677,23,1,0,0,0.1,0.037918,7.09234,482928
4821,2,9.94075,22,1,0,0,0.1,0.028727,7.06029,482951
4822,2,9.89786,36,1,0,0,0.1,0.037894,7.08104,482988
4823,2,9.946,20,1,0,0,0.1,0.04094,7.12207,483009
4824,2,9.88603,40,1,0,0,0.1,0.038359,7.05209,483050
4825,2,-1.063,21,0,1,0,0.1,0.039155,7.10327,483072
4826,2,-1.066,22,0,1,0,0.1,0.039339,7.15149,483095
4827,2,9.85051,52,1,0,0,0.1,0.035675,7.1199,483148
4828,2,9.85292,51,1,0,0,0.1,0.028255,7.10974,483200
4829,2,-1.201,67,0,1,0,0.1,0.033781,7.05876,483268
4830,2,-1.126,42,0,1,0,0.1,0.039246,7.08674,483311
4831,2,9.83225,58,1,0,0,0.1,0.047474,7.09679,483370
4832,2,-1.999,333,0,1,0,0.1,0.034796,7.09736,483704
4833,2,9.87699,43,1,0,0,0.1,0.034292,7.10733,483748
4834,2,9.93981,22,1,0,0,0.1,0.032314,7.11372,483771
4835,2,9.78082,75,1,0,0,0.1,0.041555,7.09065,483847
4836,2,9.83156,58,1,0,0,0.1,0.040726,7.08757,483906
4837,2,9.85228,51,1,0,0,0.1,0.036194,7.11093,483958
4838,2,9.88872,39,1,0,0,0.1,0.03844,7.06398,483998
4839,2,9.82821,59,1,0,0,0.1,0.032145,7.08443,484058
4840,2,9.9124,31,1,0,0,0.1,0.050229,7.11567,484090
4841,2,9.85037,52,1,0,0,0.1,0.02932,7.08554,484143
4842,2,9.93401,24,1,0,0,0.1,0.036531,7.11459,484168
4843,2,9.9129,31,1,0,0,0.1,0.033504,7.09646,484200
4844,2,9.8173,63,1,0,0,0.1,0.039301,7.09953,484264
4845,2,-1.141,47,0,1,0,0.1,0.043499,7.11561,484312
4846,2,9.93112,25,1,0,0,0.1,0.029446,7.07053,484338
4847,2,-1.129,43,0,1,0,0.1,0.033002,7.07551,484382
4848,2,9.88282,41,1,0,0,0.1,0.038439,7.09174,484424
4849,2,9.81059,65,1,0,0,0.1,0.041515,7.11927,484490
4850,2,-1.123,41,0,1,0,0.1,0.037909,7.12539,484532
4851,2,9.78427,74,1,0,0,0.1,0.037108,7.11562,484607
4852,2,9.78105,75,1,0,0,0.1,0.044488,7.08945,484683
4853,2,9.91239,31,1,0,0,0.1,0.049263,7.08393,484715
4854,2,9.92212,28,1,0,0,0.1,0.035708,7.09233,484744
4855,2,-1.147,49,0,1,0,0.1,0.044103,7.11141,484794
4856,2,9.84725,53,1,0,0,0.1,0.029624,7.12497,484848
4857,2,9.71825,96,1,0,0,0.1,0.040045,7.09318,484945
4858,2,-1.048,16,0,1,0,0.1,0.040187,7.12678,484962
4859,2,9.93077,25,1,0,0,0.1,0.045681,7.11815,484988
4860,2,-1.2,400,0,0,1,0.1,0.040426,7.11385,485388
4861,2,9.85551,50,1,0,0,0.1,0.046311,7.0825,485439
4862,2,-1.474,158,0,1,0,0.1,0.041467,7.09667,485598
4863,2,9.89797,36,1,0,0,0.1,0.024972,7.11277,485635
4864,2,9.84075,55,1,0,0,0.1,0.033711,7.05894,485691
4865,2,9.94898,19,1,0,0,0.1,0.0361,7.08117,485711
4866,2,9.78657,73,1,0,0,0.1,0.034633,7.08964,485785
4867,2,9.92452,27,1,0,0,0.1,0.046799,7.0866,485813
4868,2,9.93399,24,1,0,0,0.1,0.029644,7.07806,485838
4869,2,9.90733,33,1,0,0,0.1,0.030158,7.10814,485872
4870,2,-1.2,400,0,0,1,0.1,0.037374,7.08516,486272
4871,2,9.91854,29,1,0,0,0.1,0.027766,7.14375,486302
4872,2,9.87395,44,1,0,0,0.1,0.038737,7.10519,486347
4873,2,-1.732,244,0,1,0,0.1,0.035927,7.07746,486592
4874,2,-1.234,78,0,1,0,0.1,0.044108,7.09064,486671
4875,2,9.91837,29,1,0,0,0.1,0.037854,7.08167,486701
4876,2,9.79891,69,1,0,0,0.1,0.026261,7.08515,486771
4877,2,9.94341,21,1,0,0,0.1,0.037787,7.04497,486793
4878,2,-1.153,51,0,1,0,0.1,0.023612,7.08396,486845
4879,2,-1.087,29,0,1,0,0.1,0.045202,7.05854,486875
4880,2,9.9248,27,1,0,0,0.1,0.039333,7.06204,486903
4881,2,-1.027,9,0,1,0,0.1,0.065889,7.02819,486913
4882,2,9.64327,121,1,0,0,0.1,0.043504,7.05458,487035
4883,2,9.86807,46,1,0,0,0.1,0.031983,7.06433,487082
4884,2,9.88884,39,1,0,0,0.1,0.041251,7.10931,487122
4885,2,9.83828,56,1,0,0,0.1,0.035274,7.07484,487179
4886,2,9.61589,130,1,0,0,0.1,0.031978,7.07161,487310
4887,2,9.78626,73,1,0,0,0.1,0.040646,7.06083,487384
4888,2,9.7784,76,1,0,0,0.1,0.036562,7.084,487461
4889,2,-1.018,6,0,1,0,0.1,0.04001,7.05438,487468
4890,2,9.85015,52,1,0,0,0.1,0.035941,7.06651,487521
4891,2,-1.036,12,0,1,0,0.1,0.02664,7.10234,487534
4892,2,9.88313,41,1,0,0,0.1,0.029624,7.09838,487576
4893,2,9.9161,30,1,0,0,0.1,0.020952,7.03098,487607
4894,2,9.87396,44,1,0,0,0.1,0.034576,7.09412,487652
4895,2,-1.012,4,0,1,0,0.1,0.048375,7.05145,487657
4896,2,9.91283,31,1,0,0,0.1,0.029829,7.11101,487689
4897,2,-1.27,90,0,1,0,0.1,0.036424,7.08818,487780
4898,2,9.83197,58,1,0,0,0.1,0.027435,7.07764,487839
4899,2,9.93086,25,1,0,0,0.1,0.030309,7.08755,487865
4900,2,9.92213,28,1,0,0,0.1,0.056813,7.11386,487894
4901,2,9.90087,35,1,0,0,0.1,0.03702,7.08346,487930
4902,2,9.91273,31,1,0,0,0.1,0.050947,7.13534,487962
4903,2,9.87357,44,1,0,0,0.1,0.037005,7.07038,488007
4904,2,9.76239,81,1,0,0,0.1,0.028309,7.07765,488089
4905,2,-1.11861,40,0,1,0,0.1,0.03171,7.09952,488130
4906,2,9.81028,65,1,0,0,0.1,0.032973,7.0928,488196
4907,2,9.88901,39,1,0,0,0.1,0.035718,7.08209,488236
4908,2,9.91269,31,1,0,0,0.1,0.037512,7.0803,488268
4909,2,9.92775,26,1,0,0,0.1,0.031599,7.07598,488295
4910,2,9.8982,36,1,0,0,0.1,0.028186,7.06549,488332
4911,2,-1.042,14,0,1,0,0.1,0.03292,7.10167,488347
4912,2,-1.741,247,0,1,0,0.1,0.037117,7.09754,488595
4913,2,-1.186,62,0,1,0,0.1,0.024507,7.12978,488658
4914,2,-1.036,12,0,1,0,0.1,0.022149,7.06365,488671
4915,2,9.82869,59,1,0,0,0.1,0.036002,7.0957,488731
4916,2,9.89183,38,1,0,0,0.1,0.035196,7.09782,488770
4917,2,9.93451,24,1,0,0,0.1,0.029255,7.11344,488795
4918,2,-1.192,64,0,1,0,0.1,0.03855,7.10068,488860
4919,2,9.84398,54,1,0,0,0.1,0.035085,7.11098,488915
4920,2,9.78706,73,1,0,0,0.1,0.030648,7.10313,488989
4921,2,-1.027,9,0,1,0,0.1,0.044116,7.17307,488999
4922,2,-1.432,144,0,1,0,0.1,0.034093,7.1087,489144
4923,2,9.91604,30,1,0,0,0.1,0.031316,7.12006,489175
4924,2,-1.066,22,0,1,0,0.1,0.042819,7.04045,489198
4925,2,9.87679,43,1,0,0,0.1,0.04209,7.10926,489242
4926,2,9.88879,39,1,0,0,0.1,0.034316,7.11314,489282
4927,2,9.89218,38,1,0,0,0.1,0.031525,7.08428,489321
4928,2,-1.03,10,0,1,0,0.1,0.031986,7.08159,489332
4929,2,9.84964,52,1,0,0,0.1,0.043462,7.08873,489385
4930,2,9.88898,39,1,0,0,0.1,0.033447,7.11169,489425
4931,2,-1.339,113,0,1,0,0.1,0.030479,7.11432,489539
4932,2,9.77793,76,1,0,0,0.1,0.034119,7.09551,489616
4933,2,9.93071,25,1,0,0,0.1,0.040508,7.05659,489642
4934,2,9.91937,29,1,0,0,0.1,0.023177,7.13107,489672
4935,2,-1.573,191,0,1,0,0.1,0.047361,7.12655,489864
4936,2,-1.057,19,0,1,0,0.1,0.037078,7.16811,489884
4937,2,-1.231,77,0,1,0,0.1,0.037049,7.10127,489962
4938,2,9.78061,75,1,0,0,0.1,0.034549,7.09013,490038
4939,2,9.93659,23,1,0,0,0.1,0.039065,7.03407,490062
4940,2,9.89157,38,1,0,0,0.1,0.026877,7.09817,490101
4941,2,9.76219,81,1,0,0,0.1,0.042944,7.10052,490183
4942,2,9.92799,26,1,0,0,0.1,0.026445,7.15543,490210
4943,2,-1.105,35,0,1,0,0.1,0.043567,7.08668,490246
4944,2,-1.33134,111,0,1,0,0.1,0.031316,7.10107,490358
4945,2,-1.081,27,0,1,0,0.1,0.035553,7.10175,490386
4946,2,9.83776,56,1,0,0,0.1,0.044083,7.06752,490443
4947,2,9.9277,26,1,0,0,0.1,0.034479,7.0263,490470
4948,2,9.88865,39,1,0,0,0.1,0.043768,7.07827,490510
4949,2,9.78364,74,1,0,0,0.1,0.031685,7.10099,490585
4950,2,-1.06,20,0,1,0,0.1,0.042873,7.0569,490606
4951,2,-1.114,38,0,1,0,0.1,0.043085,7.0833,490645
4952,2,-1.2,400,0,0,1,0.1,0.040297,7.07942,491045
4953,2,9.88943,39,1,0,0,0.1,0.023701,7.13427,491085
4954,2,9.78383,74,1,0,0,0.1,0.037972,7.10263,491160
4955,2,9.87118,45,1,0,0,0.1,0.041259,7.08583,491206
4956,2,-1.189,63,0,1,0,0.1,0.032351,7.04565,491270
4957,2,9.90683,33,1,0,0,0.1,0.043681,7.1112,491304
4958,2,-1.042,14,0,1,0,0.1,0.052121,7.02025,491319
4959,2,9.8676,46,1,0,0,0.1,0.035642,7.07644,491366
4960,2,9.88294,41,1,0,0,0.1,0.041992,7.06549,491408
4961,2,-1.159,53,0,1,0,0.1,0.037473,7.09349,491462
4962,2,9.83757,56,1,0,0,0.1,0.043354,7.07922,491519
4963,2,9.92146,28,1,0,0,0.1,0.034029,7.07875,491548
4964,2,9.88898,39,1,0,0,0.1,0.032848,7.06346,491588
4965,2,9.71503,97,1,0,0,0.1,0.035314,7.07687,491686
4966,2,9.919,29,1,0,0,0.1,0.037722,7.11076,491716
4967,2,9.8889,39,1,0,0,0.1,0.040929,7.04957,491756
4968,2,9.90367,34,1,0,0,0.1,0.033814,7.03596,491791
4969,2,9.88599,40,1,0,0,0.1,0.037123,7.07583,491832
4970,2,9.93999,22,1,0,0,0.1,0.054602,7.05013,491855
4971,2,9.93426,24,1,0,0,0.1,0.04516,7.09698,491880
4972,2,-1.087,29,0,1,0,0.1,0.037112,7.08987,491910
4973,2,9.82008,62,1,0,0,0.1,0.036007,7.08976,491973
4974,2,9.82613,60,1,0,0,0.1,0.036713,7.09653,492034
4975,2,-1.879,293,0,1,0,0.1,0.036035,7.07123,492328
4976,2,9.89445,37,1,0,0,0.1,0.036946,7.07487,492366
4977,2,9.89183,38,1,0,0,0.1,0.029374,7.06096,492405
4978,2,9.79559,70,1,0,0,0.1,0.041582,7.06327,492476
4979,2,9.92843,26,1,0,0,0.1,0.042567,7.0175,492503
4980,2,9.85621,50,1,0,0,0.1,0.036135,7.05486,492554
4981,2,9.46608,180,1,0,0,0.1,0.038017,7.05945,492735
4982,2,9.93728,23,1,0,0,0.1,0.027114,7.03484,492759
4983,2,-1.012,4,0,1,0,0.1,0.029712,7.08057,492764
4984,2,9.805,67,1,0,0,0.1,0.035787,7.07315,492832
4985,2,9.84981,52,1,0,0,0.1,0.038814,7.09263,492885
4986,2,-1.024,8,0,1,0,0.1,0.031981,7.07143,492894
4987,2,9.90327,34,1,0,0,0.1,0.03206,7.05972,492929
4988,2,9.83514,57,1,0,0,0.1,0.045276,7.07087,492987
4989,2,-1.084,28,0,1,0,0.1,0.03334,7.02587,493016
4990,2,9.71459,97,1,0,0,0.1,0.047929,7.07486,493114
4991,2,9.81745,63,1,0,0,0.1,0.031315,7.05813,493178
4992,2,-1.2,400,0,0,1,0.1,0.037639,7.07249,493578
4993,2,9.84386,54,1,0,0,0.1,0.042916,7.06695,493633
4994,2,9.91883,29,1,0,0,0.1,0.040964,7.09283,493663
4995,2,9.81428,64,1,0,0,0.1,0.038719,7.06365,493728
4996,2,9.84928,52,1,0,0,0.1,0.045072,7.05126,493781
4997,2,9.86744,46,1,0,0,0.1,0.029354,7.09352,493828
4998,2,9.8526,51,1,0,0,0.1,0.032747,7.09605,493880
4999,2,9.93392,24,1,0,0,0.1,0.052174,7.05482,493905
5000,2,9.86448,47,1,0,0,0.1,0.036153,7.0828,493953
5001,2,9.79573,70,1,0,0,0.1,0.032816,7.07977,494024
5002,2,-1.135,45,0,1,0,0.1,0.033041,7.05241,494070
5003,2,9.88563,40,1,0,0,0.1,0.026909,7.11008,494111
5004,2,9.72395,94,1,0,0,0.1,0.03496,7.07837,494206
5005,2,9.79932,69,1,0,0,0.1,0.032296,7.06339,494276
5006,2,-1.2,400,0,0,1,0.1,0.038446,7.0519,494676
5007,2,9.86424,47,1,0,0,0.1,0.021222,7.05922,494724
5008,2,-1.132,44,0,1,0,0.1,0.039563,7.06486,494769
5009,2,9.93399,24,1,0,0,0.1,0.038088,7.00828,494794
5010,2,9.84356,54,1,0,0,0.1,0.029175,7.05847,494849
5011,2,9.8497,52,1,0,0,0.1,0.03174,7.03271,494902
5012,2,9.80803,66,1,0,0,0.1,0.038097,7.02744,494969
5013,2,9.91927,29,1,0,0,0.1,0.037128,7.06411,494999
5014,2,-1.066,22,0,1,0,0.1,0.032495,7.02012,495022
5015,2,9.94572,20,1,0,0,0.1,0.029272,7.09769,495043
5016,2,-1.051,17,0,1,0,0.1,0.030452,7.07944,495061
5017,2,9.93395,24,1,0,0,0.1,0.032121,7.02947,495086
5018,2,9.87403,44,1,0,0,0.1,0.040904,7.0604,495131
5019,2,9.89797,36,1,0,0,0.1,0.027852,7.08764,495168
5020,2,-1.141,47,0,1,0,0.1,0.033922,7.07567,495216
5021,2,-1.96,320,0,1,0,0.1,0.035942,7.06697,495537
5022,2,9.73307,91,1,0,0,0.1,0.040148,7.06068,495629
5023,2,9.8015,68,1,0,0,0.1,0.036102,7.04477,495698
5024,2,-1.198,66,0,1,0,0.1,0.033388,7.068,495765
5025,2,9.82963,59,1,0,0,0.1,0.038702,7.0968,495825
5026,2,9.8739,44,1,0,0,0.1,0.04097,7.04734,495870
5027,2,-1.021,7,0,1,0,0.1,0.015044,7.11588,495878
5028,2,9.80223,68,1,0,0,0.1,0.040222,7.04562,495947
5029,2,9.91601,30,1,0,0,0.1,0.039463,7.08817,495978
5030,2,9.91348,31,1,0,0,0.1,0.034058,7.13303,496010
5031,2,-1.2,400,0,0,1,0.1,0.038724,7.08648,496410
5032,2,9.9127,31,1,0,0,0.1,0.038291,7.02955,496442
5033,2,9.76598,80,1,0,0,0.1,0.032141,7.10105,496523
5034,2,9.89808,36,1,0,0,0.1,0.034758,7.08418,496560
5035,2,-1.24,80,0,1,0,0.1,0.039055,7.07882,496641
5036,2,9.8826,41,1,0,0,0.1,0.024713,7.0479,496683
5037,2,9.88882,39,1,0,0,0.1,0.03102,7.0656,496723
5038,2,-1.087,29,0,1,0,0.1,0.037325,7.14883,496753
5039,2,9.89203,38,1,0,0,0.1,0.04988,7.09847,496792
5040,2,-2.071,357,0,1,0,0.1,0.038738,7.07414,497150
5041,2,9.89527,37,1,0,0,0.1,0.040542,7.05458,497188
5042,2,-1.048,16,0,1,0,0.1,0.055425,7.01639,497205
5043,2,-1.288,96,0,1,0,0.1,0.045905,7.0926,497302
5044,2,9.92757,26,1,0,0,0.1,0.038789,7.06562,497329
5045,2,9.93445,24,1,0,0,0.1,0.030803,7.01122,497354
5046,2,9.84979,52,1,0,0,0.1,0.044459,7.03579,497407
5047,2,9.87669,43,1,0,0,0.1,0.040626,7.0476,497451
5048,2,-1.375,125,0,1,0,0.1,0.033035,7.07468,497577
5049,2,-1.348,116,0,1,0,0.1,0.043796,7.05462,497694
5050,2,9.91283,31,1,0,0,0.1,0.038389,7.06892,497726
5051,2,-1.117,39,0,1,0,0.1,0.042989,7.03482,497766
5052,2,-1.234,78,0,1,0,0.1,0.039066,7.07197,497845
5053,2,-1.2,400,0,0,1,0.1,0.038055,7.03116,498245
5054,2,-1.165,55,0,1,0,0.1,0.042753,6.99499,498301
5055,2,9.53191,158,1,0,0,0.1,0.035564,7.01434,498460
5056,2,9.87981,42,1,0,0,0.1,0.042637,6.99562,498503
5057,2,-1.111,37,0,1,0,0.1,0.041104,6.95149,498541
5058,2,9.8916,38,1,0,0,0.1,0.042961,7.03015,498580
5059,2,9.89479,37,1,0,0,0.1,0.036833,7.03638,498618
5060,2,-1.138,46,0,1,0,0.1,0.036074,7.01727,498665
5061,2,9.94557,20,1,0,0,0.1,0.041901,6.94398,498686
5062,2,9.88617,40,1,0,0,0.1,0.030732,7.00035,498727
5063,2,9.85543,50,1,0,0,0.1,0.042535,6.99971,498778
5064,2,9.94558,20,1,0,0,0.1,0.04386,7.04968,498799
5065,2,9.91523,30,1,0,0,0.1,0.038086,7.00099,498830
5066,2,9.78981,72,1,0,0,0.1,0.031985,7.00546,498903
5067,2,9.80814,66,1,0,0,0.1,0.037003,7.00681,498970
5068,2,-1.147,49,0,1,0,0.1,0.035957,7.01195,499020
5069,2,9.89214,38,1,0,0,0.1,0.035697,6.99926,499059
5070,2,9.83482,57,1,0,0,0.1,0.029757,7.009,499117
5071,2,-1.12,40,0,1,0,0.1,0.041456,7.01724,499158
5072,2,-1.051,17,0,1,0,0.1,0.042215,7.01635,499176
5073,2,9.93345,24,1,0,0,0.1,0.032186,7.01844,499201
5074,2,9.90043,35,1,0,0,0.1,0.043627,7.06115,499237
5075,2,-1.246,82,0,1,0,0.1,0.040986,7.01799,499320
5076,2,9.93374,24,1,0,0,0.1,0.031131,7.01973,499345
5077,2,9.89211,38,1,0,0,0.1,0.045682,7.02365,499384
5078,2,9.91865,29,1,0,0,0.1,0.047204,7.03401,499414
5079,2,9.85557,50,1,0,0,0.1,0.045588,7.01826,499465
5080,2,9.92775,26,1,0,0,0.1,0.0455,7.05213,499492
5081,2,-1.294,98,0,1,0,0.1,0.0439,7.04173,499591
5082,2,-1.075,25,0,1,0,0.1,0.033243,7.02268,499617
5083,2,-1.036,12,0,1,0,0.1,0.02039,7.00416,499630
5084,2,9.88885,39,1,0,0,0.1,0.03706,7.04915,499670
5085,2,-1.099,33,0,1,0,0.1,0.04472,7.00639,499704
5086,2,9.9217,28,1,0,0,0.1,0.035581,7.02324,499733
5087,2,-1.141,47,0,1,0,0.1,0.049641,7.01806,499781
5088,2,9.89748,36,1,0,0,0.1,0.041265,7.03367,499818
5089,2,-1.015,5,0,1,0,0.1,0.049972,7.11854,499824
5090,2,9.93958,22,1,0,0,0.1,0.05086,7.00247,499847
5091,2,9.89752,36,1,0,0,0.1,0.0364,7.05194,499884
5092,2,-1.114,38,0,1,0,0.1,0.039963,6.99659,499923
5093,2,9.89456,37,1,0,0,0.1,0.04346,7.01832,499961
5094,2,9.72677,93,1,0,0,0.1,0.036531,7.03032,500055
5095,2,9.92455,27,1,0,0,0.1,0.042473,7.07325,500083
5096,2,9.85643,50,1,0,0,0.1,0.049684,7.02715,500134
5097,2,-1.09,30,0,1,0,0.1,0.04801,6.98706,500165
5098,2,9.87103,45,1,0,0,0.1,0.040246,7.05068,500211
5099,2,9.74491,87,1,0,0,0.1,0.042263,7.02165,500299
5100,2,9.92171,28,1,0,0,0.1,0.02907,7.04795,500328
5101,2,8.98227,341,1,0,0,0.1,0.038017,7.00634,500670
5102,2,9.88267,41,1,0,0,0.1,0.042654,7.0323,500712
5103,2,-2.011,337,0,1,0,0.1,0.038422,7.0019,501050
5104,2,9.89744,36,1,0,0,0.1,0.034528,7.02355,501087
5105,2,-1.12,40,0,1,0,0.1,0.038252,6.9875,501128
5106,2,9.89455,37,1,0,0,0.1,0.042645,7.0502,501166
5107,2,9.85268,51,1,0,0,0.1,0.036386,6.96125,501218
5108,2,-1.546,182,0,1,0,0.1,0.044055,6.97575,501401
5109,2,9.89799,36,1,0,0,0.1,0.026293,7.0064,501438
5110,2,9.92445,27,1,0,0,0.1,0.026497,6.9471,501466
5111,2,9.5709,145,1,0,0,0.1,0.036731,6.96437,501612
5112,2,9.892,38,1,0,0,0.1,0.039645,6.93914,501651
5113,2,9.79273,71,1,0,0,0.1,0.041635,6.97253,501723
5114,2,-1.132,44,0,1,0,0.1,0.040281,6.9729,501768
5115,2,9.84018,55,1,0,0,0.1,0.044671,6.96758,501824
5116,2,9.91302,31,1,0,0,0.1,0.036804,6.91401,501856
5117,2,9.89225,38,1,0,0,0.1,0.044196,6.98169,501895
5118,2,9.87996,42,1,0,0,0.1,0.027355,6.93783,501938
5119,2,-1.051,17,0,1,0,0.1,0.055311,6.99406,501956
5120,2,9.82285,61,1,0,0,0.1,0.033372,6.99518,502018
5121,2,9.86497,47,1,0,0,0.1,0.050433,6.96697,502066
5122,2,9.88581,40,1,0,0,0.1,0.035089,6.96743,502107
5123,2,9.85866,49,1,0,0,0.1,0.036543,6.98604,502157
5124,2,9.84068,55,1,0,0,0.1,0.047153,6.97102,502213
5125,2,9.88594,40,1,0,0,0.1,0.030887,6.97787,502254
5126,2,9.86767,46,1,0,0,0.1,0.029517,6.95681,502301
5127,2,-1.2,400,0,0,1,0.1,0.03569,6.97715,502701
5128,2,-1.618,206,0,1,0,0.1,0.032095,6.97,502908
5129,2,9.92221,28,1,0,0,0.1,0.037751,6.96391,502937
5130,2,-1.117,39,0,1,0,0.1,0.043995,6.9478,502977
5131,2,-1.099,33,0,1,0,0.1,0.029854,6.93773,503011
5132,2,9.85882,49,1,0,0,0.1,0.036767,6.96845,503061
5133,2,-1.666,222,0,1,0,0.1,0.037374,6.95853,503284
5134,2,9.84101,55,1,0,0,0.1,0.028297,6.96442,503340
5135,2,-1.039,13,0,1,0,0.1,0.02114,6.95771,503354
5136,2,9.81418,64,1,0,0,0.1,0.030471,6.93205,503419
5137,2,9.84683,53,1,0,0,0.1,0.045723,6.96902,503473
5138,2,9.84383,54,1,0,0,0.1,0.040966,6.94965,503528
5139,2,9.84644,53,1,0,0,0.1,0.034194,6.97477,503582
5140,2,9.85601,50,1,0,0,0.1,0.03239,6.96757,503633
5141,2,-1.072,24,0,1,0,0.1,0.035303,6.91002,503658
5142,2,-1.18,60,0,1,0,0.1,0.039855,6.96837,503719
5143,2,-1.015,5,0,1,0,0.1,0.03155,6.99844,503725
5144,2,9.92503,27,1,0,0,0.1,0.031751,6.94667,503753
5145,2,9.90686,33,1,0,0,0.1,0.040867,6.95961,503787
5146,2,9.85852,49,1,0,0,0.1,0.036833,6.98624,503837
5147,2,9.85237,51,1,0,0,0.1,0.040826,6.94803,503889
5148,2,9.8163,63,1,0,0,0.1,0.039876,6.9577,503953
5149,2,9.8503,52,1,0,0,0.1,0.03122,6.9566,504006
5150,2,-1.072,24,0,1,0,0.1,0.037915,6.9867,504031
5151,2,9.87428,44,1,0,0,0.1,0.028496,6.95063,504076
5152,2,9.87729,43,1,0,0,0.1,0.034698,6.95577,504120
5153,2,-1.042,14,0,1,0,0.1,0.036337,6.90556,504135
5154,2,9.94572,20,1,0,0,0.1,0.028907,6.94493,504156
5155,2,9.87648,43,1,0,0,0.1,0.031728,6.95642,504200
5156,2,9.90727,33,1,0,0,0.1,0.040042,6.98707,504234
5157,2,-1.072,24,0,1,0,0.1,0.026653,6.90192,504259
5158,2,9.9223,28,1,0,0,0.1,0.043123,6.93629,504288
5159,2,9.74115,88,1,0,0,0.1,0.03656,6.97474,504377
5160,2,9.92527,27,1,0,0,0.1,0.056822,6.99155,504405
5161,2,9.89139,38,1,0,0,0.1,0.054412,6.97816,504444
5162,2,9.93063,25,1,0,0,0.1,0.041434,6.96532,504470
5163,2,-1.072,24,0,1,0,0.1,0.027566,6.97981,504495
5164,2,-1.126,42,0,1,0,0.1,0.05316,6.95604,504538
5165,2,9.80497,67,1,0,0,0.1,0.033318,6.98821,504606
5166,2,-1.483,161,0,1,0,0.1,0.04189,6.95593,504768
5167,2,9.88625,40,1,0,0,0.1,0.04163,7.0089,504809
5168,2,9.87854,43,1,0,0,0.1,0.03408,7.01342,504853
5169,2,9.76328,81,1,0,0,0.1,0.040375,6.98063,504935
5170,2,-1.042,14,0,1,0,0.1,0.025946,6.94993,504950
5171,2,9.91542,30,1,0,0,0.1,0.03863,6.97788,504981
5172,2,-1.057,19,0,1,0,0.1,0.049919,6.94174,505001
5173,2,9.84967,52,1,0,0,0.1,0.036728,6.96514,505054
5174,2,9.89804,36,1,0,0,0.1,0.04073,6.95737,505091
5175,2,-1.081,27,0,1,0,0.1,0.036288,6.93159,505119
5176,2,9.94847,19,1,0,0,0.1,0.041036,6.99444,505139
5177,2,9.85287,51,1,0,0,0.1,0.032971,6.93322,505191
5178,2,9.86187,48,1,0,0,0.1,0.043472,6.964,505240
5179,2,-1.096,32,0,1,0,0.1,0.032951,7.01621,505273
5180,2,-1.219,73,0,1,0,0.1,0.038094,6.96117,505347
5181,2,9.85862,49,1,0,0,0.1,0.037679,6.94824,505397
5182,2,9.90991,32,1,0,0,0.1,0.034357,6.96181,505430
5183,2,-1.078,26,0,1,0,0.1,0.036754,6.97908,505457
5184,2,9.84397,54,1,0,0,0.1,0.044896,6.99732,505512
5185,2,9.91523,30,1,0,0,0.1,0.032104,6.98982,505543
5186,2,9.84705,53,1,0,0,0.1,0.035623,6.94718,505597
5187,2,9.90961,32,1,0,0,0.1,0.059438,6.97332,505630
5188,2,9.85932,49,1,0,0,0.1,0.038821,6.96718,505680
5189,2,9.81699,63,1,0,0,0.1,0.042612,6.95628,505744
5190,2,-1.687,229,0,1,0,0.1,0.032228,6.98966,505974
5191,2,9.85256,51,1,0,0,0.1,0.043852,6.98128,506026
5192,2,9.82292,61,1,0,0,0.1,0.044469,6.99433,506088
5193,2,9.92199,28,1,0,0,0.1,0.040609,7.01033,506117
5194,2,9.80205,68,1,0,0,0.1,0.042096,6.97487,506186
5195,2,9.7784,76,1,0,0,0.1,0.040318,6.99751,506263
5196,2,9.81403,64,1,0,0,0.1,0.04055,6.97956,506328
5197,2,-1.147,49,0,1,0,0.1,0.035378,6.97079,506378
5198,2,9.87541,44,1,0,0,0.1,0.038078,7.01437,506423
5199,2,-1.447,149,0,1,0,0.1,0.039942,6.97927,506573
5200,2,9.90632,33,1,0,0,0.1,0.035225,6.9946,506607
5201,2,-1.2,400,0,0,1,0.1,0.036314,6.96282,507007
5202,2,9.84958,52,1,0,0,0.1,0.041085,6.93596,507060
5203,2,9.94291,21,1,0,0,0.1,0.026063,6.96077,507082
5204,2,9.72047,95,1,0,0,0.1,0.039706,6.96375,507178
5205,2,9.90095,35,1,0,0,0.1,0.040928,6.92367,507214
5206,2,9.89802,36,1,0,0,0.1,0.036012,6.96846,507251
5207,2,9.93088,25,1,0,0,0.1,0.036475,6.97836,507277
5208,2,9.90075,35,1,0,0,0.1,0.044459,6.95088,507313
5209,2,9.9042,34,1,0,0,0.1,0.034862,6.96216,507348
5210,2,9.92497,27,1,0,0,0.1,0.043729,6.92278,507376
5211,2,9.90967,32,1,0,0,0.1,0.043982,6.97735,507409
5212,2,-1.066,22,0,1,0,0.1,0.046769,6.95491,507432
5213,2,-1.246,82,0,1,0,0.1,0.039672,6.95124,507515
5214,2,-1.078,26,0,1,0,0.1,0.038177,6.96546,507542
5215,2,9.75415,84,1,0,0,0.1,0.034325,6.97222,507627
5216,2,9.93321,24,1,0,0,0.1,0.044678,6.97738,507652
5217,2,-1.282,94,0,1,0,0.1,0.037357,6.93148,507747
5218,2,-1.057,19,0,1,0,0.1,0.044734,7.02339,507767
5219,2,9.52333,161,1,0,0,0.1,0.039287,6.94762,507929
5220,2,9.93716,23,1,0,0,0.1,0.043896,6.95536,507953
5221,2,9.90687,33,1,0,0,0.1,0.025136,6.98364,507987
5222,2,9.94822,19,1,0,0,0.1,0.053608,6.97606,508007
5223,2,-1.021,7,0,1,0,0.1,0.078359,6.95521,508015
5224,2,-1.936,312,0,1,0,0.1,0.039389,6.95189,508328
5225,2,9.89459,37,1,0,0,0.1,0.048249,6.96828,508366
5226,2,-1.384,128,0,1,0,0.1,0.042146,6.95133,508495
5227,2,9.94585,20,1,0,0,0.1,0.031243,6.96616,508516
5228,2,9.94283,21,1,0,0,0.1,0.029779,6.95032,508538
5229,2,-1.222,74,0,1,0,0.1,0.041359,6.9235,508613
5230,2,-1.2,400,0,0,1,0.1,0.037807,6.93869,509013
5231,2,9.84736,53,1,0,0,0.1,0.034615,6.93639,509067
5232,2,-1.2,400,0,0,1,0.1,0.039638,6.92932,509467
5233,2,9.9336,24,1,0,0,0.1,0.026411,6.95971,509492
5234,2,-1.2,400,0,0,1,0.1,0.040167,6.89717,509892
5235,2,9.88895,39,1,0,0,0.1,0.046382,6.85598,509932
5236,2,9.8442,54,1,0,0,0.1,0.032767,6.91767,509987
5237,2,9.93998,22,1,0,0,0.1,0.032925,6.85587,510010
5238,2,9.6999,102,1,0,0,0.1,0.043825,6.89521,510113
5239,2,9.93112,25,1,0,0,0.1,0.030966,6.94251,510139
5240,2,-1.147,49,0,1,0,0.1,0.042648,6.90363,510189
5241,2,9.84403,54,1,0,0,0.1,0.039517,6.88676,510244
5242,2,9.907,33,1,0,0,0.1,0.02584,6.96302,510278
5243,2,9.86798,46,1,0,0,0.1,0.036187,6.93353,510325
5244,2,9.83728,56,1,0,0,0.1,0.051757,6.88614,510382
5245,2,9.93689,23,1,0,0,0.1,0.041008,6.93581,510406
5246,2,-1.132,44,0,1,0,0.1,0.044111,6.89464,510451
5247,2,-1.084,28,0,1,0,0.1,0.028702,6.87435,510480
5248,2,9.89182,38,1,0,0,0.1,0.032999,6.95104,510519
5249,2,9.87381,44,1,0,0,0.1,0.043062,6.94865,510564
5250,2,9.93094,25,1,0,0,0.1,0.031298,6.92042,510590
5251,2,9.81656,63,1,0,0,0.1,0.038344,6.91501,510654
5252,2,9.9126,31,1,0,0,0.1,0.039779,6.94728,510686
5253,2,-1.042,14,0,1,0,0.1,0.028568,6.90906,510701
5254,2,9.83443,57,1,0,0,0.1,0.036474,6.92878,510759
5255,2,9.89185,38,1,0,0,0.1,0.036972,6.90152,510798
5256,2,9.79875,69,1,0,0,0.1,0.036541,6.9135,510868
5257,2,9.92795,26,1,0,0,0.1,0.036509,6.89393,510895
5258,2,9.85957,49,1,0,0,0.1,0.03006,6.93287,510945
5259,2,9.39997,202,1,0,0,0.1,0.038435,6.90969,511148
5260,2,9.93649,23,1,0,0,0.1,0.046185,6.96118,511172
5261,2,9.84057,55,1,0,0,0.1,0.052718,6.91455,511228
5262,2,9.89478,37,1,0,0,0.1,0.046589,6.95451,511266
5263,2,-1.036,12,0,1,0,0.1,0.06172,6.8943,511279
5264,2,9.91585,30,1,0,0,0.1,0.051451,6.90275,511310
5265,2,-1.09,30,0,1,0,0.1,0.034898,6.95616,511341
5266,2,9.70264,101,1,0,0,0.1,0.033619,6.90154,511443
5267,2,9.87681,43,1,0,0,0.1,0.03073,6.92079,511487
5268,2,9.94298,21,1,0,0,0.1,0.037013,6.96117,511509
5269,2,9.8648,47,1,0,0,0.1,0.035744,6.92886,511557
5270,2,9.78069,75,1,0,0,0.1,0.036767,6.91409,511633
5271,2,9.9157,30,1,0,0,0.1,0.049301,6.90361,511664
5272,2,9.77725,76,1,0,0,0.1,0.03603,6.92122,511741
5273,2,9.85587,50,1,0,0,0.1,0.036945,6.90022,511792
5274,2,-1.084,28,0,1,0,0.1,0.030519,6.92944,511821
5275,2,9.91358,31,1,0,0,0.1,0.032837,6.97113,511853
5276,2,9.81356,64,1,0,0,0.1,0.041268,6.94439,511918
5277,2,9.7449,87,1,0,0,0.1,0.039744,6.91738,512006
5278,2,9.86813,46,1,0,0,0.1,0.046749,6.90379,512053
5279,2,9.74157,88,1,0,0,0.1,0.037838,6.92386,512142
5280,2,9.80124,68,1,0,0,0.1,0.039627,6.90039,512211
5281,2,-1.882,294,0,1,0,0.1,0.038086,6.92903,512506
5282,2,9.91858,29,1,0,0,0.1,0.042829,6.88814,512536
5283,2,9.85845,49,1,0,0,0.1,0.046307,6.89696,512586
5284,2,9.84667,53,1,0,0,0.1,0.027394,6.9073,512640
5285,2,9.92783,26,1,0,0,0.1,0.038251,6.98154,512667
5286,2,9.8108,65,1,0,0,0.1,0.03686,6.92669,512733
5287,2,-1.594,198,0,1,0,0.1,0.035936,6.9271,512932
5288,2,9.79594,70,1,0,0,0.1,0.043323,6.92214,513003
5289,2,9.90353,34,1,0,0,0.1,0.036534,6.97145,513038
5290,2,9.76903,79,1,0,0,0.1,0.036381,6.90946,513118
5291,2,9.92152,28,1,0,0,0.1,0.041518,6.95184,513147
5292,2,-1.165,55,0,1,0,0.1,0.034471,6.96812,513203
5293,2,-1.063,21,0,1,0,0.1,0.037519,6.93876,513225
5294,2,9.81069,65,1,0,0,0.1,0.037784,6.93051,513291
5295,2,9.79578,70,1,0,0,0.1,0.030048,6.9216,513362
5296,2,9.79248,71,1,0,0,0.1,0.032391,6.93326,513434
5297,2,9.90961,32,1,0,0,0.1,0.058964,6.92287,513467
5298,2,9.69721,103,1,0,0,0.1,0.041194,6.9144,513571
5299,2,9.89423,37,1,0,0,0.1,0.027002,6.93251,513609
5300,2,-1.069,23,0,1,0,0.1,0.02575,6.91319,513633
5301,2,9.84381,54,1,0,0,0.1,0.043219,6.89671,513688
5302,2,9.87101,45,1,0,0,0.1,0.040572,6.93868,513734
5303,2,-1.063,21,0,1,0,0.1,0.03951,6.94966,513756
5304,2,9.85239,51,1,0,0,0.1,0.034048,6.97212,513808
5305,2,9.83139,58,1,0,0,0.1,0.042083,6.93645,513867
5306,2,9.91825,29,1,0,0,0.1,0.047674,6.92403,513897
5307,2,9.81017,65,1,0,0,0.1,0.044536,6.95346,513963
5308,2,9.76887,79,1,0,0,0.1,0.037162,6.93722,514043
5309,2,9.65784,116,1,0,0,0.1,0.039121,6.95984,514160
5310,2,9.87375,44,1,0,0,0.1,0.037334,6.95544,514205
5311,2,9.79868,69,1,0,0,0.1,0.037944,6.96421,514275
5312,2,9.47234,178,1,0,0,0.1,0.040364,6.94323,514454
5313,2,-1.021,7,0,1,0,0.1,0.054297,6.86061,514462
5314,2,-1.162,54,0,1,0,0.1,0.044029,6.96305,514517
5315,2,-1.249,83,0,1,0,0.1,0.038139,6.94272,514601
5316,2,9.81968,62,1,0,0,0.1,0.038619,6.95922,514664
5317,2,9.91002,32,1,0,0,0.1,0.041028,6.95761,514697
5318,2,9.88291,41,1,0,0,0.1,0.031176,6.90212,514739
5319,2,9.9069,33,1,0,0,0.1,0.031371,6.91054,514773
5320,2,9.88933,39,1,0,0,0.1,0.038311,6.93829,514813
5321,2,9.9334,24,1,0,0,0.1,0.029011,6.9412,514838
5322,2,-1.099,33,0,1,0,0.1,0.041649,6.95214,514872
5323,2,-1.189,63,0,1,0,0.1,0.047265,6.91358,514936
5324,2,9.93086,25,1,0,0,0.1,0.048477,6.9169,514962
5325,2,9.79633,70,1,0,0,0.1,0.033114,6.92754,515033
5326,2,-1.951,317,0,1,0,0.1,0.040639,6.93494,515351
5327,2,-1.045,15,0,1,0,0.1,0.030635,6.90942,515367
5328,2,-1.12,40,0,1,0,0.1,0.043058,6.89972,515408
5329,2,9.88921,39,1,0,0,0.1,0.040806,6.91961,515448
5330,2,9.81952,62,1,0,0,0.1,0.040515,6.93606,515511
5331,2,9.84508,54,1,0,0,0.1,0.037621,6.93219,515566
5332,2,9.90411,34,1,0,0,0.1,0.035775,6.93402,515601
5333,2,9.91886,29,1,0,0,0.1,0.041281,6.9498,515631
5334,2,9.91927,29,1,0,0,0.1,0.03305,6.96258,515661
5335,2,9.78101,75,1,0,0,0.1,0.040533,6.92994,515737
5336,2,9.92472,27,1,0,0,0.1,0.036957,6.93799,515765
5337,2,9.92501,27,1,0,0,0.1,0.04718,6.92232,515793
5338,2,9.9186,29,1,0,0,0.1,0.038106,6.94211,515823
5339,2,9.72683,93,1,0,0,0.1,0.040159,6.95415,515917
5340,2,9.84065,55,1,0,0,0.1,0.037974,6.9077,515973
5341,2,9.89447,37,1,0,0,0.1,0.032817,6.98715,516011
5342,2,-1.066,22,0,1,0,0.1,0.053647,6.94308,516034
5343,2,9.85883,49,1,0,0,0.1,0.041979,6.97414,516084
5344,2,9.80158,68,1,0,0,0.1,0.050202,6.97381,516153
5345,2,9.83757,56,1,0,0,0.1,0.036458,6.97252,516210
5346,2,-1.2,400,0,0,1,0.1,0.037933,6.94946,516610
5347,2,9.68197,108,1,0,0,0.1,0.033008,6.97777,516719
5348,2,9.90058,35,1,0,0,0.1,0.032354,6.98842,516755
5349,2,-1.753,251,0,1,0,0.1,0.037813,6.97782,517007
5350,2,9.92782,26,1,0,0,0.1,0.034554,6.90575,517034
5351,2,-1.069,23,0,1,0,0.1,0.043626,6.90028,517058
5352,2,9.92843,26,1,0,0,0.1,0.035133,6.99897,517085
5353,2,-1.099,33,0,1,0,0.1,0.036539,6.98361,517119
5354,2,-1.498,166,0,1,0,0.1,0.034505,6.94531,517286
5355,2,-1.2,400,0,0,1,0.1,0.036733,6.95422,517686
5356,2,9.85586,50,1,0,0,0.1,0.035823,6.97093,517737
5357,2,-1.144,48,0,1,0,0.1,0.036758,6.97059,517786
5358,2,9.85284,51,1,0,0,0.1,0.036546,6.95506,517838
5359,2,9.73018,92,1,0,0,0.1,0.035413,6.93986,517931
5360,2,9.62503,127,1,0,0,0.1,0.042979,6.96846,518059
5361,2,-1.417,139,0,1,0,0.1,0.032406,6.94561,518199
5362,2,9.91859,29,1,0,0,0.1,0.030636,6.95097,518229
5363,2,-1.057,19,0,1,0,0.1,0.039779,7.00031,518249
5364,2,-1.3,100,0,1,0,0.1,0.039255,6.93872,518350
5365,2,9.88255,41,1,0,0,0.1,0.036962,6.94581,518392
5366,2,9.9276,26,1,0,0,0.1,0.035825,7.02531,518419
5367,2,-1.501,167,0,1,0,0.1,0.034704,6.94008,518587
5368,2,-1.036,12,0,1,0,0.1,0.023984,6.8908,518600
5369,2,9.9336,24,1,0,0,0.1,0.043012,6.97735,518625
5370,2,9.90079,35,1,0,0,0.1,0.031517,6.97698,518661
5371,2,-1.114,38,0,1,0,0.1,0.042718,6.98659,518700
5372,2,-1.456,152,0,1,0,0.1,0.042133,6.94494,518853
5373,2,9.90653,33,1,0,0,0.1,0.048104,6.95667,518887
5374,2,9.82887,59,1,0,0,0.1,0.03448,6.93806,518947
5375,2,9.89832,36,1,0,0,0.1,0.029004,6.91023,518984
5376,2,9.92146,28,1,0,0,0.1,0.047433,6.9527,519013
5377,2,9.82949,59,1,0,0,0.1,0.032841,6.9593,519073
5378,2,9.8166,63,1,0,0,0.1,0.039047,6.94144,519137
5379,2,-1.066,22,0,1,0,0.1,0.044126,6.90585,519160
5380,2,9.88908,39,1,0,0,0.1,0.036638,6.97895,519200
5381,2,9.85324,51,1,0,0,0.1,0.054224,6.92035,519252
5382,2,-1.042,14,0,1,0,0.1,0.047535,6.96966,519267
5383,2,8.82384,394,1,0,0,0.1,0.035494,6.94978,519662
5384,2,-1.051,17,0,1,0,0.1,0.032336,6.95124,519680
5385,2,9.84693,53,1,0,0,0.1,0.041413,6.93097,519734
5386,2,-1.093,31,0,1,0,0.1,0.039492,6.94372,519766
5387,2,9.88551,40,1,0,0,0.1,0.041302,6.89616,519807
5388,2,-1.222,74,0,1,0,0.1,0.04126,6.91837,519882
5389,2,9.92821,26,1,0,0,0.1,0.024404,6.96167,519909
5390,2,9.90062,35,1,0,0,0.1,0.035579,6.93917,519945
5391,2,9.7746,77,1,0,0,0.1,0.030922,6.9644,520023
5392,2,-1.723,241,0,1,0,0.1,0.034969,6.94774,520265
5393,2,9.82324,61,1,0,0,0.1,0.041358,6.95633,520327
5394,2,9.78977,72,1,0,0,0.1,0.033807,6.9503,520400
5395,2,9.75965,82,1,0,0,0.1,0.034567,6.93158,520483
5396,2,-1.075,25,0,1,0,0.1,0.0452,6.90871,520509
5397,2,9.89489,37,1,0,0,0.1,0.040383,6.92466,520547
5398,2,9.92769,26,1,0,0,0.1,0.032043,6.88474,520574
5399,2,9.81952,62,1,0,0,0.1,0.03863,6.97294,520637
